{
  "ammo": "pgp:lammo",
  "bolt": "open_bolt",
  "rpm": 360,
  "bullet": {
    "life": 1,
    "bullet_amount": 1,
    "damage": 24,
    "tracer_count_interval": 0,
    "extra_damage": {
      "armor_ignore": 0.4,
      "head_shot_multiplier": 1.6,
      "damage_adjust": [
        {"distance": 12, "damage": 24},
        {"distance": 20, "damage": 20},
        {"distance": 48, "damage": 15},
        {"distance": "infinite", "damage": 8}
      ]
    },
    "speed": 200,
    "gravity": 0,
    "knockback": 0,
    "friction": 0.01,
    "ignite": false,
    "ignite_entity_time": 6,
    "pierce": 1,
    "explosion": {
      "explode": false,
      "damage": 12,
      "radius": 1,
      "knockback": true,
      "destroy_block": false,
      "delay": 30
    }
  },
  "ammo_amount": 6,
  "extended_mag_ammo_amount": [
    7,
    9,
    15
  ],
  "reload": {
    "type": "magazine",
    "feed": {
      "empty": 1.3,
      "tactical": 1.3
    },
    "cooldown": {
      "empty": 1.75,
      "tactical": 1.75
    }
  },
  "draw_time": 0.75,
  "put_away_time": 0.6,
  "aim_time": 0.12,
  "sprint_time": 0.05,
  "weight": 1.5,
  "movement_speed": {
    // 默认修正
    "base": 0,
    // 瞄准时
    "aim": -0.2,
    // 换弹时
    "reload": -0.15
  },
  "fire_mode": [
    "semi"
  ],
  "burst_data": {
    "continuous_shoot": false,
    "count": 0,
    "life": 1,
    "bpm": 100,
    "min_interval": 0
  },
  "fire_mode_adjust": {
    "semi": {
    // 加算，多连发模式的开火数值调整，如无调整可不写
    "damage": 0,
    "rpm": 0,
    "speed": 0,
    "knockback": 0,
    "armor_ignore": 0,
    "head_shot_multiplier": 0,
    "aim_inaccuracy": 0,
    "other_inaccuracy": 0
    }
  },
  "allow_attachment_types": [
    "extended_mag",
    "scope",
    "stock",
    "laser"
  ],
  "builtin_attachments": {
    "scope": "pgp:13mercury"
  },
  "recoil": {
    "pitch": [
      {"time": 0, "value": [0.75, 0.75]},
      {"time": 0.4, "value": [0.75, 0.75]},
      {"time": 0.65, "value": [-0.225, -0.225]},
      {"time": 0.85, "value": [0.125, 0.125]},
      {"time": 1.1, "value": [0, 0]},
      {"time": 1.2, "value": [0, 0]}
    ],
    "yaw": [
      {"time": 0, "value": [-0.3, 0.3]},
      {"time": 0.5, "value": [0, 0]}
    ]
  },
  "inaccuracy": {
    "stand": 4,
    "move": 5,
    "sneak": 2.5,
    "lie": 1.5,
    "aim": 0.2
  }
}