{
  "ammo": "pgp:hammo",
  "bolt": "manual_action",
  "rpm": 300,
  "bullet": {
    "life": 1,
    "bullet_amount": 20,
    "damage": 90,
    "tracer_count_interval": 0,
    "extra_damage": {
      "armor_ignore": 0,
      "head_shot_multiplier": 1.3,
      "damage_adjust": [
        {"distance": 8, "damage": 90},
        {"distance": 16, "damage": 75},
        {"distance": 32, "damage": 60},
        {"distance": 64, "damage": 6},
        {"distance": "infinite", "damage": 6}
      ]
    },
    "speed": 60,
    "gravity": 0,
    "knockback": 0,
    "friction": 0.01,
    "ignite": false,
    "ignite_entity_time": 6,
    "pierce": 2,
    "explosion": {
      "explode": false,
      "damage": 2,
      "radius": 1,
      "knockback": true,
      "destroy_block": false,
      "delay": 30
    }
  },
  "ammo_amount":7,
  "extended_mag_ammo_amount": [
    8,
    12,
    21
  ],
  "reload": {
    "type": "magazine",
    "feed": {
      "empty": 2.5,
      "tactical": 2.5 
    },
    "cooldown": {
      "empty": 3,
      "tactical": 3
    }
  },
  "draw_time": 0.8,
  "bolt_action_time": 0.7,
  "put_away_time": 0.6,
  "aim_time": 0.22,
  "sprint_time": 0.1,
  "weight": 5,
  "movement_speed": {
    // 默认修正
    "base": 0,
    // 瞄准时
    "aim": -0.2,
    // 换弹时
    "reload": -0.15
  },
  "fire_mode": [
    "semi"
  ],
  "burst_data": {
    "continuous_shoot": false,
    "count": 0,
    "life": 1,
    "bpm": 100,
    "min_interval": 0
  },
  "fire_mode_adjust": {
    "semi": {
    // 加算，多连发模式的开火数值调整，如无调整可不写
    "damage": 0,
    "rpm": 0,
    "speed": 0,
    "knockback": 0,
    "armor_ignore": 0,
    "head_shot_multiplier": 0,
    "aim_inaccuracy": 0,
    "other_inaccuracy": 0
    }
  },
  "allow_attachment_types": [
    "extended_mag",
    "scope",
    "stock",
    "grip",
    "muzzle",
    "laser"
  ],
  "builtin_attachments": {
    "scope": "pgp:10base"
  },
  "recoil": {
    "pitch": [
      {"time": 0, "value": [1, 1]},
      {"time": 0.4, "value": [1, 1]},
      {"time": 0.65, "value": [-0.5, -0.5]},
      {"time": 0.85, "value": [0.3, 0.3]},
      {"time": 1.1, "value": [0, 0]},
      {"time": 1.2, "value": [0, 0]}
    ],
    "yaw": [
      {"time": 0, "value": [-0.5, 0.5]},
      {"time": 0.5, "value": [0, 0]}
    ]
  },
  "inaccuracy": {
    "stand": 5,
    "move": 5,
    "sneak": 5,
    "lie": 5,
    "aim": 3
  },
  // 近战相关
  "melee": {
    // 枪械距离参数，用来延升近战攻击范围
    // 会与刺刀等配件的距离做加和
    "distance": 5,
    // 使用时的冷却时间
    "cooldown": 1,
    // 默认近战数据，会被配件的数据替换掉
    "default": {
      // 动画类型：没有枪托的为 melee_push，有枪托的为 melee_stock
      "animation_type": "melee_push",
      // 刺刀距离参数，枪械里还有个刺刀攻击距离参数，两者做加和
      "distance": 0,
      // 刺刀范围角度
      "range_angle": 180,
      // 伤害值
      "damage": 25,
      // 击退效果
      "knockback": 0.6,
      // 前摇时长，单位：秒
      "prep": 0.3
    }
  }
}