{
  "ammo": "pgp:hammo",
  "bolt": "open_bolt",
  "script": "pgp:scourge_logic",
  "rpm": 20,
  "bullet": {
    "life": 1,
    "bullet_amount": 1,
    "damage":200,
    "tracer_count_interval": 0,
    "extra_damage": {
      "armor_ignore": 1,
      "head_shot_multiplier": 1,
      "damage_adjust": [
        {"distance": 300, "damage": 200},
        {"distance": "infinite", "damage": 180}
      ]
    },
    "speed": 600,
    "gravity": 0,
    "knockback": 0,
    "friction": 0.01,
    "ignite": false,
    "ignite_entity_time": 6,
    "pierce": 10,
    "explosion": {
      "explode": true,
      "damage": 100,
      "radius": 10,
      "knockback": true,
      "destroy_block": false,
      "delay": 30
    }
  },
  "ammo_amount": 3,
  "extended_mag_ammo_amount": [
    5,
    12,
    8
  ],
  "reload": {
    "type": "magazine",
    "feed": {
      "empty": 4.5,
      "tactical": 4.5
    },
    "cooldown": {
      "empty": 4.6,
      "tactical": 4.6
    }
  },
  "draw_time": 0.5,
  "bolt_action_time": 3,
  "put_away_time": 1.25,
  "aim_time": 0.6,
  "sprint_time": 0.1,
  "weight": 20,
  "movement_speed": {
    // 默认修正
    "base": 0,
    // 瞄准时
    "aim": -0.5,
    // 换弹时
    "reload": -0.5
  },
  "fire_mode": [
    "semi"
  ],
  "burst_data": {
    "continuous_shoot": false,
    "count": 0,
    "life": 1,
    "bpm": 100,
    "min_interval": 0
  },
  "fire_mode_adjust": {
    "semi": {
    // 加算，多连发模式的开火数值调整，如无调整可不写
    "damage": 0,
    "rpm": 0,
    "speed": 0,
    "knockback": 0,
    "armor_ignore": 0,
    "head_shot_multiplier": 0,
    "aim_inaccuracy": 0,
    "other_inaccuracy": 0
    }
  },
  "allow_attachment_types": [
    "stock",
    "extended_mag"
  ],
  "recoil": {
    "pitch": [
      {"time": 0, "value": [0, 0]},
      {"time": 1.04, "value": [0, 0]},
      {"time": 1.19, "value": [0, 0]},
      {"time": 1.29, "value": [0, 0]},
      {"time": 1.49, "value": [0, 0]},
      {"time": 1.64, "value": [0, 0]}
    ],
    "yaw": [
      {"time": 0, "value": [0, 0]},
      {"time": 1.04, "value": [0, 0]},
      {"time": 1.24, "value": [0, 0]},
      {"time": 1.49, "value": [0, 0]}
    ]
  },
  "inaccuracy": {
    "stand": 0.25,
    "move": 1,
    "sneak": 0.75,
    "lie": 0.5,
    "aim": 0.25
  },
  // 近战相关
  "melee": {
    // 枪械距离参数，用来延升近战攻击范围
    // 会与刺刀等配件的距离做加和
    "distance": 1.5,
    // 使用时的冷却时间
    "cooldown": 1,
    // 默认近战数据，会被配件的数据替换掉
    "default": {
      // 动画类型：没有枪托的为 melee_push，有枪托的为 melee_stock
      "animation_type": "melee_push",
      // 刺刀距离参数，枪械里还有个刺刀攻击距离参数，两者做加和
      "distance": 0,
      // 刺刀范围角度
      "range_angle": 30,
      // 伤害值
      "damage": 6,
      // 击退效果
      "knockback": 0.1,
      // 前摇时长，单位：秒
      "prep": 0.1
    }
  }
}