{
  "ammo": "pgp:lammo",
  "bolt": "open_bolt",
  "rpm": 700,
  "bullet": {
    "life": 1,
    "bullet_amount": 1,
    "damage": 8,
    "tracer_count_interval": 0,
    "extra_damage": {
      "armor_ignore": 0.25,
      "head_shot_multiplier": 1.3,
      "damage_adjust": [
        {"distance": 10, "damage": 8},
        {"distance": 18, "damage": 6},
        {"distance": 36, "damage": 4},
        {"distance": "infinite", "damage": 2}
      ]
    },
    "speed": 150,
    "gravity": 0,
    "knockback": 0,
    "friction": 0.01,
    "ignite": false,
    "ignite_entity_time": 6,
    "pierce": 0,
    "explosion": {
      "explode": false,
      "damage": 4,
      "radius": 1,
      "knockback": true,
      "destroy_block": false,
      "delay": 30
    }
  },
  "ammo_amount": 50,
  "extended_mag_ammo_amount": [
    55,
    75,
    150
  ],
  "reload": {
    "type": "magazine",
    "feed": {
      "empty": 2,
      "tactical": 2
    },
    "cooldown": {
      "empty": 2.25,
      "tactical": 2.25
    }
  },
  "draw_time": 0.75,
  "put_away_time": 0.6,
  "aim_time": 0.13,
  "sprint_time": 0.05,
  "weight": 1.5,
  "movement_speed": {
    // 默认修正
    "base": 0,
    // 瞄准时
    "aim": -0.2,
    // 换弹时
    "reload": -0.15
  },
  "fire_mode": [
    "auto"
  ],
  "burst_data": {
    "continuous_shoot": false,
    "count": 0,
    "life": 1,
    "bpm": 100,
    "min_interval": 0
  },
  "fire_mode_adjust": {
    "semi": {
    // 加算，多连发模式的开火数值调整，如无调整可不写
    "damage": 0,
    "rpm": 0,
    "speed": 0,
    "knockback": 0,
    "armor_ignore": 0,
    "head_shot_multiplier": 0,
    "aim_inaccuracy": 0,
    "other_inaccuracy": 0
    }
  },
  "allow_attachment_types": [
    "extended_mag",
    "muzzle",
    "scope",
    "stock",
    "laser"
  ],
  "builtin_attachments": {
    "scope": "pgp:10base"
  },
  "recoil": {
    "pitch": [
      {"time": 0, "value": [0.65, 0.65]},
      {"time": 0.11, "value": [0.6, 0.6]},
      {"time": 0.21, "value": [0.5, 0.5]},
      {"time": 0.36, "value": [-0.1, -0.1]},
      {"time": 0.55, "value": [0, 0]}
    ],
    "yaw": [
      {"time": 0, "value": [-0.25, 0.25]},
      {"time": 0.12, "value": [-0.1, 0.1]},
      {"time": 0.25, "value": [0, 0]},
      {"time": 0.45, "value": [0, 0]}
    ]
  },
  "inaccuracy": {
    "stand": 3.5,
    "move": 4.5,
    "sneak": 1.5,
    "lie": 1,
    "aim": 0.3
  }
}