{
  "ammo": "pgpre:sasr",
  "bolt": "manual_action",
  "rpm": 86,
  "can_slide": true,
  "bullet": {
    "life": 1,
    "bullet_amount": 10,
    "damage": 300,
    "extra_damage": {
      "armor_ignore": 0,
      "head_shot_multiplier": 3.2,
      "damage_adjust": [
        {"distance": "infinite", "damage": 300}
      ]
    },
    "speed": 600,
    "gravity": 0,
    "knockback": 0,
    "friction": 0.01,
    "ignite": false,
    "pierce": 6,
    "explosion": {
      "explode": false,
      "damage": 0,
      "radius": 1,
      "knockback": true,
      "destroy_block": false,
      "delay": 30
    }
  },
  "ammo_amount": 2,
  "extended_mag_ammo_amount": [
    0,
    0,
    2
  ],
  "reload": {
    "type": "fuel",
    "feed": {
      "empty": 5,
      "tactical": 5
    },
    "cooldown": {
      "empty": 5.25,
      "tactical": 5.25
    }
  },
  "draw_time": 1.35,
  "bolt_action_time": 2.8,
  "put_away_time": 0.6,
  "aim_time": 0.26,
  "sprint_time": 0.1,
  "weight": 0,
  "fire_mode": [
    "semi",
    "burst",
    "auto"
  ],
  "burst_data": {
    // 是否连续射击
    "continuous_shoot": true,
    // 连发数
    "count": 1,
    // 组内连发的射速
    "bpm": 60,
    // 每组连发之间的时间间隔（上一组结束时间到下一组开始的时间间隔），单位秒
    "min_interval": 0.7
  },
  "fire_mode_adjust": {
    "burst": {
    // 加算，多连发模式的开火数值调整，如无调整可不写
    "damage": 0,
    "rpm": 0,
    "speed": -480,
    "knockback": 2,
    "armor_ignore": 0,
    "head_shot_multiplier": 0,
    "aim_inaccuracy": 3,
    "other_inaccuracy": 3
    },
    "auto": {
    "damage": -297,
    "rpm": 1114,
    "speed": 0,
    "knockback": 0,
    "armor_ignore": 0,
    "head_shot_multiplier": 0,
    "aim_inaccuracy": 0,
    "other_inaccuracy": 0
    }
  },
  "script": "pgpre:z750_logic",
  "allow_attachment_types": [
    "muzzle",
    "extended_mag"
  ],
  "builtin_attachments": {
    "scope": "pgpre:z750scope"
  },
  "recoil": {
    "pitch": [
      {"time": 0, "value": [0, 0]},
      {"time": 0.1, "value": [0.1, 0.1]},
      {"time": 0.2, "value": [0, 0]}
    ],
    "yaw": [
      {"time": 0, "value": [0, 0]},
      {"time": 0.1, "value": [-0.1, 0.1]},
      {"time": 0.2, "value": [0, 0]}
    ]
  },
  "inaccuracy": {
    "stand": 0,
    "move": 0,
    "sneak": 0,
    "lie": 0,
    "aim": 0
  },
  // 近战相关
  "melee": {
    // 枪械距离参数，用来延升近战攻击范围
    // 会与刺刀等配件的距离做加和
    "distance": 2,
    // 使用时的冷却时间
    "cooldown": 0.7,
    // 默认近战数据，会被配件的数据替换掉
    "default": {
      // 动画类型：没有枪托的为 melee_push，有枪托的为 melee_stock
      "animation_type": "melee_stock",
      // 刺刀距离参数，枪械里还有个刺刀攻击距离参数，两者做加和
      "distance": 0,
      // 刺刀范围角度
      "range_angle": 360,
      // 伤害值
      "damage": 5,
      // 击退效果
      "knockback": 0,
      // 前摇时长，单位：秒
      "prep": 0.1
    }
  }
}