{
	"format_version": "1.12.0",
	"minecraft:geometry": [
		{
			"description": {
				"identifier": "geometry.unknown",
				"texture_width": 64,
				"texture_height": 64,
				"visible_bounds_width": 2,
				"visible_bounds_height": 2.5,
				"visible_bounds_offset": [0, 0.75, 0]
			},
			"bones": [
				{
					"name": "bone",
					"pivot": [0, 0, 0],
					"rotation": [0, 90, 0],
					"cubes": [
						{
							"origin": [-1.25, 5.71967, -1.25],
							"size": [2.5, 2.5, 2.5],
							"pivot": [0, 6.96967, 0],
							"rotation": [-30.56724, -13.99545, 43.21918],
							"uv": {
								"north": {"uv": [4.016, 49.016], "uv_size": [2.484, 2.484]},
								"east": {"uv": [7.016, 49.016], "uv_size": [2.484, 2.484]},
								"south": {"uv": [10.016, 49.016], "uv_size": [2.484, 2.484]},
								"west": {"uv": [13.016, 49.016], "uv_size": [2.484, 2.484]},
								"up": {"uv": [34.016, 49.016], "uv_size": [2.484, 2.484]},
								"down": {"uv": [37.016, 51.5], "uv_size": [2.484, -2.484]}
							}
						},
						{
							"origin": [-0.5, 11.70096, -0.5],
							"size": [1, 1, 1],
							"pivot": [0, 12.20096, 0],
							"rotation": [-67.20765, 20.70481, 40.89339],
							"uv": {
								"north": {"uv": [4.016, 49.016], "uv_size": [2.484, 2.484]},
								"east": {"uv": [7.016, 49.016], "uv_size": [2.484, 2.484]},
								"south": {"uv": [10.016, 49.016], "uv_size": [2.484, 2.484]},
								"west": {"uv": [13.016, 49.016], "uv_size": [2.484, 2.484]},
								"up": {"uv": [34.016, 49.016], "uv_size": [2.484, 2.484]},
								"down": {"uv": [37.016, 51.5], "uv_size": [2.484, -2.484]}
							}
						},
						{
							"origin": [0.24264, 1, -5.41421],
							"size": [5.17157, 1, 10.82843],
							"inflate": 0.001,
							"pivot": [1.41421, 1, 1.41421],
							"rotation": [0, 90, 0],
							"uv": {
								"north": {"uv": [40.016, 34.016], "uv_size": [4.968, 0.968]},
								"east": {"uv": [30.016, 34.016], "uv_size": [9.968, 0.968]},
								"south": {"uv": [55.016, 34.016], "uv_size": [4.968, 0.968]},
								"west": {"uv": [45.016, 34.016], "uv_size": [9.968, 0.968]},
								"up": {"uv": [40.016, 24.016], "uv_size": [4.968, 9.968]},
								"down": {"uv": [45.016, 33.984], "uv_size": [4.968, -9.968]}
							}
						},
						{
							"origin": [-2.58579, 1, -5.41421],
							"size": [5.17157, 1, 10.82843],
							"uv": {
								"north": {"uv": [10.016, 34.016], "uv_size": [4.968, 0.968]},
								"east": {"uv": [0.016, 34.016], "uv_size": [9.968, 0.968]},
								"south": {"uv": [25.016, 34.016], "uv_size": [4.968, 0.968]},
								"west": {"uv": [15.016, 34.016], "uv_size": [9.968, 0.968]},
								"up": {"uv": [10.016, 24.016], "uv_size": [4.968, 9.968]},
								"down": {"uv": [15.016, 33.984], "uv_size": [4.968, -9.968]}
							}
						},
						{
							"origin": [-2.34315, 1, -2],
							"size": [1, 1, 4],
							"inflate": -0.001,
							"pivot": [1.65685, 1.5, 4],
							"rotation": [0, 45, 0],
							"uv": {
								"north": {"uv": [18.016, 39.016], "uv_size": [0.968, 0.968]},
								"east": {"uv": [14.016, 39.016], "uv_size": [3.968, 0.968]},
								"south": {"uv": [23.016, 39.016], "uv_size": [0.968, 0.968]},
								"west": {"uv": [19.016, 39.016], "uv_size": [3.968, 0.968]},
								"up": {"uv": [18.016, 35.016], "uv_size": [0.968, 3.968]},
								"down": {"uv": [19.016, 38.984], "uv_size": [0.968, -3.968]}
							}
						},
						{
							"origin": [1.34315, 1, -2],
							"size": [1, 1, 4],
							"inflate": -0.001,
							"pivot": [-1.65685, 1.5, 4],
							"rotation": [0, -45, 0],
							"uv": {
								"north": {"uv": [28.016, 39.016], "uv_size": [0.968, 0.968]},
								"east": {"uv": [24.016, 39.016], "uv_size": [3.968, 0.968]},
								"south": {"uv": [33.016, 39.016], "uv_size": [0.968, 0.968]},
								"west": {"uv": [29.016, 39.016], "uv_size": [3.968, 0.968]},
								"up": {"uv": [28.016, 35.016], "uv_size": [0.968, 3.968]},
								"down": {"uv": [29.016, 38.984], "uv_size": [0.968, -3.968]}
							}
						},
						{
							"origin": [1.34315, 1, -2],
							"size": [1, 1, 4],
							"inflate": -0.001,
							"pivot": [-1.65685, 1.5, -4],
							"rotation": [0, 45, 0],
							"uv": {
								"north": {"uv": [38.016, 39.016], "uv_size": [0.968, 0.968]},
								"east": {"uv": [34.016, 39.016], "uv_size": [3.968, 0.968]},
								"south": {"uv": [43.016, 39.016], "uv_size": [0.968, 0.968]},
								"west": {"uv": [39.016, 39.016], "uv_size": [3.968, 0.968]},
								"up": {"uv": [38.016, 35.016], "uv_size": [0.968, 3.968]},
								"down": {"uv": [39.016, 38.984], "uv_size": [0.968, -3.968]}
							}
						},
						{
							"origin": [-2.34315, 1, -2],
							"size": [1, 1, 4],
							"inflate": -0.001,
							"pivot": [1.65685, 1.5, -4],
							"rotation": [0, -45, 0],
							"uv": {
								"north": {"uv": [18.016, 44.016], "uv_size": [0.968, 0.968]},
								"east": {"uv": [14.016, 44.016], "uv_size": [3.968, 0.968]},
								"south": {"uv": [23.016, 44.016], "uv_size": [0.968, 0.968]},
								"west": {"uv": [19.016, 44.016], "uv_size": [3.968, 0.968]},
								"up": {"uv": [18.016, 40.016], "uv_size": [0.968, 3.968]},
								"down": {"uv": [19.016, 43.984], "uv_size": [0.968, -3.968]}
							}
						}
					]
				},
				{
					"name": "bone5",
					"parent": "bone",
					"pivot": [0, 16.85614, 1.37953],
					"cubes": [
						{
							"origin": [-0.2, 9.44108, 1.56254],
							"size": [0.4, 5, 0],
							"inflate": 0.001,
							"uv": {
								"north": {"uv": [20.016, 15.016], "uv_size": [0.968, 4.968]},
								"east": {"uv": [21.016, 0.016], "uv_size": [0.968, 4.968]},
								"south": {"uv": [21.016, 5.016], "uv_size": [0.968, 4.968]},
								"west": {"uv": [21.016, 10.016], "uv_size": [0.968, 4.968]},
								"up": {"uv": [24.016, 23.016], "uv_size": [0.968, 0.968]},
								"down": {"uv": [25.016, 23.984], "uv_size": [0.968, -0.968]}
							}
						},
						{
							"origin": [-0.2, 7.79463, 1.83031],
							"size": [0.4, 3, 0],
							"inflate": 0.001,
							"pivot": [0, 9.79463, 3.33031],
							"rotation": [45, 0, 0],
							"uv": {
								"north": {"uv": [10.016, 21.016], "uv_size": [0.968, 2.968]},
								"east": {"uv": [11.016, 21.016], "uv_size": [0.968, 2.968]},
								"south": {"uv": [12.016, 21.016], "uv_size": [0.968, 2.968]},
								"west": {"uv": [13.016, 21.016], "uv_size": [0.968, 2.968]},
								"up": {"uv": [26.016, 23.016], "uv_size": [0.968, 0.968]},
								"down": {"uv": [27.016, 23.984], "uv_size": [0.968, -0.968]}
							}
						},
						{
							"origin": [-0.2, 4.73397, 3.09808],
							"size": [0.4, 4, 0],
							"inflate": 0.001,
							"uv": {
								"north": {"uv": [16.016, 20.016], "uv_size": [0.968, 3.968]},
								"east": {"uv": [17.016, 20.016], "uv_size": [0.968, 3.968]},
								"south": {"uv": [18.016, 20.016], "uv_size": [0.968, 3.968]},
								"west": {"uv": [19.016, 20.016], "uv_size": [0.968, 3.968]},
								"up": {"uv": [28.016, 23.016], "uv_size": [0.968, 0.968]},
								"down": {"uv": [29.016, 23.984], "uv_size": [0.968, -0.968]}
							}
						},
						{
							"origin": [-0.2, 3.16699, 1.61603],
							"size": [0.4, 3, 0],
							"inflate": 0.001,
							"pivot": [0, 4.16699, 3.11603],
							"rotation": [-60, 0, 0],
							"uv": {
								"north": {"uv": [14.016, 21.016], "uv_size": [0.968, 2.968]},
								"east": {"uv": [15.016, 21.016], "uv_size": [0.968, 2.968]},
								"south": {"uv": [9.016, 31.016], "uv_size": [0.968, 2.968]},
								"west": {"uv": [34.016, 0.016], "uv_size": [0.968, 2.968]},
								"up": {"uv": [30.016, 23.016], "uv_size": [0.968, 0.968]},
								"down": {"uv": [31.016, 23.984], "uv_size": [0.968, -0.968]}
							}
						},
						{
							"origin": [-0.2, 3.66603, 1.5],
							"size": [0.4, 1.3, 0],
							"inflate": 0.001,
							"uv": {
								"north": {"uv": [30.016, 35.016], "uv_size": [0.968, 1.484]},
								"east": {"uv": [31.016, 35.016], "uv_size": [0.968, 1.484]},
								"south": {"uv": [32.016, 35.016], "uv_size": [0.968, 1.484]},
								"west": {"uv": [33.016, 35.016], "uv_size": [0.968, 1.484]},
								"up": {"uv": [32.016, 23.016], "uv_size": [0.968, 0.968]},
								"down": {"uv": [0.016, 33.984], "uv_size": [0.968, -0.968]}
							}
						},
						{
							"origin": [-0.2, 3.16699, -1.61603],
							"size": [0.4, 3, 0],
							"inflate": 0.001,
							"pivot": [0, 4.16699, -3.11603],
							"rotation": [60, 0, 0],
							"uv": {
								"north": {"uv": [35.016, 0.016], "uv_size": [0.968, 2.968]},
								"east": {"uv": [5.016, 35.016], "uv_size": [0.968, 2.968]},
								"south": {"uv": [6.016, 35.016], "uv_size": [0.968, 2.968]},
								"west": {"uv": [7.016, 35.016], "uv_size": [0.968, 2.968]},
								"up": {"uv": [1.016, 33.016], "uv_size": [0.968, 0.968]},
								"down": {"uv": [2.016, 33.984], "uv_size": [0.968, -0.968]}
							}
						},
						{
							"origin": [-0.2, 3.66603, -1.5],
							"size": [0.4, 1.3, 0],
							"inflate": 0.001,
							"uv": {
								"north": {"uv": [34.016, 35.016], "uv_size": [0.968, 1.484]},
								"east": {"uv": [35.016, 35.016], "uv_size": [0.968, 1.484]},
								"south": {"uv": [36.016, 0.016], "uv_size": [0.968, 1.484]},
								"west": {"uv": [36.016, 2.016], "uv_size": [0.968, 1.484]},
								"up": {"uv": [3.016, 33.016], "uv_size": [0.968, 0.968]},
								"down": {"uv": [4.016, 33.984], "uv_size": [0.968, -0.968]}
							}
						},
						{
							"origin": [-0.2, 4.73397, -3.09808],
							"size": [0.4, 4, 0],
							"inflate": 0.001,
							"uv": {
								"north": {"uv": [20.016, 20.016], "uv_size": [0.968, 3.968]},
								"east": {"uv": [21.016, 20.016], "uv_size": [0.968, 3.968]},
								"south": {"uv": [9.016, 27.016], "uv_size": [0.968, 3.968]},
								"west": {"uv": [33.016, 0.016], "uv_size": [0.968, 3.968]},
								"up": {"uv": [5.016, 33.016], "uv_size": [0.968, 0.968]},
								"down": {"uv": [33.016, 23.984], "uv_size": [0.968, -0.968]}
							}
						},
						{
							"origin": [-0.2, 7.79463, -1.83031],
							"size": [0.4, 3, 0],
							"inflate": 0.001,
							"pivot": [0, 9.79463, -3.33031],
							"rotation": [-45, 0, 0],
							"uv": {
								"north": {"uv": [13.016, 35.016], "uv_size": [0.968, 2.968]},
								"east": {"uv": [35.016, 13.016], "uv_size": [0.968, 2.968]},
								"south": {"uv": [14.016, 35.016], "uv_size": [0.968, 2.968]},
								"west": {"uv": [15.016, 35.016], "uv_size": [0.968, 2.968]},
								"up": {"uv": [34.016, 3.016], "uv_size": [0.968, 0.968]},
								"down": {"uv": [35.016, 3.984], "uv_size": [0.968, -0.968]}
							}
						},
						{
							"origin": [-0.2, 9.44108, -1.56254],
							"size": [0.4, 5, 0],
							"inflate": 0.001,
							"uv": {
								"north": {"uv": [21.016, 15.016], "uv_size": [0.968, 4.968]},
								"east": {"uv": [6.016, 27.016], "uv_size": [0.968, 4.968]},
								"south": {"uv": [7.016, 27.016], "uv_size": [0.968, 4.968]},
								"west": {"uv": [8.016, 27.016], "uv_size": [0.968, 4.968]},
								"up": {"uv": [36.016, 13.016], "uv_size": [0.968, 0.968]},
								"down": {"uv": [36.016, 14.984], "uv_size": [0.968, -0.968]}
							}
						},
						{
							"origin": [-0.2, 14.42313, 0.49556],
							"size": [0.4, 2, 0],
							"inflate": 0.001,
							"pivot": [0, 16.42313, 1.99556],
							"rotation": [30, 0, 0],
							"uv": {
								"north": {"uv": [35.016, 16.016], "uv_size": [0.968, 1.968]},
								"east": {"uv": [17.016, 35.016], "uv_size": [0.968, 1.968]},
								"south": {"uv": [35.016, 18.016], "uv_size": [0.968, 1.968]},
								"west": {"uv": [20.016, 35.016], "uv_size": [0.968, 1.968]},
								"up": {"uv": [36.016, 15.016], "uv_size": [0.968, 0.968]},
								"down": {"uv": [36.016, 16.984], "uv_size": [0.968, -0.968]}
							}
						},
						{
							"origin": [-0.2, 15.67313, 0.69652],
							"size": [0.4, 2, 0],
							"inflate": 0.001,
							"uv": {
								"north": {"uv": [35.016, 20.016], "uv_size": [0.968, 1.968]},
								"east": {"uv": [21.016, 35.016], "uv_size": [0.968, 1.968]},
								"south": {"uv": [22.016, 35.016], "uv_size": [0.968, 1.968]},
								"west": {"uv": [23.016, 35.016], "uv_size": [0.968, 1.968]},
								"up": {"uv": [36.016, 17.016], "uv_size": [0.968, 0.968]},
								"down": {"uv": [36.016, 18.984], "uv_size": [0.968, -0.968]}
							}
						},
						{
							"origin": [-0.2, 15.67313, -0.69652],
							"size": [0.4, 2, 0],
							"inflate": 0.001,
							"uv": {
								"north": {"uv": [6.016, 32.016], "uv_size": [0.968, 1.968]},
								"east": {"uv": [7.016, 32.016], "uv_size": [0.968, 1.968]},
								"south": {"uv": [8.016, 32.016], "uv_size": [0.968, 1.968]},
								"west": {"uv": [16.016, 35.016], "uv_size": [0.968, 1.968]},
								"up": {"uv": [22.016, 23.016], "uv_size": [0.968, 0.968]},
								"down": {"uv": [23.016, 23.984], "uv_size": [0.968, -0.968]}
							}
						},
						{
							"origin": [-0.2, 14.42313, -0.49556],
							"size": [0.4, 2, 0],
							"inflate": 0.001,
							"pivot": [0, 16.42313, -1.99556],
							"rotation": [-30, 0, 0],
							"uv": {
								"north": {"uv": [24.016, 35.016], "uv_size": [0.968, 1.968]},
								"east": {"uv": [25.016, 35.016], "uv_size": [0.968, 1.968]},
								"south": {"uv": [26.016, 35.016], "uv_size": [0.968, 1.968]},
								"west": {"uv": [27.016, 35.016], "uv_size": [0.968, 1.968]},
								"up": {"uv": [36.016, 19.016], "uv_size": [0.968, 0.968]},
								"down": {"uv": [36.016, 20.984], "uv_size": [0.968, -0.968]}
							}
						}
					]
				},
				{
					"name": "bone4",
					"parent": "bone",
					"pivot": [0, 16.85614, 1.37953],
					"cubes": [
						{
							"origin": [-0.5, 9.44108, 1.56254],
							"size": [1, 5, 1],
							"uv": {
								"north": {"uv": [23.016, 46.016], "uv_size": [0.968, 4.968]},
								"east": {"uv": [22.016, 46.016], "uv_size": [0.968, 4.968]},
								"south": {"uv": [25.016, 46.016], "uv_size": [0.968, 4.968]},
								"west": {"uv": [24.016, 46.016], "uv_size": [0.968, 4.968]},
								"up": {"uv": [23.016, 45.016], "uv_size": [0.968, 0.968]},
								"down": {"uv": [24.016, 45.984], "uv_size": [0.968, -0.968]}
							}
						},
						{
							"origin": [-0.5, 7.79463, 1.83031],
							"size": [1, 3, 1],
							"inflate": -0.001,
							"pivot": [0, 9.79463, 3.33031],
							"rotation": [45, 0, 0],
							"uv": {
								"north": {"uv": [49.016, 13.016], "uv_size": [0.968, 2.968]},
								"east": {"uv": [48.016, 13.016], "uv_size": [0.968, 2.968]},
								"south": {"uv": [51.016, 13.016], "uv_size": [0.968, 2.968]},
								"west": {"uv": [50.016, 13.016], "uv_size": [0.968, 2.968]},
								"up": {"uv": [49.016, 12.016], "uv_size": [0.968, 0.968]},
								"down": {"uv": [50.016, 12.984], "uv_size": [0.968, -0.968]}
							}
						},
						{
							"origin": [-0.5, 4.73397, 3.09808],
							"size": [1, 4, 1],
							"uv": {
								"north": {"uv": [31.016, 46.016], "uv_size": [0.968, 3.968]},
								"east": {"uv": [30.016, 46.016], "uv_size": [0.968, 3.968]},
								"south": {"uv": [33.016, 46.016], "uv_size": [0.968, 3.968]},
								"west": {"uv": [32.016, 46.016], "uv_size": [0.968, 3.968]},
								"up": {"uv": [31.016, 45.016], "uv_size": [0.968, 0.968]},
								"down": {"uv": [32.016, 45.984], "uv_size": [0.968, -0.968]}
							}
						},
						{
							"origin": [-0.5, 3.16699, 1.61603],
							"size": [1, 3, 1],
							"inflate": -0.001,
							"pivot": [0, 4.16699, 3.11603],
							"rotation": [-60, 0, 0],
							"uv": {
								"north": {"uv": [49.016, 9.016], "uv_size": [0.968, 2.968]},
								"east": {"uv": [48.016, 9.016], "uv_size": [0.968, 2.968]},
								"south": {"uv": [51.016, 9.016], "uv_size": [0.968, 2.968]},
								"west": {"uv": [50.016, 9.016], "uv_size": [0.968, 2.968]},
								"up": {"uv": [49.016, 8.016], "uv_size": [0.968, 0.968]},
								"down": {"uv": [50.016, 8.984], "uv_size": [0.968, -0.968]}
							}
						},
						{
							"origin": [-0.5, 3.66603, 1.5],
							"size": [1, 1.3, 1],
							"uv": {
								"north": {"uv": [45.016, 49.016], "uv_size": [0.968, 0.968]},
								"east": {"uv": [44.016, 49.016], "uv_size": [0.968, 0.968]},
								"south": {"uv": [47.016, 49.016], "uv_size": [0.968, 0.968]},
								"west": {"uv": [46.016, 49.016], "uv_size": [0.968, 0.968]},
								"up": {"uv": [45.016, 48.016], "uv_size": [0.968, 0.968]},
								"down": {"uv": [46.016, 48.984], "uv_size": [0.968, -0.968]}
							}
						},
						{
							"origin": [-0.5, 3.16699, -2.61603],
							"size": [1, 3, 1],
							"inflate": -0.001,
							"pivot": [0, 4.16699, -3.11603],
							"rotation": [60, 0, 0],
							"uv": {
								"north": {"uv": [49.016, 5.016], "uv_size": [0.968, 2.968]},
								"east": {"uv": [48.016, 5.016], "uv_size": [0.968, 2.968]},
								"south": {"uv": [51.016, 5.016], "uv_size": [0.968, 2.968]},
								"west": {"uv": [50.016, 5.016], "uv_size": [0.968, 2.968]},
								"up": {"uv": [49.016, 4.016], "uv_size": [0.968, 0.968]},
								"down": {"uv": [50.016, 4.984], "uv_size": [0.968, -0.968]}
							}
						},
						{
							"origin": [-0.5, 3.66603, -2.5],
							"size": [1, 1.3, 1],
							"uv": {
								"north": {"uv": [49.016, 43.016], "uv_size": [0.968, 0.968]},
								"east": {"uv": [48.016, 43.016], "uv_size": [0.968, 0.968]},
								"south": {"uv": [51.016, 43.016], "uv_size": [0.968, 0.968]},
								"west": {"uv": [50.016, 43.016], "uv_size": [0.968, 0.968]},
								"up": {"uv": [49.016, 42.016], "uv_size": [0.968, 0.968]},
								"down": {"uv": [50.016, 42.984], "uv_size": [0.968, -0.968]}
							}
						},
						{
							"origin": [-0.5, 4.73397, -4.09808],
							"size": [1, 4, 1],
							"uv": {
								"north": {"uv": [27.016, 46.016], "uv_size": [0.968, 3.968]},
								"east": {"uv": [26.016, 46.016], "uv_size": [0.968, 3.968]},
								"south": {"uv": [29.016, 46.016], "uv_size": [0.968, 3.968]},
								"west": {"uv": [28.016, 46.016], "uv_size": [0.968, 3.968]},
								"up": {"uv": [27.016, 45.016], "uv_size": [0.968, 0.968]},
								"down": {"uv": [28.016, 45.984], "uv_size": [0.968, -0.968]}
							}
						},
						{
							"origin": [-0.5, 7.79463, -2.83031],
							"size": [1, 3, 1],
							"inflate": -0.001,
							"pivot": [0, 9.79463, -3.33031],
							"rotation": [-45, 0, 0],
							"uv": {
								"north": {"uv": [1.016, 49.016], "uv_size": [0.968, 2.968]},
								"east": {"uv": [0.016, 49.016], "uv_size": [0.968, 2.968]},
								"south": {"uv": [3.016, 49.016], "uv_size": [0.968, 2.968]},
								"west": {"uv": [2.016, 49.016], "uv_size": [0.968, 2.968]},
								"up": {"uv": [1.016, 48.016], "uv_size": [0.968, 0.968]},
								"down": {"uv": [2.016, 48.984], "uv_size": [0.968, -0.968]}
							}
						},
						{
							"origin": [-0.5, 9.44108, -2.56254],
							"size": [1, 5, 1],
							"uv": {
								"north": {"uv": [19.016, 46.016], "uv_size": [0.968, 4.968]},
								"east": {"uv": [18.016, 46.016], "uv_size": [0.968, 4.968]},
								"south": {"uv": [21.016, 46.016], "uv_size": [0.968, 4.968]},
								"west": {"uv": [20.016, 46.016], "uv_size": [0.968, 4.968]},
								"up": {"uv": [19.016, 45.016], "uv_size": [0.968, 0.968]},
								"down": {"uv": [20.016, 45.984], "uv_size": [0.968, -0.968]}
							}
						},
						{
							"origin": [-0.5, 14.42313, 0.49556],
							"size": [1, 2, 1],
							"inflate": -0.001,
							"pivot": [0, 16.42313, 1.99556],
							"rotation": [30, 0, 0],
							"uv": {
								"north": {"uv": [41.016, 49.016], "uv_size": [0.968, 1.968]},
								"east": {"uv": [40.016, 49.016], "uv_size": [0.968, 1.968]},
								"south": {"uv": [43.016, 49.016], "uv_size": [0.968, 1.968]},
								"west": {"uv": [42.016, 49.016], "uv_size": [0.968, 1.968]},
								"up": {"uv": [41.016, 48.016], "uv_size": [0.968, 0.968]},
								"down": {"uv": [42.016, 48.984], "uv_size": [0.968, -0.968]}
							}
						},
						{
							"origin": [-0.5, 15.67313, 0.69652],
							"size": [1, 2, 1],
							"uv": {
								"north": {"uv": [0.016, 0.016], "uv_size": [0.968, 1.968]},
								"east": {"uv": [1.016, 0.016], "uv_size": [0.968, 1.968]},
								"south": {"uv": [0.016, 2.016], "uv_size": [0.968, 1.968]},
								"west": {"uv": [2.016, 0.016], "uv_size": [0.968, 1.968]},
								"up": {"uv": [1.016, 2.016], "uv_size": [0.968, 0.968]},
								"down": {"uv": [2.016, 2.984], "uv_size": [0.968, -0.968]}
							}
						},
						{
							"origin": [-0.5, 15.67313, -1.69652],
							"size": [1, 2, 1],
							"uv": {
								"north": {"uv": [3.016, 0.016], "uv_size": [0.968, 1.968]},
								"east": {"uv": [1.016, 3.016], "uv_size": [0.968, 1.968]},
								"south": {"uv": [2.016, 3.016], "uv_size": [0.968, 1.968]},
								"west": {"uv": [3.016, 2.016], "uv_size": [0.968, 1.968]},
								"up": {"uv": [0.016, 4.016], "uv_size": [0.968, 0.968]},
								"down": {"uv": [4.016, 0.984], "uv_size": [0.968, -0.968]}
							}
						},
						{
							"origin": [-0.5, 14.42313, -1.49556],
							"size": [1, 2, 1],
							"inflate": -0.001,
							"pivot": [0, 16.42313, -1.99556],
							"rotation": [-30, 0, 0],
							"uv": {
								"north": {"uv": [49.016, 40.016], "uv_size": [0.968, 1.968]},
								"east": {"uv": [48.016, 40.016], "uv_size": [0.968, 1.968]},
								"south": {"uv": [51.016, 40.016], "uv_size": [0.968, 1.968]},
								"west": {"uv": [50.016, 40.016], "uv_size": [0.968, 1.968]},
								"up": {"uv": [49.016, 39.016], "uv_size": [0.968, 0.968]},
								"down": {"uv": [50.016, 39.984], "uv_size": [0.968, -0.968]}
							}
						}
					]
				},
				{
					"name": "bone2",
					"parent": "bone",
					"pivot": [0, 2.1, -2],
					"cubes": [
						{
							"origin": [-1, 4.73397, -5.09808],
							"size": [2, 4, 1],
							"uv": {
								"north": {"uv": [25.016, 41.016], "uv_size": [1.968, 3.968]},
								"east": {"uv": [24.016, 41.016], "uv_size": [0.968, 3.968]},
								"south": {"uv": [28.016, 41.016], "uv_size": [1.968, 3.968]},
								"west": {"uv": [27.016, 41.016], "uv_size": [0.968, 3.968]},
								"up": {"uv": [25.016, 40.016], "uv_size": [1.968, 0.968]},
								"down": {"uv": [27.016, 40.984], "uv_size": [1.968, -0.968]}
							}
						},
						{
							"origin": [-1, 16.24626, -1.90362],
							"size": [2, 1, 1],
							"uv": {
								"north": {"uv": [47.016, 23.016], "uv_size": [1.968, 0.968]},
								"east": {"uv": [46.016, 23.016], "uv_size": [0.968, 0.968]},
								"south": {"uv": [50.016, 23.016], "uv_size": [1.968, 0.968]},
								"west": {"uv": [49.016, 23.016], "uv_size": [0.968, 0.968]},
								"up": {"uv": [47.016, 22.016], "uv_size": [1.968, 0.968]},
								"down": {"uv": [49.016, 22.984], "uv_size": [1.968, -0.968]}
							}
						},
						{
							"origin": [-1, 16.98811, -1.73916],
							"size": [2, 1, 1],
							"inflate": -0.001,
							"pivot": [0, 17.48811, -1.23916],
							"rotation": [-25, 0, 0],
							"uv": {
								"north": {"uv": [49.016, 17.016], "uv_size": [1.968, 0.968]},
								"east": {"uv": [48.016, 17.016], "uv_size": [0.968, 0.968]},
								"south": {"uv": [52.016, 17.016], "uv_size": [1.968, 0.968]},
								"west": {"uv": [51.016, 17.016], "uv_size": [0.968, 0.968]},
								"up": {"uv": [49.016, 16.016], "uv_size": [1.968, 0.968]},
								"down": {"uv": [51.016, 16.984], "uv_size": [1.968, -0.968]}
							}
						},
						{
							"origin": [-1, 16.98811, 0.73916],
							"size": [2, 1, 1],
							"inflate": -0.001,
							"pivot": [0, 17.48811, 1.23916],
							"rotation": [25, 0, 0],
							"uv": {
								"north": {"uv": [49.016, 19.016], "uv_size": [1.968, 0.968]},
								"east": {"uv": [48.016, 19.016], "uv_size": [0.968, 0.968]},
								"south": {"uv": [52.016, 19.016], "uv_size": [1.968, 0.968]},
								"west": {"uv": [51.016, 19.016], "uv_size": [0.968, 0.968]},
								"up": {"uv": [49.016, 18.016], "uv_size": [1.968, 0.968]},
								"down": {"uv": [51.016, 18.984], "uv_size": [1.968, -0.968]}
							}
						},
						{
							"origin": [-1, 16.24626, 0.90362],
							"size": [2, 1, 1],
							"uv": {
								"north": {"uv": [35.016, 48.016], "uv_size": [1.968, 0.968]},
								"east": {"uv": [34.016, 48.016], "uv_size": [0.968, 0.968]},
								"south": {"uv": [38.016, 48.016], "uv_size": [1.968, 0.968]},
								"west": {"uv": [37.016, 48.016], "uv_size": [0.968, 0.968]},
								"up": {"uv": [35.016, 47.016], "uv_size": [1.968, 0.968]},
								"down": {"uv": [37.016, 47.984], "uv_size": [1.968, -0.968]}
							}
						},
						{
							"origin": [-1, 3.1, 2],
							"size": [2, 1, 1],
							"uv": {
								"north": {"uv": [1.016, 47.016], "uv_size": [1.968, 0.968]},
								"east": {"uv": [0.016, 47.016], "uv_size": [0.968, 0.968]},
								"south": {"uv": [4.016, 47.016], "uv_size": [1.968, 0.968]},
								"west": {"uv": [3.016, 47.016], "uv_size": [0.968, 0.968]},
								"up": {"uv": [1.016, 46.016], "uv_size": [1.968, 0.968]},
								"down": {"uv": [3.016, 46.984], "uv_size": [1.968, -0.968]}
							}
						},
						{
							"origin": [-1, 2.6, 1.79289],
							"size": [2, 1, 1],
							"inflate": -0.001,
							"pivot": [0, 3.1, 2.29289],
							"rotation": [-45, 0, 0],
							"uv": {
								"north": {"uv": [35.016, 46.016], "uv_size": [1.968, 0.968]},
								"east": {"uv": [34.016, 46.016], "uv_size": [0.968, 0.968]},
								"south": {"uv": [38.016, 46.016], "uv_size": [1.968, 0.968]},
								"west": {"uv": [37.016, 46.016], "uv_size": [0.968, 0.968]},
								"up": {"uv": [35.016, 45.016], "uv_size": [1.968, 0.968]},
								"down": {"uv": [37.016, 45.984], "uv_size": [1.968, -0.968]}
							}
						},
						{
							"origin": [-1, 7.79463, 2.83031],
							"size": [2, 3, 1],
							"inflate": -0.001,
							"pivot": [0, 9.79463, 3.33031],
							"rotation": [45, 0, 0],
							"uv": {
								"north": {"uv": [43.016, 45.016], "uv_size": [1.968, 2.968]},
								"east": {"uv": [42.016, 45.016], "uv_size": [0.968, 2.968]},
								"south": {"uv": [46.016, 45.016], "uv_size": [1.968, 2.968]},
								"west": {"uv": [45.016, 45.016], "uv_size": [0.968, 2.968]},
								"up": {"uv": [43.016, 44.016], "uv_size": [1.968, 0.968]},
								"down": {"uv": [45.016, 44.984], "uv_size": [1.968, -0.968]}
							}
						},
						{
							"origin": [-1, 3.16699, 2.61603],
							"size": [2, 3, 1],
							"inflate": -0.001,
							"pivot": [0, 4.16699, 3.11603],
							"rotation": [-60, 0, 0],
							"uv": {
								"north": {"uv": [45.016, 36.016], "uv_size": [1.968, 2.968]},
								"east": {"uv": [44.016, 36.016], "uv_size": [0.968, 2.968]},
								"south": {"uv": [48.016, 36.016], "uv_size": [1.968, 2.968]},
								"west": {"uv": [47.016, 36.016], "uv_size": [0.968, 2.968]},
								"up": {"uv": [45.016, 35.016], "uv_size": [1.968, 0.968]},
								"down": {"uv": [47.016, 35.984], "uv_size": [1.968, -0.968]}
							}
						},
						{
							"origin": [-1, 10.14819, 2.26965],
							"size": [2, 4, 1],
							"uv": {
								"north": {"uv": [1.016, 42.016], "uv_size": [1.968, 3.968]},
								"east": {"uv": [0.016, 42.016], "uv_size": [0.968, 3.968]},
								"south": {"uv": [4.016, 42.016], "uv_size": [1.968, 3.968]},
								"west": {"uv": [3.016, 42.016], "uv_size": [0.968, 3.968]},
								"up": {"uv": [1.016, 41.016], "uv_size": [1.968, 0.968]},
								"down": {"uv": [3.016, 41.984], "uv_size": [1.968, -0.968]}
							}
						},
						{
							"origin": [-1, 4.73397, 4.09808],
							"size": [2, 4, 1],
							"uv": {
								"north": {"uv": [37.016, 41.016], "uv_size": [1.968, 3.968]},
								"east": {"uv": [36.016, 41.016], "uv_size": [0.968, 3.968]},
								"south": {"uv": [40.016, 41.016], "uv_size": [1.968, 3.968]},
								"west": {"uv": [39.016, 41.016], "uv_size": [0.968, 3.968]},
								"up": {"uv": [37.016, 40.016], "uv_size": [1.968, 0.968]},
								"down": {"uv": [39.016, 40.984], "uv_size": [1.968, -0.968]}
							}
						},
						{
							"origin": [-1, 10.14819, -3.26965],
							"size": [2, 4, 1],
							"uv": {
								"north": {"uv": [31.016, 41.016], "uv_size": [1.968, 3.968]},
								"east": {"uv": [30.016, 41.016], "uv_size": [0.968, 3.968]},
								"south": {"uv": [34.016, 41.016], "uv_size": [1.968, 3.968]},
								"west": {"uv": [33.016, 41.016], "uv_size": [0.968, 3.968]},
								"up": {"uv": [31.016, 40.016], "uv_size": [1.968, 0.968]},
								"down": {"uv": [33.016, 40.984], "uv_size": [1.968, -0.968]}
							}
						},
						{
							"origin": [-1, 3.16699, -3.61603],
							"size": [2, 3, 1],
							"inflate": -0.001,
							"pivot": [0, 4.16699, -3.11603],
							"rotation": [60, 0, 0],
							"uv": {
								"north": {"uv": [7.016, 42.016], "uv_size": [1.968, 2.968]},
								"east": {"uv": [6.016, 42.016], "uv_size": [0.968, 2.968]},
								"south": {"uv": [10.016, 42.016], "uv_size": [1.968, 2.968]},
								"west": {"uv": [9.016, 42.016], "uv_size": [0.968, 2.968]},
								"up": {"uv": [7.016, 41.016], "uv_size": [1.968, 0.968]},
								"down": {"uv": [9.016, 41.984], "uv_size": [1.968, -0.968]}
							}
						},
						{
							"origin": [-1, 7.79463, -3.83031],
							"size": [2, 3, 1],
							"inflate": -0.001,
							"pivot": [0, 9.79463, -3.33031],
							"rotation": [-45, 0, 0],
							"uv": {
								"north": {"uv": [43.016, 41.016], "uv_size": [1.968, 2.968]},
								"east": {"uv": [42.016, 41.016], "uv_size": [0.968, 2.968]},
								"south": {"uv": [46.016, 41.016], "uv_size": [1.968, 2.968]},
								"west": {"uv": [45.016, 41.016], "uv_size": [0.968, 2.968]},
								"up": {"uv": [43.016, 40.016], "uv_size": [1.968, 0.968]},
								"down": {"uv": [45.016, 40.984], "uv_size": [1.968, -0.968]}
							}
						},
						{
							"origin": [-1, 13.63024, -2.33664],
							"size": [2, 3, 1],
							"inflate": -0.001,
							"pivot": [0, 15.63024, -1.83664],
							"rotation": [-30, 0, 0],
							"uv": {
								"north": {"uv": [7.016, 46.016], "uv_size": [1.968, 2.968]},
								"east": {"uv": [6.016, 46.016], "uv_size": [0.968, 2.968]},
								"south": {"uv": [10.016, 46.016], "uv_size": [1.968, 2.968]},
								"west": {"uv": [9.016, 46.016], "uv_size": [0.968, 2.968]},
								"up": {"uv": [7.016, 45.016], "uv_size": [1.968, 0.968]},
								"down": {"uv": [9.016, 45.984], "uv_size": [1.968, -0.968]}
							}
						},
						{
							"origin": [-1, 13.63024, 1.33664],
							"size": [2, 3, 1],
							"inflate": -0.001,
							"pivot": [0, 15.63024, 1.83664],
							"rotation": [30, 0, 0],
							"uv": {
								"north": {"uv": [13.016, 46.016], "uv_size": [1.968, 2.968]},
								"east": {"uv": [12.016, 46.016], "uv_size": [0.968, 2.968]},
								"south": {"uv": [16.016, 46.016], "uv_size": [1.968, 2.968]},
								"west": {"uv": [15.016, 46.016], "uv_size": [0.968, 2.968]},
								"up": {"uv": [13.016, 45.016], "uv_size": [1.968, 0.968]},
								"down": {"uv": [15.016, 45.984], "uv_size": [1.968, -0.968]}
							}
						},
						{
							"origin": [-1, 2.6, -2.79289],
							"size": [2, 1, 1],
							"inflate": -0.001,
							"pivot": [0, 3.1, -2.29289],
							"rotation": [45, 0, 0],
							"uv": {
								"north": {"uv": [41.016, 23.016], "uv_size": [1.968, 0.968]},
								"east": {"uv": [40.016, 23.016], "uv_size": [0.968, 0.968]},
								"south": {"uv": [44.016, 23.016], "uv_size": [1.968, 0.968]},
								"west": {"uv": [43.016, 23.016], "uv_size": [0.968, 0.968]},
								"up": {"uv": [41.016, 22.016], "uv_size": [1.968, 0.968]},
								"down": {"uv": [43.016, 22.984], "uv_size": [1.968, -0.968]}
							}
						},
						{
							"origin": [-1, 3.1, -3],
							"size": [2, 1, 1],
							"uv": {
								"north": {"uv": [35.016, 23.016], "uv_size": [1.968, 0.968]},
								"east": {"uv": [34.016, 23.016], "uv_size": [0.968, 0.968]},
								"south": {"uv": [38.016, 23.016], "uv_size": [1.968, 0.968]},
								"west": {"uv": [37.016, 23.016], "uv_size": [0.968, 0.968]},
								"up": {"uv": [35.016, 22.016], "uv_size": [1.968, 0.968]},
								"down": {"uv": [37.016, 22.984], "uv_size": [1.968, -0.968]}
							}
						},
						{
							"origin": [-0.5, 3.40311, -2.75801],
							"size": [1, 0.6, 1],
							"pivot": [0, 3.35311, -2.25801],
							"rotation": [-30, 0, 0],
							"uv": {
								"north": {"uv": [12.016, 0.016], "uv_size": [0.968, 0.484]},
								"east": {"uv": [12.016, 1.016], "uv_size": [0.968, 0.484]},
								"south": {"uv": [12.016, 2.016], "uv_size": [0.968, 0.484]},
								"west": {"uv": [12.016, 3.016], "uv_size": [0.968, 0.484]},
								"up": {"uv": [5.016, 0.016], "uv_size": [0.968, 0.968]},
								"down": {"uv": [6.016, 0.984], "uv_size": [0.968, -0.968]}
							}
						},
						{
							"origin": [-0.5, 3.40311, 1.75801],
							"size": [1, 0.6, 1],
							"pivot": [0, 3.35311, 2.25801],
							"rotation": [30, 0, 0],
							"uv": {
								"north": {"uv": [12.016, 4.016], "uv_size": [0.968, 0.484]},
								"east": {"uv": [12.016, 5.016], "uv_size": [0.968, 0.484]},
								"south": {"uv": [12.016, 6.016], "uv_size": [0.968, 0.484]},
								"west": {"uv": [12.016, 7.016], "uv_size": [0.968, 0.484]},
								"up": {"uv": [7.016, 0.016], "uv_size": [0.968, 0.968]},
								"down": {"uv": [8.016, 0.984], "uv_size": [0.968, -0.968]}
							}
						}
					]
				},
				{
					"name": "bone3",
					"parent": "bone",
					"pivot": [0, 1.25, 0],
					"rotation": [0, 45, 0],
					"cubes": [
						{
							"origin": [-2.58579, 0, -6.41421],
							"size": [5.17157, 1.5, 12.82843],
							"inflate": -0.001,
							"uv": {
								"north": {"uv": [0.016, 35.016], "uv_size": [4.968, 1.484]},
								"east": {"uv": [22.016, 17.016], "uv_size": [12.968, 1.484]},
								"south": {"uv": [8.016, 35.016], "uv_size": [4.968, 1.484]},
								"west": {"uv": [22.016, 19.016], "uv_size": [12.968, 1.484]},
								"up": {"uv": [5.016, 14.016], "uv_size": [4.968, 12.968]},
								"down": {"uv": [22.016, 12.984], "uv_size": [4.968, -12.968]}
							}
						},
						{
							"origin": [0.24264, 0, -6.41421],
							"size": [5.17157, 1.5, 12.82843],
							"inflate": -0.001,
							"pivot": [1.41421, 1, 1.41421],
							"rotation": [0, 90, 0],
							"uv": {
								"north": {"uv": [33.016, 30.016], "uv_size": [4.968, 1.484]},
								"east": {"uv": [22.016, 13.016], "uv_size": [12.968, 1.484]},
								"south": {"uv": [33.016, 32.016], "uv_size": [4.968, 1.484]},
								"west": {"uv": [22.016, 15.016], "uv_size": [12.968, 1.484]},
								"up": {"uv": [4.016, 1.016], "uv_size": [4.968, 12.968]},
								"down": {"uv": [0.016, 26.984], "uv_size": [4.968, -12.968]}
							}
						},
						{
							"origin": [-2.34315, 0, -3],
							"size": [1, 1.5, 6],
							"pivot": [1.65685, 1.5, 4],
							"rotation": [0, 45, 0],
							"uv": {
								"north": {"uv": [3.016, 10.016], "uv_size": [0.968, 1.484]},
								"east": {"uv": [0.016, 27.016], "uv_size": [5.968, 1.484]},
								"south": {"uv": [0.016, 11.016], "uv_size": [0.968, 1.484]},
								"west": {"uv": [27.016, 0.016], "uv_size": [5.968, 1.484]},
								"up": {"uv": [3.016, 4.016], "uv_size": [0.968, 5.968]},
								"down": {"uv": [0.016, 10.984], "uv_size": [0.968, -5.968]}
							}
						},
						{
							"origin": [1.34315, 0, -3],
							"size": [1, 1.5, 6],
							"pivot": [-1.65685, 1.5, 4],
							"rotation": [0, -45, 0],
							"uv": {
								"north": {"uv": [11.016, 0.016], "uv_size": [0.968, 1.484]},
								"east": {"uv": [27.016, 2.016], "uv_size": [5.968, 1.484]},
								"south": {"uv": [1.016, 11.016], "uv_size": [0.968, 1.484]},
								"west": {"uv": [0.016, 29.016], "uv_size": [5.968, 1.484]},
								"up": {"uv": [1.016, 5.016], "uv_size": [0.968, 5.968]},
								"down": {"uv": [2.016, 10.984], "uv_size": [0.968, -5.968]}
							}
						},
						{
							"origin": [1.34315, 0, -3],
							"size": [1, 1.5, 6],
							"pivot": [-1.65685, 1.5, -4],
							"rotation": [0, 45, 0],
							"uv": {
								"north": {"uv": [2.016, 11.016], "uv_size": [0.968, 1.484]},
								"east": {"uv": [0.016, 31.016], "uv_size": [5.968, 1.484]},
								"south": {"uv": [11.016, 2.016], "uv_size": [0.968, 1.484]},
								"west": {"uv": [33.016, 24.016], "uv_size": [5.968, 1.484]},
								"up": {"uv": [9.016, 0.016], "uv_size": [0.968, 5.968]},
								"down": {"uv": [9.016, 11.984], "uv_size": [0.968, -5.968]}
							}
						},
						{
							"origin": [-2.34315, 0, -3],
							"size": [1, 1.5, 6],
							"pivot": [1.65685, 1.5, -4],
							"rotation": [0, -45, 0],
							"uv": {
								"north": {"uv": [11.016, 4.016], "uv_size": [0.968, 1.484]},
								"east": {"uv": [33.016, 26.016], "uv_size": [5.968, 1.484]},
								"south": {"uv": [11.016, 6.016], "uv_size": [0.968, 1.484]},
								"west": {"uv": [33.016, 28.016], "uv_size": [5.968, 1.484]},
								"up": {"uv": [10.016, 0.016], "uv_size": [0.968, 5.968]},
								"down": {"uv": [10.016, 11.984], "uv_size": [0.968, -5.968]}
							}
						},
						{
							"origin": [-2.78249, 0, 1.64645],
							"size": [12.72792, 1.5, 1],
							"inflate": 0.001,
							"pivot": [1.71751, 1.5, -4.35355],
							"rotation": [0, -45, 0],
							"uv": {
								"north": {"uv": [22.016, 21.016], "uv_size": [12.484, 1.484]},
								"east": {"uv": [11.016, 8.016], "uv_size": [0.968, 1.484]},
								"south": {"uv": [20.016, 24.016], "uv_size": [12.484, 1.484]},
								"west": {"uv": [11.016, 10.016], "uv_size": [0.968, 1.484]},
								"up": {"uv": [27.016, 12.016], "uv_size": [12.484, 0.968]},
								"down": {"uv": [20.016, 30.984], "uv_size": [12.484, -0.968]}
							}
						},
						{
							"origin": [-2.78249, 0, -2.75355],
							"size": [12.72792, 1.5, 1],
							"inflate": 0.001,
							"pivot": [1.71751, 1.5, -4.35355],
							"rotation": [0, -45, 0],
							"uv": {
								"north": {"uv": [20.016, 26.016], "uv_size": [12.484, 1.484]},
								"east": {"uv": [3.016, 12.016], "uv_size": [0.968, 1.484]},
								"south": {"uv": [27.016, 4.016], "uv_size": [12.484, 1.484]},
								"west": {"uv": [9.016, 12.016], "uv_size": [0.968, 1.484]},
								"up": {"uv": [20.016, 31.016], "uv_size": [12.484, 0.968]},
								"down": {"uv": [20.016, 32.984], "uv_size": [12.484, -0.968]}
							}
						},
						{
							"origin": [-6.36899, 0, 1.70503],
							"size": [12.72792, 1.5, 1],
							"inflate": 0.001,
							"pivot": [-0.00503, 1.25, 0.00503],
							"rotation": [0, 45, 0],
							"uv": {
								"north": {"uv": [27.016, 6.016], "uv_size": [12.484, 1.484]},
								"east": {"uv": [10.016, 12.016], "uv_size": [0.968, 1.484]},
								"south": {"uv": [27.016, 8.016], "uv_size": [12.484, 1.484]},
								"west": {"uv": [11.016, 12.016], "uv_size": [0.968, 1.484]},
								"up": {"uv": [20.016, 33.016], "uv_size": [12.484, 0.968]},
								"down": {"uv": [42.016, 20.984], "uv_size": [12.484, -0.968]}
							}
						},
						{
							"origin": [-6.36899, 0, -2.69497],
							"size": [12.72792, 1.5, 1],
							"inflate": 0.001,
							"pivot": [-0.00503, 1.25, 0.00503],
							"rotation": [0, 45, 0],
							"uv": {
								"north": {"uv": [27.016, 10.016], "uv_size": [12.484, 1.484]},
								"east": {"uv": [10.016, 14.016], "uv_size": [0.968, 1.484]},
								"south": {"uv": [20.016, 28.016], "uv_size": [12.484, 1.484]},
								"west": {"uv": [11.016, 14.016], "uv_size": [0.968, 1.484]},
								"up": {"uv": [42.016, 21.016], "uv_size": [12.484, 0.968]},
								"down": {"uv": [47.016, 44.984], "uv_size": [12.484, -0.968]}
							}
						}
					]
				}
			]
		}
	]
}