{
	"format_version": "1.8.0",
	"animations": {
		"static_idle": {
			"loop": true,
			"animation_length": 1.25,
			"bones": {
				"lefthand": {
					"rotation": [102.43315, 15.97465, 57.66063],
					"position": [-3.74286, -12.90613, -16.13761],
					"scale": [1, 1.5, 1]
				},
				"righthand": {
					"rotation": [90, -5, 0],
					"position": [4, -14, -3]
				},
				"constraint": {
					"rotation": [0.2, 0.2, 0.2],
					"position": [0.2, 0.2, 0.2]
				}
			}
		},
		"reload_tactical": {
			"animation_length": 2.3,
			"bones": {
				"MagazineCatch": {
					"position": {
						"0.6333": [0, 0, 0],
						"0.6667": [0.125, 0, 0],
						"0.9333": [0.125, 0, 0],
						"1.0": [0, 0, 0],
						"1.2667": [0, 0, 0],
						"1.3": [0.125, 0, 0],
						"1.3667": [0.125, 0, 0],
						"1.4": [0, 0, 0]
					}
				},
				"lefthand": {
					"rotation": {
						"0.0": [102.43315, 15.97465, 57.66063],
						"0.2667": [153.50847, -17.47248, 147.2244],
						"0.7667": [153.50847, -17.47248, 147.2244],
						"0.8333": [153.50847, -17.47248, 147.2244],
						"0.9667": [153.50847, -17.47248, 147.2244],
						"1.3333": [153.50847, -17.47248, 147.2244],
						"1.6": [153.50847, -17.47248, 132.8244],
						"1.7": [153.50847, -17.47248, 119.1244],
						"1.9": [120.7949, 15.35903, 77.76169],
						"1.9333": [102.43315, 15.97465, 57.66063]
					},
					"position": {
						"0.0": [-3.74286, -12.90613, -16.13761],
						"0.2333": [-6.125, -15.895, -9.43],
						"0.7333": [-6.125, -15.895, -9.43],
						"1.3": [-6.125, -15.895, -9.43],
						"1.4333": [-6.125, -15.895, -9.43],
						"1.5": [-5.99724, -20.74392, -7.95931],
						"1.5667": [-4.17655, -28.20821, -3.61571],
						"1.6667": [-4.17655, -28.20821, -3.61571],
						"1.8": [-3.17944, -16.64921, -12.14525],
						"1.8667": [-5.33543, -11.92884, -14.50898],
						"1.9333": [-3.74286, -12.90613, -16.13761]
					},
					"scale": {
						"0.0": [1, 1.5, 1],
						"1.9333": [1, 1.5, 1]
					}
				},
				"righthand": {
					"rotation": {
						"0.0": [90, -5, 0],
						"1.9333": [90, -5, 0]
					},
					"position": {
						"0.0": [4, -14, -3],
						"1.9333": [4, -14, -3]
					}
				},
				"root": {
					"rotation": {
						"0.0": {
							"post": [0, 0, 0],
							"lerp_mode": "catmullrom"
						},
						"0.1": {
							"post": [-3.39058, 0.28629, 1.84737],
							"lerp_mode": "catmullrom"
						},
						"0.2333": {
							"post": [-15.02627, -13.21118, -27.57717],
							"lerp_mode": "catmullrom"
						},
						"0.3667": {
							"post": [-19.74235, -17.60041, -31.95266],
							"lerp_mode": "catmullrom"
						},
						"0.4667": {
							"post": [-19.60203, -16.52838, -29.44782],
							"lerp_mode": "catmullrom"
						},
						"0.6": {
							"post": [-17.74694, -16.2267, -30.26296],
							"lerp_mode": "catmullrom"
						},
						"0.7333": {
							"post": [-18.35208, -17.28687, -29.64263],
							"lerp_mode": "catmullrom"
						},
						"0.8": {
							"post": [-18.6521, -14.33136, -29.05652],
							"lerp_mode": "catmullrom"
						},
						"0.8667": {
							"post": [-21.44668, -15.60891, -35.76364],
							"lerp_mode": "catmullrom"
						},
						"0.9667": {
							"post": [-20.51, -16.885, -35.155],
							"lerp_mode": "catmullrom"
						},
						"1.0667": {
							"post": [-22.58, -18.43, -38.52],
							"lerp_mode": "catmullrom"
						},
						"1.1333": {
							"post": [-24.14718, -19.36223, -40.42979],
							"lerp_mode": "catmullrom"
						},
						"1.2333": {
							"post": [-25.86568, -18.60362, -39.43117],
							"lerp_mode": "catmullrom"
						},
						"1.2667": {
							"post": [-20.99501, -20.7155, -42.58894],
							"lerp_mode": "catmullrom"
						},
						"1.3": {
							"post": [-21.82846, -19.64614, -34.60032],
							"lerp_mode": "catmullrom"
						},
						"1.3667": {
							"post": [-20.15865, -22.61855, -40.66399],
							"lerp_mode": "catmullrom"
						},
						"1.4667": {
							"post": [-19.78756, -20.34191, -34.63564],
							"lerp_mode": "catmullrom"
						},
						"1.5667": {
							"post": [-22.07672, -17.69201, -31.64182],
							"lerp_mode": "catmullrom"
						},
						"1.7333": {
							"post": [-15.02312, -14.02803, -26.63737],
							"lerp_mode": "catmullrom"
						},
						"1.8333": {
							"post": [-6.80188, -3.25192, -14.58751],
							"lerp_mode": "catmullrom"
						},
						"1.9333": {
							"post": [2.0003, -0.99939, -2.8349],
							"lerp_mode": "catmullrom"
						},
						"2.0": {
							"post": [0.91765, 0.12214, 2.96963],
							"lerp_mode": "catmullrom"
						},
						"2.0333": {
							"post": [0, 0, -1],
							"lerp_mode": "catmullrom"
						},
						"2.1333": {
							"post": [-0.26875, 0, 1.75],
							"lerp_mode": "catmullrom"
						},
						"2.2333": {
							"post": [0, 0, 0],
							"lerp_mode": "catmullrom"
						},
						"2.3": {
							"post": [0, 0, 0],
							"lerp_mode": "catmullrom"
						}
					},
					"position": {
						"0.0": {
							"post": [0, 0, 0],
							"lerp_mode": "catmullrom"
						},
						"0.0667": {
							"post": [-0.07, -0.32, -0.14],
							"lerp_mode": "catmullrom"
						},
						"0.1333": {
							"post": [-0.2, -0.615, -1.29],
							"lerp_mode": "catmullrom"
						},
						"0.2667": {
							"post": [-0.2, -0.19, -0.93],
							"lerp_mode": "catmullrom"
						},
						"0.3667": {
							"post": [-0.27, -0.955, -0.69],
							"lerp_mode": "catmullrom"
						},
						"0.5": {
							"post": [-0.35, -0.965, -0.805],
							"lerp_mode": "catmullrom"
						},
						"0.7": {
							"post": [-0.3, -0.845, -0.67],
							"lerp_mode": "catmullrom"
						},
						"0.8333": {
							"post": [-0.15, -0.985, -0.705],
							"lerp_mode": "catmullrom"
						},
						"0.9": {
							"post": [-0.45, 0.035, -0.605],
							"lerp_mode": "catmullrom"
						},
						"1.0": {
							"post": [-0.575, -0.425, -0.745],
							"lerp_mode": "catmullrom"
						},
						"1.1": {
							"post": [-0.355, -0.67, -0.605],
							"lerp_mode": "catmullrom"
						},
						"1.2": {
							"post": [-0.37, -0.445, -0.605],
							"lerp_mode": "catmullrom"
						},
						"1.2333": {
							"post": [-0.29, -0.445, -0.605],
							"lerp_mode": "catmullrom"
						},
						"1.2667": {
							"post": [-0.4, -0.615, -0.605],
							"lerp_mode": "catmullrom"
						},
						"1.3": {
							"post": [-0.135, -1.43, -0.65],
							"lerp_mode": "catmullrom"
						},
						"1.3667": {
							"post": [-0.47, -1, -0.76],
							"lerp_mode": "catmullrom"
						},
						"1.4667": {
							"post": [-0.275, -0.85, -0.83],
							"lerp_mode": "catmullrom"
						},
						"1.5667": {
							"post": [-0.375, -0.775, -0.6],
							"lerp_mode": "catmullrom"
						},
						"1.7333": {
							"post": [-0.535, -0.805, -0.595],
							"lerp_mode": "catmullrom"
						},
						"1.8667": {
							"post": [-0.375, -1.5, -1.65],
							"lerp_mode": "catmullrom"
						},
						"2.0333": {
							"post": [0, -0.175, 0.1],
							"lerp_mode": "catmullrom"
						},
						"2.1333": {
							"post": [-0.08125, -0.01, -0.08],
							"lerp_mode": "catmullrom"
						},
						"2.2333": {
							"post": [0, 0, 0.075],
							"lerp_mode": "catmullrom"
						},
						"2.3667": {
							"post": [0, 0, 0],
							"lerp_mode": "catmullrom"
						}
					}
				},
				"magazine_bullet": {
					"scale": {
						"0.0": [0, 0, 0],
						"0.3": {
							"pre": [0, 0, 0],
							"post": [1, 1, 1]
						}
					}
				},
				"bullet": {
					"scale": 1
				},
				"camera": {
					"rotation": {
						"0.0": {
							"post": [0, 0, 0],
							"lerp_mode": "catmullrom"
						},
						"0.1333": {
							"post": [0.215, 0, -0.175],
							"lerp_mode": "catmullrom"
						},
						"0.3667": {
							"post": [1.95, 0.125, -1],
							"lerp_mode": "catmullrom"
						},
						"0.5667": {
							"post": [1.52, 0.125, -0.825],
							"lerp_mode": "catmullrom"
						},
						"0.8": {
							"post": [1.65, 0.125, -0.675],
							"lerp_mode": "catmullrom"
						},
						"0.8667": {
							"post": [2.055, 0, -0.05],
							"lerp_mode": "catmullrom"
						},
						"0.9667": {
							"post": [1.345, 0.125, -1.05],
							"lerp_mode": "catmullrom"
						},
						"1.1": {
							"post": [1.42, 0.13, -0.345],
							"lerp_mode": "catmullrom"
						},
						"1.2667": {
							"post": [1.51, 0.125, -0.675],
							"lerp_mode": "catmullrom"
						},
						"1.3333": {
							"post": [2.33, 0.025, 0],
							"lerp_mode": "catmullrom"
						},
						"1.4": {
							"post": [1.88, 0.125, -1],
							"lerp_mode": "catmullrom"
						},
						"1.5667": {
							"post": [1.88, 0.13, -0.235],
							"lerp_mode": "catmullrom"
						},
						"1.7333": {
							"post": [1.875, 0.125, -0.55],
							"lerp_mode": "catmullrom"
						},
						"2.0333": {
							"post": [-0.3, 0, 0.2],
							"lerp_mode": "catmullrom"
						},
						"2.1": {
							"post": [0.225, 0, -0.1],
							"lerp_mode": "catmullrom"
						},
						"2.2": {
							"post": [-0.125, 0, 0.1],
							"lerp_mode": "catmullrom"
						},
						"2.3": {
							"post": [0, 0, 0],
							"lerp_mode": "catmullrom"
						}
					}
				},
				"magazine_and_hand": {
					"rotation": {
						"0.0": [0, 0, 0],
						"0.0667": [2.28516, 0.46364, -15.90029],
						"0.1333": [-9.29233, 3.95655, -47.62145],
						"0.2333": [-9.29233, 3.95655, -47.62145],
						"0.4333": [-9.29233, 3.95655, -47.62145],
						"0.5": [27.89308, -2.20816, 1.04072],
						"0.7": [82.72815, 4.09982, -3.25274],
						"0.8": [82.72815, 4.09982, -3.25274],
						"0.8667": [78.74684, 0.13189, -2.74684],
						"1.0": [4.01957, 0.13189, -2.74684],
						"1.1667": [2.74684, 0.13189, -2.74684],
						"1.2667": [0, 0, 0],
						"1.3": [0, 0, 0]
					},
					"position": {
						"0.0": [0, 0, 0],
						"0.0667": [2.85298, 0.37012, 2.02562],
						"0.1333": [7.05469, -5.83111, 4.93477],
						"0.2333": [6.16325, -13.56187, 7.97192],
						"0.4333": [6.16325, -13.56187, 7.97192],
						"0.5": [5.1268, -13.0699, 8.05087],
						"0.6": [2.81431, -5.32017, 1.21068],
						"0.6667": [2.11, -2.865, -0.87],
						"0.7": [1.23, -2.57, -1.66],
						"0.8": [1.23, -2.57, -1.66],
						"0.8667": [1.08, -6.82, -1.835],
						"1.0667": [0.64, -5.25, 0.085],
						"1.1667": [0.275, -3.525, -0.25],
						"1.2333": [0.14, -3.42, -0.045],
						"1.2667": [0, -3.325, 0],
						"1.3": [0, 0, 0]
					}
				},
				"additional_magazine": {
					"rotation": {
						"0.7667": [0, 0, 0],
						"0.8667": [0, 0, 0],
						"1.0": [-99.81924, -7.51466, -2.75196],
						"1.3": [-102.31924, -7.51466, -2.75196],
						"1.4333": [-102.32, -7.51, -2.75],
						"1.5": [-103.88834, -3.94483, 4.34706],
						"1.5667": [-88.0676, -42.76537, -32.60857]
					},
					"position": {
						"0.7667": [0, 0, 0],
						"0.8": [-0.01375, 0.005, 0.015],
						"0.8667": [-0.16375, -5.095, -0.16],
						"0.9333": [-0.31, -6.335, 1.84],
						"1.0": [-0.86, -8.475, 1.745],
						"1.0667": [-1.00375, -8.225, 2.135],
						"1.1667": [-1.36875, -6.65, 2],
						"1.2333": [-1.50375, -6.57, 2.205],
						"1.2667": [-1.64375, -6.15, 2.25],
						"1.3": [-1.81875, -3.35, 2.25],
						"1.4333": [-1.82, -3.35, 2.25],
						"1.5": [-1.77224, -8.31892, 3.76569],
						"1.5667": [0.80813, -15.28726, 7.65993]
					}
				},
				"mag": {
					"scale": {
						"0.0": [0, 0, 0],
						"0.5": {
							"pre": [0, 0, 0],
							"post": [1, 1, 1]
						}
					}
				},
				"constraint": {
					"rotation": {
						"0.0": [0.1, 0.1, 0.1],
						"0.2": [0.03, 0.03, 0.03],
						"1.7333": [0.03, 0.03, 0.03],
						"2.0333": [0.1, 0.1, 0.1]
					},
					"position": {
						"0.0": [0.1, 0.1, 0.4],
						"0.2": [0.03, 0.03, 0.03],
						"1.7333": [0.03, 0.03, 0.03],
						"2.0333": [0.1, 0.1, 0.4]
					}
				}
			},
			"sound_effects": {
				"0.0": {
					"effect": "pgp:all/equip3"
				},
				"0.8": {
					"effect": "pgp:ak117/ak117_mag_out"
				},
				"1.2667": {
					"effect": "pgp:ak117/ak117_mag_in"
				},
				"1.9333": {
					"effect": "pgp:all/grab3"
				}
			}
		},
		"reload_empty": {
			"animation_length": 2.3,
			"bones": {
				"MagazineCatch": {
					"position": {
						"0.6333": [0, 0, 0],
						"0.6667": [0.125, 0, 0],
						"0.9333": [0.125, 0, 0],
						"1.0": [0, 0, 0],
						"1.2667": [0, 0, 0],
						"1.3": [0.125, 0, 0],
						"1.3667": [0.125, 0, 0],
						"1.4": [0, 0, 0]
					}
				},
				"lefthand": {
					"rotation": {
						"0.0": [102.43315, 15.97465, 57.66063],
						"0.2667": [153.50847, -17.47248, 147.2244],
						"0.7667": [153.50847, -17.47248, 147.2244],
						"0.8333": [153.50847, -17.47248, 147.2244],
						"0.9667": [153.50847, -17.47248, 147.2244],
						"1.3333": [153.50847, -17.47248, 147.2244],
						"1.6": [153.50847, -17.47248, 132.8244],
						"1.7": [153.50847, -17.47248, 119.1244],
						"1.9": [120.7949, 15.35903, 77.76169],
						"1.9333": [102.43315, 15.97465, 57.66063]
					},
					"position": {
						"0.0": [-3.74286, -12.90613, -16.13761],
						"0.2333": [-6.125, -15.895, -9.43],
						"0.7333": [-6.125, -15.895, -9.43],
						"1.3": [-6.125, -15.895, -9.43],
						"1.4333": [-6.125, -15.895, -9.43],
						"1.5": [-5.99724, -20.74392, -7.95931],
						"1.5667": [-4.17655, -28.20821, -3.61571],
						"1.6667": [-4.17655, -28.20821, -3.61571],
						"1.8": [-3.17944, -16.64921, -12.14525],
						"1.8667": [-5.33543, -11.92884, -14.50898],
						"1.9333": [-3.74286, -12.90613, -16.13761]
					},
					"scale": {
						"0.0": [1, 1.5, 1],
						"1.9333": [1, 1.5, 1]
					}
				},
				"righthand": {
					"rotation": {
						"0.0": [90, -5, 0],
						"1.9333": [90, -5, 0]
					},
					"position": {
						"0.0": [4, -14, -3],
						"1.9333": [4, -14, -3]
					}
				},
				"root": {
					"rotation": {
						"0.0": {
							"post": [0, 0, 0],
							"lerp_mode": "catmullrom"
						},
						"0.1": {
							"post": [-3.39058, 0.28629, 1.84737],
							"lerp_mode": "catmullrom"
						},
						"0.2333": {
							"post": [-15.02627, -13.21118, -27.57717],
							"lerp_mode": "catmullrom"
						},
						"0.3667": {
							"post": [-19.74235, -17.60041, -31.95266],
							"lerp_mode": "catmullrom"
						},
						"0.4667": {
							"post": [-19.60203, -16.52838, -29.44782],
							"lerp_mode": "catmullrom"
						},
						"0.6": {
							"post": [-17.74694, -16.2267, -30.26296],
							"lerp_mode": "catmullrom"
						},
						"0.7333": {
							"post": [-18.35208, -17.28687, -29.64263],
							"lerp_mode": "catmullrom"
						},
						"0.8": {
							"post": [-18.6521, -14.33136, -29.05652],
							"lerp_mode": "catmullrom"
						},
						"0.8667": {
							"post": [-21.44668, -15.60891, -35.76364],
							"lerp_mode": "catmullrom"
						},
						"0.9667": {
							"post": [-20.51, -16.885, -35.155],
							"lerp_mode": "catmullrom"
						},
						"1.0667": {
							"post": [-22.58, -18.43, -38.52],
							"lerp_mode": "catmullrom"
						},
						"1.1333": {
							"post": [-24.14718, -19.36223, -40.42979],
							"lerp_mode": "catmullrom"
						},
						"1.2333": {
							"post": [-25.86568, -18.60362, -39.43117],
							"lerp_mode": "catmullrom"
						},
						"1.2667": {
							"post": [-20.99501, -20.7155, -42.58894],
							"lerp_mode": "catmullrom"
						},
						"1.3": {
							"post": [-21.82846, -19.64614, -34.60032],
							"lerp_mode": "catmullrom"
						},
						"1.3667": {
							"post": [-20.15865, -22.61855, -40.66399],
							"lerp_mode": "catmullrom"
						},
						"1.4667": {
							"post": [-19.78756, -20.34191, -34.63564],
							"lerp_mode": "catmullrom"
						},
						"1.5667": {
							"post": [-22.07672, -17.69201, -31.64182],
							"lerp_mode": "catmullrom"
						},
						"1.7333": {
							"post": [-15.02312, -14.02803, -26.63737],
							"lerp_mode": "catmullrom"
						},
						"1.8333": {
							"post": [-6.80188, -3.25192, -14.58751],
							"lerp_mode": "catmullrom"
						},
						"1.9333": {
							"post": [2.0003, -0.99939, -2.8349],
							"lerp_mode": "catmullrom"
						},
						"2.0": {
							"post": [0.91765, 0.12214, 2.96963],
							"lerp_mode": "catmullrom"
						},
						"2.0333": {
							"post": [0, 0, -1],
							"lerp_mode": "catmullrom"
						},
						"2.1333": {
							"post": [-0.26875, 0, 1.75],
							"lerp_mode": "catmullrom"
						},
						"2.2333": {
							"post": [0, 0, 0],
							"lerp_mode": "catmullrom"
						},
						"2.3": {
							"post": [0, 0, 0],
							"lerp_mode": "catmullrom"
						}
					},
					"position": {
						"0.0": {
							"post": [0, 0, 0],
							"lerp_mode": "catmullrom"
						},
						"0.0667": {
							"post": [-0.07, -0.32, -0.14],
							"lerp_mode": "catmullrom"
						},
						"0.1333": {
							"post": [-0.2, -0.615, -1.29],
							"lerp_mode": "catmullrom"
						},
						"0.2667": {
							"post": [-0.2, -0.19, -0.93],
							"lerp_mode": "catmullrom"
						},
						"0.3667": {
							"post": [-0.27, -0.955, -0.69],
							"lerp_mode": "catmullrom"
						},
						"0.5": {
							"post": [-0.35, -0.965, -0.805],
							"lerp_mode": "catmullrom"
						},
						"0.7": {
							"post": [-0.3, -0.845, -0.67],
							"lerp_mode": "catmullrom"
						},
						"0.8333": {
							"post": [-0.15, -0.985, -0.705],
							"lerp_mode": "catmullrom"
						},
						"0.9": {
							"post": [-0.45, 0.035, -0.605],
							"lerp_mode": "catmullrom"
						},
						"1.0": {
							"post": [-0.575, -0.425, -0.745],
							"lerp_mode": "catmullrom"
						},
						"1.1": {
							"post": [-0.355, -0.67, -0.605],
							"lerp_mode": "catmullrom"
						},
						"1.2": {
							"post": [-0.37, -0.445, -0.605],
							"lerp_mode": "catmullrom"
						},
						"1.2333": {
							"post": [-0.29, -0.445, -0.605],
							"lerp_mode": "catmullrom"
						},
						"1.2667": {
							"post": [-0.4, -0.615, -0.605],
							"lerp_mode": "catmullrom"
						},
						"1.3": {
							"post": [-0.135, -1.43, -0.65],
							"lerp_mode": "catmullrom"
						},
						"1.3667": {
							"post": [-0.47, -1, -0.76],
							"lerp_mode": "catmullrom"
						},
						"1.4667": {
							"post": [-0.275, -0.85, -0.83],
							"lerp_mode": "catmullrom"
						},
						"1.5667": {
							"post": [-0.375, -0.775, -0.6],
							"lerp_mode": "catmullrom"
						},
						"1.7333": {
							"post": [-0.535, -0.805, -0.595],
							"lerp_mode": "catmullrom"
						},
						"1.8667": {
							"post": [-0.375, -1.5, -1.65],
							"lerp_mode": "catmullrom"
						},
						"2.0333": {
							"post": [0, -0.175, 0.1],
							"lerp_mode": "catmullrom"
						},
						"2.1333": {
							"post": [-0.08125, -0.01, -0.08],
							"lerp_mode": "catmullrom"
						},
						"2.2333": {
							"post": [0, 0, 0.075],
							"lerp_mode": "catmullrom"
						},
						"2.3667": {
							"post": [0, 0, 0],
							"lerp_mode": "catmullrom"
						}
					}
				},
				"magazine_bullet": {
					"scale": {
						"0.0": [0, 0, 0],
						"0.3": {
							"pre": [0, 0, 0],
							"post": [1, 1, 1]
						}
					}
				},
				"bullet": {
					"scale": 1
				},
				"camera": {
					"rotation": {
						"0.0": {
							"post": [0, 0, 0],
							"lerp_mode": "catmullrom"
						},
						"0.1333": {
							"post": [0.215, 0, -0.175],
							"lerp_mode": "catmullrom"
						},
						"0.3667": {
							"post": [1.95, 0.125, -1],
							"lerp_mode": "catmullrom"
						},
						"0.5667": {
							"post": [1.52, 0.125, -0.825],
							"lerp_mode": "catmullrom"
						},
						"0.8": {
							"post": [1.65, 0.125, -0.675],
							"lerp_mode": "catmullrom"
						},
						"0.8667": {
							"post": [2.055, 0, -0.05],
							"lerp_mode": "catmullrom"
						},
						"0.9667": {
							"post": [1.345, 0.125, -1.05],
							"lerp_mode": "catmullrom"
						},
						"1.1": {
							"post": [1.42, 0.13, -0.345],
							"lerp_mode": "catmullrom"
						},
						"1.2667": {
							"post": [1.51, 0.125, -0.675],
							"lerp_mode": "catmullrom"
						},
						"1.3333": {
							"post": [2.33, 0.025, 0],
							"lerp_mode": "catmullrom"
						},
						"1.4": {
							"post": [1.88, 0.125, -1],
							"lerp_mode": "catmullrom"
						},
						"1.5667": {
							"post": [1.88, 0.13, -0.235],
							"lerp_mode": "catmullrom"
						},
						"1.7333": {
							"post": [1.875, 0.125, -0.55],
							"lerp_mode": "catmullrom"
						},
						"2.0333": {
							"post": [-0.3, 0, 0.2],
							"lerp_mode": "catmullrom"
						},
						"2.1": {
							"post": [0.225, 0, -0.1],
							"lerp_mode": "catmullrom"
						},
						"2.2": {
							"post": [-0.125, 0, 0.1],
							"lerp_mode": "catmullrom"
						},
						"2.3": {
							"post": [0, 0, 0],
							"lerp_mode": "catmullrom"
						}
					}
				},
				"magazine_and_hand": {
					"rotation": {
						"0.0": [0, 0, 0],
						"0.0667": [2.28516, 0.46364, -15.90029],
						"0.1333": [-9.29233, 3.95655, -47.62145],
						"0.2333": [-9.29233, 3.95655, -47.62145],
						"0.4333": [-9.29233, 3.95655, -47.62145],
						"0.5": [27.89308, -2.20816, 1.04072],
						"0.7": [82.72815, 4.09982, -3.25274],
						"0.8": [82.72815, 4.09982, -3.25274],
						"0.8667": [78.74684, 0.13189, -2.74684],
						"1.0": [4.01957, 0.13189, -2.74684],
						"1.1667": [2.74684, 0.13189, -2.74684],
						"1.2667": [0, 0, 0],
						"1.3": [0, 0, 0]
					},
					"position": {
						"0.0": [0, 0, 0],
						"0.0667": [2.85298, 0.37012, 2.02562],
						"0.1333": [7.05469, -5.83111, 4.93477],
						"0.2333": [6.16325, -13.56187, 7.97192],
						"0.4333": [6.16325, -13.56187, 7.97192],
						"0.5": [5.1268, -13.0699, 8.05087],
						"0.6": [2.81431, -5.32017, 1.21068],
						"0.6667": [2.11, -2.865, -0.87],
						"0.7": [1.23, -2.57, -1.66],
						"0.8": [1.23, -2.57, -1.66],
						"0.8667": [1.08, -6.82, -1.835],
						"1.0667": [0.64, -5.25, 0.085],
						"1.1667": [0.275, -3.525, -0.25],
						"1.2333": [0.14, -3.42, -0.045],
						"1.2667": [0, -3.325, 0],
						"1.3": [0, 0, 0]
					}
				},
				"additional_magazine": {
					"rotation": {
						"0.7667": [0, 0, 0],
						"0.8667": [0, 0, 0],
						"1.0": [-99.81924, -7.51466, -2.75196],
						"1.3": [-102.31924, -7.51466, -2.75196],
						"1.4333": [-102.32, -7.51, -2.75],
						"1.5": [-103.88834, -3.94483, 4.34706],
						"1.5667": [-88.0676, -42.76537, -32.60857]
					},
					"position": {
						"0.7667": [0, 0, 0],
						"0.8": [-0.01375, 0.005, 0.015],
						"0.8667": [-0.16375, -5.095, -0.16],
						"0.9333": [-0.31, -6.335, 1.84],
						"1.0": [-0.86, -8.475, 1.745],
						"1.0667": [-1.00375, -8.225, 2.135],
						"1.1667": [-1.36875, -6.65, 2],
						"1.2333": [-1.50375, -6.57, 2.205],
						"1.2667": [-1.64375, -6.15, 2.25],
						"1.3": [-1.81875, -3.35, 2.25],
						"1.4333": [-1.82, -3.35, 2.25],
						"1.5": [-1.77224, -8.31892, 3.76569],
						"1.5667": [0.80813, -15.28726, 7.65993]
					}
				},
				"mag": {
					"scale": {
						"0.0": [0, 0, 0],
						"0.5": {
							"pre": [0, 0, 0],
							"post": [1, 1, 1]
						}
					}
				},
				"constraint": {
					"rotation": {
						"0.0": [0.1, 0.1, 0.1],
						"0.2": [0.03, 0.03, 0.03],
						"1.7333": [0.03, 0.03, 0.03],
						"2.0333": [0.1, 0.1, 0.1]
					},
					"position": {
						"0.0": [0.1, 0.1, 0.4],
						"0.2": [0.03, 0.03, 0.03],
						"1.7333": [0.03, 0.03, 0.03],
						"2.0333": [0.1, 0.1, 0.4]
					}
				}
			},
			"sound_effects": {
				"0.0": {
					"effect": "pgp:all/equip3"
				},
				"0.8": {
					"effect": "pgp:ak117/ak117_mag_out"
				},
				"1.2667": {
					"effect": "pgp:ak117/ak117_mag_in"
				},
				"1.9333": {
					"effect": "pgp:all/grab3"
				}
			}
		},
		"shoot": {
			"animation_length": 0.6333,
			"bones": {
				"root": {
					"rotation": {
						"0.0": [0, 0, 0],
						"0.0333": [1.225, 0, 0.725],
						"0.0667": [-0.595, 0, -1.175],
						"0.1": [-0.72, 0, -1.225],
						"0.1667": [0.18, 0, 0.525],
						"0.2667": [0.45, 0, -0.25],
						"0.3667": [0.225, -0.2, 0.25],
						"0.5": [0.055, -0.075, -0.075],
						"0.6333": [0, 0, 0]
					},
					"position": {
						"0.0": [0, 0, 0],
						"0.0333": [0, -0.025, 1.725],
						"0.0667": [0, -0.05, 1.38],
						"0.1333": [0, -0.05, -0.045],
						"0.2667": [0, -0.025, 0.1],
						"0.3667": [0, 0, 0]
					}
				},
				"camera": {
					"rotation": {
						"0.0": {
							"post": [0, 0, 0],
							"lerp_mode": "catmullrom"
						},
						"0.0333": {
							"post": [0, 0, 0.6],
							"lerp_mode": "catmullrom"
						},
						"0.0667": {
							"post": [0, 0, -0.4],
							"lerp_mode": "catmullrom"
						},
						"0.1": {
							"post": [0, 0, 0.375],
							"lerp_mode": "catmullrom"
						},
						"0.1667": {
							"post": [0, 0, -0.225],
							"lerp_mode": "catmullrom"
						},
						"0.2333": {
							"post": [0, 0, 0.075],
							"lerp_mode": "catmullrom"
						},
						"0.3": {
							"post": [0, 0, 0],
							"lerp_mode": "catmullrom"
						}
					}
				},
				"bullet_in_barrel": {
					"position": {
						"0.0": [0, -0.5, 5],
						"0.0333": [0, 0, 5],
						"0.0667": [0, 0, 0]
					}
				},
				"416d_bolt": {
					"position": {
						"0.0": [0, 0, 0],
						"0.0333": [0, 0, 5],
						"0.0667": [0, 0, 0]
					}
				},
				"constraint": {
					"rotation": {
						"0.0": [0.2, 0.2, 0.2],
						"0.2667": [0, 0, 0]
					},
					"position": {
						"0.0": [0.2, 0.2, 0.6],
						"0.2667": [0, 0, 0]
					}
				}
			}
		},
		"draw": {
			"animation_length": 0.7843,
			"bones": {
				"root": {
					"rotation": {
						"0.0": [30.00673, -2.0705, -27.00752],
						"0.3137": {
							"pre": [1.26636, -2.72255, -1.21189],
							"post": [1.26636, -2.72255, -1.21189],
							"lerp_mode": "catmullrom"
						},
						"0.549": {
							"post": [-0.065, -0.095, 0.79],
							"lerp_mode": "catmullrom"
						},
						"0.6667": {
							"post": [0, -0.03, 0.1],
							"lerp_mode": "catmullrom"
						},
						"0.7843": [0, 0, 0]
					},
					"position": {
						"0.0": [0.0625, -3.14062, 13.32813],
						"0.1961": {
							"pre": [0.275, -1.45, -0.38438],
							"post": [0.275, -1.45, -0.38438],
							"lerp_mode": "catmullrom"
						},
						"0.3529": {
							"post": [0.09, -0.56, -1.2],
							"lerp_mode": "catmullrom"
						},
						"0.4706": {
							"post": [-0.05, -0.075, 0.265],
							"lerp_mode": "catmullrom"
						},
						"0.5882": {
							"post": [0, 0, 0],
							"lerp_mode": "catmullrom"
						},
						"0.7451": {
							"post": [0, 0, 0],
							"lerp_mode": "catmullrom"
						}
					}
				},
				"lefthand": {
					"rotation": {
						"0.0": [102.43315, 15.97465, 57.66063],
						"0.2353": [102.43315, 15.97465, 57.66063]
					},
					"position": {
						"0.0": [-3.74286, -12.90613, -16.13761],
						"0.2353": [-3.74286, -12.90613, -16.13761]
					},
					"scale": {
						"0.0": [1, 1.5, 1],
						"0.2353": [1, 1.5, 1]
					}
				},
				"righthand": {
					"rotation": {
						"0.0": [90, -5, 0],
						"0.2353": [90, -5, 0]
					},
					"position": {
						"0.0": [4, -14, -3],
						"0.2353": [4, -14, -3]
					}
				},
				"camera": {
					"rotation": {
						"0.0": {
							"post": [0, 0, 0],
							"lerp_mode": "catmullrom"
						},
						"0.1961": {
							"post": [0.225, -0.2, -0.375],
							"lerp_mode": "catmullrom"
						},
						"0.4314": {
							"post": [-0.22, 0.15, 0.1],
							"lerp_mode": "catmullrom"
						},
						"0.5882": {
							"post": [0.03, 0, -0.02],
							"lerp_mode": "catmullrom"
						},
						"0.7451": {
							"post": [0, 0, 0],
							"lerp_mode": "catmullrom"
						}
					}
				}
			},
			"sound_effects": {
				"0.0": {
					"effect": "tacz:scar_h/p05_ar_schotel_reload_raise"
				}
			}
		},
		"inspect": {
			"animation_length": 7.5833,
			"bones": {
				"lefthand": {
					"rotation": {
						"0.0": [102.43315, 15.97465, 57.66063],
						"0.2083": [104.74322, 15.67591, 57.05108],
						"0.4167": [117.11217, 4.79078, 43.24089],
						"1.75": [117.11217, 4.79078, 43.24089],
						"1.9167": [98.27048, 29.73914, 65.37156],
						"2.0833": [94.15063, 53.88225, 73.09812],
						"3.9167": [94.15063, 53.88225, 73.09812],
						"4.25": [112.28594, 22.70179, 88.62988],
						"5.3333": [112.28594, 22.70179, 88.62988],
						"5.75": [153.99158, 8.2215, 29.57178],
						"6.2917": [153.99158, 8.2215, 29.57178],
						"6.5417": [102.43315, 15.97465, 57.66063]
					},
					"position": {
						"0.0": [-3.74286, -12.90613, -16.13761],
						"0.1667": [-3.45, -14.61, -14.23],
						"0.2917": [-3.45, -14.61, -8.23],
						"0.4167": [-3.45, -14.61, -7.7925],
						"1.75": [-3.45, -14.61, -7.7925],
						"1.9167": [1.175, -14.61, -7.79],
						"2.0833": [1.18, -37.61, 3.21],
						"3.9583": [1.18, -37.61, 3.21],
						"4.25": [-4.325, -14.61, -6.355],
						"5.3333": [-4.325, -14.61, -6.355],
						"5.75": [-4.325, -14.1725, -8.105],
						"6.2917": [-4.325, -14.1725, -8.105],
						"6.5417": [-3.74286, -12.90613, -16.13761]
					},
					"scale": {
						"0.0": [1, 1.5, 1],
						"6.5417": [1, 1.5, 1]
					}
				},
				"righthand": {
					"rotation": {
						"0.0": [90, -5, 0],
						"5.4167": [90, -5, 0],
						"5.6667": [91.83064, -41.16602, -3.6043],
						"5.875": [92.02702, -44.14998, -3.9711],
						"6.25": [92.02702, -44.14998, -3.9711],
						"6.4583": [90, -5, 0]
					},
					"position": {
						"0.0": [4, -14, -3],
						"5.4167": [4, -14, -3],
						"5.5417": [3.8125, -16.00625, -2.55],
						"5.6667": [2.3, -14.1, -1.9775],
						"5.875": [1.8, -14.1, -1.98],
						"6.25": [1.8, -14.1, -1.98],
						"6.4583": [4, -14, -3]
					}
				},
				"root": {
					"rotation": {
						"0.0": {
							"post": [0, 0, 0],
							"lerp_mode": "catmullrom"
						},
						"0.125": {
							"post": [-3.69506, -0.4781, 13.18822],
							"lerp_mode": "catmullrom"
						},
						"0.3333": {
							"post": [-20.75881, 18.22227, 54.18887],
							"lerp_mode": "catmullrom"
						},
						"0.4583": {
							"post": [-24.82956, 18.54215, 56.16321],
							"lerp_mode": "catmullrom"
						},
						"0.625": {
							"post": [-24.97514, 17.91992, 54.38781],
							"lerp_mode": "catmullrom"
						},
						"0.75": {
							"post": [-24.84373, 18.00281, 54.43768],
							"lerp_mode": "catmullrom"
						},
						"1.0417": {
							"post": [-25.38124, 16.90679, 51.8027],
							"lerp_mode": "catmullrom"
						},
						"1.375": {
							"post": [-25.38124, 16.90679, 51.8027],
							"lerp_mode": "catmullrom"
						},
						"1.7083": {
							"post": [-28.54085, 15.05341, 47.55826],
							"lerp_mode": "catmullrom"
						},
						"1.9167": {
							"post": [-31.05821, -7.73224, 9.45789],
							"lerp_mode": "catmullrom"
						},
						"2.125": {
							"post": [-29.89167, -26.54774, -36.72191],
							"lerp_mode": "catmullrom"
						},
						"2.2917": {
							"post": [-25.88364, -34.56135, -45.07181],
							"lerp_mode": "catmullrom"
						},
						"2.4167": {
							"post": [-27.53419, -29.00694, -41.65613],
							"lerp_mode": "catmullrom"
						},
						"2.5417": {
							"post": [-28.37759, -28.18584, -39.89409],
							"lerp_mode": "catmullrom"
						},
						"2.875": {
							"post": [-26.39926, -30.02688, -43.95928],
							"lerp_mode": "catmullrom"
						},
						"3.2083": {
							"post": [-27.89917, -28.65876, -40.89933],
							"lerp_mode": "catmullrom"
						},
						"3.625": {
							"post": [-25.33943, -30.90076, -46.04957],
							"lerp_mode": "catmullrom"
						},
						"4.0833": {
							"post": [-34.05414, -20.60007, -26.22844],
							"lerp_mode": "catmullrom"
						},
						"4.25": {
							"post": [-18.65775, -23.80092, -10.47493],
							"lerp_mode": "catmullrom"
						},
						"4.4167": {
							"post": [-22.03949, -52.59021, -0.46992],
							"lerp_mode": "catmullrom"
						},
						"4.5417": {
							"post": [-7.85629, -54.05513, -9.98818],
							"lerp_mode": "catmullrom"
						},
						"4.6667": {
							"post": [-14.81181, -58.20625, -8.13088],
							"lerp_mode": "catmullrom"
						},
						"4.8333": {
							"post": [-14.99109, -58.47374, -7.10282],
							"lerp_mode": "catmullrom"
						},
						"5.4167": {
							"post": [-14.99109, -58.47374, -7.10282],
							"lerp_mode": "catmullrom"
						},
						"5.7083": {
							"post": [-18.70915, -66.66913, 7.17791],
							"lerp_mode": "catmullrom"
						},
						"6.4167": {
							"post": [-22.27392, -70.41803, 11.0059],
							"lerp_mode": "catmullrom"
						},
						"6.6667": {
							"post": [2.51044, -56.78982, -13.34354],
							"lerp_mode": "catmullrom"
						},
						"6.9167": {
							"post": [-6.86413, -13.01468, 12.59187],
							"lerp_mode": "catmullrom"
						},
						"7.125": [0.78, -0.17, -3.2],
						"7.1667": [0.3889, 0.15987, 0.62995],
						"7.25": [0.00175, -0.19999, -0.5],
						"7.375": [0, 0, 0]
					},
					"position": {
						"0.0": {
							"post": [0, 0, 0],
							"lerp_mode": "catmullrom"
						},
						"0.125": {
							"post": [0, -1.5625, 0.8125],
							"lerp_mode": "catmullrom"
						},
						"0.2083": {
							"post": [0.8125, 0.4975, 0.81],
							"lerp_mode": "catmullrom"
						},
						"0.2917": {
							"post": [0.88, 2.07125, 0.81],
							"lerp_mode": "catmullrom"
						},
						"0.375": {
							"post": [0.81, 2.1225, 0.81],
							"lerp_mode": "catmullrom"
						},
						"0.5": {
							"post": [0.85688, 2.49, 1.1175],
							"lerp_mode": "catmullrom"
						},
						"0.7917": {
							"post": [0.81, 2.14313, 0.81],
							"lerp_mode": "catmullrom"
						},
						"1.0": {
							"post": [0.81, 2.14313, 0.81],
							"lerp_mode": "catmullrom"
						},
						"1.1667": {
							"post": [0.81, 2.26813, 0.81],
							"lerp_mode": "catmullrom"
						},
						"1.5417": {
							"post": [0.81, 2.14313, 0.81],
							"lerp_mode": "catmullrom"
						},
						"1.7917": {
							"post": [0.51313, 1.44688, 0.47],
							"lerp_mode": "catmullrom"
						},
						"1.9167": {
							"post": [-0.2525, -1.1575, -0.42062],
							"lerp_mode": "catmullrom"
						},
						"2.0417": {
							"post": [-0.25, 2.095, -0.42],
							"lerp_mode": "catmullrom"
						},
						"2.1667": {
							"post": [-0.25, 2.3475, -0.31062],
							"lerp_mode": "catmullrom"
						},
						"2.2917": {
							"post": [-0.25, 2.00625, 0.39313],
							"lerp_mode": "catmullrom"
						},
						"2.4583": {
							"post": [-0.25, 2.3975, 0.56188],
							"lerp_mode": "catmullrom"
						},
						"2.7917": {
							"post": [-0.25, 2.4625, 0.66938],
							"lerp_mode": "catmullrom"
						},
						"3.0833": {
							"post": [-0.25, 2.3975, 0.67],
							"lerp_mode": "catmullrom"
						},
						"3.2917": {
							"post": [-0.25, 2.32188, 0.67],
							"lerp_mode": "catmullrom"
						},
						"3.4583": {
							"post": [-0.25, 2.41375, 0.67],
							"lerp_mode": "catmullrom"
						},
						"3.5833": {
							"post": [-0.25, 2.31625, 0.51375],
							"lerp_mode": "catmullrom"
						},
						"3.75": {
							"post": [-0.25, 2.49187, 0.51],
							"lerp_mode": "catmullrom"
						},
						"3.9583": {
							"post": [-0.25, 1.615, 0.51],
							"lerp_mode": "catmullrom"
						},
						"4.2083": {
							"post": [-0.325, -2.4675, -1.23],
							"lerp_mode": "catmullrom"
						},
						"4.375": {
							"post": [2.2425, -1.595, -1.23],
							"lerp_mode": "catmullrom"
						},
						"4.5417": {
							"post": [5.05, 1.2675, -0.10625],
							"lerp_mode": "catmullrom"
						},
						"4.7917": {
							"post": [5.45, 1.83, -0.125],
							"lerp_mode": "catmullrom"
						},
						"5.375": {
							"post": [5.45, 1.83, -0.125],
							"lerp_mode": "catmullrom"
						},
						"5.7083": {
							"post": [6.555, 1.625, -0.6425],
							"lerp_mode": "catmullrom"
						},
						"6.4167": {
							"post": [8.02375, 1.91125, -0.77],
							"lerp_mode": "catmullrom"
						},
						"6.6667": {
							"post": [4.955, 2.0125, -0.77],
							"lerp_mode": "catmullrom"
						},
						"6.8333": {
							"post": [2.21, -0.25, -1.41],
							"lerp_mode": "catmullrom"
						},
						"7.0": {
							"post": [0, -1.3625, -1.775],
							"lerp_mode": "catmullrom"
						},
						"7.125": [0, -0.15, 0.375],
						"7.2083": [0, -0.025, -0.04375],
						"7.2917": [0, 0, 0.025],
						"7.375": [0, 0, 0]
					}
				},
				"bolt": {
					"rotation": [0, 0, 0]
				},
				"camera": {
					"rotation": {
						"0.0": {
							"post": [0, 0, 0],
							"lerp_mode": "catmullrom"
						},
						"0.1667": {
							"post": [0.5, 0, -0.75],
							"lerp_mode": "catmullrom"
						},
						"0.375": {
							"post": [3.99942, -0.02399, 1.9999],
							"lerp_mode": "catmullrom"
						},
						"0.7917": {
							"post": [3.999, 0.06319, 0.75294],
							"lerp_mode": "catmullrom"
						},
						"1.5": {
							"post": [8.74923, 0.04576, 1.00233],
							"lerp_mode": "catmullrom"
						},
						"1.7917": {
							"post": [6.74358, 0.28073, -0.98383],
							"lerp_mode": "catmullrom"
						},
						"2.0417": {
							"post": [0, 0.37076, -0.99976],
							"lerp_mode": "catmullrom"
						},
						"2.25": {
							"post": [0.75636, 0.35761, 0.00018],
							"lerp_mode": "catmullrom"
						},
						"2.3333": {
							"post": [1.75575, 0.3925, 0.00094],
							"lerp_mode": "catmullrom"
						},
						"2.4583": {
							"post": [0.25165, 0.36094, -0.74983],
							"lerp_mode": "catmullrom"
						},
						"2.625": {
							"post": [0.75636, 0.35761, 0.00018],
							"lerp_mode": "catmullrom"
						},
						"2.9167": {
							"post": [3.76279, 0.37926, 0.99996],
							"lerp_mode": "catmullrom"
						},
						"3.3333": {
							"post": [10.76279, 0.37926, 0.99996],
							"lerp_mode": "catmullrom"
						},
						"3.9583": {
							"post": [0.76944, 0.38334, 1.99998],
							"lerp_mode": "catmullrom"
						},
						"4.2083": {
							"post": [4.205, -0.05, -0.4],
							"lerp_mode": "catmullrom"
						},
						"4.5": {
							"post": [1.96274, -0.50139, -0.83412],
							"lerp_mode": "catmullrom"
						},
						"4.7083": {
							"post": [2.75, -1.15, -1.9],
							"lerp_mode": "catmullrom"
						},
						"5.0417": {
							"post": [3.4, -1.2, -2.1],
							"lerp_mode": "catmullrom"
						},
						"5.5": {
							"post": [3.25, -0.425, -2.35],
							"lerp_mode": "catmullrom"
						},
						"5.8333": {
							"post": [5.70865, 10.40959, -2.26729],
							"lerp_mode": "catmullrom"
						},
						"6.2917": {
							"post": [5.6913, 9.41454, -2.36812],
							"lerp_mode": "catmullrom"
						},
						"6.5417": {
							"post": [1.76812, -0.42179, -1.0856],
							"lerp_mode": "catmullrom"
						},
						"6.6667": {
							"post": [-0.225, 0, 0.125],
							"lerp_mode": "catmullrom"
						},
						"6.75": {
							"post": [-0.35, 0, 0.2],
							"lerp_mode": "catmullrom"
						},
						"6.8333": {
							"post": [0.25, 0, -0.25],
							"lerp_mode": "catmullrom"
						},
						"6.9167": {
							"post": [-0.075, 0, 0.075],
							"lerp_mode": "catmullrom"
						},
						"7.0": {
							"post": [0, 0, 0],
							"lerp_mode": "catmullrom"
						}
					}
				}
			},
			"sound_effects": {
				"0.0": {
					"effect": "tacz:spr15hb/spr15hb_inspect_raise"
				},
				"1.7083": {
					"effect": "tacz:spr15hb/spr15hb_inspect_rotate"
				},
				"4.0417": {
					"effect": "tacz:spr15hb/spr15hb_inspect_rotate2"
				},
				"5.5": {
					"effect": "tacz:spr15hb/spr15hb_inspect_rattle"
				},
				"6.0833": {
					"effect": "tacz:spr15hb/spr15hb_inspect_rattle2"
				},
				"6.8333": {
					"effect": "tacz:spr15hb/spr15hb_inspect_end"
				}
			}
		},
		"inspect_empty": {
			"animation_length": 7.5833,
			"bones": {
				"lefthand": {
					"rotation": {
						"0.0": [102.43315, 15.97465, 57.66063],
						"0.2083": [104.74322, 15.67591, 57.05108],
						"0.4167": [117.11217, 4.79078, 43.24089],
						"1.75": [117.11217, 4.79078, 43.24089],
						"1.9167": [98.27048, 29.73914, 65.37156],
						"2.0833": [94.15063, 53.88225, 73.09812],
						"3.9167": [94.15063, 53.88225, 73.09812],
						"4.25": [112.28594, 22.70179, 88.62988],
						"5.3333": [112.28594, 22.70179, 88.62988],
						"5.75": [153.99158, 8.2215, 29.57178],
						"6.2917": [153.99158, 8.2215, 29.57178],
						"6.5417": [102.43315, 15.97465, 57.66063]
					},
					"position": {
						"0.0": [-3.74286, -12.90613, -16.13761],
						"0.1667": [-3.45, -14.61, -14.23],
						"0.2917": [-3.45, -14.61, -8.23],
						"0.4167": [-3.45, -14.61, -7.7925],
						"1.75": [-3.45, -14.61, -7.7925],
						"1.9167": [1.175, -14.61, -7.79],
						"2.0833": [1.18, -37.61, 3.21],
						"3.9583": [1.18, -37.61, 3.21],
						"4.25": [-4.325, -14.61, -6.355],
						"5.3333": [-4.325, -14.61, -6.355],
						"5.75": [-4.325, -14.1725, -8.105],
						"6.2917": [-4.325, -14.1725, -8.105],
						"6.5417": [-3.74286, -12.90613, -16.13761]
					},
					"scale": {
						"0.0": [1, 1.5, 1],
						"6.5417": [1, 1.5, 1]
					}
				},
				"righthand": {
					"rotation": {
						"0.0": [90, -5, 0],
						"5.4167": [90, -5, 0],
						"5.6667": [91.83064, -41.16602, -3.6043],
						"5.875": [92.02702, -44.14998, -3.9711],
						"6.25": [92.02702, -44.14998, -3.9711],
						"6.4583": [90, -5, 0]
					},
					"position": {
						"0.0": [4, -14, -3],
						"5.4167": [4, -14, -3],
						"5.5417": [3.8125, -16.00625, -2.55],
						"5.6667": [2.3, -14.1, -1.9775],
						"5.875": [1.8, -14.1, -1.98],
						"6.25": [1.8, -14.1, -1.98],
						"6.4583": [4, -14, -3]
					}
				},
				"root": {
					"rotation": {
						"0.0": {
							"post": [0, 0, 0],
							"lerp_mode": "catmullrom"
						},
						"0.125": {
							"post": [-3.69506, -0.4781, 13.18822],
							"lerp_mode": "catmullrom"
						},
						"0.3333": {
							"post": [-20.75881, 18.22227, 54.18887],
							"lerp_mode": "catmullrom"
						},
						"0.4583": {
							"post": [-24.82956, 18.54215, 56.16321],
							"lerp_mode": "catmullrom"
						},
						"0.625": {
							"post": [-24.97514, 17.91992, 54.38781],
							"lerp_mode": "catmullrom"
						},
						"0.75": {
							"post": [-24.84373, 18.00281, 54.43768],
							"lerp_mode": "catmullrom"
						},
						"1.0417": {
							"post": [-25.38124, 16.90679, 51.8027],
							"lerp_mode": "catmullrom"
						},
						"1.375": {
							"post": [-25.38124, 16.90679, 51.8027],
							"lerp_mode": "catmullrom"
						},
						"1.7083": {
							"post": [-28.54085, 15.05341, 47.55826],
							"lerp_mode": "catmullrom"
						},
						"1.9167": {
							"post": [-31.05821, -7.73224, 9.45789],
							"lerp_mode": "catmullrom"
						},
						"2.125": {
							"post": [-29.89167, -26.54774, -36.72191],
							"lerp_mode": "catmullrom"
						},
						"2.2917": {
							"post": [-25.88364, -34.56135, -45.07181],
							"lerp_mode": "catmullrom"
						},
						"2.4167": {
							"post": [-27.53419, -29.00694, -41.65613],
							"lerp_mode": "catmullrom"
						},
						"2.5417": {
							"post": [-28.37759, -28.18584, -39.89409],
							"lerp_mode": "catmullrom"
						},
						"2.875": {
							"post": [-26.39926, -30.02688, -43.95928],
							"lerp_mode": "catmullrom"
						},
						"3.2083": {
							"post": [-27.89917, -28.65876, -40.89933],
							"lerp_mode": "catmullrom"
						},
						"3.625": {
							"post": [-25.33943, -30.90076, -46.04957],
							"lerp_mode": "catmullrom"
						},
						"4.0833": {
							"post": [-34.05414, -20.60007, -26.22844],
							"lerp_mode": "catmullrom"
						},
						"4.25": {
							"post": [-18.65775, -23.80092, -10.47493],
							"lerp_mode": "catmullrom"
						},
						"4.4167": {
							"post": [-22.03949, -52.59021, -0.46992],
							"lerp_mode": "catmullrom"
						},
						"4.5417": {
							"post": [-7.85629, -54.05513, -9.98818],
							"lerp_mode": "catmullrom"
						},
						"4.6667": {
							"post": [-14.81181, -58.20625, -8.13088],
							"lerp_mode": "catmullrom"
						},
						"4.8333": {
							"post": [-14.99109, -58.47374, -7.10282],
							"lerp_mode": "catmullrom"
						},
						"5.4167": {
							"post": [-14.99109, -58.47374, -7.10282],
							"lerp_mode": "catmullrom"
						},
						"5.7083": {
							"post": [-18.70915, -66.66913, 7.17791],
							"lerp_mode": "catmullrom"
						},
						"6.4167": {
							"post": [-22.27392, -70.41803, 11.0059],
							"lerp_mode": "catmullrom"
						},
						"6.6667": {
							"post": [2.51044, -56.78982, -13.34354],
							"lerp_mode": "catmullrom"
						},
						"6.9167": {
							"post": [-6.86413, -13.01468, 12.59187],
							"lerp_mode": "catmullrom"
						},
						"7.125": [0.78, -0.17, -3.2],
						"7.1667": [0.3889, 0.15987, 0.62995],
						"7.25": [0.00175, -0.19999, -0.5],
						"7.375": [0, 0, 0]
					},
					"position": {
						"0.0": {
							"post": [0, 0, 0],
							"lerp_mode": "catmullrom"
						},
						"0.125": {
							"post": [0, -1.5625, 0.8125],
							"lerp_mode": "catmullrom"
						},
						"0.2083": {
							"post": [0.8125, 0.4975, 0.81],
							"lerp_mode": "catmullrom"
						},
						"0.2917": {
							"post": [0.88, 2.07125, 0.81],
							"lerp_mode": "catmullrom"
						},
						"0.375": {
							"post": [0.81, 2.1225, 0.81],
							"lerp_mode": "catmullrom"
						},
						"0.5": {
							"post": [0.85688, 2.49, 1.1175],
							"lerp_mode": "catmullrom"
						},
						"0.7917": {
							"post": [0.81, 2.14313, 0.81],
							"lerp_mode": "catmullrom"
						},
						"1.0": {
							"post": [0.81, 2.14313, 0.81],
							"lerp_mode": "catmullrom"
						},
						"1.1667": {
							"post": [0.81, 2.26813, 0.81],
							"lerp_mode": "catmullrom"
						},
						"1.5417": {
							"post": [0.81, 2.14313, 0.81],
							"lerp_mode": "catmullrom"
						},
						"1.7917": {
							"post": [0.51313, 1.44688, 0.47],
							"lerp_mode": "catmullrom"
						},
						"1.9167": {
							"post": [-0.2525, -1.1575, -0.42062],
							"lerp_mode": "catmullrom"
						},
						"2.0417": {
							"post": [-0.25, 2.095, -0.42],
							"lerp_mode": "catmullrom"
						},
						"2.1667": {
							"post": [-0.25, 2.3475, -0.31062],
							"lerp_mode": "catmullrom"
						},
						"2.2917": {
							"post": [-0.25, 2.00625, 0.39313],
							"lerp_mode": "catmullrom"
						},
						"2.4583": {
							"post": [-0.25, 2.3975, 0.56188],
							"lerp_mode": "catmullrom"
						},
						"2.7917": {
							"post": [-0.25, 2.4625, 0.66938],
							"lerp_mode": "catmullrom"
						},
						"3.0833": {
							"post": [-0.25, 2.3975, 0.67],
							"lerp_mode": "catmullrom"
						},
						"3.2917": {
							"post": [-0.25, 2.32188, 0.67],
							"lerp_mode": "catmullrom"
						},
						"3.4583": {
							"post": [-0.25, 2.41375, 0.67],
							"lerp_mode": "catmullrom"
						},
						"3.5833": {
							"post": [-0.25, 2.31625, 0.51375],
							"lerp_mode": "catmullrom"
						},
						"3.75": {
							"post": [-0.25, 2.49187, 0.51],
							"lerp_mode": "catmullrom"
						},
						"3.9583": {
							"post": [-0.25, 1.615, 0.51],
							"lerp_mode": "catmullrom"
						},
						"4.2083": {
							"post": [-0.325, -2.4675, -1.23],
							"lerp_mode": "catmullrom"
						},
						"4.375": {
							"post": [2.2425, -1.595, -1.23],
							"lerp_mode": "catmullrom"
						},
						"4.5417": {
							"post": [5.05, 1.2675, -0.10625],
							"lerp_mode": "catmullrom"
						},
						"4.7917": {
							"post": [5.45, 1.83, -0.125],
							"lerp_mode": "catmullrom"
						},
						"5.375": {
							"post": [5.45, 1.83, -0.125],
							"lerp_mode": "catmullrom"
						},
						"5.7083": {
							"post": [6.555, 1.625, -0.6425],
							"lerp_mode": "catmullrom"
						},
						"6.4167": {
							"post": [8.02375, 1.91125, -0.77],
							"lerp_mode": "catmullrom"
						},
						"6.6667": {
							"post": [4.955, 2.0125, -0.77],
							"lerp_mode": "catmullrom"
						},
						"6.8333": {
							"post": [2.21, -0.25, -1.41],
							"lerp_mode": "catmullrom"
						},
						"7.0": {
							"post": [0, -1.3625, -1.775],
							"lerp_mode": "catmullrom"
						},
						"7.125": [0, -0.15, 0.375],
						"7.2083": [0, -0.025, -0.04375],
						"7.2917": [0, 0, 0.025],
						"7.375": [0, 0, 0]
					}
				},
				"bolt": {
					"rotation": [0, 0, 0]
				},
				"camera": {
					"rotation": {
						"0.0": {
							"post": [0, 0, 0],
							"lerp_mode": "catmullrom"
						},
						"0.1667": {
							"post": [0.5, 0, -0.75],
							"lerp_mode": "catmullrom"
						},
						"0.375": {
							"post": [3.99942, -0.02399, 1.9999],
							"lerp_mode": "catmullrom"
						},
						"0.7917": {
							"post": [3.999, 0.06319, 0.75294],
							"lerp_mode": "catmullrom"
						},
						"1.5": {
							"post": [8.74923, 0.04576, 1.00233],
							"lerp_mode": "catmullrom"
						},
						"1.7917": {
							"post": [6.74358, 0.28073, -0.98383],
							"lerp_mode": "catmullrom"
						},
						"2.0417": {
							"post": [0, 0.37076, -0.99976],
							"lerp_mode": "catmullrom"
						},
						"2.25": {
							"post": [0.75636, 0.35761, 0.00018],
							"lerp_mode": "catmullrom"
						},
						"2.3333": {
							"post": [1.75575, 0.3925, 0.00094],
							"lerp_mode": "catmullrom"
						},
						"2.4583": {
							"post": [0.25165, 0.36094, -0.74983],
							"lerp_mode": "catmullrom"
						},
						"2.625": {
							"post": [0.75636, 0.35761, 0.00018],
							"lerp_mode": "catmullrom"
						},
						"2.9167": {
							"post": [3.76279, 0.37926, 0.99996],
							"lerp_mode": "catmullrom"
						},
						"3.3333": {
							"post": [10.76279, 0.37926, 0.99996],
							"lerp_mode": "catmullrom"
						},
						"3.9583": {
							"post": [0.76944, 0.38334, 1.99998],
							"lerp_mode": "catmullrom"
						},
						"4.2083": {
							"post": [4.205, -0.05, -0.4],
							"lerp_mode": "catmullrom"
						},
						"4.5": {
							"post": [1.96274, -0.50139, -0.83412],
							"lerp_mode": "catmullrom"
						},
						"4.7083": {
							"post": [2.75, -1.15, -1.9],
							"lerp_mode": "catmullrom"
						},
						"5.0417": {
							"post": [3.4, -1.2, -2.1],
							"lerp_mode": "catmullrom"
						},
						"5.5": {
							"post": [3.25, -0.425, -2.35],
							"lerp_mode": "catmullrom"
						},
						"5.8333": {
							"post": [5.70865, 10.40959, -2.26729],
							"lerp_mode": "catmullrom"
						},
						"6.2917": {
							"post": [5.6913, 9.41454, -2.36812],
							"lerp_mode": "catmullrom"
						},
						"6.5417": {
							"post": [1.76812, -0.42179, -1.0856],
							"lerp_mode": "catmullrom"
						},
						"6.6667": {
							"post": [-0.225, 0, 0.125],
							"lerp_mode": "catmullrom"
						},
						"6.75": {
							"post": [-0.35, 0, 0.2],
							"lerp_mode": "catmullrom"
						},
						"6.8333": {
							"post": [0.25, 0, -0.25],
							"lerp_mode": "catmullrom"
						},
						"6.9167": {
							"post": [-0.075, 0, 0.075],
							"lerp_mode": "catmullrom"
						},
						"7.0": {
							"post": [0, 0, 0],
							"lerp_mode": "catmullrom"
						}
					}
				}
			},
			"sound_effects": {
				"0.0": {
					"effect": "tacz:spr15hb/spr15hb_inspect_raise"
				},
				"1.7083": {
					"effect": "tacz:spr15hb/spr15hb_inspect_rotate"
				},
				"4.0417": {
					"effect": "tacz:spr15hb/spr15hb_inspect_rotate2"
				},
				"5.5": {
					"effect": "tacz:spr15hb/spr15hb_inspect_rattle"
				},
				"6.0833": {
					"effect": "tacz:spr15hb/spr15hb_inspect_rattle2"
				},
				"6.8333": {
					"effect": "tacz:spr15hb/spr15hb_inspect_end"
				}
			}
		}
	}
}