{
	"format_version": "1.8.0",
	"animations": {
		"static_idle": {
			"animation_length": 0.5833,
			"bones": {
				"lefthand": {
					"rotation": [96.36453, -25.19069, -127.96659],
					"position": [-3.5, -10.1, -15.2],
					"scale": [1, 1.5, 1]
				},
				"righthand": {
					"rotation": [89.49625, 6.99973, -180.06139],
					"position": [3.15, -11.075, -2.225],
					"scale": [1, 1.5, 1]
				},
				"refit_view": {
					"position": [0, -1, 11]
				},
				"constraint": {
					"rotation": [0.2, 0.1, 0.2],
					"position": [0.2, 0.2, 0.4]
				}
			}
		},
		"draw": {
			"animation_length": 0.7333,
			"bones": {
				"lefthand": {
					"rotation": [96.36453, -25.19069, -127.96659],
					"position": [-3.5, -10.1, -15.2],
					"scale": [1, 1.5, 1]
				},
				"righthand": {
					"rotation": [89.49625, 6.99973, -180.06139],
					"position": [3.15, -11.075, -2.225],
					"scale": [1, 1.5, 1]
				},
				"root": {
					"rotation": {
						"0.0": {
							"post": [0.811, -32.64455, 33.95463],
							"lerp_mode": "catmullrom"
						},
						"0.1": {
							"post": [5.88301, -29.75023, 5.08656],
							"lerp_mode": "catmullrom"
						},
						"0.2667": {
							"post": [0.28514, -4.44535, -0.52252],
							"lerp_mode": "catmullrom"
						},
						"0.3667": {
							"post": [-0.8526, -0.39013, -4.13439],
							"lerp_mode": "catmullrom"
						},
						"0.4333": {
							"post": [-0.01, -0.435, -0.76],
							"lerp_mode": "catmullrom"
						},
						"0.5": {
							"post": [1.01337, -0.38036, -1.29904],
							"lerp_mode": "catmullrom"
						},
						"0.6333": {
							"post": [0, 0.25, -1.25],
							"lerp_mode": "catmullrom"
						},
						"0.7333": {
							"post": [0, 0, 0],
							"lerp_mode": "catmullrom"
						}
					},
					"position": {
						"0.0": {
							"post": [-3.18, -5.58, 13.525],
							"lerp_mode": "catmullrom"
						},
						"0.1": {
							"post": [-0.9, -2.45, 2.7],
							"lerp_mode": "catmullrom"
						},
						"0.2333": {
							"post": [-0.25, -0.9425, -1.14],
							"lerp_mode": "catmullrom"
						},
						"0.3": {
							"post": [-0.03, -0.3025, -0.8],
							"lerp_mode": "catmullrom"
						},
						"0.4": {
							"post": [-0.03, -0.1475, -0.145],
							"lerp_mode": "catmullrom"
						},
						"0.5": {
							"post": [-0.01, -0.2, 0.065],
							"lerp_mode": "catmullrom"
						},
						"0.5667": {
							"post": [0, -0.08125, 0],
							"lerp_mode": "catmullrom"
						},
						"0.7333": {
							"post": [0, 0, 0],
							"lerp_mode": "catmullrom"
						}
					}
				},
				"camera": {
					"rotation": {
						"0.0": {
							"post": [0, 0, 0],
							"lerp_mode": "catmullrom"
						},
						"0.1667": {
							"post": [0.45, -0.175, 0.6],
							"lerp_mode": "catmullrom"
						},
						"0.4": {
							"post": [-0.1, 0.05, -0.175],
							"lerp_mode": "catmullrom"
						},
						"0.5": {
							"post": [0.05, 0, 0.05],
							"lerp_mode": "catmullrom"
						},
						"0.6667": {
							"post": [0, 0, 0],
							"lerp_mode": "catmullrom"
						}
					}
				}
			},
			"sound_effects": {
				"0.0667": {
					"effect": "tacz:scar_h/p05_ar_schotel_reload_raise"
				}
			}
		},
		"reload_tactical": {
			"animation_length": 2.0667,
			"bones": {
				"lefthand": {
					"rotation": {
						"0.0": [96.36453, -25.19069, -127.96659],
						"0.0333": [101.5, -26.45, -142.36],
						"0.0667": [95.31, -20.14, -128.72],
						"0.1667": [89.12, -13.83, -115.08],
						"0.2333": [82.93, -7.52, -101.43],
						"0.2667": [79.84, -4.36, -94.61],
						"0.3333": [79.84, -4.36, -94.61],
						"0.4": [79.84, -4.36, -94.61],
						"0.4667": [79.84, -4.36, -94.61],
						"0.5333": [79.84, -4.36, -94.61],
						"0.5667": [79.84, -4.36, -94.61],
						"0.6333": [79.84, -4.36, -94.61],
						"0.7333": [79.84, -4.36, -94.61],
						"0.8333": [79.84, -4.36, -94.61],
						"0.9333": [79.84, -4.36, -94.61],
						"1.0": [79.84, -4.36, -94.61],
						"1.1": [79.84, -4.36, -94.61],
						"1.2": [79.84, -4.36, -94.61],
						"1.2333": [79.84, -4.36, -94.61],
						"1.3333": [108.59, -27.55, -135.68],
						"1.3667": [137.34, -50.75, -176.75],
						"1.4": [108.59, -27.56, -135.68],
						"1.4667": [79.84, -4.36, -94.61],
						"1.5667": [87.8, -12.47, -112.15],
						"1.6333": [95.75, -20.59, -129.69],
						"1.7": [103.71, -28.7, -147.23],
						"1.7333": [96.36453, -25.19069, -127.96659]
					},
					"position": {
						"0.0": [-3.5, -10.1, -15.2],
						"0.0333": [-2.74, -10.95, -13.13],
						"0.0667": [-3.19, -12.3, -12.15],
						"0.1667": [-3.63, -13.65, -11.18],
						"0.2333": [-4.08, -15, -10.21],
						"0.2667": [-4.3, -15.68, -9.72],
						"0.3333": [-4.3, -15.68, -9.72],
						"0.4": [-4.3, -15.68, -9.72],
						"0.4667": [-4.3, -15.68, -9.72],
						"0.5333": [-4.3, -15.68, -9.72],
						"0.5667": [-4.3, -15.68, -9.72],
						"0.6333": [-4.3, -15.68, -9.72],
						"0.7333": [-4.3, -15.68, -9.72],
						"0.8333": [-4.3, -15.68, -9.72],
						"0.9333": [-4.3, -15.68, -9.72],
						"1.0": [-4.3, -15.68, -9.72],
						"1.1": [-4.3, -15.68, -9.72],
						"1.2": [-4.3, -15.68, -9.72],
						"1.2333": [-4.3, -15.68, -9.72],
						"1.3": [-3.89375, -19.23, -9.69625],
						"1.4": [1.04954, -24.5681, -1.90745],
						"1.4667": [1.04954, -24.5681, 0.46755],
						"1.6": [3.4, -16.85, -6.82],
						"1.6667": [0.13, -10.45, -13.595],
						"1.7": [-1.08, -10.03, -13.85],
						"1.7333": [-3.5, -10.1, -15.2]
					},
					"scale": {
						"0.0": [1, 1.5, 1],
						"1.7333": [1, 1.5, 1]
					}
				},
				"righthand": {
					"rotation": [89.49625, 6.99973, -180.06139],
					"position": [3.15, -11.075, -2.225],
					"scale": [1, 1.5, 1]
				},
				"root": {
					"rotation": {
						"0.0": {
							"post": [0, 0, 0],
							"lerp_mode": "catmullrom"
						},
						"0.1333": {
							"post": [-2.99197, -2.34076, -3.81083],
							"lerp_mode": "catmullrom"
						},
						"0.2": {
							"post": [-12.10904, -4.39175, -10.10819],
							"lerp_mode": "catmullrom"
						},
						"0.2667": {
							"post": [-17.51357, -9.66321, -23.07043],
							"lerp_mode": "catmullrom"
						},
						"0.3333": {
							"post": [-20.3588, -16.36981, -27.14874],
							"lerp_mode": "catmullrom"
						},
						"0.5": {
							"post": [-23.26716, -17.08215, -23.80346],
							"lerp_mode": "catmullrom"
						},
						"0.5667": {
							"post": [-22.36077, -18.03393, -25.78227],
							"lerp_mode": "catmullrom"
						},
						"0.6333": {
							"post": [-20.39921, -17.69747, -27.4484],
							"lerp_mode": "catmullrom"
						},
						"0.7333": {
							"post": [-24.45831, -16.97402, -26.10269],
							"lerp_mode": "catmullrom"
						},
						"0.8667": {
							"post": [-12.13794, -24.50182, -42.53876],
							"lerp_mode": "catmullrom"
						},
						"0.9667": {
							"post": [-14.97138, -22.13872, -42.07099],
							"lerp_mode": "catmullrom"
						},
						"1.0667": {
							"post": [-11.63483, -23.79224, -46.39816],
							"lerp_mode": "catmullrom"
						},
						"1.1333": {
							"post": [-14.44197, -21.04158, -38.09453],
							"lerp_mode": "catmullrom"
						},
						"1.2333": {
							"post": [-9.8835, -20.84489, -45.93793],
							"lerp_mode": "catmullrom"
						},
						"1.3667": {
							"post": [-16.37418, -18.52094, -36.68036],
							"lerp_mode": "catmullrom"
						},
						"1.5": {
							"post": [-21.83321, -13.69606, -25.00946],
							"lerp_mode": "catmullrom"
						},
						"1.6": {
							"post": [-14.77795, -5.04398, -12.78246],
							"lerp_mode": "catmullrom"
						},
						"1.6667": {
							"post": [-9.07234, -1.20567, 6.00913],
							"lerp_mode": "catmullrom"
						},
						"1.7333": {
							"post": [-2.94771, -1.4232, 3.47003],
							"lerp_mode": "catmullrom"
						},
						"1.7667": {
							"post": [0.57324, -1.68438, -0.35369],
							"lerp_mode": "catmullrom"
						},
						"1.8333": {
							"post": [2.36571, -0.96449, -1.20002],
							"lerp_mode": "catmullrom"
						},
						"1.9": {
							"post": [-0.68568, -0.5291, 0.73627],
							"lerp_mode": "catmullrom"
						},
						"1.9667": {
							"post": [-0.01374, 0.22505, -0.42508],
							"lerp_mode": "catmullrom"
						},
						"2.0333": {
							"post": [0, 0.375, -0.05],
							"lerp_mode": "catmullrom"
						},
						"2.1333": {
							"post": [0, 0, 0],
							"lerp_mode": "catmullrom"
						}
					},
					"position": {
						"0.0": {
							"post": [0, 0, 0],
							"lerp_mode": "catmullrom"
						},
						"0.1333": {
							"post": [-0.4, -0.6, 0.775],
							"lerp_mode": "catmullrom"
						},
						"0.2": {
							"post": [-0.595, -0.05, 0.74],
							"lerp_mode": "catmullrom"
						},
						"0.2667": {
							"post": [-0.79, 1.21, 0.53],
							"lerp_mode": "catmullrom"
						},
						"0.3333": {
							"post": [-0.8, 1.65, 0.38],
							"lerp_mode": "catmullrom"
						},
						"0.4333": {
							"post": [-0.67, 1.79, 0.365],
							"lerp_mode": "catmullrom"
						},
						"0.5": {
							"post": [-0.85, 1.325, 0.105],
							"lerp_mode": "catmullrom"
						},
						"0.5333": {
							"post": [-0.85, 1.3, 0.095],
							"lerp_mode": "catmullrom"
						},
						"0.5667": {
							"post": [-0.695, 1.055, 0.105],
							"lerp_mode": "catmullrom"
						},
						"0.6": {
							"post": [-0.95, 1.61, 0.205],
							"lerp_mode": "catmullrom"
						},
						"0.6333": {
							"post": [-1.04, 1.88, 0.365],
							"lerp_mode": "catmullrom"
						},
						"0.7333": {
							"post": [-1.12, 2.005, 0.255],
							"lerp_mode": "catmullrom"
						},
						"0.9": {
							"post": [-1.39, 1.33125, -0.265],
							"lerp_mode": "catmullrom"
						},
						"1.0": {
							"post": [-1.175, 1.4, -0.265],
							"lerp_mode": "catmullrom"
						},
						"1.0667": {
							"post": [-1.165, 1.37375, -0.265],
							"lerp_mode": "catmullrom"
						},
						"1.1": {
							"post": [-0.88, 0.59, -0.045],
							"lerp_mode": "catmullrom"
						},
						"1.1333": {
							"post": [-0.64, 0.375, 0.085],
							"lerp_mode": "catmullrom"
						},
						"1.2": {
							"post": [-0.92, 0.505, -0.315],
							"lerp_mode": "catmullrom"
						},
						"1.3": {
							"post": [-1.16, 0.37, -0.27],
							"lerp_mode": "catmullrom"
						},
						"1.3667": {
							"post": [-0.905, -0.05, -0.165],
							"lerp_mode": "catmullrom"
						},
						"1.5": {
							"post": [-0.995, -0.055, -0.05],
							"lerp_mode": "catmullrom"
						},
						"1.6": {
							"post": [-0.845, -0.05, -1.415],
							"lerp_mode": "catmullrom"
						},
						"1.6667": {
							"post": [-0.69, -0.77, -1.325],
							"lerp_mode": "catmullrom"
						},
						"1.7333": {
							"post": [-0.265, -1, -1.135],
							"lerp_mode": "catmullrom"
						},
						"1.8": {
							"post": [0.31, -0.73, 0.175],
							"lerp_mode": "catmullrom"
						},
						"1.9333": {
							"post": [0, 0.025, 0.3],
							"lerp_mode": "catmullrom"
						},
						"2.0333": {
							"post": [0, 0, 0.03125],
							"lerp_mode": "catmullrom"
						},
						"2.0667": {
							"post": [0, 0, 0],
							"lerp_mode": "catmullrom"
						}
					}
				},
				"mag_and_lh": {
					"rotation": {
						"0.0": [0, 0, 0],
						"0.3333": [-11.23326, 9.82763, -34.99669],
						"0.4": [-2.465, 8.74208, -9.88199],
						"0.4667": [1.50428, 7.94501, -0.60786],
						"0.5667": [1.50428, 7.94501, -0.60786],
						"0.8667": [-5.96737, -0.62604, -5.96737],
						"0.9333": [-3.99454, -0.20917, -2.99271],
						"0.9667": [-2.67, 0, 0],
						"1.0333": [-1.34, 0, 0],
						"1.0667": [0, 0, 0],
						"1.1333": [0, 0, 0]
					},
					"position": {
						"0.0": [0, 0, 0],
						"0.0667": [2.26, -1.28, 1.67],
						"0.1667": [4.975, -5.29, 4.17],
						"0.2333": [5.06, -9.31, 6.67],
						"0.3667": [4.09025, -5.29931, 1.88763],
						"0.4667": [1.525, 1.3, 0.05],
						"0.5667": [1.525, 1.3, 0.05],
						"0.6667": [1.18, -5.375, 0.53],
						"0.7333": [0.88, -6.14, -0.13],
						"0.8": [0.29, -4.555, -1.18],
						"0.8667": [0.35, -3.025, -0.85],
						"0.9333": [0.225, -2.725, -0.4],
						"0.9667": [0, -2.58, -0.27],
						"1.0333": [0, -2.44, -0.14],
						"1.0667": [0, -2.3, 0],
						"1.1333": [0, 0, 0]
					}
				},
				"mag_and_bullet": {
					"scale": {
						"0.0": [0, 0, 0],
						"0.2333": [0, 0, 0],
						"0.2667": [1, 1, 1]
					}
				},
				"magrelease": {
					"position": {
						"0.4667": [0, 0, 0],
						"0.5": [0.125, 0, 0],
						"0.8": [0.125, 0, 0],
						"0.8333": [0, 0, 0],
						"1.0667": [0, 0, 0],
						"1.1": [0.125, 0, 0],
						"1.1667": [0.125, 0, 0],
						"1.2": [0, 0, 0]
					}
				},
				"bullet": {
					"scale": 1
				},
				"camera": {
					"rotation": {
						"0.0": {
							"post": [0, 0, 0],
							"lerp_mode": "catmullrom"
						},
						"0.1333": {
							"post": [-0.32, 0, -0.125],
							"lerp_mode": "catmullrom"
						},
						"0.3667": {
							"post": [2.1, 0.05, -0.8],
							"lerp_mode": "catmullrom"
						},
						"0.5667": {
							"post": [1.625, 0.1, -0.75],
							"lerp_mode": "catmullrom"
						},
						"0.6333": {
							"post": [2.45, 0.1, 0.04],
							"lerp_mode": "catmullrom"
						},
						"0.7": {
							"post": [2.64, 0.1, 0.175],
							"lerp_mode": "catmullrom"
						},
						"0.8333": {
							"post": [1.81, 0.21, -1.36],
							"lerp_mode": "catmullrom"
						},
						"0.9667": {
							"post": [2.225, 0.35, -0.82],
							"lerp_mode": "catmullrom"
						},
						"1.0667": {
							"post": [1.87, 0.475, -1.6],
							"lerp_mode": "catmullrom"
						},
						"1.1333": {
							"post": [3.06, 0.48, -0.62],
							"lerp_mode": "catmullrom"
						},
						"1.1667": {
							"post": [3.185, 0.475, -0.7],
							"lerp_mode": "catmullrom"
						},
						"1.3": {
							"post": [1.925, 0.44, -1.795],
							"lerp_mode": "catmullrom"
						},
						"1.4333": {
							"post": [2.655, 0.31, -0.975],
							"lerp_mode": "catmullrom"
						},
						"1.5667": {
							"post": [2.35, 0.175, -1.525],
							"lerp_mode": "catmullrom"
						},
						"1.8333": {
							"post": [-0.2, 0, 0.35],
							"lerp_mode": "catmullrom"
						},
						"1.9333": {
							"post": [0.3, 0, -0.375],
							"lerp_mode": "catmullrom"
						},
						"2.0333": {
							"post": [-0.05, 0, 0.1],
							"lerp_mode": "catmullrom"
						},
						"2.1": {
							"post": [0, 0, 0],
							"lerp_mode": "catmullrom"
						}
					}
				},
				"mag_standard2": {
					"position": [0, 0, 0]
				},
				"mag_and_lefthand": {
					"rotation": {
						"0.0": [0, 0, 0],
						"0.3333": [-11.23326, 9.82763, -34.99669],
						"0.4": [-2.465, 8.74208, -9.88199],
						"0.4667": [1.50428, 7.94501, -0.60786],
						"0.5667": [1.50428, 7.94501, -0.60786],
						"0.8667": [-5.96737, -0.62604, -5.96737],
						"0.9333": [-3.99454, -0.20917, -2.99271],
						"0.9667": [-2.67, 0, 0],
						"1.0333": [-1.34, 0, 0],
						"1.0667": [0, 0, 0],
						"1.1333": [0, 0, 0]
					},
					"position": {
						"0.0": [0, 0, 0],
						"0.0667": [2.26, -1.28, 1.67],
						"0.1667": [4.975, -5.29, 4.17],
						"0.2333": [5.06, -9.31, 6.67],
						"0.3667": [4.09025, -5.29931, 1.88763],
						"0.4667": [1.525, 1.3, 0.05],
						"0.5667": [1.525, 1.3, 0.05],
						"0.6667": [1.18, -5.375, 0.53],
						"0.7333": [0.88, -6.14, -0.13],
						"0.8": [0.29, -4.555, -1.18],
						"0.8667": [0.35, -3.025, -0.85],
						"0.9333": [0.225, -2.725, -0.4],
						"0.9667": [0, -2.58, -0.27],
						"1.0333": [0, -2.44, -0.14],
						"1.0667": [0, -2.3, 0],
						"1.1333": [0, 0, 0]
					}
				},
				"additional_magazine": {
					"rotation": {
						"0.5667": [0, 0, 0],
						"0.6333": [0, 0, 0],
						"0.8": [-3.57, 0, 0],
						"0.8667": [-4.97275, -0.52199, -5.97733],
						"1.1333": [-4.97275, -0.52199, -5.97733],
						"1.2333": [0, 0, 0],
						"1.3333": [-9.35922, -0.99971, -29.79397],
						"1.3667": [-47.95125, -15.02338, -63.09321],
						"1.4": [-50.03883, -1.49957, -44.69095]
					},
					"position": {
						"0.5667": [0, 0, 0],
						"0.6333": [0.115, -4.455, 0],
						"0.6667": [-0.38875, -6.05, 0.53],
						"0.7333": [-0.68875, -6.815, -0.13],
						"0.8": [-1.27875, -5.23, -1.18],
						"0.8667": [-1.21875, -3.7, -0.85],
						"0.9333": [-1.34375, -3.4, -0.4],
						"0.9667": [-1.56875, -3.255, -0.27],
						"1.0333": [-1.56875, -3.115, -0.14],
						"1.0667": [-1.56875, -2.975, 0],
						"1.1333": [-1.56875, -0.675, 0],
						"1.2333": [-1.56875, -0.675, 0],
						"1.3": [-1.5, -4.805, -0.14],
						"1.3667": [1.35, -11.21, 6.47],
						"1.4": [3.29329, -10.9681, 9.2488]
					},
					"scale": 1
				},
				"constraint": {
					"rotation": {
						"0.0": [0.2, 0.1, 0.2],
						"0.2": [0.01, 0.01, 0.04],
						"1.5": [0.01, 0.01, 0.04],
						"1.8667": [0.2, 0.1, 0.2]
					},
					"position": {
						"0.0": [0.2, 0.2, 0.4],
						"0.2": [0.05, 0.05, 0.1],
						"1.5": [0.05, 0.05, 0.1],
						"1.8667": [0.2, 0.2, 0.4]
					}
				}
			},
			"sound_effects": {
				"0.0": {
					"effect": "pgp:all/equip3"
				},
				"0.5": {
					"effect": "pgp:ak117/ak117_mag_out"
				},
				"0.8667": {
					"effect": "pgp:ak117/ak117_mag_in"
				},
				"1.7": {
					"effect": "pgp:all/grab3"
				}
			}
		},
		"reload_empty": {
			"animation_length": 2.4333,
			"bones": {
				"lefthand": {
					"rotation": {
						"0.0": [96.36453, -25.19069, -127.96659],
						"0.0333": [101.5, -26.45, -142.36],
						"0.0667": [95.31, -20.14, -128.72],
						"0.1667": [89.12, -13.83, -115.08],
						"0.2333": [82.93, -7.52, -101.43],
						"0.2667": [79.84, -4.36, -94.61],
						"0.3333": [79.84, -4.36, -94.61],
						"0.4": [79.84, -4.36, -94.61],
						"0.4667": [79.84, -4.36, -94.61],
						"0.5333": [79.84, -4.36, -94.61],
						"0.5667": [79.84, -4.36, -94.61],
						"0.6333": [79.84, -4.36, -94.61],
						"0.7333": [79.84, -4.36, -94.61],
						"0.8333": [79.84, -4.36, -94.61],
						"0.9333": [79.84, -4.36, -94.61],
						"1.0": [79.84, -4.36, -94.61],
						"1.1": [79.84, -4.36, -94.61],
						"1.2": [79.84, -4.36, -94.61],
						"1.2333": [79.84, -4.36, -94.61],
						"1.3333": [108.59, -27.55, -135.68],
						"1.3667": [137.34, -50.75, -176.75],
						"1.4": [108.59, -27.56, -135.68],
						"1.4667": [79.84, -4.36, -94.61],
						"1.5667": [87.8, -12.47, -112.15],
						"1.6333": [95.75, -20.59, -129.69],
						"1.7": [103.71, -28.7, -147.23],
						"1.7333": [96.36453, -25.19069, -127.96659]
					},
					"position": {
						"0.0": [-3.5, -10.1, -15.2],
						"0.0333": [-2.74, -10.95, -13.13],
						"0.0667": [-3.19, -12.3, -12.15],
						"0.1667": [-3.63, -13.65, -11.18],
						"0.2333": [-4.08, -15, -10.21],
						"0.2667": [-4.3, -15.68, -9.72],
						"0.3333": [-4.3, -15.68, -9.72],
						"0.4": [-4.3, -15.68, -9.72],
						"0.4667": [-4.3, -15.68, -9.72],
						"0.5333": [-4.3, -15.68, -9.72],
						"0.5667": [-4.3, -15.68, -9.72],
						"0.6333": [-4.3, -15.68, -9.72],
						"0.7333": [-4.3, -15.68, -9.72],
						"0.8333": [-4.3, -15.68, -9.72],
						"0.9333": [-4.3, -15.68, -9.72],
						"1.0": [-4.3, -15.68, -9.72],
						"1.1": [-4.3, -15.68, -9.72],
						"1.2": [-4.3, -15.68, -9.72],
						"1.2333": [-4.3, -15.68, -9.72],
						"1.3": [-3.89375, -19.23, -9.69625],
						"1.4": [1.04954, -24.5681, -1.90745],
						"1.4667": [1.04954, -24.5681, 0.46755],
						"1.6": [3.4, -16.85, -6.82],
						"1.6667": [0.13, -10.45, -13.595],
						"1.7": [-1.08, -10.03, -13.85],
						"1.7333": [-3.5, -10.1, -15.2]
					},
					"scale": {
						"0.0": [1, 1.5, 1],
						"1.7333": [1, 1.5, 1]
					}
				},
				"righthand": {
					"rotation": [89.49625, 6.99973, -180.06139],
					"position": [3.15, -11.075, -2.225],
					"scale": [1, 1.5, 1]
				},
				"root": {
					"rotation": {
						"0.0": {
							"post": [0, 0, 0],
							"lerp_mode": "catmullrom"
						},
						"0.1333": {
							"post": [-2.99197, -2.34076, -3.81083],
							"lerp_mode": "catmullrom"
						},
						"0.2": {
							"post": [-12.10904, -4.39175, -10.10819],
							"lerp_mode": "catmullrom"
						},
						"0.2667": {
							"post": [-17.51357, -9.66321, -23.07043],
							"lerp_mode": "catmullrom"
						},
						"0.3333": {
							"post": [-20.3588, -16.36981, -27.14874],
							"lerp_mode": "catmullrom"
						},
						"0.5": {
							"post": [-23.26716, -17.08215, -23.80346],
							"lerp_mode": "catmullrom"
						},
						"0.5667": {
							"post": [-22.36077, -18.03393, -25.78227],
							"lerp_mode": "catmullrom"
						},
						"0.6333": {
							"post": [-20.39921, -17.69747, -27.4484],
							"lerp_mode": "catmullrom"
						},
						"0.7333": {
							"post": [-24.45831, -16.97402, -26.10269],
							"lerp_mode": "catmullrom"
						},
						"0.8667": {
							"post": [-12.13794, -24.50182, -42.53876],
							"lerp_mode": "catmullrom"
						},
						"0.9667": {
							"post": [-14.97138, -22.13872, -42.07099],
							"lerp_mode": "catmullrom"
						},
						"1.0667": {
							"post": [-11.63483, -23.79224, -46.39816],
							"lerp_mode": "catmullrom"
						},
						"1.1333": {
							"post": [-14.44197, -21.04158, -38.09453],
							"lerp_mode": "catmullrom"
						},
						"1.2333": {
							"post": [-9.8835, -20.84489, -45.93793],
							"lerp_mode": "catmullrom"
						},
						"1.3667": {
							"post": [-16.37418, -18.52094, -36.68036],
							"lerp_mode": "catmullrom"
						},
						"1.5": {
							"post": [-21.83321, -13.69606, -25.00946],
							"lerp_mode": "catmullrom"
						},
						"1.6": {
							"post": [-14.77795, -5.04398, -12.78246],
							"lerp_mode": "catmullrom"
						},
						"1.6667": {
							"post": [-9.07234, -1.20567, 6.00913],
							"lerp_mode": "catmullrom"
						},
						"1.7333": {
							"post": [-2.94771, -1.4232, 3.47003],
							"lerp_mode": "catmullrom"
						},
						"1.7667": {
							"post": [0.57324, -1.68438, -0.35369],
							"lerp_mode": "catmullrom"
						},
						"1.8333": {
							"post": [2.36571, -0.96449, -1.20002],
							"lerp_mode": "catmullrom"
						},
						"1.9": {
							"post": [-0.68568, -0.5291, 0.73627],
							"lerp_mode": "catmullrom"
						},
						"1.9667": {
							"post": [-0.01374, 0.22505, -0.42508],
							"lerp_mode": "catmullrom"
						},
						"2.0333": {
							"post": [0, 0.375, -0.05],
							"lerp_mode": "catmullrom"
						},
						"2.1333": {
							"post": [0, 0, 0],
							"lerp_mode": "catmullrom"
						}
					},
					"position": {
						"0.0": {
							"post": [0, 0, 0],
							"lerp_mode": "catmullrom"
						},
						"0.1333": {
							"post": [-0.4, -0.6, 0.775],
							"lerp_mode": "catmullrom"
						},
						"0.2": {
							"post": [-0.595, -0.05, 0.74],
							"lerp_mode": "catmullrom"
						},
						"0.2667": {
							"post": [-0.79, 1.21, 0.53],
							"lerp_mode": "catmullrom"
						},
						"0.3333": {
							"post": [-0.8, 1.65, 0.38],
							"lerp_mode": "catmullrom"
						},
						"0.4333": {
							"post": [-0.67, 1.79, 0.365],
							"lerp_mode": "catmullrom"
						},
						"0.5": {
							"post": [-0.85, 1.325, 0.105],
							"lerp_mode": "catmullrom"
						},
						"0.5333": {
							"post": [-0.85, 1.3, 0.095],
							"lerp_mode": "catmullrom"
						},
						"0.5667": {
							"post": [-0.695, 1.055, 0.105],
							"lerp_mode": "catmullrom"
						},
						"0.6": {
							"post": [-0.95, 1.61, 0.205],
							"lerp_mode": "catmullrom"
						},
						"0.6333": {
							"post": [-1.04, 1.88, 0.365],
							"lerp_mode": "catmullrom"
						},
						"0.7333": {
							"post": [-1.12, 2.005, 0.255],
							"lerp_mode": "catmullrom"
						},
						"0.9": {
							"post": [-1.39, 1.33125, -0.265],
							"lerp_mode": "catmullrom"
						},
						"1.0": {
							"post": [-1.175, 1.4, -0.265],
							"lerp_mode": "catmullrom"
						},
						"1.0667": {
							"post": [-1.165, 1.37375, -0.265],
							"lerp_mode": "catmullrom"
						},
						"1.1": {
							"post": [-0.88, 0.59, -0.045],
							"lerp_mode": "catmullrom"
						},
						"1.1333": {
							"post": [-0.64, 0.375, 0.085],
							"lerp_mode": "catmullrom"
						},
						"1.2": {
							"post": [-0.92, 0.505, -0.315],
							"lerp_mode": "catmullrom"
						},
						"1.3": {
							"post": [-1.16, 0.37, -0.27],
							"lerp_mode": "catmullrom"
						},
						"1.3667": {
							"post": [-0.905, -0.05, -0.165],
							"lerp_mode": "catmullrom"
						},
						"1.5": {
							"post": [-0.995, -0.055, -0.05],
							"lerp_mode": "catmullrom"
						},
						"1.6": {
							"post": [-0.845, -0.05, -1.415],
							"lerp_mode": "catmullrom"
						},
						"1.6667": {
							"post": [-0.69, -0.77, -1.325],
							"lerp_mode": "catmullrom"
						},
						"1.7333": {
							"post": [-0.265, -1, -1.135],
							"lerp_mode": "catmullrom"
						},
						"1.8": {
							"post": [0.31, -0.73, 0.175],
							"lerp_mode": "catmullrom"
						},
						"1.9333": {
							"post": [0, 0.025, 0.3],
							"lerp_mode": "catmullrom"
						},
						"2.0333": {
							"post": [0, 0, 0.03125],
							"lerp_mode": "catmullrom"
						},
						"2.0667": {
							"post": [0, 0, 0],
							"lerp_mode": "catmullrom"
						}
					}
				},
				"mag_and_lh": {
					"rotation": {
						"0.0": [0, 0, 0],
						"0.3333": [-11.23326, 9.82763, -34.99669],
						"0.4": [-2.465, 8.74208, -9.88199],
						"0.4667": [1.50428, 7.94501, -0.60786],
						"0.5667": [1.50428, 7.94501, -0.60786],
						"0.8667": [-5.96737, -0.62604, -5.96737],
						"0.9333": [-3.99454, -0.20917, -2.99271],
						"0.9667": [-2.67, 0, 0],
						"1.0333": [-1.34, 0, 0],
						"1.0667": [0, 0, 0],
						"1.1333": [0, 0, 0]
					},
					"position": {
						"0.0": [0, 0, 0],
						"0.0667": [2.26, -1.28, 1.67],
						"0.1667": [4.975, -5.29, 4.17],
						"0.2333": [5.06, -9.31, 6.67],
						"0.3667": [4.09025, -5.29931, 1.88763],
						"0.4667": [1.525, 1.3, 0.05],
						"0.5667": [1.525, 1.3, 0.05],
						"0.6667": [1.18, -5.375, 0.53],
						"0.7333": [0.88, -6.14, -0.13],
						"0.8": [0.29, -4.555, -1.18],
						"0.8667": [0.35, -3.025, -0.85],
						"0.9333": [0.225, -2.725, -0.4],
						"0.9667": [0, -2.58, -0.27],
						"1.0333": [0, -2.44, -0.14],
						"1.0667": [0, -2.3, 0],
						"1.1333": [0, 0, 0]
					}
				},
				"mag_and_bullet": {
					"scale": {
						"0.0": [0, 0, 0],
						"0.2333": [0, 0, 0],
						"0.2667": [1, 1, 1]
					}
				},
				"magrelease": {
					"position": {
						"0.4667": [0, 0, 0],
						"0.5": [0.125, 0, 0],
						"0.8": [0.125, 0, 0],
						"0.8333": [0, 0, 0],
						"1.0667": [0, 0, 0],
						"1.1": [0.125, 0, 0],
						"1.1667": [0.125, 0, 0],
						"1.2": [0, 0, 0]
					}
				},
				"bullet": {
					"scale": 1
				},
				"camera": {
					"rotation": {
						"0.0": {
							"post": [0, 0, 0],
							"lerp_mode": "catmullrom"
						},
						"0.1333": {
							"post": [-0.32, 0, -0.125],
							"lerp_mode": "catmullrom"
						},
						"0.3667": {
							"post": [2.1, 0.05, -0.8],
							"lerp_mode": "catmullrom"
						},
						"0.5667": {
							"post": [1.625, 0.1, -0.75],
							"lerp_mode": "catmullrom"
						},
						"0.6333": {
							"post": [2.45, 0.1, 0.04],
							"lerp_mode": "catmullrom"
						},
						"0.7": {
							"post": [2.64, 0.1, 0.175],
							"lerp_mode": "catmullrom"
						},
						"0.8333": {
							"post": [1.81, 0.21, -1.36],
							"lerp_mode": "catmullrom"
						},
						"0.9667": {
							"post": [2.225, 0.35, -0.82],
							"lerp_mode": "catmullrom"
						},
						"1.0667": {
							"post": [1.87, 0.475, -1.6],
							"lerp_mode": "catmullrom"
						},
						"1.1333": {
							"post": [3.06, 0.48, -0.62],
							"lerp_mode": "catmullrom"
						},
						"1.1667": {
							"post": [3.185, 0.475, -0.7],
							"lerp_mode": "catmullrom"
						},
						"1.3": {
							"post": [1.925, 0.44, -1.795],
							"lerp_mode": "catmullrom"
						},
						"1.4333": {
							"post": [2.655, 0.31, -0.975],
							"lerp_mode": "catmullrom"
						},
						"1.5667": {
							"post": [2.35, 0.175, -1.525],
							"lerp_mode": "catmullrom"
						},
						"1.8333": {
							"post": [-0.2, 0, 0.35],
							"lerp_mode": "catmullrom"
						},
						"1.9333": {
							"post": [0.3, 0, -0.375],
							"lerp_mode": "catmullrom"
						},
						"2.0333": {
							"post": [-0.05, 0, 0.1],
							"lerp_mode": "catmullrom"
						},
						"2.1": {
							"post": [0, 0, 0],
							"lerp_mode": "catmullrom"
						}
					}
				},
				"mag_standard2": {
					"position": [0, 0, 0]
				},
				"mag_and_lefthand": {
					"rotation": {
						"0.0": [0, 0, 0],
						"0.3333": [-11.23326, 9.82763, -34.99669],
						"0.4": [-2.465, 8.74208, -9.88199],
						"0.4667": [1.50428, 7.94501, -0.60786],
						"0.5667": [1.50428, 7.94501, -0.60786],
						"0.8667": [-5.96737, -0.62604, -5.96737],
						"0.9333": [-3.99454, -0.20917, -2.99271],
						"0.9667": [-2.67, 0, 0],
						"1.0333": [-1.34, 0, 0],
						"1.0667": [0, 0, 0],
						"1.1333": [0, 0, 0]
					},
					"position": {
						"0.0": [0, 0, 0],
						"0.0667": [2.26, -1.28, 1.67],
						"0.1667": [4.975, -5.29, 4.17],
						"0.2333": [5.06, -9.31, 6.67],
						"0.3667": [4.09025, -5.29931, 1.88763],
						"0.4667": [1.525, 1.3, 0.05],
						"0.5667": [1.525, 1.3, 0.05],
						"0.6667": [1.18, -5.375, 0.53],
						"0.7333": [0.88, -6.14, -0.13],
						"0.8": [0.29, -4.555, -1.18],
						"0.8667": [0.35, -3.025, -0.85],
						"0.9333": [0.225, -2.725, -0.4],
						"0.9667": [0, -2.58, -0.27],
						"1.0333": [0, -2.44, -0.14],
						"1.0667": [0, -2.3, 0],
						"1.1333": [0, 0, 0]
					}
				},
				"additional_magazine": {
					"rotation": {
						"0.5667": [0, 0, 0],
						"0.6333": [0, 0, 0],
						"0.8": [-3.57, 0, 0],
						"0.8667": [-4.97275, -0.52199, -5.97733],
						"1.1333": [-4.97275, -0.52199, -5.97733],
						"1.2333": [0, 0, 0],
						"1.3333": [-9.35922, -0.99971, -29.79397],
						"1.3667": [-47.95125, -15.02338, -63.09321],
						"1.4": [-50.03883, -1.49957, -44.69095]
					},
					"position": {
						"0.5667": [0, 0, 0],
						"0.6333": [0.115, -4.455, 0],
						"0.6667": [-0.38875, -6.05, 0.53],
						"0.7333": [-0.68875, -6.815, -0.13],
						"0.8": [-1.27875, -5.23, -1.18],
						"0.8667": [-1.21875, -3.7, -0.85],
						"0.9333": [-1.34375, -3.4, -0.4],
						"0.9667": [-1.56875, -3.255, -0.27],
						"1.0333": [-1.56875, -3.115, -0.14],
						"1.0667": [-1.56875, -2.975, 0],
						"1.1333": [-1.56875, -0.675, 0],
						"1.2333": [-1.56875, -0.675, 0],
						"1.3": [-1.5, -4.805, -0.14],
						"1.3667": [1.35, -11.21, 6.47],
						"1.4": [3.29329, -10.9681, 9.2488]
					},
					"scale": 1
				},
				"constraint": {
					"rotation": {
						"0.0": [0.2, 0.1, 0.2],
						"0.2": [0.01, 0.01, 0.04],
						"1.5": [0.01, 0.01, 0.04],
						"1.8667": [0.2, 0.1, 0.2]
					},
					"position": {
						"0.0": [0.2, 0.2, 0.4],
						"0.2": [0.05, 0.05, 0.1],
						"1.5": [0.05, 0.05, 0.1],
						"1.8667": [0.2, 0.2, 0.4]
					}
				}
			},
			"sound_effects": {
				"0.0": {
					"effect": "pgp:all/equip3"
				},
				"0.5": {
					"effect": "pgp:ak117/ak117_mag_out"
				},
				"0.8667": {
					"effect": "pgp:ak117/ak117_mag_in"
				},
				"1.7": {
					"effect": "pgp:all/grab3"
				}
			}
		},
		"shoot": {
			"animation_length": 1.1333,
			"bones": {
				"root": {
					"rotation": {
						"0.0": [0, 0, 0],
						"0.0333": [-0.586, 0.022, -0.92],
						"0.0667": [-0.504, 0.013, -0.169],
						"0.1": [-0.273, 0.009, 0.812],
						"0.1333": [-0.014, 0.047, 1.048],
						"0.1667": [0.228, 0.118, 0.927],
						"0.2": [0.343, 0.179, 0.353],
						"0.2333": [0.458, 0.242, -0.221],
						"0.2667": [0.339, 0.226, -0.463],
						"0.3": [0.129, 0.177, -0.515],
						"0.3333": [-0.064, 0.105, -0.246],
						"0.3667": [-0.257, 0.034, 0.024],
						"0.4": [-0.21, -0.019, 0.183],
						"0.4333": [-0.162, -0.071, 0.343],
						"0.4667": [-0.098, -0.04, 0.194],
						"0.5": [-0.034, -0.008, 0.045],
						"0.5333": [0.03, 0.024, -0.104],
						"0.5667": [0.094, 0.056, -0.253],
						"0.6": [0.078, 0.045, -0.164],
						"0.6333": [0.062, 0.034, -0.075],
						"0.6667": [0.047, 0.023, 0.015],
						"0.7": [0.031, 0.011, 0.104],
						"0.7333": [0.022, 0.01, 0.058],
						"0.8": [0.013, 0.009, 0.011],
						"0.9": [0.003, 0.005, -0.103],
						"1.0": [0.002, 0.004, -0.077],
						"1.1333": [0, 0, 0]
					},
					"position": {
						"0.0": [0, 0, 0],
						"0.0333": [0.002, 0.029, 1.064],
						"0.0667": [0.007, 0.059, 0.539],
						"0.1": [0.012, 0.082, 0.258],
						"0.1333": [0, 0.036, 0.272],
						"0.1667": [-0.003, -0.014, 0.11],
						"0.2": [-0.014, -0.034, 0.084],
						"0.2333": [-0.024, -0.055, 0.058],
						"0.2667": [-0.009, -0.03, 0.051],
						"0.3": [0.001, -0.014, 0.042],
						"0.3333": [0.003, 0.004, 0.034],
						"0.3667": [0.016, -0.009, 0.043],
						"0.4": [0.032, 0.003, 0.056],
						"0.4333": [0.048, 0.015, 0.069],
						"0.4667": [0.039, 0.012, 0.057],
						"0.5": [0.03, 0.01, 0.045],
						"0.5333": [0.022, 0.007, 0.034],
						"0.5667": [0.013, 0.004, 0.022],
						"0.6": [-0.003, -0.006, 0.009],
						"0.6333": [-0.005, -0.007, 0.007],
						"0.6667": [-0.007, -0.007, 0.006],
						"0.7": [-0.01, -0.007, 0.005],
						"0.7333": [-0.008, -0.008, 0.005],
						"0.8": [-0.007, -0.008, 0.004],
						"0.9": [-0.003, -0.009, 0.003],
						"1.0": [-0.003, -0.008, 0.003],
						"1.1333": [0, 0, 0]
					}
				},
				"ump45_bolt": {
					"position": {
						"0.0": [0, 0, 0],
						"0.0333": [0, 0, 2.55],
						"0.0667": [0, 0, 0]
					}
				},
				"camera": {
					"rotation": {
						"0.0": [0, 0, 0],
						"0.0333": [0, 0, 0.65],
						"0.0667": [0, 0, -0.37],
						"0.1": [0, 0, 0.41],
						"0.1333": [0, 0, -0.185],
						"0.1667": [0, 0, 0.2],
						"0.2": [0, 0, 0]
					}
				},
				"bolt": {
					"position": {
						"0.0": [0, 0, 0],
						"0.0333": [0, 0, 1.4],
						"0.1": [0, 0, 0],
						"0.1333": [0, 0, 0.325],
						"0.1667": [0, 0, 0]
					}
				},
				"constraint": {
					"rotation": {
						"0.0": [0.2, 0.2, 0.2],
						"0.5333": [0, 0, 0]
					},
					"position": {
						"0.0": [0.2, 0.2, 0.6],
						"0.5333": [0, 0, 0]
					}
				}
			}
		},
		"inspect": {
			"loop": "hold_on_last_frame",
			"animation_length": 5.9333,
			"bones": {
				"lefthand": {
					"rotation": {
						"0.0333": [96.36453, -25.19069, -127.96659],
						"0.2333": [92.81283, -13.73748, -199.4879],
						"1.6333": [92.81283, -13.73748, -199.4879],
						"1.8667": [110.33606, -47.339, -118.06799],
						"3.2333": [110.33606, -47.339, -118.06799],
						"3.3333": [104.02654, -19.46397, -104.93835],
						"3.4333": [103.72356, -15.58058, -103.93265],
						"3.4667": [100.79061, -29.57632, -98.95661],
						"3.5333": [100.40568, -25.64448, -98.12654],
						"3.7": {
							"pre": [127.83924, -24.57024, -196.34434],
							"post": [127.83924, -24.57024, -196.34434],
							"lerp_mode": "catmullrom"
						},
						"3.7333": {
							"post": [139.22643, -29.30303, -220.73254],
							"lerp_mode": "catmullrom"
						},
						"3.8": {
							"post": [171.94743, -62.09569, -264.63653],
							"lerp_mode": "catmullrom"
						},
						"3.8333": [164.59936, -60.36359, -256.20122],
						"3.8667": [150.25129, -58.63149, -247.7659],
						"3.9": [135.02776, -64.45564, -224.22853],
						"3.9667": [103.77316, -58.79998, -189.68643],
						"4.0": [104.25277, -38.29506, -182.56078],
						"4.4": [104.25277, -38.29506, -182.56078],
						"4.4667": [107.58049, -48.72438, -255.72866],
						"4.6": [107.58049, -48.72438, -255.72866],
						"4.7": [92.81283, -13.73748, -199.4879],
						"4.7333": [105.56264, 1.16532, -181.09332],
						"4.8667": [127.9697, -38.98722, -174.54526],
						"4.9667": [117.04226, -19.25844, -154.41602],
						"5.0": [96.36453, -25.19069, -127.96659]
					},
					"position": {
						"0.0333": [-3.5, -10.1, -15.2],
						"0.2333": [5.49834, -15.33703, 3.28397],
						"1.6333": [5.49834, -15.33703, 3.28397],
						"1.8667": [-2.55, -15.87, -11.125],
						"3.2333": [-2.55, -15.87, -11.125],
						"3.3333": [-1.37277, -23.29977, -11.4699],
						"3.4333": [-0.46548, -25.48462, -10.55241],
						"3.4667": [-2.55, -15.62, -12.275],
						"3.5333": [-2.55, -15.62, -12.2],
						"3.6": {
							"pre": [-2.24749, -17.92917, -11.45611],
							"post": [-2.24749, -17.92917, -11.45611],
							"lerp_mode": "catmullrom"
						},
						"3.6333": {
							"post": [1.26561, -16.96702, -13.73218],
							"lerp_mode": "catmullrom"
						},
						"3.6667": {
							"post": [3.09868, -13.32684, -14.63285],
							"lerp_mode": "catmullrom"
						},
						"3.7": {
							"post": [3.7925, -9.67949, -15.14352],
							"lerp_mode": "catmullrom"
						},
						"3.7333": {
							"post": [2.87691, -6.59948, -15.28118],
							"lerp_mode": "catmullrom"
						},
						"3.7667": {
							"post": [0.75531, -5.55288, -15.79777],
							"lerp_mode": "catmullrom"
						},
						"3.8": {
							"post": [-1.475, -5.12, -15.92],
							"lerp_mode": "catmullrom"
						},
						"3.8333": [-1.5, -5.12, -15.795],
						"3.9": [-0.375, -5.12, -14.795],
						"3.9667": [-0.375, -5.12, -14.095],
						"4.0333": [0.11, -5.12, -12.39],
						"4.1": [0.35, -5.12, -12.0325],
						"4.4": [0.35, -5.12, -12.0325],
						"4.4667": [9.175, -5.295, -5.115],
						"4.6": [9.175, -5.295, -5.115],
						"4.7": [5.49834, -15.33703, 3.28397],
						"4.7333": [7.06981, -15.51084, -8.12286],
						"4.8": [4.71572, -15.88151, -10.63592],
						"4.8667": [2.53634, -12.91962, -13.91875],
						"4.9": [1.24048, -10.00095, -16.14842],
						"4.9667": [-3.5, -10.1, -15.2]
					},
					"scale": {
						"0.0": [1, 1.5, 1],
						"0.0333": [1, 1.5, 1],
						"5.0": [1, 1.5, 1]
					}
				},
				"righthand": {
					"rotation": {
						"0.0": [89.49625, 6.99973, -180.06139],
						"0.1333": [97.84, 5.55, -176.23],
						"1.6667": [97.84015, 5.54693, -176.22598],
						"4.7333": [97.84, 5.55, -176.23],
						"5.0333": [89.49625, 6.99973, -180.06139]
					},
					"position": {
						"0.0": [3.15, -11.075, -2.225],
						"0.1333": [3.2, -11.05, -2.2],
						"0.2667": [1.6, -11.05, -2.2],
						"1.5667": [1.6, -11.05, -2.2],
						"1.6667": [3.2, -11.05, -2.2],
						"4.7333": [3.2, -11.05, -2.2],
						"4.9": [2.775, -11.6, -1.475],
						"5.0333": [3.15, -11.075, -2.225]
					},
					"scale": [1, 1.5, 1]
				},
				"root": {
					"rotation": {
						"0.0": {
							"post": [0, 0, 0],
							"lerp_mode": "catmullrom"
						},
						"0.1333": {
							"post": [-5.22636, -6.01449, -4.17379],
							"lerp_mode": "catmullrom"
						},
						"0.2333": {
							"post": [-15.69219, -17.5713, -16.92349],
							"lerp_mode": "catmullrom"
						},
						"0.3667": {
							"post": [-24.4199, -42.34873, -41.09387],
							"lerp_mode": "catmullrom"
						},
						"0.5": {
							"post": [-30.01384, -38.0505, -36.37811],
							"lerp_mode": "catmullrom"
						},
						"0.6333": {
							"post": [-23.42342, -41.3144, -45.33881],
							"lerp_mode": "catmullrom"
						},
						"0.8": {
							"post": [-25.37793, -40.47182, -41.76846],
							"lerp_mode": "catmullrom"
						},
						"1.0667": {
							"post": [-20.80048, -41.10733, -46.24868],
							"lerp_mode": "catmullrom"
						},
						"1.3333": {
							"post": [-22.98, -42.3, -43.96],
							"lerp_mode": "catmullrom"
						},
						"1.4667": {
							"post": [-25.367, -38.59793, -37.64639],
							"lerp_mode": "catmullrom"
						},
						"1.6": {
							"post": [-25.89246, -33.1818, -35.495],
							"lerp_mode": "catmullrom"
						},
						"1.7": {
							"post": [-23.0124, -34.97889, -39.09486],
							"lerp_mode": "catmullrom"
						},
						"1.8": {
							"post": [-25.24298, -30.99978, -31.85204],
							"lerp_mode": "catmullrom"
						},
						"1.9667": {
							"post": [-20.98183, -32.50074, -38.2515],
							"lerp_mode": "catmullrom"
						},
						"2.0333": {
							"post": [-18.38654, -33.50564, -40.10668],
							"lerp_mode": "catmullrom"
						},
						"2.1667": {
							"post": [-18.36829, -30.89538, -39.55558],
							"lerp_mode": "catmullrom"
						},
						"2.3333": {
							"post": [-16.87147, -32.74815, -41.70532],
							"lerp_mode": "catmullrom"
						},
						"2.6": {
							"post": [-18.48404, -32.70769, -40.2962],
							"lerp_mode": "catmullrom"
						},
						"2.8": {
							"post": [-19.66522, -32.31558, -37.98531],
							"lerp_mode": "catmullrom"
						},
						"2.9": {
							"post": [-20.82092, -30.88525, -35.13889],
							"lerp_mode": "catmullrom"
						},
						"3.0667": {
							"post": [-23.01513, -30.14999, -33.01714],
							"lerp_mode": "catmullrom"
						},
						"3.1": {
							"post": [-27.55195, -25.77566, -21.65128],
							"lerp_mode": "catmullrom"
						},
						"3.1333": {
							"post": [-19.97148, -31.49288, -35.52026],
							"lerp_mode": "catmullrom"
						},
						"3.2": {
							"post": [-23.86131, -29.16628, -28.80221],
							"lerp_mode": "catmullrom"
						},
						"3.3": {
							"post": [-21.12876, -31.5863, -35.68044],
							"lerp_mode": "catmullrom"
						},
						"3.4333": {
							"post": [-20.85983, -32.51825, -38.26632],
							"lerp_mode": "catmullrom"
						},
						"3.4667": {
							"post": [-23.88, -30.61, -32.79],
							"lerp_mode": "catmullrom"
						},
						"3.5": {
							"post": [-17.33879, -34.97297, -44.81148],
							"lerp_mode": "catmullrom"
						},
						"3.5667": {
							"post": [-21.01982, -31.98317, -36.23759],
							"lerp_mode": "catmullrom"
						},
						"3.6333": {
							"post": [-23.5815, -25.3015, -20.29383],
							"lerp_mode": "catmullrom"
						},
						"3.7": {
							"post": [-23.81, -9.97, 10.62],
							"lerp_mode": "catmullrom"
						},
						"3.8": {
							"post": [-21.62296, 12.33967, 58.4696],
							"lerp_mode": "catmullrom"
						},
						"3.8667": {
							"post": [-21.93461, 22.2979, 74.97202],
							"lerp_mode": "catmullrom"
						},
						"3.9667": {
							"post": [-16.32708, 28.50364, 93.39608],
							"lerp_mode": "catmullrom"
						},
						"4.0333": {
							"post": [-19.35524, 29.34814, 89.24904],
							"lerp_mode": "catmullrom"
						},
						"4.1333": {
							"post": [-18.3015, 30.63451, 93.49013],
							"lerp_mode": "catmullrom"
						},
						"4.2333": {
							"post": [-17.02498, 32.02222, 96.99898],
							"lerp_mode": "catmullrom"
						},
						"4.4": {
							"post": [-17.96434, 31.12027, 94.23686],
							"lerp_mode": "catmullrom"
						},
						"4.4333": {
							"post": [-17.67043, 30.56445, 86.68757],
							"lerp_mode": "catmullrom"
						},
						"4.5": {
							"post": [-13.76984, 26.55618, 97.4212],
							"lerp_mode": "catmullrom"
						},
						"4.5667": {
							"post": [-12.23284, 19.62553, 94.33405],
							"lerp_mode": "catmullrom"
						},
						"4.6667": {
							"post": [-16.09941, -5.83879, 55.24249],
							"lerp_mode": "catmullrom"
						},
						"4.7667": {
							"post": [-18.94211, -7.45513, 22.49605],
							"lerp_mode": "catmullrom"
						},
						"4.8667": {
							"post": [-15.13018, -4.50949, -8.81857],
							"lerp_mode": "catmullrom"
						},
						"5.0": {
							"post": [-9.57136, 0.05628, -10.1507],
							"lerp_mode": "catmullrom"
						},
						"5.0667": {
							"post": [-7.4049, 1.14141, -12.69338],
							"lerp_mode": "catmullrom"
						},
						"5.2": {
							"post": [-6.04539, -4.88489, -12.10081],
							"lerp_mode": "catmullrom"
						},
						"5.3667": {
							"post": [0.49661, -3.53831, 4.01329],
							"lerp_mode": "catmullrom"
						},
						"5.4667": {
							"post": [0.57, -1.0025, -1.135],
							"lerp_mode": "catmullrom"
						},
						"5.5": {
							"post": [0.925, -0.4625, 2.125],
							"lerp_mode": "catmullrom"
						},
						"5.5667": {
							"post": [0, -0.4625, -1.45],
							"lerp_mode": "catmullrom"
						},
						"5.7": {
							"post": [0.04375, 0.23125, 0.8375],
							"lerp_mode": "catmullrom"
						},
						"5.8333": {
							"post": [0, 0, 0],
							"lerp_mode": "catmullrom"
						}
					},
					"position": {
						"0.0": {
							"post": [0, 0, 0],
							"lerp_mode": "catmullrom"
						},
						"0.1333": {
							"post": [0.2, -1.23, -0.58],
							"lerp_mode": "catmullrom"
						},
						"0.3667": {
							"post": [0.89, 3.67, -2.615],
							"lerp_mode": "catmullrom"
						},
						"0.5": {
							"post": [0.725, 3.175, -2.85],
							"lerp_mode": "catmullrom"
						},
						"0.7333": {
							"post": [0.555, 3.455, -3.3875],
							"lerp_mode": "catmullrom"
						},
						"0.9": {
							"post": [0.5, 3.84625, -3.43],
							"lerp_mode": "catmullrom"
						},
						"1.1": {
							"post": [0.49, 3.48875, -3.47],
							"lerp_mode": "catmullrom"
						},
						"1.3": {
							"post": [0.49, 3.345, -3.53375],
							"lerp_mode": "catmullrom"
						},
						"1.4667": {
							"post": [0.49, 3.2375, -3.3175],
							"lerp_mode": "catmullrom"
						},
						"1.7": {
							"post": [0.115, -0.2, -0.905],
							"lerp_mode": "catmullrom"
						},
						"1.8667": {
							"post": [-0.18, 0.23875, -0.64875],
							"lerp_mode": "catmullrom"
						},
						"1.9667": {
							"post": [-0.305, 0.46125, -0.47],
							"lerp_mode": "catmullrom"
						},
						"2.0333": {
							"post": [-0.44875, 0.61625, -0.46],
							"lerp_mode": "catmullrom"
						},
						"2.1": {
							"post": [-0.54125, 0.8175, -0.48],
							"lerp_mode": "catmullrom"
						},
						"2.2": {
							"post": [-0.47, 0.85625, -0.47],
							"lerp_mode": "catmullrom"
						},
						"2.4": {
							"post": [-0.425, 0.27, -0.51],
							"lerp_mode": "catmullrom"
						},
						"2.5667": {
							"post": [-0.42, 0.05, -0.595],
							"lerp_mode": "catmullrom"
						},
						"2.8": {
							"post": [-0.455, 0.35125, -0.64875],
							"lerp_mode": "catmullrom"
						},
						"2.9667": {
							"post": [-0.5, 0.575, -0.645],
							"lerp_mode": "catmullrom"
						},
						"3.0667": {
							"post": [-0.575, 0.655, -0.645],
							"lerp_mode": "catmullrom"
						},
						"3.1667": {
							"post": [-0.235, -0.435, -0.645],
							"lerp_mode": "catmullrom"
						},
						"3.3333": {
							"post": [-0.62, 0.03, -0.645],
							"lerp_mode": "catmullrom"
						},
						"3.4333": {
							"post": [-0.53, -0.055, -0.645],
							"lerp_mode": "catmullrom"
						},
						"3.5": {
							"post": [0.105, -2.065, -0.73],
							"lerp_mode": "catmullrom"
						},
						"3.6": {
							"post": [0.24, -1.7, -0.97],
							"lerp_mode": "catmullrom"
						},
						"3.7333": {
							"post": [-1.805, -1.445, -1.42],
							"lerp_mode": "catmullrom"
						},
						"3.8667": {
							"post": [-0.405, 1.28, -0.595],
							"lerp_mode": "catmullrom"
						},
						"3.9667": {
							"post": [-0.405, 1.255, -0.595],
							"lerp_mode": "catmullrom"
						},
						"4.1667": {
							"post": [-0.4, 1.56, -0.59],
							"lerp_mode": "catmullrom"
						},
						"4.4": {
							"post": [-0.4, 1.56, -0.59],
							"lerp_mode": "catmullrom"
						},
						"4.4333": {
							"post": [-0.425, 1.29125, -1.515],
							"lerp_mode": "catmullrom"
						},
						"4.5333": {
							"post": [-0.43, 0.18375, -0.84],
							"lerp_mode": "catmullrom"
						},
						"4.6": {
							"post": [-0.77, -0.3425, -1.835],
							"lerp_mode": "catmullrom"
						},
						"4.7": {
							"post": [-1.105, -1.45, -2.085],
							"lerp_mode": "catmullrom"
						},
						"4.8333": {
							"post": [-0.805, -0.045, -1.935],
							"lerp_mode": "catmullrom"
						},
						"4.9667": {
							"post": [-0.18, 0.175, -0.735],
							"lerp_mode": "catmullrom"
						},
						"5.1": {
							"post": [0.12, -1.175, -0.585],
							"lerp_mode": "catmullrom"
						},
						"5.2333": {
							"post": [0.44, -1.3, -2.14],
							"lerp_mode": "catmullrom"
						},
						"5.3667": {
							"post": [-0.075, -1.325, -1.3],
							"lerp_mode": "catmullrom"
						},
						"5.4667": {
							"post": [0, -0.275, 0.425],
							"lerp_mode": "catmullrom"
						},
						"5.5667": {
							"post": [0, 0, -0.35],
							"lerp_mode": "catmullrom"
						},
						"5.7": {
							"post": [0, 0, 0.125],
							"lerp_mode": "catmullrom"
						},
						"5.8667": {
							"post": [0, 0, 0],
							"lerp_mode": "catmullrom"
						}
					}
				},
				"mag_and_lefthand": {
					"rotation": {
						"1.9333": {
							"pre": [0, 0, 0],
							"post": [0, 0, 0],
							"lerp_mode": "catmullrom"
						},
						"2.0667": {
							"post": [0, 0, 0],
							"lerp_mode": "catmullrom"
						},
						"2.1667": {
							"post": [-20.81292, 2.47131, 8.65674],
							"lerp_mode": "catmullrom"
						},
						"2.3": {
							"post": [-24.46302, 0.90196, 11.84588],
							"lerp_mode": "catmullrom"
						},
						"2.4333": {
							"post": [-26.73779, -0.31518, 12.67352],
							"lerp_mode": "catmullrom"
						},
						"2.6": {
							"post": [-26.63286, 0.02736, 14.29958],
							"lerp_mode": "catmullrom"
						},
						"2.7333": {
							"post": [-24.47617, -0.87747, 11.55706],
							"lerp_mode": "catmullrom"
						},
						"2.8667": [-8.99778, 1.54743, 1.77991],
						"2.9333": [-8.99778, 1.54743, 1.77991],
						"3.0": [-3.99757, 0.13948, 1.99513],
						"3.0667": [0, 0, 0],
						"3.1": [0, 0, 0]
					},
					"position": {
						"1.9333": {
							"pre": [0, 0, 0],
							"post": [0, 0, 0],
							"lerp_mode": "catmullrom"
						},
						"2.0667": {
							"post": [0, -2.775, 0],
							"lerp_mode": "catmullrom"
						},
						"2.1667": {
							"post": [0.45, -3.25, -0.75],
							"lerp_mode": "catmullrom"
						},
						"2.3": {
							"post": [0.2, -3.325, -1.1],
							"lerp_mode": "catmullrom"
						},
						"2.4333": {
							"post": [0.2, -3.47, -1.1625],
							"lerp_mode": "catmullrom"
						},
						"2.7333": {
							"post": [0.2, -3.325, -1.1],
							"lerp_mode": "catmullrom"
						},
						"2.8667": [-0.025, -3.25, -0.3],
						"2.9333": [-0.025, -3.425, -0.3],
						"3.0": [0, -3.225, -0.10625],
						"3.0667": [0, -2.9625, 0],
						"3.1": [0, 0, 0]
					}
				},
				"pull_handle": {
					"position": {
						"3.9667": [0, 0, 0],
						"4.0333": [0, 0, 1.5],
						"4.1": [0, 0, 1.975],
						"4.4": [0, 0, 1.975],
						"4.4333": [0, 0, 0]
					}
				},
				"rotate": {
					"rotation": {
						"3.8333": [0, 0, 0],
						"3.9333": [0, -90, 0],
						"4.4": [0, -90, 0],
						"4.4667": [0, 7, 0],
						"4.5333": [0, -4.5, 0],
						"4.6": [0, 0.25, 0],
						"4.6667": [0, 0, 0]
					}
				},
				"bullet": {
					"scale": 0
				},
				"additional_magazine": {
					"scale": 0
				},
				"mag_release": {
					"rotation": {
						"1.8333": [0, 0, 0],
						"1.9": [-25, 0, 0],
						"1.9667": [-25, 0, 0],
						"2.0333": [0, 0, 0],
						"3.0667": [0, 0, 0],
						"3.1": [-25, 0, 0],
						"3.1333": [-25, 0, 0],
						"3.1667": [0, 0, 0]
					}
				},
				"bolt": {
					"position": {
						"3.9667": [0, 0, 0],
						"4.0333": [0, 0, 1.5],
						"4.1": [0, 0, 1.975],
						"4.4": [0, 0, 1.975],
						"4.4333": [0, 0, 0]
					}
				},
				"camera": {
					"rotation": {
						"0.0": {
							"post": [0, 0, 0],
							"lerp_mode": "catmullrom"
						},
						"0.1667": {
							"post": [0.255, 0.175, -0.075],
							"lerp_mode": "catmullrom"
						},
						"0.3667": {
							"post": [2.85, 0.94, -0.37],
							"lerp_mode": "catmullrom"
						},
						"0.5": {
							"post": [4.475, 1.4, -0.5],
							"lerp_mode": "catmullrom"
						},
						"0.6": {
							"post": [5.14, 1.56, -0.08],
							"lerp_mode": "catmullrom"
						},
						"0.7333": {
							"post": [4.89, 1.64, -1.135],
							"lerp_mode": "catmullrom"
						},
						"0.8667": {
							"post": [4.55, 1.675, -0.55],
							"lerp_mode": "catmullrom"
						},
						"1.0667": {
							"post": [4.54, 1.6, -0.725],
							"lerp_mode": "catmullrom"
						},
						"1.3667": {
							"post": [4.205, 1.4, -0.5],
							"lerp_mode": "catmullrom"
						},
						"1.5333": {
							"post": [2.66, 1.12, -1.235],
							"lerp_mode": "catmullrom"
						},
						"1.7": {
							"post": [1.1, 0.875, -0.25],
							"lerp_mode": "catmullrom"
						},
						"1.8333": {
							"post": [0.73, 0.88, -0.57],
							"lerp_mode": "catmullrom"
						},
						"2.0333": {
							"post": [0.7, 1.025, -0.2],
							"lerp_mode": "catmullrom"
						},
						"2.1": {
							"post": [1.14, 1.18, -0.865],
							"lerp_mode": "catmullrom"
						},
						"2.2": {
							"post": [2.03, 1.47, -0.515],
							"lerp_mode": "catmullrom"
						},
						"2.3": {
							"post": [2.9, 1.725, -1.05],
							"lerp_mode": "catmullrom"
						},
						"2.4333": {
							"post": [3.15, 1.75, -1],
							"lerp_mode": "catmullrom"
						},
						"2.7667": {
							"post": [3.17, 1.675, -1.225],
							"lerp_mode": "catmullrom"
						},
						"3.0": {
							"post": [1.87, 1.68, -1.505],
							"lerp_mode": "catmullrom"
						},
						"3.0667": {
							"post": [1.53, 1.53, -2.07],
							"lerp_mode": "catmullrom"
						},
						"3.1": {
							"post": [1.9675, 0.90813, -2.46062],
							"lerp_mode": "catmullrom"
						},
						"3.1333": {
							"post": [2.31125, 0.70125, -1.35125],
							"lerp_mode": "catmullrom"
						},
						"3.2": {
							"post": [1.20188, 1.9525, -2.79062],
							"lerp_mode": "catmullrom"
						},
						"3.2667": {
							"post": [1.78875, 1.00813, -1.78625],
							"lerp_mode": "catmullrom"
						},
						"3.3333": {
							"post": [1.28625, 1.43, -2.05938],
							"lerp_mode": "catmullrom"
						},
						"3.4333": {
							"post": [1.57, 1.68, -1.505],
							"lerp_mode": "catmullrom"
						},
						"3.4667": {
							"post": [0.91813, 2.56938, -2.29687],
							"lerp_mode": "catmullrom"
						},
						"3.5333": {
							"post": [1.955, 1.21875, -0.92187],
							"lerp_mode": "catmullrom"
						},
						"3.6333": {
							"post": [1.28875, 1.77875, -1.68],
							"lerp_mode": "catmullrom"
						},
						"3.7": {
							"post": [1.82, 2.105, -1.505],
							"lerp_mode": "catmullrom"
						},
						"3.9333": {
							"post": [3.995, 4.08, 1.37],
							"lerp_mode": "catmullrom"
						},
						"4.2333": {
							"post": [4.725, 4.58, 1.82],
							"lerp_mode": "catmullrom"
						},
						"4.3667": {
							"post": [4.74, 4.61, 1.745],
							"lerp_mode": "catmullrom"
						},
						"4.4": {
							"post": [4.9225, 4.16188, 1.34875],
							"lerp_mode": "catmullrom"
						},
						"4.4333": {
							"post": [5.0325, 3.79313, 1.98063],
							"lerp_mode": "catmullrom"
						},
						"4.5": {
							"post": [4.1525, 3.61625, 0.9375],
							"lerp_mode": "catmullrom"
						},
						"4.5667": {
							"post": [3.92813, 2.43875, 0.78438],
							"lerp_mode": "catmullrom"
						},
						"4.6333": {
							"post": [2.59875, 2.37688, 0.06375],
							"lerp_mode": "catmullrom"
						},
						"4.7667": {
							"post": [1.765, 1.46938, -0.06],
							"lerp_mode": "catmullrom"
						},
						"4.8667": {
							"post": [1.71, 1.22, -0.17],
							"lerp_mode": "catmullrom"
						},
						"5.0": {
							"post": [1.35313, 1.57063, -0.68],
							"lerp_mode": "catmullrom"
						},
						"5.1": {
							"post": [1.43625, 1.49188, -0.65937],
							"lerp_mode": "catmullrom"
						},
						"5.2": {
							"post": [1.675, 0.955, -0.28],
							"lerp_mode": "catmullrom"
						},
						"5.4": {
							"post": [-0.295, 0.35, 0.29],
							"lerp_mode": "catmullrom"
						},
						"5.5333": {
							"post": [0.225, 0, -0.275],
							"lerp_mode": "catmullrom"
						},
						"5.6667": {
							"post": [-0.125, 0, 0.225],
							"lerp_mode": "catmullrom"
						},
						"5.8": {
							"post": [0.075, 0, -0.125],
							"lerp_mode": "catmullrom"
						},
						"5.9333": {
							"post": [0, 0, 0],
							"lerp_mode": "catmullrom"
						}
					}
				}
			},
			"sound_effects": {
				"0.0": {
					"effect": "pgp:all/draw2"
				},
				"2.0": {
					"effect": "pgp:ak117/ak117_mag_out"
				},
				"2.9667": {
					"effect": "pgp:ak117/ak117_mag_in"
				},
				"3.4333": {
					"effect": "pgp:all/grab2"
				},
				"3.9333": {
					"effect": "pgp:sn10/sn10_bolt_end"
				},
				"4.4333": {
					"effect": "tacz:g36k/g36k_inspect_boltback"
				},
				"4.4667": {
					"effect": "tacz:g36k/g36k_inspect_boltrelease"
				},
				"4.5333": {
					"effect": "tacz:g36k/g36k_reload_lift"
				},
				"5.0667": {
					"effect": "pgp:all/unequip2"
				}
			}
		},
		"inspect_empty": {
			"loop": "hold_on_last_frame",
			"animation_length": 5.9333,
			"bones": {
				"lefthand": {
					"rotation": {
						"0.0333": [96.36453, -25.19069, -127.96659],
						"0.2333": [92.81283, -13.73748, -199.4879],
						"1.6333": [92.81283, -13.73748, -199.4879],
						"1.8667": [110.33606, -47.339, -118.06799],
						"3.2333": [110.33606, -47.339, -118.06799],
						"3.3333": [104.02654, -19.46397, -104.93835],
						"3.4333": [103.72356, -15.58058, -103.93265],
						"3.4667": [100.79061, -29.57632, -98.95661],
						"3.5333": [100.40568, -25.64448, -98.12654],
						"3.7": {
							"pre": [127.83924, -24.57024, -196.34434],
							"post": [127.83924, -24.57024, -196.34434],
							"lerp_mode": "catmullrom"
						},
						"3.7333": {
							"post": [139.22643, -29.30303, -220.73254],
							"lerp_mode": "catmullrom"
						},
						"3.8": {
							"post": [171.94743, -62.09569, -264.63653],
							"lerp_mode": "catmullrom"
						},
						"3.8333": [164.59936, -60.36359, -256.20122],
						"3.8667": [150.25129, -58.63149, -247.7659],
						"3.9": [135.02776, -64.45564, -224.22853],
						"3.9667": [103.77316, -58.79998, -189.68643],
						"4.0": [104.25277, -38.29506, -182.56078],
						"4.4": [104.25277, -38.29506, -182.56078],
						"4.4667": [107.58049, -48.72438, -255.72866],
						"4.6": [107.58049, -48.72438, -255.72866],
						"4.7": [92.81283, -13.73748, -199.4879],
						"4.7333": [105.56264, 1.16532, -181.09332],
						"4.8667": [127.9697, -38.98722, -174.54526],
						"4.9667": [117.04226, -19.25844, -154.41602],
						"5.0": [96.36453, -25.19069, -127.96659]
					},
					"position": {
						"0.0333": [-3.5, -10.1, -15.2],
						"0.2333": [5.49834, -15.33703, 3.28397],
						"1.6333": [5.49834, -15.33703, 3.28397],
						"1.8667": [-2.55, -15.87, -11.125],
						"3.2333": [-2.55, -15.87, -11.125],
						"3.3333": [-1.37277, -23.29977, -11.4699],
						"3.4333": [-0.46548, -25.48462, -10.55241],
						"3.4667": [-2.55, -15.62, -12.275],
						"3.5333": [-2.55, -15.62, -12.2],
						"3.6": {
							"pre": [-2.24749, -17.92917, -11.45611],
							"post": [-2.24749, -17.92917, -11.45611],
							"lerp_mode": "catmullrom"
						},
						"3.6333": {
							"post": [1.26561, -16.96702, -13.73218],
							"lerp_mode": "catmullrom"
						},
						"3.6667": {
							"post": [3.09868, -13.32684, -14.63285],
							"lerp_mode": "catmullrom"
						},
						"3.7": {
							"post": [3.7925, -9.67949, -15.14352],
							"lerp_mode": "catmullrom"
						},
						"3.7333": {
							"post": [2.87691, -6.59948, -15.28118],
							"lerp_mode": "catmullrom"
						},
						"3.7667": {
							"post": [0.75531, -5.55288, -15.79777],
							"lerp_mode": "catmullrom"
						},
						"3.8": {
							"post": [-1.475, -5.12, -15.92],
							"lerp_mode": "catmullrom"
						},
						"3.8333": [-1.5, -5.12, -15.795],
						"3.9": [-0.375, -5.12, -14.795],
						"3.9667": [-0.375, -5.12, -14.095],
						"4.0333": [0.11, -5.12, -12.39],
						"4.1": [0.35, -5.12, -12.0325],
						"4.4": [0.35, -5.12, -12.0325],
						"4.4667": [9.175, -5.295, -5.115],
						"4.6": [9.175, -5.295, -5.115],
						"4.7": [5.49834, -15.33703, 3.28397],
						"4.7333": [7.06981, -15.51084, -8.12286],
						"4.8": [4.71572, -15.88151, -10.63592],
						"4.8667": [2.53634, -12.91962, -13.91875],
						"4.9": [1.24048, -10.00095, -16.14842],
						"4.9667": [-3.5, -10.1, -15.2]
					},
					"scale": {
						"0.0": [1, 1.5, 1],
						"0.0333": [1, 1.5, 1],
						"5.0": [1, 1.5, 1]
					}
				},
				"righthand": {
					"rotation": {
						"0.0": [89.49625, 6.99973, -180.06139],
						"0.1333": [97.84, 5.55, -176.23],
						"1.6667": [97.84015, 5.54693, -176.22598],
						"4.7333": [97.84, 5.55, -176.23],
						"5.0333": [89.49625, 6.99973, -180.06139]
					},
					"position": {
						"0.0": [3.15, -11.075, -2.225],
						"0.1333": [3.2, -11.05, -2.2],
						"0.2667": [1.6, -11.05, -2.2],
						"1.5667": [1.6, -11.05, -2.2],
						"1.6667": [3.2, -11.05, -2.2],
						"4.7333": [3.2, -11.05, -2.2],
						"4.9": [2.775, -11.6, -1.475],
						"5.0333": [3.15, -11.075, -2.225]
					},
					"scale": [1, 1.5, 1]
				},
				"root": {
					"rotation": {
						"0.0": {
							"post": [0, 0, 0],
							"lerp_mode": "catmullrom"
						},
						"0.1333": {
							"post": [-5.22636, -6.01449, -4.17379],
							"lerp_mode": "catmullrom"
						},
						"0.2333": {
							"post": [-15.69219, -17.5713, -16.92349],
							"lerp_mode": "catmullrom"
						},
						"0.3667": {
							"post": [-24.4199, -42.34873, -41.09387],
							"lerp_mode": "catmullrom"
						},
						"0.5": {
							"post": [-30.01384, -38.0505, -36.37811],
							"lerp_mode": "catmullrom"
						},
						"0.6333": {
							"post": [-23.42342, -41.3144, -45.33881],
							"lerp_mode": "catmullrom"
						},
						"0.8": {
							"post": [-25.37793, -40.47182, -41.76846],
							"lerp_mode": "catmullrom"
						},
						"1.0667": {
							"post": [-20.80048, -41.10733, -46.24868],
							"lerp_mode": "catmullrom"
						},
						"1.3333": {
							"post": [-22.98, -42.3, -43.96],
							"lerp_mode": "catmullrom"
						},
						"1.4667": {
							"post": [-25.367, -38.59793, -37.64639],
							"lerp_mode": "catmullrom"
						},
						"1.6": {
							"post": [-25.89246, -33.1818, -35.495],
							"lerp_mode": "catmullrom"
						},
						"1.7": {
							"post": [-23.0124, -34.97889, -39.09486],
							"lerp_mode": "catmullrom"
						},
						"1.8": {
							"post": [-25.24298, -30.99978, -31.85204],
							"lerp_mode": "catmullrom"
						},
						"1.9667": {
							"post": [-20.98183, -32.50074, -38.2515],
							"lerp_mode": "catmullrom"
						},
						"2.0333": {
							"post": [-18.38654, -33.50564, -40.10668],
							"lerp_mode": "catmullrom"
						},
						"2.1667": {
							"post": [-18.36829, -30.89538, -39.55558],
							"lerp_mode": "catmullrom"
						},
						"2.3333": {
							"post": [-16.87147, -32.74815, -41.70532],
							"lerp_mode": "catmullrom"
						},
						"2.6": {
							"post": [-18.48404, -32.70769, -40.2962],
							"lerp_mode": "catmullrom"
						},
						"2.8": {
							"post": [-19.66522, -32.31558, -37.98531],
							"lerp_mode": "catmullrom"
						},
						"2.9": {
							"post": [-20.82092, -30.88525, -35.13889],
							"lerp_mode": "catmullrom"
						},
						"3.0667": {
							"post": [-23.01513, -30.14999, -33.01714],
							"lerp_mode": "catmullrom"
						},
						"3.1": {
							"post": [-27.55195, -25.77566, -21.65128],
							"lerp_mode": "catmullrom"
						},
						"3.1333": {
							"post": [-19.97148, -31.49288, -35.52026],
							"lerp_mode": "catmullrom"
						},
						"3.2": {
							"post": [-23.86131, -29.16628, -28.80221],
							"lerp_mode": "catmullrom"
						},
						"3.3": {
							"post": [-21.12876, -31.5863, -35.68044],
							"lerp_mode": "catmullrom"
						},
						"3.4333": {
							"post": [-20.85983, -32.51825, -38.26632],
							"lerp_mode": "catmullrom"
						},
						"3.4667": {
							"post": [-23.88, -30.61, -32.79],
							"lerp_mode": "catmullrom"
						},
						"3.5": {
							"post": [-17.33879, -34.97297, -44.81148],
							"lerp_mode": "catmullrom"
						},
						"3.5667": {
							"post": [-21.01982, -31.98317, -36.23759],
							"lerp_mode": "catmullrom"
						},
						"3.6333": {
							"post": [-23.5815, -25.3015, -20.29383],
							"lerp_mode": "catmullrom"
						},
						"3.7": {
							"post": [-23.81, -9.97, 10.62],
							"lerp_mode": "catmullrom"
						},
						"3.8": {
							"post": [-21.62296, 12.33967, 58.4696],
							"lerp_mode": "catmullrom"
						},
						"3.8667": {
							"post": [-21.93461, 22.2979, 74.97202],
							"lerp_mode": "catmullrom"
						},
						"3.9667": {
							"post": [-16.32708, 28.50364, 93.39608],
							"lerp_mode": "catmullrom"
						},
						"4.0333": {
							"post": [-19.35524, 29.34814, 89.24904],
							"lerp_mode": "catmullrom"
						},
						"4.1333": {
							"post": [-18.3015, 30.63451, 93.49013],
							"lerp_mode": "catmullrom"
						},
						"4.2333": {
							"post": [-17.02498, 32.02222, 96.99898],
							"lerp_mode": "catmullrom"
						},
						"4.4": {
							"post": [-17.96434, 31.12027, 94.23686],
							"lerp_mode": "catmullrom"
						},
						"4.4333": {
							"post": [-17.67043, 30.56445, 86.68757],
							"lerp_mode": "catmullrom"
						},
						"4.5": {
							"post": [-13.76984, 26.55618, 97.4212],
							"lerp_mode": "catmullrom"
						},
						"4.5667": {
							"post": [-12.23284, 19.62553, 94.33405],
							"lerp_mode": "catmullrom"
						},
						"4.6667": {
							"post": [-16.09941, -5.83879, 55.24249],
							"lerp_mode": "catmullrom"
						},
						"4.7667": {
							"post": [-18.94211, -7.45513, 22.49605],
							"lerp_mode": "catmullrom"
						},
						"4.8667": {
							"post": [-15.13018, -4.50949, -8.81857],
							"lerp_mode": "catmullrom"
						},
						"5.0": {
							"post": [-9.57136, 0.05628, -10.1507],
							"lerp_mode": "catmullrom"
						},
						"5.0667": {
							"post": [-7.4049, 1.14141, -12.69338],
							"lerp_mode": "catmullrom"
						},
						"5.2": {
							"post": [-6.04539, -4.88489, -12.10081],
							"lerp_mode": "catmullrom"
						},
						"5.3667": {
							"post": [0.49661, -3.53831, 4.01329],
							"lerp_mode": "catmullrom"
						},
						"5.4667": {
							"post": [0.57, -1.0025, -1.135],
							"lerp_mode": "catmullrom"
						},
						"5.5": {
							"post": [0.925, -0.4625, 2.125],
							"lerp_mode": "catmullrom"
						},
						"5.5667": {
							"post": [0, -0.4625, -1.45],
							"lerp_mode": "catmullrom"
						},
						"5.7": {
							"post": [0.04375, 0.23125, 0.8375],
							"lerp_mode": "catmullrom"
						},
						"5.8333": {
							"post": [0, 0, 0],
							"lerp_mode": "catmullrom"
						}
					},
					"position": {
						"0.0": {
							"post": [0, 0, 0],
							"lerp_mode": "catmullrom"
						},
						"0.1333": {
							"post": [0.2, -1.23, -0.58],
							"lerp_mode": "catmullrom"
						},
						"0.3667": {
							"post": [0.89, 3.67, -2.615],
							"lerp_mode": "catmullrom"
						},
						"0.5": {
							"post": [0.725, 3.175, -2.85],
							"lerp_mode": "catmullrom"
						},
						"0.7333": {
							"post": [0.555, 3.455, -3.3875],
							"lerp_mode": "catmullrom"
						},
						"0.9": {
							"post": [0.5, 3.84625, -3.43],
							"lerp_mode": "catmullrom"
						},
						"1.1": {
							"post": [0.49, 3.48875, -3.47],
							"lerp_mode": "catmullrom"
						},
						"1.3": {
							"post": [0.49, 3.345, -3.53375],
							"lerp_mode": "catmullrom"
						},
						"1.4667": {
							"post": [0.49, 3.2375, -3.3175],
							"lerp_mode": "catmullrom"
						},
						"1.7": {
							"post": [0.115, -0.2, -0.905],
							"lerp_mode": "catmullrom"
						},
						"1.8667": {
							"post": [-0.18, 0.23875, -0.64875],
							"lerp_mode": "catmullrom"
						},
						"1.9667": {
							"post": [-0.305, 0.46125, -0.47],
							"lerp_mode": "catmullrom"
						},
						"2.0333": {
							"post": [-0.44875, 0.61625, -0.46],
							"lerp_mode": "catmullrom"
						},
						"2.1": {
							"post": [-0.54125, 0.8175, -0.48],
							"lerp_mode": "catmullrom"
						},
						"2.2": {
							"post": [-0.47, 0.85625, -0.47],
							"lerp_mode": "catmullrom"
						},
						"2.4": {
							"post": [-0.425, 0.27, -0.51],
							"lerp_mode": "catmullrom"
						},
						"2.5667": {
							"post": [-0.42, 0.05, -0.595],
							"lerp_mode": "catmullrom"
						},
						"2.8": {
							"post": [-0.455, 0.35125, -0.64875],
							"lerp_mode": "catmullrom"
						},
						"2.9667": {
							"post": [-0.5, 0.575, -0.645],
							"lerp_mode": "catmullrom"
						},
						"3.0667": {
							"post": [-0.575, 0.655, -0.645],
							"lerp_mode": "catmullrom"
						},
						"3.1667": {
							"post": [-0.235, -0.435, -0.645],
							"lerp_mode": "catmullrom"
						},
						"3.3333": {
							"post": [-0.62, 0.03, -0.645],
							"lerp_mode": "catmullrom"
						},
						"3.4333": {
							"post": [-0.53, -0.055, -0.645],
							"lerp_mode": "catmullrom"
						},
						"3.5": {
							"post": [0.105, -2.065, -0.73],
							"lerp_mode": "catmullrom"
						},
						"3.6": {
							"post": [0.24, -1.7, -0.97],
							"lerp_mode": "catmullrom"
						},
						"3.7333": {
							"post": [-1.805, -1.445, -1.42],
							"lerp_mode": "catmullrom"
						},
						"3.8667": {
							"post": [-0.405, 1.28, -0.595],
							"lerp_mode": "catmullrom"
						},
						"3.9667": {
							"post": [-0.405, 1.255, -0.595],
							"lerp_mode": "catmullrom"
						},
						"4.1667": {
							"post": [-0.4, 1.56, -0.59],
							"lerp_mode": "catmullrom"
						},
						"4.4": {
							"post": [-0.4, 1.56, -0.59],
							"lerp_mode": "catmullrom"
						},
						"4.4333": {
							"post": [-0.425, 1.29125, -1.515],
							"lerp_mode": "catmullrom"
						},
						"4.5333": {
							"post": [-0.43, 0.18375, -0.84],
							"lerp_mode": "catmullrom"
						},
						"4.6": {
							"post": [-0.77, -0.3425, -1.835],
							"lerp_mode": "catmullrom"
						},
						"4.7": {
							"post": [-1.105, -1.45, -2.085],
							"lerp_mode": "catmullrom"
						},
						"4.8333": {
							"post": [-0.805, -0.045, -1.935],
							"lerp_mode": "catmullrom"
						},
						"4.9667": {
							"post": [-0.18, 0.175, -0.735],
							"lerp_mode": "catmullrom"
						},
						"5.1": {
							"post": [0.12, -1.175, -0.585],
							"lerp_mode": "catmullrom"
						},
						"5.2333": {
							"post": [0.44, -1.3, -2.14],
							"lerp_mode": "catmullrom"
						},
						"5.3667": {
							"post": [-0.075, -1.325, -1.3],
							"lerp_mode": "catmullrom"
						},
						"5.4667": {
							"post": [0, -0.275, 0.425],
							"lerp_mode": "catmullrom"
						},
						"5.5667": {
							"post": [0, 0, -0.35],
							"lerp_mode": "catmullrom"
						},
						"5.7": {
							"post": [0, 0, 0.125],
							"lerp_mode": "catmullrom"
						},
						"5.8667": {
							"post": [0, 0, 0],
							"lerp_mode": "catmullrom"
						}
					}
				},
				"mag_and_lefthand": {
					"rotation": {
						"1.9333": {
							"pre": [0, 0, 0],
							"post": [0, 0, 0],
							"lerp_mode": "catmullrom"
						},
						"2.0667": {
							"post": [0, 0, 0],
							"lerp_mode": "catmullrom"
						},
						"2.1667": {
							"post": [-20.81292, 2.47131, 8.65674],
							"lerp_mode": "catmullrom"
						},
						"2.3": {
							"post": [-24.46302, 0.90196, 11.84588],
							"lerp_mode": "catmullrom"
						},
						"2.4333": {
							"post": [-26.73779, -0.31518, 12.67352],
							"lerp_mode": "catmullrom"
						},
						"2.6": {
							"post": [-26.63286, 0.02736, 14.29958],
							"lerp_mode": "catmullrom"
						},
						"2.7333": {
							"post": [-24.47617, -0.87747, 11.55706],
							"lerp_mode": "catmullrom"
						},
						"2.8667": [-8.99778, 1.54743, 1.77991],
						"2.9333": [-8.99778, 1.54743, 1.77991],
						"3.0": [-3.99757, 0.13948, 1.99513],
						"3.0667": [0, 0, 0],
						"3.1": [0, 0, 0]
					},
					"position": {
						"1.9333": {
							"pre": [0, 0, 0],
							"post": [0, 0, 0],
							"lerp_mode": "catmullrom"
						},
						"2.0667": {
							"post": [0, -2.775, 0],
							"lerp_mode": "catmullrom"
						},
						"2.1667": {
							"post": [0.45, -3.25, -0.75],
							"lerp_mode": "catmullrom"
						},
						"2.3": {
							"post": [0.2, -3.325, -1.1],
							"lerp_mode": "catmullrom"
						},
						"2.4333": {
							"post": [0.2, -3.47, -1.1625],
							"lerp_mode": "catmullrom"
						},
						"2.7333": {
							"post": [0.2, -3.325, -1.1],
							"lerp_mode": "catmullrom"
						},
						"2.8667": [-0.025, -3.25, -0.3],
						"2.9333": [-0.025, -3.425, -0.3],
						"3.0": [0, -3.225, -0.10625],
						"3.0667": [0, -2.9625, 0],
						"3.1": [0, 0, 0]
					}
				},
				"pull_handle": {
					"position": {
						"3.9667": [0, 0, 0],
						"4.0333": [0, 0, 1.5],
						"4.1": [0, 0, 1.975],
						"4.4": [0, 0, 1.975],
						"4.4333": [0, 0, 0]
					}
				},
				"rotate": {
					"rotation": {
						"3.8333": [0, 0, 0],
						"3.9333": [0, -90, 0],
						"4.4": [0, -90, 0],
						"4.4667": [0, 7, 0],
						"4.5333": [0, -4.5, 0],
						"4.6": [0, 0.25, 0],
						"4.6667": [0, 0, 0]
					}
				},
				"bullet": {
					"scale": 0
				},
				"additional_magazine": {
					"scale": 0
				},
				"mag_release": {
					"rotation": {
						"1.8333": [0, 0, 0],
						"1.9": [-25, 0, 0],
						"1.9667": [-25, 0, 0],
						"2.0333": [0, 0, 0],
						"3.0667": [0, 0, 0],
						"3.1": [-25, 0, 0],
						"3.1333": [-25, 0, 0],
						"3.1667": [0, 0, 0]
					}
				},
				"bolt": {
					"position": {
						"3.9667": [0, 0, 0],
						"4.0333": [0, 0, 1.5],
						"4.1": [0, 0, 1.975],
						"4.4": [0, 0, 1.975],
						"4.4333": [0, 0, 0]
					}
				},
				"camera": {
					"rotation": {
						"0.0": {
							"post": [0, 0, 0],
							"lerp_mode": "catmullrom"
						},
						"0.1667": {
							"post": [0.255, 0.175, -0.075],
							"lerp_mode": "catmullrom"
						},
						"0.3667": {
							"post": [2.85, 0.94, -0.37],
							"lerp_mode": "catmullrom"
						},
						"0.5": {
							"post": [4.475, 1.4, -0.5],
							"lerp_mode": "catmullrom"
						},
						"0.6": {
							"post": [5.14, 1.56, -0.08],
							"lerp_mode": "catmullrom"
						},
						"0.7333": {
							"post": [4.89, 1.64, -1.135],
							"lerp_mode": "catmullrom"
						},
						"0.8667": {
							"post": [4.55, 1.675, -0.55],
							"lerp_mode": "catmullrom"
						},
						"1.0667": {
							"post": [4.54, 1.6, -0.725],
							"lerp_mode": "catmullrom"
						},
						"1.3667": {
							"post": [4.205, 1.4, -0.5],
							"lerp_mode": "catmullrom"
						},
						"1.5333": {
							"post": [2.66, 1.12, -1.235],
							"lerp_mode": "catmullrom"
						},
						"1.7": {
							"post": [1.1, 0.875, -0.25],
							"lerp_mode": "catmullrom"
						},
						"1.8333": {
							"post": [0.73, 0.88, -0.57],
							"lerp_mode": "catmullrom"
						},
						"2.0333": {
							"post": [0.7, 1.025, -0.2],
							"lerp_mode": "catmullrom"
						},
						"2.1": {
							"post": [1.14, 1.18, -0.865],
							"lerp_mode": "catmullrom"
						},
						"2.2": {
							"post": [2.03, 1.47, -0.515],
							"lerp_mode": "catmullrom"
						},
						"2.3": {
							"post": [2.9, 1.725, -1.05],
							"lerp_mode": "catmullrom"
						},
						"2.4333": {
							"post": [3.15, 1.75, -1],
							"lerp_mode": "catmullrom"
						},
						"2.7667": {
							"post": [3.17, 1.675, -1.225],
							"lerp_mode": "catmullrom"
						},
						"3.0": {
							"post": [1.87, 1.68, -1.505],
							"lerp_mode": "catmullrom"
						},
						"3.0667": {
							"post": [1.53, 1.53, -2.07],
							"lerp_mode": "catmullrom"
						},
						"3.1": {
							"post": [1.9675, 0.90813, -2.46062],
							"lerp_mode": "catmullrom"
						},
						"3.1333": {
							"post": [2.31125, 0.70125, -1.35125],
							"lerp_mode": "catmullrom"
						},
						"3.2": {
							"post": [1.20188, 1.9525, -2.79062],
							"lerp_mode": "catmullrom"
						},
						"3.2667": {
							"post": [1.78875, 1.00813, -1.78625],
							"lerp_mode": "catmullrom"
						},
						"3.3333": {
							"post": [1.28625, 1.43, -2.05938],
							"lerp_mode": "catmullrom"
						},
						"3.4333": {
							"post": [1.57, 1.68, -1.505],
							"lerp_mode": "catmullrom"
						},
						"3.4667": {
							"post": [0.91813, 2.56938, -2.29687],
							"lerp_mode": "catmullrom"
						},
						"3.5333": {
							"post": [1.955, 1.21875, -0.92187],
							"lerp_mode": "catmullrom"
						},
						"3.6333": {
							"post": [1.28875, 1.77875, -1.68],
							"lerp_mode": "catmullrom"
						},
						"3.7": {
							"post": [1.82, 2.105, -1.505],
							"lerp_mode": "catmullrom"
						},
						"3.9333": {
							"post": [3.995, 4.08, 1.37],
							"lerp_mode": "catmullrom"
						},
						"4.2333": {
							"post": [4.725, 4.58, 1.82],
							"lerp_mode": "catmullrom"
						},
						"4.3667": {
							"post": [4.74, 4.61, 1.745],
							"lerp_mode": "catmullrom"
						},
						"4.4": {
							"post": [4.9225, 4.16188, 1.34875],
							"lerp_mode": "catmullrom"
						},
						"4.4333": {
							"post": [5.0325, 3.79313, 1.98063],
							"lerp_mode": "catmullrom"
						},
						"4.5": {
							"post": [4.1525, 3.61625, 0.9375],
							"lerp_mode": "catmullrom"
						},
						"4.5667": {
							"post": [3.92813, 2.43875, 0.78438],
							"lerp_mode": "catmullrom"
						},
						"4.6333": {
							"post": [2.59875, 2.37688, 0.06375],
							"lerp_mode": "catmullrom"
						},
						"4.7667": {
							"post": [1.765, 1.46938, -0.06],
							"lerp_mode": "catmullrom"
						},
						"4.8667": {
							"post": [1.71, 1.22, -0.17],
							"lerp_mode": "catmullrom"
						},
						"5.0": {
							"post": [1.35313, 1.57063, -0.68],
							"lerp_mode": "catmullrom"
						},
						"5.1": {
							"post": [1.43625, 1.49188, -0.65937],
							"lerp_mode": "catmullrom"
						},
						"5.2": {
							"post": [1.675, 0.955, -0.28],
							"lerp_mode": "catmullrom"
						},
						"5.4": {
							"post": [-0.295, 0.35, 0.29],
							"lerp_mode": "catmullrom"
						},
						"5.5333": {
							"post": [0.225, 0, -0.275],
							"lerp_mode": "catmullrom"
						},
						"5.6667": {
							"post": [-0.125, 0, 0.225],
							"lerp_mode": "catmullrom"
						},
						"5.8": {
							"post": [0.075, 0, -0.125],
							"lerp_mode": "catmullrom"
						},
						"5.9333": {
							"post": [0, 0, 0],
							"lerp_mode": "catmullrom"
						}
					}
				}
			},
			"sound_effects": {
				"0.0": {
					"effect": "pgp:all/draw2"
				},
				"2.0": {
					"effect": "pgp:ak117/ak117_mag_out"
				},
				"2.9667": {
					"effect": "pgp:ak117/ak117_mag_in"
				},
				"3.4333": {
					"effect": "pgp:all/grab2"
				},
				"3.9333": {
					"effect": "pgp:sn10/sn10_bolt_end"
				},
				"4.4333": {
					"effect": "tacz:g36k/g36k_inspect_boltback"
				},
				"4.4667": {
					"effect": "tacz:g36k/g36k_inspect_boltrelease"
				},
				"4.5333": {
					"effect": "tacz:g36k/g36k_reload_lift"
				},
				"5.0667": {
					"effect": "pgp:all/unequip2"
				}
			}
		}
	}
}