{
	"format_version": "1.8.0",
	"animations": {
		"static_idle": {
			"loop": true,
			"bones": {
				"lefthand": {
					"rotation": {
						"0.0": {
							"post": [114.76732, 16.72597, 70.55572],
							"lerp_mode": "catmullrom"
						}
					},
					"position": {
						"0.0": {
							"post": [-3.5, -13, -16],
							"lerp_mode": "catmullrom"
						}
					},
					"scale": {
						"0.0": {
							"post": [1, 1.5, 1],
							"lerp_mode": "catmullrom"
						}
					}
				},
				"constraint": {
					"rotation": [0.2, 0.2, 0.2],
					"position": [0.2, 0.2, 0.2]
				},
				"righthand": {
					"rotation": {
						"0.0": {
							"post": [90, -12.5, 0],
							"lerp_mode": "catmullrom"
						}
					},
					"position": {
						"0.0": {
							"post": [4.43288, -13, -3.95259],
							"lerp_mode": "catmullrom"
						}
					},
					"scale": [1, 1.5, 1]
				}
			}
		},
		"shoot": {
			"animation_length": 1.757,
			"bones": {
				"root": {
					"rotation": {
						"0.0": {
							"post": [0, 0, 0],
							"lerp_mode": "catmullrom"
						},
						"0.05": {
							"post": [-1.3, 0.5, 0.5],
							"lerp_mode": "catmullrom"
						},
						"0.1": {
							"post": [0.5, -0.4, -0.3],
							"lerp_mode": "catmullrom"
						},
						"0.2": {
							"post": [-0.1, 0.3, 0.2],
							"lerp_mode": "catmullrom"
						},
						"0.35": {
							"post": [0.06688, -0.2, -0.06312],
							"lerp_mode": "catmullrom"
						},
						"0.5": {
							"post": [0, 0, 0],
							"lerp_mode": "catmullrom"
						}
					},
					"position": {
						"0.0": {
							"post": [0, 0, 0],
							"lerp_mode": "catmullrom"
						},
						"0.05": {
							"post": [0, -0.1, 1],
							"lerp_mode": "catmullrom"
						},
						"0.1": {
							"post": [-0.13281, 0.06406, 0.91563],
							"lerp_mode": "catmullrom"
						},
						"0.2": {
							"post": [-0.03906, -0.05, -0.03468],
							"lerp_mode": "catmullrom"
						},
						"0.35": {
							"post": [0, 0, -0.02968],
							"lerp_mode": "catmullrom"
						},
						"0.5": {
							"post": [0, 0.0625, 0.02969],
							"lerp_mode": "catmullrom"
						},
						"0.7": {
							"post": [0, 0, 0],
							"lerp_mode": "catmullrom"
						}
					}
				},
				"lightning1": {
					"rotation": {
						"0.1": [0, 0, 0],
						"0.15": [0, 180, 0],
						"0.4": [0, 180, 0],
						"0.45": [0, 0, 0]
					},
					"position": {
						"0.1": [0, 0, 0],
						"0.6": [0, 0, -15]
					},
					"scale": {
						"0.1": [1, 1, 1],
						"0.15": [100, 100, 100],
						"0.4": [100, 100, 100],
						"0.45": [1, 1, 1],
						"0.55": [100, 100, 100],
						"0.6": [1, 1, 1]
					}
				},
				"lightning3": {
					"rotation": {
						"0.25": [0, 0, 0],
						"0.3": [0, 180, 0],
						"0.5": [0, 180, 0],
						"0.6": [0, 0, 0]
					},
					"position": {
						"0.25": [0, 0, -9],
						"0.75": [0, 0, -18]
					},
					"scale": {
						"0.25": [1, 1, 1],
						"0.3": [100, 100, 100],
						"0.55": [100, 100, 100],
						"0.6": [1, 1, 1],
						"0.7": [100, 100, 100],
						"0.75": [1, 1, 1]
					}
				},
				"lightning2": {
					"rotation": {
						"0.15": [0, 0, 0],
						"0.25": [0, 180, 0],
						"0.3": [0, 180, 0],
						"0.4": [0, 0, 0],
						"0.45": [0, 0, 0],
						"0.5": [0, 180, 0],
						"0.6": [0, 180, 0],
						"0.65": [0, 0, 0]
					},
					"scale": {
						"0.15": [1, 1, 1],
						"0.2": [3.2, 3.2, 1],
						"0.45": [3.2, 3.2, 1],
						"0.5": [1, 1, 1],
						"0.6": [3.2, 3.2, 1],
						"0.65": [1, 1, 1]
					}
				},
				"lightning4": {
					"rotation": {
						"0.3": [0, 0, 0],
						"0.4": [0, 180, 0],
						"0.45": [0, 180, 0],
						"0.5": [0, 0, 0],
						"0.6": [0, 0, 0],
						"0.65": [0, 180, 0],
						"0.75": [0, 180, 0],
						"0.8": [0, 0, 0]
					},
					"scale": {
						"0.3": [1, 1, 1],
						"0.35": [3.2, 3.2, 1],
						"0.6": [3.2, 3.2, 1],
						"0.65": [1, 1, 1],
						"0.75": [3.2, 3.2, 1],
						"0.8": [1, 1, 1]
					}
				},
				"lightning6": {
					"rotation": {
						"0.45": [0, 0, 0],
						"0.5": [0, 180, 0],
						"0.6": [0, 180, 0],
						"0.65": [0, 0, 0],
						"0.75": [0, 0, 0],
						"0.8": [0, 180, 0],
						"0.85": [0, 180, 0],
						"0.95": [0, 0, 0]
					},
					"scale": {
						"0.45": [1, 1, 1],
						"0.5": [3.2, 3.2, 1],
						"0.75": [3.2, 3.2, 1],
						"0.8": [1, 1, 1],
						"0.9": [3.2, 3.2, 1],
						"0.95": [1, 1, 1]
					}
				},
				"constraint": {
					"rotation": {
						"0.0": [0.2, 0.3, 0.3],
						"0.05": [0, 0, 0]
					},
					"position": {
						"0.0": [0.2, 0.2, 0.4],
						"0.05": [0, 0, 0]
					}
				},
				"camera": {
					"rotation": {
						"0.0": {
							"post": [0, 0, 0],
							"lerp_mode": "catmullrom"
						},
						"0.05": {
							"post": [0, 0, 2.3],
							"lerp_mode": "catmullrom"
						},
						"0.1": {
							"post": [0, 0, -1.5],
							"lerp_mode": "catmullrom"
						},
						"0.2": {
							"post": [0, 0, 0.6],
							"lerp_mode": "catmullrom"
						},
						"0.3": {
							"post": [0, 0, -0.5],
							"lerp_mode": "catmullrom"
						},
						"0.4": {
							"post": [0, 0, 0.1],
							"lerp_mode": "catmullrom"
						},
						"0.5": {
							"post": [0, 0, -0.1],
							"lerp_mode": "catmullrom"
						},
						"0.6": {
							"post": [0, 0, 0],
							"lerp_mode": "catmullrom"
						}
					}
				}
			}
		},
		"reload_tactical": {
			"animation_length": 2.7083,
			"bones": {
				"root": {
					"rotation": {
						"0.0": {
							"post": [0, 0, 0],
							"lerp_mode": "catmullrom"
						},
						"0.3333": {
							"post": [-21.22656, 0, 31.2],
							"lerp_mode": "catmullrom"
						},
						"0.5": [-21.77, 0, 34.84],
						"0.5833": [-17, 0, 35.43],
						"0.8333": {
							"pre": [-15.76344, 0, 33.7],
							"post": [-15.76344, 0, 33.7],
							"lerp_mode": "catmullrom"
						},
						"1.0417": {
							"post": [-15.55437, 0, 33.68],
							"lerp_mode": "catmullrom"
						},
						"1.2083": {
							"post": [-15.6, 0, 33.83],
							"lerp_mode": "catmullrom"
						},
						"1.3333": {
							"post": [-18.87187, 0.25156, 37.47969],
							"lerp_mode": "catmullrom"
						},
						"1.4583": {
							"post": [-14.7875, 0, 33.03313],
							"lerp_mode": "catmullrom"
						},
						"1.625": {
							"post": [-15.97, 0, 34.04],
							"lerp_mode": "catmullrom"
						},
						"1.8333": {
							"post": [2.72, 0, 10.12],
							"lerp_mode": "catmullrom"
						},
						"1.9583": {
							"post": [0, 0, 0],
							"lerp_mode": "catmullrom"
						}
					},
					"position": {
						"0.0": {
							"post": [0, 0, 0],
							"lerp_mode": "catmullrom"
						},
						"0.125": {
							"post": [2.7, 0, 0.03594],
							"lerp_mode": "catmullrom"
						},
						"0.2083": {
							"post": [2.99375, 0, -0.0625],
							"lerp_mode": "catmullrom"
						},
						"0.375": [3, 0, 0],
						"0.4583": [2.70585, -0.21774, -0.29363],
						"0.5833": [3.09688, 0.07656, 0.04375],
						"0.7083": {
							"pre": [3, 0, 0],
							"post": [3, 0, 0],
							"lerp_mode": "catmullrom"
						},
						"1.0": {
							"post": [3, 0, 0],
							"lerp_mode": "catmullrom"
						},
						"1.125": {
							"post": [3.13281, 0, -0.03906],
							"lerp_mode": "catmullrom"
						},
						"1.25": {
							"post": [3, 0, 0],
							"lerp_mode": "catmullrom"
						},
						"1.2917": {
							"post": [2.9, 0, -0.0625],
							"lerp_mode": "catmullrom"
						},
						"1.375": {
							"post": [3.08259, -0.1867, 0.17174],
							"lerp_mode": "catmullrom"
						},
						"1.4583": {
							"post": [2.9, 0, -0.0625],
							"lerp_mode": "catmullrom"
						},
						"1.7917": {
							"post": [-0.76, 0, -1.81],
							"lerp_mode": "catmullrom"
						},
						"1.9167": {
							"post": [0.1, 0, 0.1],
							"lerp_mode": "catmullrom"
						},
						"2.1667": {
							"post": [0, 0, 0],
							"lerp_mode": "catmullrom"
						}
					}
				},
				"mag_and_lefthand": {
					"rotation": {
						"0.2083": [0, 0, 0],
						"0.2917": [-20, 0, 0],
						"0.375": [-20, 0, 0],
						"0.5417": {
							"pre": [-7.15656, -2.24944, -17.35932],
							"post": [-7.15656, -2.24944, -17.35932],
							"lerp_mode": "catmullrom"
						},
						"0.6667": {
							"post": [-27.62113, -12.19908, -21.99054],
							"lerp_mode": "catmullrom"
						},
						"0.8333": {
							"post": [-27.62113, -12.19908, -21.99054],
							"lerp_mode": "catmullrom"
						},
						"1.0833": {
							"post": [-7.15656, -2.24944, -17.35932],
							"lerp_mode": "catmullrom"
						},
						"1.25": [-40, 0, 0],
						"1.3333": [-40, 0, 0],
						"1.4583": [0, 0, 0]
					},
					"position": {
						"0.2083": [0, 0, 0],
						"0.2917": [0, -0.9, -0.5],
						"0.375": [0, -0.9, -0.5],
						"0.5417": {
							"pre": [-3, -5.33, 4.67],
							"post": [-3, -5.33, 4.67],
							"lerp_mode": "catmullrom"
						},
						"0.75": {
							"post": [-3, -30.2, 26.7],
							"lerp_mode": "catmullrom"
						},
						"0.9167": {
							"post": [-3, -30.2, 26.7],
							"lerp_mode": "catmullrom"
						},
						"1.0833": {
							"post": [-3, -5.33, 4.67],
							"lerp_mode": "catmullrom"
						},
						"1.25": [0, -0.9, -1.2],
						"1.3333": [0, -0.9, -1.2],
						"1.4583": [0, 0, 0]
					}
				},
				"lefthand": {
					"rotation": {
						"0.0": {
							"post": [114.76732, 16.72597, 70.55572],
							"lerp_mode": "catmullrom"
						}
					},
					"position": {
						"0.0": {
							"post": [-3.5, -13, -16],
							"lerp_mode": "catmullrom"
						}
					},
					"scale": {
						"0.0": {
							"post": [1, 1.5, 1],
							"lerp_mode": "catmullrom"
						}
					}
				},
				"righthand": {
					"rotation": {
						"0.0": {
							"post": [90, -12.5, 0],
							"lerp_mode": "catmullrom"
						},
						"0.25": [90, -12.5, 0],
						"1.7083": [90, -12.5, 0],
						"1.9167": {
							"pre": [90, -12.5, 0],
							"post": [90, -12.5, 0],
							"lerp_mode": "catmullrom"
						}
					},
					"position": {
						"0.0": {
							"post": [4.43288, -13, -3.95259],
							"lerp_mode": "catmullrom"
						},
						"0.25": [4.43, -16, -8.95],
						"1.7083": [4.43, -16, -8.95],
						"1.9167": {
							"pre": [4.43288, -13, -3.95259],
							"post": [4.43288, -13, -3.95259],
							"lerp_mode": "catmullrom"
						}
					},
					"scale": {
						"0.0": {
							"post": [1, 1.5, 1],
							"lerp_mode": "catmullrom"
						}
					}
				},
				"camera": {
					"rotation": {
						"0.0": {
							"post": [0, 0, 0],
							"lerp_mode": "catmullrom"
						},
						"0.25": {
							"post": [2.5, -1.1, 0.7],
							"lerp_mode": "catmullrom"
						},
						"0.375": {
							"post": [0.4, 0.5, -1],
							"lerp_mode": "catmullrom"
						},
						"0.5": {
							"post": [3, -0.5, 0.3],
							"lerp_mode": "catmullrom"
						},
						"0.6667": {
							"post": [1.71719, 0, -0.07812],
							"lerp_mode": "catmullrom"
						},
						"0.875": {
							"post": [2.5, 0, 0],
							"lerp_mode": "catmullrom"
						},
						"1.25": {
							"post": [2.5, -1.1, 0.7],
							"lerp_mode": "catmullrom"
						},
						"1.375": {
							"post": [0.4, 0.5, -1],
							"lerp_mode": "catmullrom"
						},
						"1.5": {
							"post": [3, -0.5, 0.3],
							"lerp_mode": "catmullrom"
						},
						"1.6667": {
							"post": [1.71719, 0, -0.07812],
							"lerp_mode": "catmullrom"
						},
						"1.7917": {
							"post": [1.7, 0, 0],
							"lerp_mode": "catmullrom"
						},
						"1.9167": {
							"post": [2.5, -1.1, 0.7],
							"lerp_mode": "catmullrom"
						},
						"2.0833": {
							"post": [0, 0, 0],
							"lerp_mode": "catmullrom"
						},
						"2.2083": {
							"post": [0, 0, 0],
							"lerp_mode": "catmullrom"
						}
					}
				}
			},
			"sound_effects": {
				"0.0": {
					"effect": "pgp:all/equip3"
				},
				"0.25": {
					"effect": "pgp:ak117/ak117_mag_out"
				},
				"1.2917": {
					"effect": "pgp:ak117/ak117_mag_in"
				},
				"1.8333": {
					"effect": "pgp:all/grab3"
				}
			}
		},
		"inspect": {
			"animation_length": 5.0417,
			"bones": {
				"root": {
					"rotation": {
						"0.0": {
							"post": [0, 0, 0],
							"lerp_mode": "catmullrom"
						},
						"0.1667": {
							"post": [-20, -6.25, -2.5],
							"lerp_mode": "catmullrom"
						},
						"0.25": {
							"post": [-31.25, -9.77, -3.91],
							"lerp_mode": "catmullrom"
						},
						"0.3333": {
							"post": [-40, -12.5, -5],
							"lerp_mode": "catmullrom"
						},
						"0.7083": {
							"post": [-40, -12.5, -5],
							"lerp_mode": "catmullrom"
						},
						"0.9167": {
							"post": [-37, -27.5, -2],
							"lerp_mode": "catmullrom"
						},
						"1.0833": {
							"post": [-36.9, -28.8, -2.3],
							"lerp_mode": "catmullrom"
						},
						"1.2083": {
							"post": [-36.9, -28.8, -2.3],
							"lerp_mode": "catmullrom"
						},
						"1.5": {
							"post": [-36.9, -28.8, -2.3],
							"lerp_mode": "catmullrom"
						},
						"1.75": {
							"post": [-52.10008, 13.95716, 44.80117],
							"lerp_mode": "catmullrom"
						},
						"1.9583": {
							"post": [-53.36, 21.28, 54.71],
							"lerp_mode": "catmullrom"
						},
						"2.6667": {
							"post": [-53.22656, 24, 56.2],
							"lerp_mode": "catmullrom"
						},
						"2.8333": [-53.77, 24, 59.84],
						"2.9167": [-49, 24, 60.43],
						"3.1667": {
							"pre": [-47.76344, 24, 58.7],
							"post": [-47.76344, 24, 58.7],
							"lerp_mode": "catmullrom"
						},
						"3.5": {
							"post": [-47.55437, 24, 58.68],
							"lerp_mode": "catmullrom"
						},
						"3.6667": {
							"post": [-47.6, 24, 58.83],
							"lerp_mode": "catmullrom"
						},
						"3.7917": {
							"post": [-50.87187, 24.25156, 62.47969],
							"lerp_mode": "catmullrom"
						},
						"3.9167": {
							"post": [-46.7875, 24, 58.03313],
							"lerp_mode": "catmullrom"
						},
						"4.0417": {
							"post": [-43.5875, 22.4, 51.13],
							"lerp_mode": "catmullrom"
						},
						"4.2917": {
							"post": [-12.77, 1.34, 12.01],
							"lerp_mode": "catmullrom"
						},
						"4.4167": {
							"post": [1.35938, 0, 0],
							"lerp_mode": "catmullrom"
						},
						"4.625": {
							"post": [0, 0, 0],
							"lerp_mode": "catmullrom"
						}
					},
					"position": {
						"0.0": {
							"post": [0, 0, 0],
							"lerp_mode": "catmullrom"
						},
						"0.1667": {
							"post": [0, 1.54531, -1.4],
							"lerp_mode": "catmullrom"
						},
						"0.2917": {
							"post": [0, 0.66875, 0.5],
							"lerp_mode": "catmullrom"
						},
						"0.4167": {
							"post": [0, 1, -0.29375],
							"lerp_mode": "catmullrom"
						},
						"0.7083": {
							"post": [0, 1, -0.2],
							"lerp_mode": "catmullrom"
						},
						"0.9167": {
							"post": [0.02344, 0.96875, -0.19219],
							"lerp_mode": "catmullrom"
						},
						"1.2083": {
							"post": [0, 1, -0.2],
							"lerp_mode": "catmullrom"
						},
						"1.5": {
							"post": [-0.1, 1, -1.04375],
							"lerp_mode": "catmullrom"
						},
						"1.6667": {
							"post": [-1.7, 0.5, -1],
							"lerp_mode": "catmullrom"
						},
						"1.8333": {
							"post": [-1.88651, 0.26337, -0.92715],
							"lerp_mode": "catmullrom"
						},
						"2.0": {
							"post": [-1.9, 0.26094, -1.1],
							"lerp_mode": "catmullrom"
						},
						"2.6667": [-1.9, 0.3, -1.1],
						"2.75": [-2.19415, 0.08226, -1.39363],
						"2.875": [-1.80312, 0.37656, -1.05625],
						"3.0": {
							"pre": [-1.9, 0.3, -1.1],
							"post": [-1.9, 0.3, -1.1],
							"lerp_mode": "catmullrom"
						},
						"3.5": {
							"post": [-1.9, 0, -0.6],
							"lerp_mode": "catmullrom"
						},
						"3.625": {
							"post": [-1.76719, 0, -0.63906],
							"lerp_mode": "catmullrom"
						},
						"3.75": {
							"post": [-1.9, 0, -0.6],
							"lerp_mode": "catmullrom"
						},
						"3.7917": {
							"post": [-2, 0, -0.6625],
							"lerp_mode": "catmullrom"
						},
						"3.875": {
							"post": [-1.81741, -0.1867, -0.42826],
							"lerp_mode": "catmullrom"
						},
						"3.9583": {
							"post": [-2, 0, -0.6625],
							"lerp_mode": "catmullrom"
						},
						"4.2917": {
							"post": [-1.8, 0, -1.3625],
							"lerp_mode": "catmullrom"
						},
						"4.4167": {
							"post": [-0.07, 0.15005, -1.45409],
							"lerp_mode": "catmullrom"
						},
						"4.5417": {
							"post": [-0.13, -0.03906, 0.19375],
							"lerp_mode": "catmullrom"
						},
						"4.75": {
							"post": [0, 0.05469, -0.08594],
							"lerp_mode": "catmullrom"
						},
						"4.9167": {
							"post": [0, 0, 0],
							"lerp_mode": "catmullrom"
						}
					}
				},
				"mag_and_lefthand": {
					"rotation": {
						"0.0": {
							"post": [0, 0, 0],
							"lerp_mode": "catmullrom"
						},
						"2.4583": {
							"post": [0, 0, 0],
							"lerp_mode": "catmullrom"
						},
						"2.625": [0, 0, 0],
						"2.7083": [-20, 0, 0],
						"2.7917": [-20, 0, 0],
						"2.9583": {
							"pre": [-7.26538, 10.15248, -18.92903],
							"post": [-7.26538, 10.15248, -18.92903],
							"lerp_mode": "catmullrom"
						},
						"3.5417": {
							"post": [-7.26538, 10.15248, -18.92903],
							"lerp_mode": "catmullrom"
						},
						"3.7083": [-20, 0, 0],
						"3.7917": [-20, 0, 0],
						"3.875": [0, 0, 0]
					},
					"position": {
						"0.0": {
							"post": [0, 0, 0],
							"lerp_mode": "catmullrom"
						},
						"2.4583": {
							"post": [0, 0, 0],
							"lerp_mode": "catmullrom"
						},
						"2.625": [0, 0, 0],
						"2.7083": [0, -0.9, -0.5],
						"2.7917": [0, -0.9, -0.5],
						"2.9583": {
							"pre": [-2.50825, -4.69224, 1.01362],
							"post": [-2.50825, -4.69224, 1.01362],
							"lerp_mode": "catmullrom"
						},
						"3.5417": {
							"post": [-2.50825, -4.69224, 1.01362],
							"lerp_mode": "catmullrom"
						},
						"3.7083": [0, -0.9, -0.5],
						"3.7917": [0, -0.9, -0.5],
						"3.875": [0, 0, 0]
					}
				},
				"righthand": {
					"rotation": {
						"0.0": [90, -12.5, 0],
						"2.1667": [90, -12.5, 0],
						"2.4583": {
							"pre": [90, -12.5, 0],
							"post": [90, -12.5, 0],
							"lerp_mode": "catmullrom"
						},
						"4.0": {
							"post": [90, -12.5, 0],
							"lerp_mode": "catmullrom"
						},
						"4.3333": [90, -12.5, 0]
					},
					"position": {
						"0.0": [4.43288, -13, -3.95259],
						"2.1667": [4.43288, -13, -3.95259],
						"2.4583": {
							"pre": [4.43, -16, -8.95],
							"post": [4.43, -16, -8.95],
							"lerp_mode": "catmullrom"
						},
						"4.0": {
							"post": [4.43, -16, -8.95],
							"lerp_mode": "catmullrom"
						},
						"4.3333": [4.43288, -13, -3.95259]
					},
					"scale": [1, 1.5, 1]
				},
				"lefthand": {
					"rotation": {
						"0.0": {
							"post": [114.76732, 16.72597, 70.55572],
							"lerp_mode": "catmullrom"
						},
						"0.3333": {
							"post": [89.77, 16.73, 70.56],
							"lerp_mode": "catmullrom"
						},
						"1.4583": {
							"post": [89.77, 16.73, 70.56],
							"lerp_mode": "catmullrom"
						},
						"1.7917": {
							"post": [114.76732, 16.72597, 70.55572],
							"lerp_mode": "catmullrom"
						}
					},
					"position": {
						"0.0": {
							"post": [-3.5, -13, -16],
							"lerp_mode": "catmullrom"
						},
						"0.3333": {
							"post": [3.5, -13, -2],
							"lerp_mode": "catmullrom"
						},
						"1.4583": {
							"post": [3.5, -13, -2],
							"lerp_mode": "catmullrom"
						},
						"1.7917": {
							"post": [-3.5, -13, -16],
							"lerp_mode": "catmullrom"
						}
					},
					"scale": {
						"0.0": {
							"post": [1, 1.5, 1],
							"lerp_mode": "catmullrom"
						}
					}
				},
				"camera": {
					"rotation": {
						"0.0": {
							"post": [0, 0, 0],
							"lerp_mode": "catmullrom"
						},
						"0.2917": {
							"post": [-11.6, 5, -0.8],
							"lerp_mode": "catmullrom"
						},
						"0.5833": {
							"post": [-10, 4, 0],
							"lerp_mode": "catmullrom"
						},
						"0.9583": {
							"post": [-10, 6.5, 0],
							"lerp_mode": "catmullrom"
						},
						"1.625": {
							"post": [-9.1, 6.5, 0.44531],
							"lerp_mode": "catmullrom"
						},
						"1.9583": {
							"post": [-8, -1, -0.17969],
							"lerp_mode": "catmullrom"
						},
						"2.1667": {
							"post": [-7, -1, 0],
							"lerp_mode": "catmullrom"
						},
						"2.5": {
							"post": [-5, -1, 0],
							"lerp_mode": "catmullrom"
						},
						"2.75": {
							"post": [-2.5, -2.1, 0.7],
							"lerp_mode": "catmullrom"
						},
						"2.875": {
							"post": [-4.6, -0.5, -1],
							"lerp_mode": "catmullrom"
						},
						"3.0": {
							"post": [-2, -1.5, 0.3],
							"lerp_mode": "catmullrom"
						},
						"3.1667": {
							"post": [-3.28281, -1, -0.07812],
							"lerp_mode": "catmullrom"
						},
						"3.2917": {
							"post": [-3.5, -1, 0],
							"lerp_mode": "catmullrom"
						},
						"3.7083": {
							"post": [-3.5, -2.1, 0.7],
							"lerp_mode": "catmullrom"
						},
						"3.8333": {
							"post": [-5.6, -0.5, -1],
							"lerp_mode": "catmullrom"
						},
						"3.9583": {
							"post": [-3, -1.5, 0.3],
							"lerp_mode": "catmullrom"
						},
						"4.125": {
							"post": [-3.28281, -1, -0.07812],
							"lerp_mode": "catmullrom"
						},
						"4.25": {
							"post": [-3.3, -1, 0],
							"lerp_mode": "catmullrom"
						},
						"4.375": {
							"post": [-2.5, -2.1, 0.7],
							"lerp_mode": "catmullrom"
						},
						"4.5": {
							"post": [0, 0, 0],
							"lerp_mode": "catmullrom"
						},
						"4.625": {
							"post": [0, 0, 0],
							"lerp_mode": "catmullrom"
						}
					}
				}
			},
			"sound_effects": {
				"0.0": {
					"effect": "pgp:all/equip3"
				},
				"1.5833": {
					"effect": "pgp:all/equip2"
				},
				"2.6667": {
					"effect": "pgp:ak117/ak117_mag_out"
				},
				"3.7083": {
					"effect": "pgp:ak117/ak117_mag_in"
				},
				"4.3333": {
					"effect": "pgp:all/grab2"
				}
			}
		},
		"reload_empty": {
			"animation_length": 2.7083,
			"bones": {
				"root": {
					"rotation": {
						"0.0": {
							"post": [0, 0, 0],
							"lerp_mode": "catmullrom"
						},
						"0.3333": {
							"post": [-21.22656, 0, 31.2],
							"lerp_mode": "catmullrom"
						},
						"0.5": [-21.77, 0, 34.84],
						"0.5833": [-17, 0, 35.43],
						"0.8333": {
							"pre": [-15.76344, 0, 33.7],
							"post": [-15.76344, 0, 33.7],
							"lerp_mode": "catmullrom"
						},
						"1.0417": {
							"post": [-15.55437, 0, 33.68],
							"lerp_mode": "catmullrom"
						},
						"1.2083": {
							"post": [-15.6, 0, 33.83],
							"lerp_mode": "catmullrom"
						},
						"1.3333": {
							"post": [-18.87187, 0.25156, 37.47969],
							"lerp_mode": "catmullrom"
						},
						"1.4583": {
							"post": [-14.7875, 0, 33.03313],
							"lerp_mode": "catmullrom"
						},
						"1.625": {
							"post": [-15.97, 0, 34.04],
							"lerp_mode": "catmullrom"
						},
						"1.8333": {
							"post": [2.72, 0, 10.12],
							"lerp_mode": "catmullrom"
						},
						"1.9583": {
							"post": [0, 0, 0],
							"lerp_mode": "catmullrom"
						}
					},
					"position": {
						"0.0": {
							"post": [0, 0, 0],
							"lerp_mode": "catmullrom"
						},
						"0.125": {
							"post": [2.7, 0, 0.03594],
							"lerp_mode": "catmullrom"
						},
						"0.2083": {
							"post": [2.99375, 0, -0.0625],
							"lerp_mode": "catmullrom"
						},
						"0.375": [3, 0, 0],
						"0.4583": [2.70585, -0.21774, -0.29363],
						"0.5833": [3.09688, 0.07656, 0.04375],
						"0.7083": {
							"pre": [3, 0, 0],
							"post": [3, 0, 0],
							"lerp_mode": "catmullrom"
						},
						"1.0": {
							"post": [3, 0, 0],
							"lerp_mode": "catmullrom"
						},
						"1.125": {
							"post": [3.13281, 0, -0.03906],
							"lerp_mode": "catmullrom"
						},
						"1.25": {
							"post": [3, 0, 0],
							"lerp_mode": "catmullrom"
						},
						"1.2917": {
							"post": [2.9, 0, -0.0625],
							"lerp_mode": "catmullrom"
						},
						"1.375": {
							"post": [3.08259, -0.1867, 0.17174],
							"lerp_mode": "catmullrom"
						},
						"1.4583": {
							"post": [2.9, 0, -0.0625],
							"lerp_mode": "catmullrom"
						},
						"1.7917": {
							"post": [-0.76, 0, -1.81],
							"lerp_mode": "catmullrom"
						},
						"1.9167": {
							"post": [0.1, 0, 0.1],
							"lerp_mode": "catmullrom"
						},
						"2.1667": {
							"post": [0, 0, 0],
							"lerp_mode": "catmullrom"
						}
					}
				},
				"mag_and_lefthand": {
					"rotation": {
						"0.2083": [0, 0, 0],
						"0.2917": [-20, 0, 0],
						"0.375": [-20, 0, 0],
						"0.5417": {
							"pre": [-7.15656, -2.24944, -17.35932],
							"post": [-7.15656, -2.24944, -17.35932],
							"lerp_mode": "catmullrom"
						},
						"0.6667": {
							"post": [-27.62113, -12.19908, -21.99054],
							"lerp_mode": "catmullrom"
						},
						"0.8333": {
							"post": [-27.62113, -12.19908, -21.99054],
							"lerp_mode": "catmullrom"
						},
						"1.0833": {
							"post": [-7.15656, -2.24944, -17.35932],
							"lerp_mode": "catmullrom"
						},
						"1.25": [-40, 0, 0],
						"1.3333": [-40, 0, 0],
						"1.4583": [0, 0, 0]
					},
					"position": {
						"0.2083": [0, 0, 0],
						"0.2917": [0, -0.9, -0.5],
						"0.375": [0, -0.9, -0.5],
						"0.5417": {
							"pre": [-3, -5.33, 4.67],
							"post": [-3, -5.33, 4.67],
							"lerp_mode": "catmullrom"
						},
						"0.75": {
							"post": [-3, -30.2, 26.7],
							"lerp_mode": "catmullrom"
						},
						"0.9167": {
							"post": [-3, -30.2, 26.7],
							"lerp_mode": "catmullrom"
						},
						"1.0833": {
							"post": [-3, -5.33, 4.67],
							"lerp_mode": "catmullrom"
						},
						"1.25": [0, -0.9, -1.2],
						"1.3333": [0, -0.9, -1.2],
						"1.4583": [0, 0, 0]
					}
				},
				"lefthand": {
					"rotation": {
						"0.0": {
							"post": [114.76732, 16.72597, 70.55572],
							"lerp_mode": "catmullrom"
						}
					},
					"position": {
						"0.0": {
							"post": [-3.5, -13, -16],
							"lerp_mode": "catmullrom"
						}
					},
					"scale": {
						"0.0": {
							"post": [1, 1.5, 1],
							"lerp_mode": "catmullrom"
						}
					}
				},
				"righthand": {
					"rotation": {
						"0.0": {
							"post": [90, -12.5, 0],
							"lerp_mode": "catmullrom"
						},
						"0.25": [90, -12.5, 0],
						"1.7083": [90, -12.5, 0],
						"1.9167": {
							"pre": [90, -12.5, 0],
							"post": [90, -12.5, 0],
							"lerp_mode": "catmullrom"
						}
					},
					"position": {
						"0.0": {
							"post": [4.43288, -13, -3.95259],
							"lerp_mode": "catmullrom"
						},
						"0.25": [4.43, -16, -8.95],
						"1.7083": [4.43, -16, -8.95],
						"1.9167": {
							"pre": [4.43288, -13, -3.95259],
							"post": [4.43288, -13, -3.95259],
							"lerp_mode": "catmullrom"
						}
					},
					"scale": {
						"0.0": {
							"post": [1, 1.5, 1],
							"lerp_mode": "catmullrom"
						}
					}
				},
				"camera": {
					"rotation": {
						"0.0": {
							"post": [0, 0, 0],
							"lerp_mode": "catmullrom"
						},
						"0.25": {
							"post": [2.5, -1.1, 0.7],
							"lerp_mode": "catmullrom"
						},
						"0.375": {
							"post": [0.4, 0.5, -1],
							"lerp_mode": "catmullrom"
						},
						"0.5": {
							"post": [3, -0.5, 0.3],
							"lerp_mode": "catmullrom"
						},
						"0.6667": {
							"post": [1.71719, 0, -0.07812],
							"lerp_mode": "catmullrom"
						},
						"0.875": {
							"post": [2.5, 0, 0],
							"lerp_mode": "catmullrom"
						},
						"1.25": {
							"post": [2.5, -1.1, 0.7],
							"lerp_mode": "catmullrom"
						},
						"1.375": {
							"post": [0.4, 0.5, -1],
							"lerp_mode": "catmullrom"
						},
						"1.5": {
							"post": [3, -0.5, 0.3],
							"lerp_mode": "catmullrom"
						},
						"1.6667": {
							"post": [1.71719, 0, -0.07812],
							"lerp_mode": "catmullrom"
						},
						"1.7917": {
							"post": [1.7, 0, 0],
							"lerp_mode": "catmullrom"
						},
						"1.9167": {
							"post": [2.5, -1.1, 0.7],
							"lerp_mode": "catmullrom"
						},
						"2.0833": {
							"post": [0, 0, 0],
							"lerp_mode": "catmullrom"
						},
						"2.2083": {
							"post": [0, 0, 0],
							"lerp_mode": "catmullrom"
						}
					}
				}
			},
			"sound_effects": {
				"0.0": {
					"effect": "pgp:all/equip3"
				},
				"0.25": {
					"effect": "pgp:ak117/ak117_mag_out"
				},
				"1.2917": {
					"effect": "pgp:ak117/ak117_mag_in"
				},
				"1.8333": {
					"effect": "pgp:all/grab3"
				}
			}
		},
		"inspect_empty": {
			"animation_length": 5.0417,
			"bones": {
				"root": {
					"rotation": {
						"0.0": {
							"post": [0, 0, 0],
							"lerp_mode": "catmullrom"
						},
						"0.1667": {
							"post": [-20, -6.25, -2.5],
							"lerp_mode": "catmullrom"
						},
						"0.25": {
							"post": [-31.25, -9.77, -3.91],
							"lerp_mode": "catmullrom"
						},
						"0.3333": {
							"post": [-40, -12.5, -5],
							"lerp_mode": "catmullrom"
						},
						"0.7083": {
							"post": [-40, -12.5, -5],
							"lerp_mode": "catmullrom"
						},
						"0.9167": {
							"post": [-37, -27.5, -2],
							"lerp_mode": "catmullrom"
						},
						"1.0833": {
							"post": [-36.9, -28.8, -2.3],
							"lerp_mode": "catmullrom"
						},
						"1.2083": {
							"post": [-36.9, -28.8, -2.3],
							"lerp_mode": "catmullrom"
						},
						"1.5": {
							"post": [-36.9, -28.8, -2.3],
							"lerp_mode": "catmullrom"
						},
						"1.75": {
							"post": [-52.10008, 13.95716, 44.80117],
							"lerp_mode": "catmullrom"
						},
						"1.9583": {
							"post": [-53.36, 21.28, 54.71],
							"lerp_mode": "catmullrom"
						},
						"2.6667": {
							"post": [-53.22656, 24, 56.2],
							"lerp_mode": "catmullrom"
						},
						"2.8333": [-53.77, 24, 59.84],
						"2.9167": [-49, 24, 60.43],
						"3.1667": {
							"pre": [-47.76344, 24, 58.7],
							"post": [-47.76344, 24, 58.7],
							"lerp_mode": "catmullrom"
						},
						"3.5": {
							"post": [-47.55437, 24, 58.68],
							"lerp_mode": "catmullrom"
						},
						"3.6667": {
							"post": [-47.6, 24, 58.83],
							"lerp_mode": "catmullrom"
						},
						"3.7917": {
							"post": [-50.87187, 24.25156, 62.47969],
							"lerp_mode": "catmullrom"
						},
						"3.9167": {
							"post": [-46.7875, 24, 58.03313],
							"lerp_mode": "catmullrom"
						},
						"4.0417": {
							"post": [-43.5875, 22.4, 51.13],
							"lerp_mode": "catmullrom"
						},
						"4.2917": {
							"post": [-12.77, 1.34, 12.01],
							"lerp_mode": "catmullrom"
						},
						"4.4167": {
							"post": [1.35938, 0, 0],
							"lerp_mode": "catmullrom"
						},
						"4.625": {
							"post": [0, 0, 0],
							"lerp_mode": "catmullrom"
						}
					},
					"position": {
						"0.0": {
							"post": [0, 0, 0],
							"lerp_mode": "catmullrom"
						},
						"0.1667": {
							"post": [0, 1.54531, -1.4],
							"lerp_mode": "catmullrom"
						},
						"0.2917": {
							"post": [0, 0.66875, 0.5],
							"lerp_mode": "catmullrom"
						},
						"0.4167": {
							"post": [0, 1, -0.29375],
							"lerp_mode": "catmullrom"
						},
						"0.7083": {
							"post": [0, 1, -0.2],
							"lerp_mode": "catmullrom"
						},
						"0.9167": {
							"post": [0.02344, 0.96875, -0.19219],
							"lerp_mode": "catmullrom"
						},
						"1.2083": {
							"post": [0, 1, -0.2],
							"lerp_mode": "catmullrom"
						},
						"1.5": {
							"post": [-0.1, 1, -1.04375],
							"lerp_mode": "catmullrom"
						},
						"1.6667": {
							"post": [-1.7, 0.5, -1],
							"lerp_mode": "catmullrom"
						},
						"1.8333": {
							"post": [-1.88651, 0.26337, -0.92715],
							"lerp_mode": "catmullrom"
						},
						"2.0": {
							"post": [-1.9, 0.26094, -1.1],
							"lerp_mode": "catmullrom"
						},
						"2.6667": [-1.9, 0.3, -1.1],
						"2.75": [-2.19415, 0.08226, -1.39363],
						"2.875": [-1.80312, 0.37656, -1.05625],
						"3.0": {
							"pre": [-1.9, 0.3, -1.1],
							"post": [-1.9, 0.3, -1.1],
							"lerp_mode": "catmullrom"
						},
						"3.5": {
							"post": [-1.9, 0, -0.6],
							"lerp_mode": "catmullrom"
						},
						"3.625": {
							"post": [-1.76719, 0, -0.63906],
							"lerp_mode": "catmullrom"
						},
						"3.75": {
							"post": [-1.9, 0, -0.6],
							"lerp_mode": "catmullrom"
						},
						"3.7917": {
							"post": [-2, 0, -0.6625],
							"lerp_mode": "catmullrom"
						},
						"3.875": {
							"post": [-1.81741, -0.1867, -0.42826],
							"lerp_mode": "catmullrom"
						},
						"3.9583": {
							"post": [-2, 0, -0.6625],
							"lerp_mode": "catmullrom"
						},
						"4.2917": {
							"post": [-1.8, 0, -1.3625],
							"lerp_mode": "catmullrom"
						},
						"4.4167": {
							"post": [-0.07, 0.15005, -1.45409],
							"lerp_mode": "catmullrom"
						},
						"4.5417": {
							"post": [-0.13, -0.03906, 0.19375],
							"lerp_mode": "catmullrom"
						},
						"4.75": {
							"post": [0, 0.05469, -0.08594],
							"lerp_mode": "catmullrom"
						},
						"4.9167": {
							"post": [0, 0, 0],
							"lerp_mode": "catmullrom"
						}
					}
				},
				"mag_and_lefthand": {
					"rotation": {
						"0.0": {
							"post": [0, 0, 0],
							"lerp_mode": "catmullrom"
						},
						"2.4583": {
							"post": [0, 0, 0],
							"lerp_mode": "catmullrom"
						},
						"2.625": [0, 0, 0],
						"2.7083": [-20, 0, 0],
						"2.7917": [-20, 0, 0],
						"2.9583": {
							"pre": [-7.26538, 10.15248, -18.92903],
							"post": [-7.26538, 10.15248, -18.92903],
							"lerp_mode": "catmullrom"
						},
						"3.5417": {
							"post": [-7.26538, 10.15248, -18.92903],
							"lerp_mode": "catmullrom"
						},
						"3.7083": [-20, 0, 0],
						"3.7917": [-20, 0, 0],
						"3.875": [0, 0, 0]
					},
					"position": {
						"0.0": {
							"post": [0, 0, 0],
							"lerp_mode": "catmullrom"
						},
						"2.4583": {
							"post": [0, 0, 0],
							"lerp_mode": "catmullrom"
						},
						"2.625": [0, 0, 0],
						"2.7083": [0, -0.9, -0.5],
						"2.7917": [0, -0.9, -0.5],
						"2.9583": {
							"pre": [-2.50825, -4.69224, 1.01362],
							"post": [-2.50825, -4.69224, 1.01362],
							"lerp_mode": "catmullrom"
						},
						"3.5417": {
							"post": [-2.50825, -4.69224, 1.01362],
							"lerp_mode": "catmullrom"
						},
						"3.7083": [0, -0.9, -0.5],
						"3.7917": [0, -0.9, -0.5],
						"3.875": [0, 0, 0]
					}
				},
				"righthand": {
					"rotation": {
						"0.0": [90, -12.5, 0],
						"2.1667": [90, -12.5, 0],
						"2.4583": {
							"pre": [90, -12.5, 0],
							"post": [90, -12.5, 0],
							"lerp_mode": "catmullrom"
						},
						"4.0": {
							"post": [90, -12.5, 0],
							"lerp_mode": "catmullrom"
						},
						"4.3333": [90, -12.5, 0]
					},
					"position": {
						"0.0": [4.43288, -13, -3.95259],
						"2.1667": [4.43288, -13, -3.95259],
						"2.4583": {
							"pre": [4.43, -16, -8.95],
							"post": [4.43, -16, -8.95],
							"lerp_mode": "catmullrom"
						},
						"4.0": {
							"post": [4.43, -16, -8.95],
							"lerp_mode": "catmullrom"
						},
						"4.3333": [4.43288, -13, -3.95259]
					},
					"scale": [1, 1.5, 1]
				},
				"lefthand": {
					"rotation": {
						"0.0": {
							"post": [114.76732, 16.72597, 70.55572],
							"lerp_mode": "catmullrom"
						},
						"0.3333": {
							"post": [89.77, 16.73, 70.56],
							"lerp_mode": "catmullrom"
						},
						"1.4583": {
							"post": [89.77, 16.73, 70.56],
							"lerp_mode": "catmullrom"
						},
						"1.7917": {
							"post": [114.76732, 16.72597, 70.55572],
							"lerp_mode": "catmullrom"
						}
					},
					"position": {
						"0.0": {
							"post": [-3.5, -13, -16],
							"lerp_mode": "catmullrom"
						},
						"0.3333": {
							"post": [3.5, -13, -2],
							"lerp_mode": "catmullrom"
						},
						"1.4583": {
							"post": [3.5, -13, -2],
							"lerp_mode": "catmullrom"
						},
						"1.7917": {
							"post": [-3.5, -13, -16],
							"lerp_mode": "catmullrom"
						}
					},
					"scale": {
						"0.0": {
							"post": [1, 1.5, 1],
							"lerp_mode": "catmullrom"
						}
					}
				},
				"camera": {
					"rotation": {
						"0.0": {
							"post": [0, 0, 0],
							"lerp_mode": "catmullrom"
						},
						"0.2917": {
							"post": [-11.6, 5, -0.8],
							"lerp_mode": "catmullrom"
						},
						"0.5833": {
							"post": [-10, 4, 0],
							"lerp_mode": "catmullrom"
						},
						"0.9583": {
							"post": [-10, 6.5, 0],
							"lerp_mode": "catmullrom"
						},
						"1.625": {
							"post": [-9.1, 6.5, 0.44531],
							"lerp_mode": "catmullrom"
						},
						"1.9583": {
							"post": [-8, -1, -0.17969],
							"lerp_mode": "catmullrom"
						},
						"2.1667": {
							"post": [-7, -1, 0],
							"lerp_mode": "catmullrom"
						},
						"2.5": {
							"post": [-5, -1, 0],
							"lerp_mode": "catmullrom"
						},
						"2.75": {
							"post": [-2.5, -2.1, 0.7],
							"lerp_mode": "catmullrom"
						},
						"2.875": {
							"post": [-4.6, -0.5, -1],
							"lerp_mode": "catmullrom"
						},
						"3.0": {
							"post": [-2, -1.5, 0.3],
							"lerp_mode": "catmullrom"
						},
						"3.1667": {
							"post": [-3.28281, -1, -0.07812],
							"lerp_mode": "catmullrom"
						},
						"3.2917": {
							"post": [-3.5, -1, 0],
							"lerp_mode": "catmullrom"
						},
						"3.7083": {
							"post": [-3.5, -2.1, 0.7],
							"lerp_mode": "catmullrom"
						},
						"3.8333": {
							"post": [-5.6, -0.5, -1],
							"lerp_mode": "catmullrom"
						},
						"3.9583": {
							"post": [-3, -1.5, 0.3],
							"lerp_mode": "catmullrom"
						},
						"4.125": {
							"post": [-3.28281, -1, -0.07812],
							"lerp_mode": "catmullrom"
						},
						"4.25": {
							"post": [-3.3, -1, 0],
							"lerp_mode": "catmullrom"
						},
						"4.375": {
							"post": [-2.5, -2.1, 0.7],
							"lerp_mode": "catmullrom"
						},
						"4.5": {
							"post": [0, 0, 0],
							"lerp_mode": "catmullrom"
						},
						"4.625": {
							"post": [0, 0, 0],
							"lerp_mode": "catmullrom"
						}
					}
				}
			},
			"sound_effects": {
				"0.0": {
					"effect": "pgp:all/equip3"
				},
				"1.5833": {
					"effect": "pgp:all/equip2"
				},
				"2.6667": {
					"effect": "pgp:ak117/ak117_mag_out"
				},
				"3.7083": {
					"effect": "pgp:ak117/ak117_mag_in"
				},
				"4.3333": {
					"effect": "pgp:all/grab2"
				}
			}
		},
		"draw": {
			"animation_length": 1.2048,
			"bones": {
				"root": {
					"rotation": {
						"0.0": {
							"post": [-103.12, 0, 0],
							"lerp_mode": "catmullrom"
						},
						"0.1": {
							"post": [-91.33, -14.34, -0.55],
							"lerp_mode": "catmullrom"
						},
						"0.25": {
							"post": [-76.6, -14.49, -2.98],
							"lerp_mode": "catmullrom"
						},
						"0.35": {
							"post": [-49.98, -8.63, -1.82],
							"lerp_mode": "catmullrom"
						},
						"0.6": {
							"post": [0, 0, 7.5],
							"lerp_mode": "catmullrom"
						},
						"0.7": {
							"post": [3.30992, 0.49018, -1.87167],
							"lerp_mode": "catmullrom"
						},
						"0.85": {
							"post": [0.98628, -0.20008, 1.69645],
							"lerp_mode": "catmullrom"
						},
						"0.95": {
							"post": [0, 0, -0.4],
							"lerp_mode": "catmullrom"
						},
						"1.1": [0, 0, 0]
					},
					"position": {
						"0.0": {
							"post": [-9, -36, 2],
							"lerp_mode": "catmullrom"
						},
						"0.1": {
							"post": [-5.01, -17.52, -3.2],
							"lerp_mode": "catmullrom"
						},
						"0.25": {
							"post": [-2.9, -11.93, -3.99],
							"lerp_mode": "catmullrom"
						},
						"0.4": {
							"post": [-0.25, -2.46, -2.03],
							"lerp_mode": "catmullrom"
						},
						"0.6": {
							"post": [0, -0.6, 0.3],
							"lerp_mode": "catmullrom"
						},
						"0.7": {
							"post": [0, 0.03, 0.4],
							"lerp_mode": "catmullrom"
						},
						"0.85": {
							"post": [0, 0, -0.2],
							"lerp_mode": "catmullrom"
						},
						"0.95": {
							"post": [0, -0.1, -0.18],
							"lerp_mode": "catmullrom"
						},
						"1.15": [0, 0, 0]
					}
				},
				"lefthand": {
					"rotation": {
						"0.0": {
							"post": [114.76732, 16.72597, 70.55572],
							"lerp_mode": "catmullrom"
						}
					},
					"position": {
						"0.0": {
							"post": [-3.5, -13, -16],
							"lerp_mode": "catmullrom"
						}
					},
					"scale": {
						"0.0": {
							"post": [1, 1.5, 1],
							"lerp_mode": "catmullrom"
						}
					}
				},
				"mag_extended_2": {
					"rotation": [0, 0, 0],
					"position": [0, 0, 0]
				},
				"mag_extended_3": {
					"rotation": [0, 0, 0],
					"position": [0, 0, 0]
				},
				"mag_extended_1": {
					"rotation": [0, 0, 0],
					"position": [0, 0, 0]
				},
				"mag_standard": {
					"rotation": [0, 0, 0],
					"position": [0, 0, 0]
				},
				"righthand": {
					"rotation": {
						"0.0": {
							"post": [90, -12.5, 0],
							"lerp_mode": "catmullrom"
						}
					},
					"position": {
						"0.0": {
							"post": [4.43288, -13, -3.95259],
							"lerp_mode": "catmullrom"
						}
					},
					"scale": [1, 1.5, 1]
				},
				"camera": {
					"rotation": {
						"0.0": {
							"post": [0, 0, 0],
							"lerp_mode": "catmullrom"
						},
						"0.1": {
							"post": [-0.3425, 0.59375, 0],
							"lerp_mode": "catmullrom"
						},
						"0.25": {
							"post": [-0.4325, 0.38125, -0.5625],
							"lerp_mode": "catmullrom"
						},
						"0.35": {
							"post": [0.0775, 0, -0.21875],
							"lerp_mode": "catmullrom"
						},
						"0.55": {
							"post": [0.95, -0.25, -0.5625],
							"lerp_mode": "catmullrom"
						},
						"0.8": {
							"post": [-0.05, -0.2575, -0.3125],
							"lerp_mode": "catmullrom"
						},
						"0.95": {
							"post": [-0.2525, 0.4375, 0.25],
							"lerp_mode": "catmullrom"
						},
						"1.15": {
							"post": [0, 0, 0],
							"lerp_mode": "catmullrom"
						}
					}
				}
			},
			"sound_effects": {
				"0.0": {
					"effect": "pgp:all/draw2"
				}
			}
		}
	}
}