{
	"format_version": "1.8.0",
	"animations": {
		"shoot": {
			"loop": true,
			"animation_length": 0.7667,
			"bones": {
				"root": {
					"rotation": {
						"0.0": {
							"post": [0, 0, 0],
							"lerp_mode": "catmullrom"
						},
						"0.0167": {
							"post": [-1.74688, 0, -1.125],
							"lerp_mode": "catmullrom"
						},
						"0.05": {
							"post": [-1.46953, 0, 1.3],
							"lerp_mode": "catmullrom"
						},
						"0.1333": {
							"post": [0.13047, 0, -0.815],
							"lerp_mode": "catmullrom"
						},
						"0.1833": {
							"post": [-0.125, 0, 0.48281],
							"lerp_mode": "catmullrom"
						},
						"0.25": {
							"post": [0.01641, 0.00036, -0.76172],
							"lerp_mode": "catmullrom"
						},
						"0.35": {
							"post": [0.3, 0, 0.175],
							"lerp_mode": "catmullrom"
						},
						"0.45": {
							"post": [0.37485, -0.36189, -0.1543],
							"lerp_mode": "catmullrom"
						},
						"0.5667": {
							"post": [0.24996, -0.05436, 0.27499],
							"lerp_mode": "catmullrom"
						},
						"0.7167": {
							"post": [-0.01, 0, -0.03],
							"lerp_mode": "catmullrom"
						},
						"0.8333": {
							"post": [0, 0, 0],
							"lerp_mode": "catmullrom"
						}
					},
					"position": {
						"0.0": {
							"post": [0, 0, 0],
							"lerp_mode": "catmullrom"
						},
						"0.0167": {
							"post": [0, -0.06875, 1.55234],
							"lerp_mode": "catmullrom"
						},
						"0.1167": {
							"post": [0, -0.05469, 1.39406],
							"lerp_mode": "catmullrom"
						},
						"0.1833": {
							"post": [0, -0.15156, -0.09609],
							"lerp_mode": "catmullrom"
						},
						"0.3": {
							"post": [0, -0.075, 0.05703],
							"lerp_mode": "catmullrom"
						},
						"0.4": {
							"post": [0, -0.06, 0.02],
							"lerp_mode": "catmullrom"
						},
						"0.5167": {
							"post": [0, 0, 0],
							"lerp_mode": "catmullrom"
						},
						"0.6333": {
							"post": [0, 0, 0],
							"lerp_mode": "catmullrom"
						},
						"0.7667": {
							"post": [0, 0, 0],
							"lerp_mode": "catmullrom"
						}
					}
				},
				"bolt": {
					"position": {
						"0.0167": [0, 0, 0],
						"0.05": [0, 0, 5],
						"0.0833": [0, 0, 0],
						"0.1": [0, 0, 0.3],
						"0.1167": [0, 0, 0],
						"0.15": [0, 0, 0.1],
						"0.1833": [0, 0, 0]
					}
				},
				"camera": {
					"rotation": {
						"0.0": {
							"post": [0, 0, 0],
							"lerp_mode": "catmullrom"
						},
						"0.0167": {
							"post": [0, 0, 0],
							"lerp_mode": "catmullrom"
						},
						"0.0333": {
							"post": [0, 0, 1.025],
							"lerp_mode": "catmullrom"
						},
						"0.05": {
							"post": [0, 0, -0.7],
							"lerp_mode": "catmullrom"
						},
						"0.0833": {
							"post": [0, 0, 0.6],
							"lerp_mode": "catmullrom"
						},
						"0.1333": {
							"post": [0, 0, -0.3],
							"lerp_mode": "catmullrom"
						},
						"0.2": {
							"post": [0, 0, 0.35],
							"lerp_mode": "catmullrom"
						},
						"0.2833": {
							"post": [0, 0, -0.15],
							"lerp_mode": "catmullrom"
						},
						"0.3833": {
							"post": [0, 0, 0],
							"lerp_mode": "catmullrom"
						}
					}
				},
				"constraint": {
					"rotation": {
						"0.15": [0.1, 0.1, 0.3],
						"0.2333": [0.05, 0.05, 0.1],
						"0.3333": [0, 0, 0]
					},
					"position": {
						"0.15": [0.15, 0.05, 0.3],
						"0.2333": [0.1, 0, 0.1],
						"0.3333": [0, 0, 0]
					}
				}
			}
		},
		"static_idle": {
			"loop": "hold_on_last_frame",
			"animation_length": 2.2167,
			"bones": {
				"root": {
					"rotation": [0, 0, 0],
					"position": [0, 0, 0]
				},
				"lefthand": {
					"rotation": [110.8284, -23.18397, -149.46516],
					"position": [-3.2, -9.85, -16.39],
					"scale": [1, 1.5, 1]
				},
				"righthand": {
					"rotation": [94.51712, 4.98455, -179.60671],
					"position": [4.29, -10.76, -0.04],
					"scale": [1, 1.5, 1]
				},
				"constraint": {
					"rotation": [0.1, 0.1, 0.2],
					"position": [0.2, -0.2, 0.2]
				}
			}
		},
		"reload_tactical": {
			"loop": "hold_on_last_frame",
			"animation_length": 2.9667,
			"bones": {
				"root": {
					"rotation": {
						"0.0": {
							"post": [0, 0, 0],
							"lerp_mode": "catmullrom"
						},
						"0.1833": {
							"post": [-2.26412, -2.35169, 7.21684],
							"lerp_mode": "catmullrom"
						},
						"0.4": {
							"post": [-14.23793, -4.93109, -22.79979],
							"lerp_mode": "catmullrom"
						},
						"0.4667": {
							"post": [-16.53482, -3.6459, -23.96614],
							"lerp_mode": "catmullrom"
						},
						"0.5833": {
							"post": [-16.91, -3.66, -30.8],
							"lerp_mode": "catmullrom"
						},
						"0.6833": {
							"post": [-10.14083, -5.17498, -38.74657],
							"lerp_mode": "catmullrom"
						},
						"0.7333": {
							"post": [-11.67565, -2.15731, -21.76546],
							"lerp_mode": "catmullrom"
						},
						"0.8": {
							"post": [-7.864, -3.29926, -39.1378],
							"lerp_mode": "catmullrom"
						},
						"0.8667": {
							"post": [-7.08911, -2.08229, -31.92084],
							"lerp_mode": "catmullrom"
						},
						"0.9667": {
							"post": [-9.04833, -6.42392, -39.21647],
							"lerp_mode": "catmullrom"
						},
						"1.0833": {
							"post": [-11.25, -8.885, -36.24],
							"lerp_mode": "catmullrom"
						},
						"1.2167": {
							"post": [-12.76622, -8.97201, -32.25945],
							"lerp_mode": "catmullrom"
						},
						"1.3167": {
							"post": [-15.29964, -12.40362, -35.58487],
							"lerp_mode": "catmullrom"
						},
						"1.4667": {
							"post": [-16.32483, -14.27624, -40.07439],
							"lerp_mode": "catmullrom"
						},
						"1.5833": {
							"post": [-17.19091, -14.27602, -39.01311],
							"lerp_mode": "catmullrom"
						},
						"1.6667": {
							"post": [-14.66168, -16.25191, -49.73576],
							"lerp_mode": "catmullrom"
						},
						"1.7333": {
							"post": [-17.48116, -8.51047, -32.41194],
							"lerp_mode": "catmullrom"
						},
						"1.7833": {
							"post": [-15.69335, -6.29994, -24.23924],
							"lerp_mode": "catmullrom"
						},
						"1.85": {
							"post": [-13.7027, -12.88573, -41.77437],
							"lerp_mode": "catmullrom"
						},
						"1.9333": {
							"post": [-17.85343, -10.50026, -27.34651],
							"lerp_mode": "catmullrom"
						},
						"2.0333": {
							"post": [-14.66665, -9.82207, -24.75916],
							"lerp_mode": "catmullrom"
						},
						"2.1667": {
							"post": [-4.85652, -1.279, -11.96902],
							"lerp_mode": "catmullrom"
						},
						"2.3": {
							"post": [0.31139, 0.58711, 4.61877],
							"lerp_mode": "catmullrom"
						},
						"2.3667": {
							"post": [-0.723, 0.181, -2.187],
							"lerp_mode": "catmullrom"
						},
						"2.45": {
							"post": [-0.113, -0.216, 1.777],
							"lerp_mode": "catmullrom"
						},
						"2.5167": {
							"post": [0.166, -0.183, 0.591],
							"lerp_mode": "catmullrom"
						},
						"2.6": {
							"post": [0.254, 0.034, -0.12],
							"lerp_mode": "catmullrom"
						},
						"2.6667": {
							"post": [0.015, 0.108, 0.13],
							"lerp_mode": "catmullrom"
						},
						"2.9167": {
							"post": [0, 0, 0],
							"lerp_mode": "catmullrom"
						}
					},
					"position": {
						"0.0": {
							"post": [0, 0, 0],
							"lerp_mode": "catmullrom"
						},
						"0.1833": {
							"post": [-0.435, -1.305, 0.88],
							"lerp_mode": "catmullrom"
						},
						"0.4": {
							"post": [-1.775, -0.65, -2.65],
							"lerp_mode": "catmullrom"
						},
						"0.5167": {
							"post": [-1.68, -0.35, -2.97],
							"lerp_mode": "catmullrom"
						},
						"0.7167": {
							"post": [-1.465, -1, -2.02],
							"lerp_mode": "catmullrom"
						},
						"0.7833": {
							"post": [-1.395, -1.54, -1.76],
							"lerp_mode": "catmullrom"
						},
						"0.85": {
							"post": [-1.7, -0.65, -1.69],
							"lerp_mode": "catmullrom"
						},
						"0.9167": {
							"post": [-1.71, -0.61, -1.98],
							"lerp_mode": "catmullrom"
						},
						"1.1167": {
							"post": [-1.695, -1.505, -1.91],
							"lerp_mode": "catmullrom"
						},
						"1.3167": {
							"post": [-1.91, -1.715, -2.19],
							"lerp_mode": "catmullrom"
						},
						"1.4667": {
							"post": [-2.01, -1.115, -1.915],
							"lerp_mode": "catmullrom"
						},
						"1.5667": {
							"post": [-2.1, -0.605, -1.74],
							"lerp_mode": "catmullrom"
						},
						"1.7": {
							"post": [-2.17, -1, -1.04],
							"lerp_mode": "catmullrom"
						},
						"1.7333": {
							"post": [-2.21, -2.395, -3.2],
							"lerp_mode": "catmullrom"
						},
						"1.8333": {
							"post": [-2.625, -1.915, -3.165],
							"lerp_mode": "catmullrom"
						},
						"2.0333": {
							"post": [-1.92, -2.5, -2.325],
							"lerp_mode": "catmullrom"
						},
						"2.2": {
							"post": [-0.53, -1.615, -5.305],
							"lerp_mode": "catmullrom"
						},
						"2.2833": {
							"post": [-0.045, -0.3, -0.875],
							"lerp_mode": "catmullrom"
						},
						"2.35": {
							"post": [0, -0.12, -0.31],
							"lerp_mode": "catmullrom"
						},
						"2.5167": {
							"post": [-0.011, 0.027, 0.093],
							"lerp_mode": "catmullrom"
						},
						"2.6": {
							"post": [-0.002, -0.028, -0.026],
							"lerp_mode": "catmullrom"
						},
						"2.6667": {
							"post": [-0.013, -0.003, -0.034],
							"lerp_mode": "catmullrom"
						},
						"2.8": {
							"post": [-0.01, -0.003, -0.016],
							"lerp_mode": "catmullrom"
						},
						"2.9167": {
							"post": [0, 0, 0],
							"lerp_mode": "catmullrom"
						}
					}
				},
				"mag_and_lefthand": {
					"rotation": {
						"0.55": [0, 0, 0],
						"0.6333": [-11, 0, 0],
						"0.7": [-11, 0, 0],
						"0.75": [-22.0888, -12.19094, -4.41109],
						"0.8": [-29.65431, -9.88915, -12.18294],
						"1.0167": {
							"pre": [21.32601, -3.04179, -15.17948],
							"post": [21.32601, -3.04179, -15.17948],
							"lerp_mode": "catmullrom"
						},
						"1.2": {
							"post": [22.98743, -1.82265, -30.12308],
							"lerp_mode": "catmullrom"
						},
						"1.2667": {
							"post": [22.98743, -1.82265, -30.12308],
							"lerp_mode": "catmullrom"
						},
						"1.3167": [23.11386, 5.7534, -11.30077],
						"1.4833": [-4.82293, 9.9653, -0.83653],
						"1.5333": [-10.96895, 4.47203, -4.40389],
						"1.6": [-25.5, 0, 0],
						"1.6167": [-25.53055, -2.70753, 1.2925],
						"1.7167": [-30.26309, -1.16037, 0.55393],
						"1.7333": [-25.5, 0, 0],
						"1.75": [0, 0, 0],
						"1.7833": [1.75, 0, 0],
						"1.8167": [0, 0, 0]
					},
					"position": {
						"0.55": [0, 0, 0],
						"0.6333": [0, 0, -0.9],
						"0.7": [0, 0, -0.9],
						"0.75": [0.23, -0.62, -2.645],
						"0.8": {
							"pre": [0.75, -2.05, -5.325],
							"post": [0.75, -2.05, -5.325],
							"lerp_mode": "catmullrom"
						},
						"0.9": {
							"post": [1.58, -7.35, -3.04],
							"lerp_mode": "catmullrom"
						},
						"1.1": {
							"post": [3.35, -15.35, 7.7],
							"lerp_mode": "catmullrom"
						},
						"1.2667": {
							"post": [3.35, -11.275, 7.7],
							"lerp_mode": "catmullrom"
						},
						"1.3167": [1.58, -5.865, 1.9],
						"1.4667": [0.6, -0.4, -1.325],
						"1.55": [0.18, -0.24, -1.7],
						"1.6": [-0.25, -0.575, -2.075],
						"1.6833": [-0.25, 0.18, -2.63],
						"1.7333": [-0.25, -0.575, -2.075],
						"1.75": [0, 0, 0],
						"1.7833": [0, 0, 0.15],
						"1.8167": [0, 0, 0]
					}
				},
				"lefthand": {
					"rotation": {
						"0.0667": {
							"pre": [110.8284, -23.18397, -149.46516],
							"post": [110.8284, -23.18397, -149.46516],
							"lerp_mode": "catmullrom"
						},
						"0.3167": {
							"post": [130.69977, -16.20824, -191.42138],
							"lerp_mode": "catmullrom"
						},
						"0.3667": {
							"post": [131.21948, -14.56926, -193.37945],
							"lerp_mode": "catmullrom"
						},
						"1.25": {
							"post": [128.59, -11.85, -192.47],
							"lerp_mode": "catmullrom"
						},
						"1.2667": {
							"post": [148.27594, -4.40635, -181.40731],
							"lerp_mode": "catmullrom"
						},
						"1.8833": {
							"post": [148.27594, -4.40635, -181.40731],
							"lerp_mode": "catmullrom"
						},
						"2.0167": {
							"post": [168.8039, -51.89815, -207.65972],
							"lerp_mode": "catmullrom"
						},
						"2.1667": {
							"post": [114.17895, -37.05924, -156.08735],
							"lerp_mode": "catmullrom"
						},
						"2.2333": {
							"post": [115.91898, -37.16776, -154.40458],
							"lerp_mode": "catmullrom"
						},
						"2.3167": {
							"post": [110.8284, -23.18397, -149.46516],
							"lerp_mode": "catmullrom"
						}
					},
					"position": {
						"0.0667": {
							"pre": [-3.2, -9.85, -16.39],
							"post": [-3.2, -9.85, -16.39],
							"lerp_mode": "catmullrom"
						},
						"0.2": {
							"post": [-3.695, -10.545, -9.7],
							"lerp_mode": "catmullrom"
						},
						"0.3": {
							"post": [-3.55, -11.95, -8.165],
							"lerp_mode": "catmullrom"
						},
						"1.25": {
							"post": [-3.56, -12.1, -7.72],
							"lerp_mode": "catmullrom"
						},
						"1.2833": {
							"post": [-3.145, -14.5, -7.67],
							"lerp_mode": "catmullrom"
						},
						"1.9": {
							"post": [-3.145, -14.5, -7.67],
							"lerp_mode": "catmullrom"
						},
						"2.0833": {
							"post": [-3.29, -10.875, -12.045],
							"lerp_mode": "catmullrom"
						},
						"2.1667": {
							"post": [-3.2, -9.45, -16.465],
							"lerp_mode": "catmullrom"
						},
						"2.25": {
							"post": [-3.2, -9.85, -16.39],
							"lerp_mode": "catmullrom"
						}
					},
					"scale": {
						"0.0": {
							"post": [1, 1.5, 1],
							"lerp_mode": "catmullrom"
						}
					}
				},
				"righthand": {
					"rotation": [94.51712, 4.98455, -179.60671],
					"position": [4.29, -10.76, -0.04],
					"scale": [1, 1.5, 1]
				},
				"camera": {
					"rotation": {
						"0.0": {
							"post": [0, 0, 0],
							"lerp_mode": "catmullrom"
						},
						"0.1833": {
							"post": [-0.925, -0.75, 0.925],
							"lerp_mode": "catmullrom"
						},
						"0.35": {
							"post": [0.175, 0, 0.08],
							"lerp_mode": "catmullrom"
						},
						"0.5": {
							"post": [0, 0.4, -0.315],
							"lerp_mode": "catmullrom"
						},
						"0.6167": {
							"post": [-0.275, 0.15, -0.235],
							"lerp_mode": "catmullrom"
						},
						"0.7167": {
							"post": [-0.125, 0, -0.105],
							"lerp_mode": "catmullrom"
						},
						"0.7833": {
							"post": [-0.675, -0.75, 1.5],
							"lerp_mode": "catmullrom"
						},
						"0.8333": {
							"post": [0.4, 0, -0.575],
							"lerp_mode": "catmullrom"
						},
						"0.9333": {
							"post": [0, 0.3, 0.805],
							"lerp_mode": "catmullrom"
						},
						"1.05": {
							"post": [-0.55, 0, 0.06],
							"lerp_mode": "catmullrom"
						},
						"1.2833": {
							"post": [0.1, -0.3, 0],
							"lerp_mode": "catmullrom"
						},
						"1.5": {
							"post": [0, 0, -0.25],
							"lerp_mode": "catmullrom"
						},
						"1.65": {
							"post": [0.425, -0.4, -0.375],
							"lerp_mode": "catmullrom"
						},
						"1.7333": {
							"post": [-0.25, 0.625, 1.83],
							"lerp_mode": "catmullrom"
						},
						"1.8167": {
							"post": [0.425, -0.55, -0.715],
							"lerp_mode": "catmullrom"
						},
						"1.9": {
							"post": [0.175, 0.25, 0.315],
							"lerp_mode": "catmullrom"
						},
						"1.9833": {
							"post": [-0.1, 0.275, -0.205],
							"lerp_mode": "catmullrom"
						},
						"2.1333": {
							"post": [-0.35, 0.25, -0.425],
							"lerp_mode": "catmullrom"
						},
						"2.3167": {
							"post": [0.15, -0.225, 0.58],
							"lerp_mode": "catmullrom"
						},
						"2.3833": {
							"post": [0.07, -0.14, -0.215],
							"lerp_mode": "catmullrom"
						},
						"2.4667": {
							"post": [-0.1, 0.05, 0.355],
							"lerp_mode": "catmullrom"
						},
						"2.6333": {
							"post": [0, 0, -0.17],
							"lerp_mode": "catmullrom"
						},
						"2.8333": {
							"post": [0, 0, 0],
							"lerp_mode": "catmullrom"
						}
					}
				},
				"mag2": {
					"scale": 0
				},
				"constraint": {
					"rotation": [0.2, 0.2, 0.2],
					"position": [0.2, 0.2, 0.2]
				}
			},
			"sound_effects": {
				"0.0": {
					"effect": "pgp:all/grab5"
				},
				"0.4333": {
					"effect": "pgp:all/mag_out3"
				},
				"1.4833": {
					"effect": "pgp:all/grab7"
				},
				"1.6667": {
					"effect": "pgp:all/mag_in4"
				},
				"2.3833": {
					"effect": "pgp:all/grab11"
				}
			}
		},
		"reload_empty": {
			"loop": "hold_on_last_frame",
			"animation_length": 3.6,
			"bones": {
				"root": {
					"rotation": {
						"0.0": {
							"post": [0, 0, 0],
							"lerp_mode": "catmullrom"
						},
						"0.1667": {
							"post": [0.42307, -5.34754, -1.36457],
							"lerp_mode": "catmullrom"
						},
						"0.3167": {
							"post": [-11.14, -13.44, -25.03],
							"lerp_mode": "catmullrom"
						},
						"0.4": {
							"post": [-15.08366, -17.65627, -34.86189],
							"lerp_mode": "catmullrom"
						},
						"0.5": {
							"post": [-16.92496, -17.46659, -30.29575],
							"lerp_mode": "catmullrom"
						},
						"0.6": {
							"post": [-10.61035, -15.01596, -37.99275],
							"lerp_mode": "catmullrom"
						},
						"0.7": {
							"post": [-4.14456, -17.71503, -59.86003],
							"lerp_mode": "catmullrom"
						},
						"0.7667": {
							"post": [-12.01578, -15.28278, -29.1182],
							"lerp_mode": "catmullrom"
						},
						"0.8": {
							"post": [-11.77095, -13.75481, -21.81547],
							"lerp_mode": "catmullrom"
						},
						"0.85": {
							"post": [-7.82415, -16.62415, -36.26424],
							"lerp_mode": "catmullrom"
						},
						"0.95": {
							"post": [-7.71186, -17.79719, -42.138],
							"lerp_mode": "catmullrom"
						},
						"1.1": {
							"post": [-17.06125, -16.1997, -25.52654],
							"lerp_mode": "catmullrom"
						},
						"1.2333": {
							"post": [-16.956, -19.79823, -32.74419],
							"lerp_mode": "catmullrom"
						},
						"1.3167": {
							"post": [-15.706, -19.79823, -32.74419],
							"lerp_mode": "catmullrom"
						},
						"1.3667": {
							"post": [-16.61568, -18.68347, -27.95857],
							"lerp_mode": "catmullrom"
						},
						"1.4667": {
							"post": [-11.01123, -21.90513, -40.38918],
							"lerp_mode": "catmullrom"
						},
						"1.5": {
							"post": [-8.96238, -20.22444, -44.31207],
							"lerp_mode": "catmullrom"
						},
						"1.5333": {
							"post": [-13.62963, -15.08327, -28.95231],
							"lerp_mode": "catmullrom"
						},
						"1.5833": {
							"post": [-9.3266, -15.73908, -38.91264],
							"lerp_mode": "catmullrom"
						},
						"1.6833": {
							"post": [-4.96038, -13.50815, -37.35987],
							"lerp_mode": "catmullrom"
						},
						"1.8167": {
							"post": [-9.11673, -7.93422, -4.45813],
							"lerp_mode": "catmullrom"
						},
						"1.9": {
							"post": [-10.57575, -3.24625, 19.06529],
							"lerp_mode": "catmullrom"
						},
						"2.0333": {
							"post": [-13.0819, 2.37065, 47.41261],
							"lerp_mode": "catmullrom"
						},
						"2.1667": {
							"post": [-16.30589, 5.67912, 54.96138],
							"lerp_mode": "catmullrom"
						},
						"2.2833": {
							"post": [-13.77337, 5.02464, 58.50423],
							"lerp_mode": "catmullrom"
						},
						"2.3167": {
							"post": [-15.96773, 5.09083, 49.49766],
							"lerp_mode": "catmullrom"
						},
						"2.35": {
							"post": [-16.53231, 9.66454, 56.53291],
							"lerp_mode": "catmullrom"
						},
						"2.4167": {
							"post": [-15.79477, 7.57811, 52.70285],
							"lerp_mode": "catmullrom"
						},
						"2.5": {
							"post": [-12.61045, 4.81181, 43.27332],
							"lerp_mode": "catmullrom"
						},
						"2.55": {
							"post": [-10.4834, 7.6521, 43.3768],
							"lerp_mode": "catmullrom"
						},
						"2.5833": {
							"post": [-5.19428, 2.61019, 55.13102],
							"lerp_mode": "catmullrom"
						},
						"2.65": {
							"post": [-5.64901, 2.09044, 47.7153],
							"lerp_mode": "catmullrom"
						},
						"2.7667": {
							"post": [-8.70252, 3.68235, 37.98553],
							"lerp_mode": "catmullrom"
						},
						"2.9833": {
							"post": [0.144, 0.553, 4.656],
							"lerp_mode": "catmullrom"
						},
						"3.1167": {
							"post": [-0.723, 0.181, -2.187],
							"lerp_mode": "catmullrom"
						},
						"3.25": {
							"post": [0.166, -0.183, 0.591],
							"lerp_mode": "catmullrom"
						},
						"3.3833": {
							"post": [0.015, 0.108, 0.13],
							"lerp_mode": "catmullrom"
						},
						"3.6": {
							"post": [0, 0, 0],
							"lerp_mode": "catmullrom"
						}
					},
					"position": {
						"0.0": {
							"post": [0, 0, 0],
							"lerp_mode": "catmullrom"
						},
						"0.1667": {
							"post": [-0.355, -1.2, -0.635],
							"lerp_mode": "catmullrom"
						},
						"0.3167": {
							"post": [-1.4, -0.475, -3.05],
							"lerp_mode": "catmullrom"
						},
						"0.4": {
							"post": [-1.4, -0.15, -2.87],
							"lerp_mode": "catmullrom"
						},
						"0.5": {
							"post": [-1.475, -0.3, -2.79],
							"lerp_mode": "catmullrom"
						},
						"0.65": {
							"post": [-1.205, -0.65, -3.44],
							"lerp_mode": "catmullrom"
						},
						"0.7": {
							"post": [-1.035, -0.85, -3.04],
							"lerp_mode": "catmullrom"
						},
						"0.7667": {
							"post": [-1.03, -0.6, -3.965],
							"lerp_mode": "catmullrom"
						},
						"0.8": {
							"post": [-0.905, -1.1, -4.035],
							"lerp_mode": "catmullrom"
						},
						"0.9": {
							"post": [-0.96, -1.515, -4.485],
							"lerp_mode": "catmullrom"
						},
						"1.0667": {
							"post": [-0.92, -0.53, -4.23],
							"lerp_mode": "catmullrom"
						},
						"1.2333": {
							"post": [-0.91, -0.82, -3.755],
							"lerp_mode": "catmullrom"
						},
						"1.3167": {
							"post": [-1.06, -0.72, -3.5],
							"lerp_mode": "catmullrom"
						},
						"1.4667": {
							"post": [-1.035, -0.745, -3.575],
							"lerp_mode": "catmullrom"
						},
						"1.5333": {
							"post": [-1.08, -1.39, -2.395],
							"lerp_mode": "catmullrom"
						},
						"1.6667": {
							"post": [-1.08, -0.71, -3.29],
							"lerp_mode": "catmullrom"
						},
						"1.8167": {
							"post": [-0.23, -2.035, -3.29],
							"lerp_mode": "catmullrom"
						},
						"1.9": {
							"post": [0.135, -2.5, -3.35],
							"lerp_mode": "catmullrom"
						},
						"2.0333": {
							"post": [0.045, -0.33, -3.29],
							"lerp_mode": "catmullrom"
						},
						"2.1667": {
							"post": [-0.205, 0.295, -2.265],
							"lerp_mode": "catmullrom"
						},
						"2.2833": {
							"post": [-0.01, -0.125, -2.385],
							"lerp_mode": "catmullrom"
						},
						"2.35": {
							"post": [-0.01, 0.155, -1.38],
							"lerp_mode": "catmullrom"
						},
						"2.4167": {
							"post": [-0.01, 0.26, -1.33],
							"lerp_mode": "catmullrom"
						},
						"2.5167": {
							"post": [0.065, 0.31, -1.505],
							"lerp_mode": "catmullrom"
						},
						"2.55": {
							"post": [0.06, -0.14, -3.1],
							"lerp_mode": "catmullrom"
						},
						"2.6": {
							"post": [0.05, -0.53, -2.86],
							"lerp_mode": "catmullrom"
						},
						"2.6833": {
							"post": [0.03, -1.41, -4.85],
							"lerp_mode": "catmullrom"
						},
						"2.8": {
							"post": [-0.02, -3.315, -6.24],
							"lerp_mode": "catmullrom"
						},
						"2.9333": {
							"post": [-0.05, -0.335, -3.585],
							"lerp_mode": "catmullrom"
						},
						"3.0333": {
							"post": [-0.055, -0.151, -0.009],
							"lerp_mode": "catmullrom"
						},
						"3.0833": {
							"post": [-0.009, -0.06, 0.196],
							"lerp_mode": "catmullrom"
						},
						"3.15": {
							"post": [-0.001, 0.049, -0.185],
							"lerp_mode": "catmullrom"
						},
						"3.25": {
							"post": [-0.011, 0.027, 0.093],
							"lerp_mode": "catmullrom"
						},
						"3.3167": {
							"post": [-0.002, -0.028, -0.026],
							"lerp_mode": "catmullrom"
						},
						"3.3833": {
							"post": [-0.013, -0.003, -0.034],
							"lerp_mode": "catmullrom"
						},
						"3.5": {
							"post": [-0.01, -0.003, -0.016],
							"lerp_mode": "catmullrom"
						},
						"3.6": {
							"post": [0, 0, 0],
							"lerp_mode": "catmullrom"
						}
					}
				},
				"mag_and_lefthand": {
					"rotation": {
						"0.1333": [0, 0, 0],
						"0.2667": [-24.65503, -6.0143, -37.30059],
						"0.3667": [-29.75, 0, -30],
						"0.5333": [-15.7189, -25.58724, -86.90921],
						"0.6333": {
							"pre": [1.16524, 24.97457, 55.50806],
							"post": [1.16524, 24.97457, 55.50806],
							"lerp_mode": "catmullrom"
						},
						"0.7333": {
							"post": [-0.7574, 24.06274, 69.49209],
							"lerp_mode": "catmullrom"
						},
						"0.85": {
							"post": [-22.64849, -8.38489, -37.91444],
							"lerp_mode": "catmullrom"
						},
						"1.0333": {
							"post": [-32.46129, -10.69248, -9.28403],
							"lerp_mode": "catmullrom"
						},
						"1.15": {
							"post": [-14.75, 0, 0],
							"lerp_mode": "catmullrom"
						},
						"1.2167": {
							"post": [-13.68673, 0.78727, 0.68357],
							"lerp_mode": "catmullrom"
						},
						"1.3333": {
							"post": [-22.75, 0, 0],
							"lerp_mode": "catmullrom"
						},
						"1.4167": {
							"post": [-20.75, 0, 0],
							"lerp_mode": "catmullrom"
						},
						"1.4667": {
							"post": [-20.75, 0, 0],
							"lerp_mode": "catmullrom"
						},
						"1.5": {
							"post": [-0.25, 0, 0],
							"lerp_mode": "catmullrom"
						},
						"1.5333": {
							"post": [0, 0, 0],
							"lerp_mode": "catmullrom"
						}
					},
					"position": {
						"0.1333": [0, 0, 0],
						"0.2667": [3.64, -7.77, 6.01],
						"0.3667": [4.625, -10.45, 10.525],
						"0.5333": [4.625, -10.45, 10.525],
						"0.6333": {
							"pre": [1.525, 0.5, 5.65],
							"post": [1.525, 0.5, 5.65],
							"lerp_mode": "catmullrom"
						},
						"0.7333": {
							"post": [1.52, 0.5, 1.73],
							"lerp_mode": "catmullrom"
						},
						"0.85": {
							"post": [5.82, -4.175, -3.565],
							"lerp_mode": "catmullrom"
						},
						"0.9333": {
							"post": [4.04, -6.395, -3.88],
							"lerp_mode": "catmullrom"
						},
						"1.15": {
							"post": [0, -0.625, -1.625],
							"lerp_mode": "catmullrom"
						},
						"1.3333": {
							"post": [0, -0.175, -1.89],
							"lerp_mode": "catmullrom"
						},
						"1.4167": {
							"post": [0, 0.25, -1.69],
							"lerp_mode": "catmullrom"
						},
						"1.4667": {
							"post": [0, 0.25, -1.69],
							"lerp_mode": "catmullrom"
						},
						"1.5": {
							"post": [0, 0.075, -0.075],
							"lerp_mode": "catmullrom"
						},
						"1.5333": {
							"post": [0, 0, 0],
							"lerp_mode": "catmullrom"
						}
					}
				},
				"mag": {
					"scale": {
						"0.0": [0, 0, 0],
						"0.3667": {"pre": [0, 0, 0], "post": [1, 1, 1]}
					}
				},
				"lefthand": {
					"rotation": {
						"0.0667": [110.8284, -23.18397, -149.46516],
						"0.2167": [133.94093, -25.26288, -196.65188],
						"0.4333": {
							"pre": [128.59, -11.85, -192.47],
							"post": [128.59, -11.85, -192.47],
							"lerp_mode": "catmullrom"
						},
						"0.9167": {
							"post": [101.6417, -10.096, -193.36682],
							"lerp_mode": "catmullrom"
						},
						"1.7": {
							"post": [128.59, -11.85, -192.47],
							"lerp_mode": "catmullrom"
						},
						"1.8": [135.48353, -28.93222, -166.06639],
						"1.95": [82.31601, -64.93111, -151.57573],
						"2.7167": [82.31601, -64.93111, -151.57573],
						"2.9": [110.8284, -23.18397, -149.46516]
					},
					"position": {
						"0.0667": [-3.2, -9.85, -16.39],
						"0.2167": [-2.09, -12.36, -13.03],
						"0.4333": {
							"pre": [-3.56, -12.1, -7.72],
							"post": [-3.56, -12.1, -7.72],
							"lerp_mode": "catmullrom"
						},
						"1.7": {
							"post": [-3.56, -12.1, -7.72],
							"lerp_mode": "catmullrom"
						},
						"1.95": [-3.2, -9.35, -16.39],
						"2.7167": [-3.2, -9.35, -16.39],
						"2.9": [-3.2, -9.85, -16.39]
					},
					"scale": [1, 1.5, 1]
				},
				"righthand": {
					"rotation": {
						"0.0": [94.51712, 4.98455, -179.60671],
						"0.2": [95.34861, 32.63261, -177.11244],
						"0.3833": [94.52, 4.98, -179.61],
						"0.5333": [94.81876, 22.3272, -179.28297],
						"1.95": [94.81876, 22.3272, -179.28297],
						"2.05": [91.6921, 34.68278, -206.12008],
						"2.1333": [86.04113, 30.99534, -254.17564],
						"2.1667": [91.72438, 39.99171, -253.861],
						"2.2167": [91.72, 39.99, -253.86],
						"2.3": [124.12645, 67.57579, -232.38304],
						"2.3333": [118.62645, 67.57579, -232.38304],
						"2.4333": [120.37645, 67.57579, -232.38304],
						"2.5333": [131.62645, 67.57579, -232.38304],
						"2.5667": [158.23285, 70.37617, -175.29652],
						"2.5833": [179.73285, 70.37617, -175.29652],
						"2.75": [94.52, 4.98, -179.61]
					},
					"position": {
						"0.0": [4.29, -10.76, -0.04],
						"0.2": [3.115, -9.485, -0.04],
						"0.3833": [4.29, -10.76, -0.04],
						"1.95": [4.29, -10.76, -0.04],
						"2.05": [2.63, -10.785, -2.53],
						"2.1333": [2.065, -7.86, -6.89],
						"2.2167": [2.06, -7.86, -6.89],
						"2.3": [2.06, -7.66, -3.89],
						"2.3333": [2.06, -7.66, -2.84],
						"2.5167": [2.06, -7.66, -2.84],
						"2.5667": [2.06, -11.785, -0.56],
						"2.5833": [2.06, -13.855, 2.015],
						"2.6833": [3.7, -12.925, 3.53],
						"2.75": [4.29, -10.76, -0.04]
					},
					"scale": [1, 1.5, 1]
				},
				"bolt": {
					"position": {
						"2.2167": [0, 0, 0],
						"2.3": [0, 0, 3.35],
						"2.35": [0, 0, 5.6],
						"2.4167": [0, 0, 5.6],
						"2.5167": [0, 0, 5.6],
						"2.5333": [0, 0, 0],
						"2.5667": [0, 0, 0.25],
						"2.6167": [0, 0, 0]
					}
				},
				"camera": {
					"rotation": {
						"0.0": {
							"post": [0, 0, 0],
							"lerp_mode": "catmullrom"
						},
						"0.1667": {
							"post": [-0.6, -0.45, 0.775],
							"lerp_mode": "catmullrom"
						},
						"0.4": {
							"post": [0.35, 0.6, -0.5],
							"lerp_mode": "catmullrom"
						},
						"0.5833": {
							"post": [-0.05, 0.25, 0.2],
							"lerp_mode": "catmullrom"
						},
						"0.7": {
							"post": [0, -0.575, 0.34],
							"lerp_mode": "catmullrom"
						},
						"0.7333": {
							"post": [-1.275, 0.725, 1.525],
							"lerp_mode": "catmullrom"
						},
						"0.7833": {
							"post": [-0.55, -0.25, -0.395],
							"lerp_mode": "catmullrom"
						},
						"0.9": {
							"post": [-0.325, 0.2, 0.785],
							"lerp_mode": "catmullrom"
						},
						"1.0": {
							"post": [0, 0, 0.215],
							"lerp_mode": "catmullrom"
						},
						"1.1167": {
							"post": [0.225, -0.2, 0.27],
							"lerp_mode": "catmullrom"
						},
						"1.1833": {
							"post": [0.15, -0.25, 0.77],
							"lerp_mode": "catmullrom"
						},
						"1.25": {
							"post": [0, -0.25, 0.895],
							"lerp_mode": "catmullrom"
						},
						"1.2833": {
							"post": [0.1, 0.1, 0.75],
							"lerp_mode": "catmullrom"
						},
						"1.3333": {
							"post": [0.05, 0.1, 0.625],
							"lerp_mode": "catmullrom"
						},
						"1.4": {
							"post": [0, 0.15, 0.655],
							"lerp_mode": "catmullrom"
						},
						"1.4833": {
							"post": [-0.025, -0.275, 0.46],
							"lerp_mode": "catmullrom"
						},
						"1.5333": {
							"post": [0.95, 0.85, -0.54],
							"lerp_mode": "catmullrom"
						},
						"1.6": {
							"post": [-0.35, 0.2, 0.535],
							"lerp_mode": "catmullrom"
						},
						"1.7": {
							"post": [0.125, -0.325, -0.21],
							"lerp_mode": "catmullrom"
						},
						"1.8167": {
							"post": [0.025, 0.175, 0.12],
							"lerp_mode": "catmullrom"
						},
						"2.0": {
							"post": [-0.35, -0.2, 0.495],
							"lerp_mode": "catmullrom"
						},
						"2.15": {
							"post": [-0.35, -0.2, 0.55],
							"lerp_mode": "catmullrom"
						},
						"2.2667": {
							"post": [-0.2, 0, 0.45],
							"lerp_mode": "catmullrom"
						},
						"2.35": {
							"post": [0.6, 0.775, -0.55],
							"lerp_mode": "catmullrom"
						},
						"2.4167": {
							"post": [0.125, -0.625, 0.125],
							"lerp_mode": "catmullrom"
						},
						"2.5333": {
							"post": [0.275, -0.35, 0.055],
							"lerp_mode": "catmullrom"
						},
						"2.5833": {
							"post": [-0.65, 1.05, 0.61],
							"lerp_mode": "catmullrom"
						},
						"2.6333": {
							"post": [-0.475, 0.325, -0.14],
							"lerp_mode": "catmullrom"
						},
						"2.6833": {
							"post": [0.275, 0, -0.265],
							"lerp_mode": "catmullrom"
						},
						"2.85": {
							"post": [-0.575, -0.5, 0.49],
							"lerp_mode": "catmullrom"
						},
						"3.0": {
							"post": [0.3, 0, 0.24],
							"lerp_mode": "catmullrom"
						},
						"3.0833": {
							"post": [0.075, 0.2, -0.36],
							"lerp_mode": "catmullrom"
						},
						"3.2333": {
							"post": [-0.075, -0.075, 0.215],
							"lerp_mode": "catmullrom"
						},
						"3.4333": {
							"post": [0, 0, 0],
							"lerp_mode": "catmullrom"
						}
					}
				},
				"mag2": {
					"rotation": {
						"0.6333": [0, 0, 0],
						"0.6833": [-10.25, 0, 0],
						"0.7": [-10.25, 0, 0],
						"0.75": {
							"pre": [-28.5, 0, 0],
							"post": [-28.5, 0, 0],
							"lerp_mode": "catmullrom"
						},
						"0.8333": {
							"post": [-66.63373, -4.75285, -8.80845],
							"lerp_mode": "catmullrom"
						},
						"1.0667": {
							"post": [-135.16433, -16.09031, 2.3283],
							"lerp_mode": "catmullrom"
						}
					},
					"position": {
						"0.6333": [0, 0, 0],
						"0.6833": [0, 0, -1.35],
						"0.7": [0, 0, -1.35],
						"0.75": {
							"pre": [0, -2.05, -5.05],
							"post": [0, -2.05, -5.05],
							"lerp_mode": "catmullrom"
						},
						"0.85": {
							"post": [0, -13.285, -13.56],
							"lerp_mode": "catmullrom"
						},
						"1.0": {
							"post": [0, -28.475, -18.7],
							"lerp_mode": "catmullrom"
						},
						"1.0833": {
							"post": [0, -60.17, -18.7],
							"lerp_mode": "catmullrom"
						}
					},
					"scale": {
						"0.0": [1, 1, 1],
						"1.25": {"pre": [1, 1, 1], "post": [0, 0, 0]}
					}
				},
				"constraint": {
					"rotation": [0.2, 0.2, 0.2],
					"position": [0.2, 0.2, 0.2]
				}
			},
			"sound_effects": {
				"0.0": {
					"effect": "pgp:all/grab5"
				},
				"0.3333": {
					"effect": "pgp:all/mag_out2"
				},
				"1.2333": {
					"effect": "pgp:all/grab7"
				},
				"1.4": {
					"effect": "pgp:all/mag_in4"
				},
				"2.2": {
					"effect": "pgp:all/bolt1"
				},
				"2.4167": {
					"effect": "pgp:all/bolt2"
				},
				"2.9833": {
					"effect": "pgp:all/grab11"
				}
			}
		},
		"inspect": {
			"loop": "hold_on_last_frame",
			"animation_length": 9.4167,
			"bones": {
				"root": {
					"rotation": {
						"0.0": {
							"post": [0, 0, 0],
							"lerp_mode": "catmullrom"
						},
						"0.1667": {
							"post": [-6.51024, -6.12279, -5.84445],
							"lerp_mode": "catmullrom"
						},
						"0.3667": {
							"post": [-24.84501, -30.09835, -28.17654],
							"lerp_mode": "catmullrom"
						},
						"0.4667": {
							"post": [-20.55324, -35.78748, -49.63885],
							"lerp_mode": "catmullrom"
						},
						"0.5667": {
							"post": [-24.77794, -30.50682, -38.80771],
							"lerp_mode": "catmullrom"
						},
						"0.6667": {
							"post": [-24.00071, -31.90993, -40.27821],
							"lerp_mode": "catmullrom"
						},
						"0.9167": {
							"post": [-26.84687, -31.05514, -38.38178],
							"lerp_mode": "catmullrom"
						},
						"1.2667": {
							"post": [-26.1658, -31.61304, -39.6914],
							"lerp_mode": "catmullrom"
						},
						"1.35": {
							"post": [-24.92259, -32.04536, -41.29516],
							"lerp_mode": "catmullrom"
						},
						"1.5": {
							"post": [-18.44233, -35.97065, -52.18627],
							"lerp_mode": "catmullrom"
						},
						"1.7333": {
							"post": [-21.95872, -35.90748, -48.28119],
							"lerp_mode": "catmullrom"
						},
						"2.1333": {
							"post": [-22.70202, -35.33449, -46.57582],
							"lerp_mode": "catmullrom"
						},
						"2.2833": {
							"post": [-24.63, -26.98, -41.26],
							"lerp_mode": "catmullrom"
						},
						"2.3833": {
							"post": [-29.66214, -21.69939, -34.894],
							"lerp_mode": "catmullrom"
						},
						"2.5167": {
							"post": [-30.55269, -19.14899, -31.32326],
							"lerp_mode": "catmullrom"
						},
						"2.6167": {
							"post": [-25.95849, -18.83917, -29.09478],
							"lerp_mode": "catmullrom"
						},
						"2.6833": {
							"post": [-19.14122, -24.05243, -47.40424],
							"lerp_mode": "catmullrom"
						},
						"2.7667": {
							"post": [-23.35735, -19.91676, -36.97861],
							"lerp_mode": "catmullrom"
						},
						"2.8667": {
							"post": [-21.83761, -21.84752, -42.60921],
							"lerp_mode": "catmullrom"
						},
						"2.95": {
							"post": [-27.06063, -19.14264, -34.727],
							"lerp_mode": "catmullrom"
						},
						"3.1167": {
							"post": [-30.92605, -18.03143, -29.40477],
							"lerp_mode": "catmullrom"
						},
						"3.3833": {
							"post": [-30.84516, -16.73393, -27.1655],
							"lerp_mode": "catmullrom"
						},
						"3.7167": {
							"post": [-30.31069, -17.75144, -29.79338],
							"lerp_mode": "catmullrom"
						},
						"3.95": {
							"post": [-25.80786, -20.31514, -34.63646],
							"lerp_mode": "catmullrom"
						},
						"4.35": {
							"post": [-29.20949, -19.61341, -33.22978],
							"lerp_mode": "catmullrom"
						},
						"4.75": {
							"post": [-28.48599, -20.69913, -35.32912],
							"lerp_mode": "catmullrom"
						},
						"5.3333": {
							"post": [-28.76587, -19.12306, -32.30596],
							"lerp_mode": "catmullrom"
						},
						"5.5667": {
							"post": [-24.41023, -18.66586, -28.57203],
							"lerp_mode": "catmullrom"
						},
						"5.8333": {
							"post": [-24.95951, -23.11931, -32.86986],
							"lerp_mode": "catmullrom"
						},
						"5.9333": {
							"post": [-23.81075, -23.49346, -33.88067],
							"lerp_mode": "catmullrom"
						},
						"5.9833": {
							"post": [-22.45687, -23.96146, -34.84817],
							"lerp_mode": "catmullrom"
						},
						"6.0833": {
							"post": [-21.75721, -24.96132, -37.66501],
							"lerp_mode": "catmullrom"
						},
						"6.25": {
							"post": [-20.44569, -18.83712, -32.21525],
							"lerp_mode": "catmullrom"
						},
						"6.2833": {
							"post": [-22.00258, -16.75199, -29.22538],
							"lerp_mode": "catmullrom"
						},
						"6.3333": {
							"post": [-16.61633, -23.63161, -51.35209],
							"lerp_mode": "catmullrom"
						},
						"6.3833": {
							"post": [-21.37598, -19.17747, -38.99065],
							"lerp_mode": "catmullrom"
						},
						"6.5667": {
							"post": [-22.09834, -17.72101, -36.9037],
							"lerp_mode": "catmullrom"
						},
						"6.8": {
							"post": [-26.1141, -6.52622, -10.53898],
							"lerp_mode": "catmullrom"
						},
						"7.0333": {
							"post": [-15.58014, 11.47485, 44.29033],
							"lerp_mode": "catmullrom"
						},
						"7.1333": {
							"post": [-12.06445, 16.03614, 61.27882],
							"lerp_mode": "catmullrom"
						},
						"7.25": {
							"post": [-13.94207, 14.87697, 55.73796],
							"lerp_mode": "catmullrom"
						},
						"7.4833": {
							"post": [-15.95512, 17.52239, 60.71764],
							"lerp_mode": "catmullrom"
						},
						"7.7667": {
							"post": [-17.86105, 15.58303, 54.0608],
							"lerp_mode": "catmullrom"
						},
						"8.0333": {
							"post": [-17.79451, 15.65957, 54.30793],
							"lerp_mode": "catmullrom"
						},
						"8.2333": {
							"post": [-18.56862, 14.72327, 51.35452],
							"lerp_mode": "catmullrom"
						},
						"8.3167": {
							"post": [-18.30529, 9.08006, 35.77186],
							"lerp_mode": "catmullrom"
						},
						"8.4": {
							"post": [-5.19428, 2.61019, 55.13102],
							"lerp_mode": "catmullrom"
						},
						"8.4667": {
							"post": [-5.64901, 2.09044, 47.7153],
							"lerp_mode": "catmullrom"
						},
						"8.5833": {
							"post": [-8.70252, 3.68235, 37.98553],
							"lerp_mode": "catmullrom"
						},
						"8.8": {
							"post": [0.144, 0.553, 8.481],
							"lerp_mode": "catmullrom"
						},
						"8.9333": {
							"post": [-0.723, 0.181, 1.638],
							"lerp_mode": "catmullrom"
						},
						"9.0667": {
							"post": [0.166, -0.183, 0.591],
							"lerp_mode": "catmullrom"
						},
						"9.2": {
							"post": [0.015, 0.108, 0.13],
							"lerp_mode": "catmullrom"
						},
						"9.4167": {
							"post": [0, 0, 0],
							"lerp_mode": "catmullrom"
						}
					},
					"position": {
						"0.0": {
							"post": [0, 0, 0],
							"lerp_mode": "catmullrom"
						},
						"0.1667": {
							"post": [0.185, -1.765, -0.715],
							"lerp_mode": "catmullrom"
						},
						"0.3667": {
							"post": [-0.235, -0.41, -2.52],
							"lerp_mode": "catmullrom"
						},
						"0.55": {
							"post": [-0.725, -0.8, -2.075],
							"lerp_mode": "catmullrom"
						},
						"0.7333": {
							"post": [-0.73, -0.545, -1.95],
							"lerp_mode": "catmullrom"
						},
						"0.9833": {
							"post": [-0.805, -0.6, -1.98],
							"lerp_mode": "catmullrom"
						},
						"1.2667": {
							"post": [-0.73, -0.65, -2],
							"lerp_mode": "catmullrom"
						},
						"1.5": {
							"post": [-0.83, 0.925, -2.6],
							"lerp_mode": "catmullrom"
						},
						"1.7333": {
							"post": [-0.755, 1.105, -2.8],
							"lerp_mode": "catmullrom"
						},
						"2.1333": {
							"post": [-0.785, 0.985, -2.775],
							"lerp_mode": "catmullrom"
						},
						"2.25": {
							"post": [-0.755, -0.415, -2.405],
							"lerp_mode": "catmullrom"
						},
						"2.3833": {
							"post": [-1.19, -0.96, -1.795],
							"lerp_mode": "catmullrom"
						},
						"2.5167": {
							"post": [-1.11, -0.53, -1.73],
							"lerp_mode": "catmullrom"
						},
						"2.5833": {
							"post": [-1.265, -0.56, -2.56],
							"lerp_mode": "catmullrom"
						},
						"2.6667": {
							"post": [-1.09, -0.785, -2.04],
							"lerp_mode": "catmullrom"
						},
						"2.7833": {
							"post": [-0.485, -1.77, -1.95],
							"lerp_mode": "catmullrom"
						},
						"2.95": {
							"post": [-0.295, -1.955, -0.575],
							"lerp_mode": "catmullrom"
						},
						"3.0833": {
							"post": [-0.345, -1.78, -0.29],
							"lerp_mode": "catmullrom"
						},
						"3.3833": {
							"post": [-0.475, -1.605, -0.29],
							"lerp_mode": "catmullrom"
						},
						"3.7": {
							"post": [-0.48, -1.725, -0.29],
							"lerp_mode": "catmullrom"
						},
						"3.9": {
							"post": [-0.715, -1.74, -0.29],
							"lerp_mode": "catmullrom"
						},
						"4.3167": {
							"post": [-0.955, -1.745, -0.29],
							"lerp_mode": "catmullrom"
						},
						"4.75": {
							"post": [-0.96, -1.69, -0.29],
							"lerp_mode": "catmullrom"
						},
						"5.3333": {
							"post": [-0.985, -1.59, -0.29],
							"lerp_mode": "catmullrom"
						},
						"5.4833": {
							"post": [-0.99, -1.445, -0.475],
							"lerp_mode": "catmullrom"
						},
						"5.65": {
							"post": [-0.99, -0.555, -1.04],
							"lerp_mode": "catmullrom"
						},
						"5.8333": {
							"post": [-0.99, -0.39, -0.54],
							"lerp_mode": "catmullrom"
						},
						"6.0167": {
							"post": [-0.99, -0.66, -0.54],
							"lerp_mode": "catmullrom"
						},
						"6.15": {
							"post": [-0.99, -0.51, -0.54],
							"lerp_mode": "catmullrom"
						},
						"6.25": {
							"post": [-0.99, -0.11, -0.265],
							"lerp_mode": "catmullrom"
						},
						"6.3333": {
							"post": [-0.59, -1.935, -1.265],
							"lerp_mode": "catmullrom"
						},
						"6.45": {
							"post": [-0.79, -0.8, -0.285],
							"lerp_mode": "catmullrom"
						},
						"6.6167": {
							"post": [-0.94, -0.55, -0.285],
							"lerp_mode": "catmullrom"
						},
						"6.8667": {
							"post": [-0.365, -4.57, -3.03],
							"lerp_mode": "catmullrom"
						},
						"6.9667": {
							"post": [0.06, -2.84, -3.42],
							"lerp_mode": "catmullrom"
						},
						"7.0833": {
							"post": [0.505, -0.095, -2.03],
							"lerp_mode": "catmullrom"
						},
						"7.2": {
							"post": [0.55, 0.78, -1.005],
							"lerp_mode": "catmullrom"
						},
						"7.35": {
							"post": [0.55, 0.595, -1.89],
							"lerp_mode": "catmullrom"
						},
						"7.4833": {
							"post": [0.55, -0.05, -1.49],
							"lerp_mode": "catmullrom"
						},
						"7.6167": {
							"post": [0.5, 0.05, -1.715],
							"lerp_mode": "catmullrom"
						},
						"8.0333": {
							"post": [0.5, 0.125, -1.71],
							"lerp_mode": "catmullrom"
						},
						"8.2333": {
							"post": [0.5, 0.205, -2.16],
							"lerp_mode": "catmullrom"
						},
						"8.3167": {
							"post": [0.5, -0.39, -3.035],
							"lerp_mode": "catmullrom"
						},
						"8.4167": {
							"post": [0.05, -0.53, -2.86],
							"lerp_mode": "catmullrom"
						},
						"8.5": {
							"post": [0.03, -1.41, -4.85],
							"lerp_mode": "catmullrom"
						},
						"8.6167": {
							"post": [-0.02, -1.59, -6.24],
							"lerp_mode": "catmullrom"
						},
						"8.75": {
							"post": [-0.05, -0.335, -3.585],
							"lerp_mode": "catmullrom"
						},
						"8.85": {
							"post": [-0.055, -0.151, -0.009],
							"lerp_mode": "catmullrom"
						},
						"8.9": {
							"post": [-0.009, -0.06, 0.196],
							"lerp_mode": "catmullrom"
						},
						"8.9667": {
							"post": [-0.001, 0.049, -0.185],
							"lerp_mode": "catmullrom"
						},
						"9.0667": {
							"post": [-0.011, 0.027, 0.093],
							"lerp_mode": "catmullrom"
						},
						"9.2": {
							"post": [-0.013, -0.003, -0.034],
							"lerp_mode": "catmullrom"
						},
						"9.3167": {
							"post": [-0.01, -0.003, -0.016],
							"lerp_mode": "catmullrom"
						},
						"9.4167": {
							"post": [0, 0, 0],
							"lerp_mode": "catmullrom"
						}
					}
				},
				"mag_and_lefthand": {
					"rotation": {
						"2.5333": {
							"pre": [0, 0, 0],
							"post": [0, 0, 0],
							"lerp_mode": "catmullrom"
						},
						"2.6": [-10.92559, -1.28509, -6.6271],
						"2.7167": [-10.92559, -1.28509, -6.6271],
						"2.8": [14.13192, -4.35306, -3.89162],
						"3.05": {
							"pre": [-11.84528, -11.87854, -10.22031],
							"post": [-11.84528, -11.87854, -10.22031],
							"lerp_mode": "catmullrom"
						},
						"3.2833": {
							"post": [-11.28492, -17.10474, -4.09884],
							"lerp_mode": "catmullrom"
						},
						"3.7": {
							"post": [-10.13027, -12.99389, -8.06242],
							"lerp_mode": "catmullrom"
						},
						"3.8833": {
							"post": [1.485, -4.63, 16.085],
							"lerp_mode": "catmullrom"
						},
						"4.1": {
							"post": [57.35292, 15.63349, 84.984],
							"lerp_mode": "catmullrom"
						},
						"4.35": {
							"post": [57.12562, 16.16107, 91.81113],
							"lerp_mode": "catmullrom"
						},
						"4.6833": {
							"post": [57.03591, 15.99229, 91.08452],
							"lerp_mode": "catmullrom"
						},
						"4.9167": {
							"post": [56.26196, 15.65558, 90.07192],
							"lerp_mode": "catmullrom"
						},
						"5.3667": {
							"post": [56.5044, 16.18967, 87.18382],
							"lerp_mode": "catmullrom"
						},
						"5.4833": {
							"post": [12.69133, 17.7106, 47.87603],
							"lerp_mode": "catmullrom"
						},
						"5.65": {
							"post": [-15.19505, 8.79297, 6.28235],
							"lerp_mode": "catmullrom"
						},
						"5.75": {
							"post": [-27.69028, -4.32789, -8.18288],
							"lerp_mode": "catmullrom"
						},
						"5.8667": {
							"post": [-22.35083, -4.90791, -9.29377],
							"lerp_mode": "catmullrom"
						},
						"5.9333": {
							"post": [-11.10083, -4.90791, -9.29377],
							"lerp_mode": "catmullrom"
						},
						"6.0333": {
							"post": [-12.85083, -4.90791, -9.29377],
							"lerp_mode": "catmullrom"
						},
						"6.1167": {
							"post": [-13.8517, -6.7267, -9.36058],
							"lerp_mode": "catmullrom"
						},
						"6.25": {
							"post": [-19.1017, -6.7267, -9.36058],
							"lerp_mode": "catmullrom"
						},
						"6.3": {
							"post": [-18.75, 0, 0],
							"lerp_mode": "catmullrom"
						},
						"6.3333": {
							"post": [0, 0, 0],
							"lerp_mode": "catmullrom"
						},
						"6.35": {
							"post": [2.57, 0, 0],
							"lerp_mode": "catmullrom"
						},
						"6.4": {
							"post": [0, 0, 0],
							"lerp_mode": "catmullrom"
						}
					},
					"position": {
						"2.5333": {
							"pre": [0, 0, 0],
							"post": [0, 0, 0],
							"lerp_mode": "catmullrom"
						},
						"2.6": [0.575, 0, -0.65],
						"2.6833": [0.575, 0, -0.65],
						"2.85": [0, -2.07, -1.62],
						"2.9667": [2.54, -2.74, -0.87],
						"3.1167": {
							"pre": [5.46939, -0.51213, 0.51845],
							"post": [5.46939, -0.51213, 0.51845],
							"lerp_mode": "catmullrom"
						},
						"3.2833": {
							"post": [6.25, -0.62, 0.31],
							"lerp_mode": "catmullrom"
						},
						"3.7333": {
							"post": [6.25, -0.57, 0.135],
							"lerp_mode": "catmullrom"
						},
						"3.95": {
							"post": [6.26974, -0.45344, 1.08043],
							"lerp_mode": "catmullrom"
						},
						"4.1": {
							"post": [7.295, 1.05719, 0.40988],
							"lerp_mode": "catmullrom"
						},
						"4.2833": {
							"post": [7.47173, 1.01278, 0.71025],
							"lerp_mode": "catmullrom"
						},
						"4.45": {
							"post": [7.49334, 1.04346, 0.6811],
							"lerp_mode": "catmullrom"
						},
						"4.6833": {
							"post": [7.50167, 1.05673, 0.66555],
							"lerp_mode": "catmullrom"
						},
						"5.0833": {
							"post": [7.57003, 1.16038, 0.58329],
							"lerp_mode": "catmullrom"
						},
						"5.3667": {
							"post": [7.55833, 1.14327, 0.59445],
							"lerp_mode": "catmullrom"
						},
						"5.4833": {
							"post": [5.72, 0.4, 0.03],
							"lerp_mode": "catmullrom"
						},
						"5.6": {
							"post": [2.02268, -3.31017, 0.8746],
							"lerp_mode": "catmullrom"
						},
						"5.75": {
							"post": [0.85, -1.525, -2.95],
							"lerp_mode": "catmullrom"
						},
						"5.8667": {
							"post": [0.325, -0.77, -2.5],
							"lerp_mode": "catmullrom"
						},
						"5.9333": {
							"post": [0.32, -0.445, -1.72],
							"lerp_mode": "catmullrom"
						},
						"6.0333": {
							"post": [0.32, -0.44, -1.92],
							"lerp_mode": "catmullrom"
						},
						"6.1167": {
							"post": [0.32, -0.49, -1.92],
							"lerp_mode": "catmullrom"
						},
						"6.25": {
							"post": [0.32, -0.49, -2.32],
							"lerp_mode": "catmullrom"
						},
						"6.3": {
							"post": [0, 0, -1.375],
							"lerp_mode": "catmullrom"
						},
						"6.3333": {
							"post": [0, 0, 0],
							"lerp_mode": "catmullrom"
						},
						"6.45": {
							"post": [0, 0, 0],
							"lerp_mode": "catmullrom"
						}
					}
				},
				"lefthand": {
					"rotation": {
						"0.0667": [110.8284, -23.18397, -149.46516],
						"0.35": [215.75717, -88.09098, -237.61065],
						"2.05": [215.76, -88.09, -237.61],
						"2.1833": [134.22088, -32.36879, -159.04677],
						"2.3333": [131.01905, -15.2269, -192.59991],
						"2.5": [130.49008, -12.76467, -190.41349],
						"3.6667": [130.49008, -12.76467, -190.41349],
						"3.8667": [130.07025, 10.34154, -171.14354],
						"4.0833": [129.41382, -4.1288, -183.11694],
						"5.0": [129.41, -4.13, -183.12],
						"5.4333": [129.41, -4.13, -183.12],
						"5.5333": [130.5414, -5.82368, -188.47787],
						"5.6167": [126.68504, 5.23363, -210.73404],
						"5.9167": [129.41, -4.13, -183.12],
						"6.65": [129.41, -4.13, -183.12],
						"6.7167": [119.22939, -33.09403, -165.63891],
						"6.8167": [114.17895, -37.05924, -156.08735],
						"7.0833": [83.42895, -37.05924, -156.08735],
						"8.2333": [83.43, -37.06, -156.09],
						"8.5333": [83.43, -37.06, -156.09],
						"8.8333": [110.8284, -23.18397, -149.46516]
					},
					"position": {
						"0.0667": [-3.2, -9.85, -16.39],
						"0.2": [-1.82, -12.74, -8.34],
						"0.35": [-0.45, -21.75, 1.685],
						"0.45": [-0.45, -31.325, 1.69],
						"1.9333": [-0.45, -31.325, 1.69],
						"2.05": [-0.45, -21.75, 1.69],
						"2.1833": [-1.89, -16.03, -2.77],
						"2.3333": [-3.5, -13.625, -7.79],
						"2.5": [-3.5, -13.625, -7.79],
						"3.6667": [-3.5, -13.625, -7.79],
						"5.4333": [-3.5, -13.62, -7.79],
						"5.6167": [-2.675, -13.62, -7.79],
						"5.9167": [-3.5, -13.62, -7.79],
						"6.65": [-3.5, -13.62, -7.79],
						"6.8167": [-3.2, -9.35, -16.39],
						"8.2333": [-3.2, -9.35, -16.39],
						"8.5333": [-3.2, -9.35, -16.39],
						"8.8333": [-3.2, -9.85, -16.39]
					},
					"scale": [1, 1.5, 1]
				},
				"righthand": {
					"rotation": {
						"0.0": [94.51712, 4.98455, -179.60671],
						"7.0": [94.81876, 22.3272, -179.28297],
						"7.1": [91.6921, 34.68278, -206.12008],
						"7.1833": [86.04113, 30.99534, -254.17564],
						"7.2167": [91.72438, 39.99171, -253.861],
						"7.2667": [91.72, 39.99, -253.86],
						"7.3667": [91.72, 39.99, -253.86],
						"7.5": [91.60854, 34.9921, -254.04296],
						"7.6167": [88.68361, 38.49066, -253.91752],
						"8.1833": [88.68, 38.49, -253.92],
						"8.3": [70.18, 38.49, -253.92],
						"8.35": [158.23285, 70.37617, -175.29652],
						"8.3667": [179.73285, 70.37617, -175.29652],
						"8.6833": [94.52, 4.98, -179.61]
					},
					"position": {
						"0.0": [4.29, -10.76, -0.04],
						"7.0": [4.29, -10.76, -0.04],
						"7.1": [2.63, -10.785, -2.53],
						"7.1833": [2.065, -7.86, -6.89],
						"7.2667": [2.06, -7.86, -6.89],
						"7.3667": [2.06, -7.86, -6.89],
						"7.5": [2.06, -7.86, -4.39],
						"7.6333": [2.06, -7.86, -4.49],
						"8.1833": [2.06, -7.86, -4.49],
						"8.3": [2.06, -7.86, -4.49],
						"8.35": [2.06, -11.785, -0.56],
						"8.3667": [2.06, -13.855, 2.015],
						"8.6167": [3.7, -12.925, 3.53],
						"8.6833": [4.29, -10.76, -0.04]
					},
					"scale": [1, 1.5, 1]
				},
				"bolt": {
					"rotation": {
						"8.3": [0, 0, 0],
						"8.35": [0, 0, 0],
						"8.4333": [0, 0, 0]
					},
					"position": {
						"7.3667": [0, 0, 0],
						"7.5": [0, 0, 2.45],
						"7.6167": [0, 0, 2.4],
						"8.3": [0, 0, 2.4],
						"8.35": [0, 0, 0],
						"8.3833": [0, 0, 0.275],
						"8.4333": [0, 0, 0]
					}
				},
				"mag2": {
					"scale": 0
				},
				"camera": {
					"rotation": {
						"0.0": {
							"post": [0, 0, 0],
							"lerp_mode": "catmullrom"
						},
						"0.2": {
							"post": [0.475, -0.75, 0.7],
							"lerp_mode": "catmullrom"
						},
						"0.45": {
							"post": [-0.725, 0.95, -0.45],
							"lerp_mode": "catmullrom"
						},
						"0.6667": {
							"post": [0.275, 0, -0.2],
							"lerp_mode": "catmullrom"
						},
						"0.9833": {
							"post": [0, -0.4, 0],
							"lerp_mode": "catmullrom"
						},
						"1.2667": {
							"post": [1.45, -0.2, 0],
							"lerp_mode": "catmullrom"
						},
						"1.55": {
							"post": [7.225, 1.8, 0.575],
							"lerp_mode": "catmullrom"
						},
						"1.7667": {
							"post": [7.525, 2.1, 0.27],
							"lerp_mode": "catmullrom"
						},
						"2.0": {
							"post": [5.725, 1.325, -0.155],
							"lerp_mode": "catmullrom"
						},
						"2.2667": {
							"post": [0, -0.475, -0.05],
							"lerp_mode": "catmullrom"
						},
						"2.5667": {
							"post": [-0.3, 0, 0],
							"lerp_mode": "catmullrom"
						},
						"2.6333": {
							"post": [0.825, 0, 0.95],
							"lerp_mode": "catmullrom"
						},
						"2.7833": {
							"post": [-0.1, 0, -2],
							"lerp_mode": "catmullrom"
						},
						"2.9833": {
							"post": [0.275, 0, -0.505],
							"lerp_mode": "catmullrom"
						},
						"3.1833": {
							"post": [0, 0, 0],
							"lerp_mode": "catmullrom"
						},
						"3.5833": {
							"post": [-0.175, 0, 0],
							"lerp_mode": "catmullrom"
						},
						"3.7833": {
							"post": [-0.175, 0, 0.305],
							"lerp_mode": "catmullrom"
						},
						"4.0167": {
							"post": [0.125, 0, 1],
							"lerp_mode": "catmullrom"
						},
						"4.2833": {
							"post": [0, 0, 0.5],
							"lerp_mode": "catmullrom"
						},
						"4.5333": {
							"post": [0, 0, 0.025],
							"lerp_mode": "catmullrom"
						},
						"4.7333": {
							"post": [0, 0, -0.2],
							"lerp_mode": "catmullrom"
						},
						"4.9833": {
							"post": [0, 0, 0.1],
							"lerp_mode": "catmullrom"
						},
						"5.2167": {
							"post": [-0.1, 0, 0.2],
							"lerp_mode": "catmullrom"
						},
						"5.4667": {
							"post": [0.025, 0, 0.1],
							"lerp_mode": "catmullrom"
						},
						"5.65": {
							"post": [1.175, 0, -0.6],
							"lerp_mode": "catmullrom"
						},
						"5.8": {
							"post": [0.575, 0, -0.25],
							"lerp_mode": "catmullrom"
						},
						"5.9": {
							"post": [0.025, 0, -0.1],
							"lerp_mode": "catmullrom"
						},
						"5.9833": {
							"post": [-0.15, 0, 0.25],
							"lerp_mode": "catmullrom"
						},
						"6.1333": {
							"post": [0, 0, -0.025],
							"lerp_mode": "catmullrom"
						},
						"6.25": {
							"post": [-0.425, 0, 0.93],
							"lerp_mode": "catmullrom"
						},
						"6.3333": {
							"post": [0.625, 0, -0.57],
							"lerp_mode": "catmullrom"
						},
						"6.4167": {
							"post": [-0.5, 0, 0.33],
							"lerp_mode": "catmullrom"
						},
						"6.5167": {
							"post": [0.175, 0, -0.07],
							"lerp_mode": "catmullrom"
						},
						"6.6333": {
							"post": [0.425, 0, 0.055],
							"lerp_mode": "catmullrom"
						},
						"6.7833": {
							"post": [0.225, 0, 0.31],
							"lerp_mode": "catmullrom"
						},
						"7.0333": {
							"post": [-0.425, 0, 0.635],
							"lerp_mode": "catmullrom"
						},
						"7.3167": {
							"post": [0, 0, 0.365],
							"lerp_mode": "catmullrom"
						},
						"7.4333": {
							"post": [0.925, 0, -0.405],
							"lerp_mode": "catmullrom"
						},
						"7.5667": {
							"post": [0, 0, 0.35],
							"lerp_mode": "catmullrom"
						},
						"7.8": {
							"post": [-0.25, 0, 0.08],
							"lerp_mode": "catmullrom"
						},
						"7.95": {
							"post": [-0.25, 0, 0],
							"lerp_mode": "catmullrom"
						},
						"8.1333": {
							"post": [0, 0, 0],
							"lerp_mode": "catmullrom"
						},
						"8.2667": {
							"post": [0.45, 0, 0.6],
							"lerp_mode": "catmullrom"
						},
						"8.3667": {
							"post": [-0.675, 0, -0.7],
							"lerp_mode": "catmullrom"
						},
						"8.45": {
							"post": [0.375, 0, 0.7],
							"lerp_mode": "catmullrom"
						},
						"8.55": {
							"post": [-0.025, 0, -0.25],
							"lerp_mode": "catmullrom"
						},
						"8.65": {
							"post": [-0.225, 0, 0.25],
							"lerp_mode": "catmullrom"
						},
						"8.7833": {
							"post": [-0.35, 0, 1.2],
							"lerp_mode": "catmullrom"
						},
						"8.9167": {
							"post": [0.275, 0, -0.375],
							"lerp_mode": "catmullrom"
						},
						"9.0667": {
							"post": [-0.2, 0, 0.355],
							"lerp_mode": "catmullrom"
						},
						"9.2333": {
							"post": [0.05, 0, -0.065],
							"lerp_mode": "catmullrom"
						},
						"9.3833": {
							"post": [0, 0, 0],
							"lerp_mode": "catmullrom"
						}
					}
				},
				"constraint": {
					"rotation": [0.2, 0.2, 0.2],
					"position": [0.2, 0.2, 0.2]
				}
			},
			"sound_effects": {
				"0.0": {
					"effect": "pgp:all/grab6"
				},
				"2.6333": {
					"effect": "pgp:all/mag_out3"
				},
				"6.0833": {
					"effect": "pgp:all/grab7"
				},
				"6.3833": {
					"effect": "pgp:all/mag_in4"
				},
				"6.7833": {
					"effect": "pgp:all/equip3"
				},
				"7.35": {
					"effect": "pgp:all/bolt1"
				},
				"8.25": {
					"effect": "pgp:all/bolt2"
				},
				"8.7833": {
					"effect": "pgp:all/grab5"
				}
			}
		},
		"inspect_empty": {
			"loop": "hold_on_last_frame",
			"animation_length": 9.7167,
			"bones": {
				"root": {
					"rotation": {
						"0.0": {
							"post": [0, 0, 0],
							"lerp_mode": "catmullrom"
						},
						"0.1667": {
							"post": [-6.51024, -6.12279, -5.84445],
							"lerp_mode": "catmullrom"
						},
						"0.3667": {
							"post": [-24.84501, -30.09835, -28.17654],
							"lerp_mode": "catmullrom"
						},
						"0.4667": {
							"post": [-20.55324, -35.78748, -49.63885],
							"lerp_mode": "catmullrom"
						},
						"0.5667": {
							"post": [-24.77794, -30.50682, -38.80771],
							"lerp_mode": "catmullrom"
						},
						"0.6667": {
							"post": [-24.00071, -31.90993, -40.27821],
							"lerp_mode": "catmullrom"
						},
						"0.9167": {
							"post": [-26.84687, -31.05514, -38.38178],
							"lerp_mode": "catmullrom"
						},
						"1.2667": {
							"post": [-26.1658, -31.61304, -39.6914],
							"lerp_mode": "catmullrom"
						},
						"1.35": {
							"post": [-24.92259, -32.04536, -41.29516],
							"lerp_mode": "catmullrom"
						},
						"1.5": {
							"post": [-18.44233, -35.97065, -52.18627],
							"lerp_mode": "catmullrom"
						},
						"1.7333": {
							"post": [-21.95872, -35.90748, -48.28119],
							"lerp_mode": "catmullrom"
						},
						"2.1333": {
							"post": [-22.70202, -35.33449, -46.57582],
							"lerp_mode": "catmullrom"
						},
						"2.2833": {
							"post": [-24.63, -26.98, -41.26],
							"lerp_mode": "catmullrom"
						},
						"2.3833": {
							"post": [-29.66214, -21.69939, -34.894],
							"lerp_mode": "catmullrom"
						},
						"2.5167": {
							"post": [-30.55269, -19.14899, -31.32326],
							"lerp_mode": "catmullrom"
						},
						"2.6167": {
							"post": [-25.95849, -18.83917, -29.09478],
							"lerp_mode": "catmullrom"
						},
						"2.6833": {
							"post": [-19.14122, -24.05243, -47.40424],
							"lerp_mode": "catmullrom"
						},
						"2.7667": {
							"post": [-23.35735, -19.91676, -36.97861],
							"lerp_mode": "catmullrom"
						},
						"2.8667": {
							"post": [-21.83761, -21.84752, -42.60921],
							"lerp_mode": "catmullrom"
						},
						"2.95": {
							"post": [-27.06063, -19.14264, -34.727],
							"lerp_mode": "catmullrom"
						},
						"3.1167": {
							"post": [-30.92605, -18.03143, -29.40477],
							"lerp_mode": "catmullrom"
						},
						"3.3833": {
							"post": [-30.84516, -16.73393, -27.1655],
							"lerp_mode": "catmullrom"
						},
						"3.7167": {
							"post": [-30.31069, -17.75144, -29.79338],
							"lerp_mode": "catmullrom"
						},
						"3.95": {
							"post": [-25.80786, -20.31514, -34.63646],
							"lerp_mode": "catmullrom"
						},
						"4.35": {
							"post": [-29.20949, -19.61341, -33.22978],
							"lerp_mode": "catmullrom"
						},
						"4.75": {
							"post": [-28.48599, -20.69913, -35.32912],
							"lerp_mode": "catmullrom"
						},
						"5.3333": {
							"post": [-28.76587, -19.12306, -32.30596],
							"lerp_mode": "catmullrom"
						},
						"5.5667": {
							"post": [-24.41023, -18.66586, -28.57203],
							"lerp_mode": "catmullrom"
						},
						"5.8333": {
							"post": [-24.95951, -23.11931, -32.86986],
							"lerp_mode": "catmullrom"
						},
						"5.9333": {
							"post": [-23.81075, -23.49346, -33.88067],
							"lerp_mode": "catmullrom"
						},
						"5.9833": {
							"post": [-22.45687, -23.96146, -34.84817],
							"lerp_mode": "catmullrom"
						},
						"6.0833": {
							"post": [-21.75721, -24.96132, -37.66501],
							"lerp_mode": "catmullrom"
						},
						"6.25": {
							"post": [-20.44569, -18.83712, -32.21525],
							"lerp_mode": "catmullrom"
						},
						"6.2833": {
							"post": [-22.00258, -16.75199, -29.22538],
							"lerp_mode": "catmullrom"
						},
						"6.3333": {
							"post": [-16.61633, -23.63161, -51.35209],
							"lerp_mode": "catmullrom"
						},
						"6.3833": {
							"post": [-21.37598, -19.17747, -38.99065],
							"lerp_mode": "catmullrom"
						},
						"6.5667": {
							"post": [-22.09834, -17.72101, -36.9037],
							"lerp_mode": "catmullrom"
						},
						"6.8": {
							"post": [-26.1141, -6.52622, -10.53898],
							"lerp_mode": "catmullrom"
						},
						"7.0833": {
							"post": [-25.64667, 7.78792, 51.34218],
							"lerp_mode": "catmullrom"
						},
						"7.2167": {
							"post": [-25.65, 11.385, 60.92],
							"lerp_mode": "catmullrom"
						},
						"7.4667": {
							"post": [-20.26241, 10.39393, 58.89003],
							"lerp_mode": "catmullrom"
						},
						"7.5667": {
							"post": [-21.63423, 9.60777, 56.74929],
							"lerp_mode": "catmullrom"
						},
						"7.6333": {
							"post": [-23.81941, 4.76469, 48.15083],
							"lerp_mode": "catmullrom"
						},
						"7.7167": {
							"post": [-24.27321, 6.95346, 51.29151],
							"lerp_mode": "catmullrom"
						},
						"7.9": {
							"post": [-24.85362, 4.24897, 45.35192],
							"lerp_mode": "catmullrom"
						},
						"8.0333": {
							"post": [-25.12264, 1.92413, 40.35984],
							"lerp_mode": "catmullrom"
						},
						"8.1167": {
							"post": [-25.04421, 1.6861, 39.05356],
							"lerp_mode": "catmullrom"
						},
						"8.2333": {
							"post": [-20.89391, 8.57123, 53.57791],
							"lerp_mode": "catmullrom"
						},
						"8.3": {
							"post": [-23.59499, 7.34828, 50.29995],
							"lerp_mode": "catmullrom"
						},
						"8.3667": {
							"post": [-23.91975, 6.13945, 47.53509],
							"lerp_mode": "catmullrom"
						},
						"8.5333": {
							"post": [-23.50449, 7.64794, 50.99342],
							"lerp_mode": "catmullrom"
						},
						"8.6": {
							"post": [-22.18808, -0.35427, 45.85419],
							"lerp_mode": "catmullrom"
						},
						"8.6333": {
							"post": [-21.91901, -3.55083, 37.97254],
							"lerp_mode": "catmullrom"
						},
						"8.75": {
							"post": [-10.98092, -3.44445, 46.0824],
							"lerp_mode": "catmullrom"
						},
						"8.9333": {
							"post": [-4.09785, -2.35881, 35.39419],
							"lerp_mode": "catmullrom"
						},
						"9.1": {
							"post": [0.144, 0.553, 8.481],
							"lerp_mode": "catmullrom"
						},
						"9.2333": {
							"post": [-0.723, 0.181, 1.638],
							"lerp_mode": "catmullrom"
						},
						"9.3667": {
							"post": [0.166, -0.183, 0.591],
							"lerp_mode": "catmullrom"
						},
						"9.5": {
							"post": [0.015, 0.108, 0.13],
							"lerp_mode": "catmullrom"
						},
						"9.7167": {
							"post": [0, 0, 0],
							"lerp_mode": "catmullrom"
						}
					},
					"position": {
						"0.0": {
							"post": [0, 0, 0],
							"lerp_mode": "catmullrom"
						},
						"0.1667": {
							"post": [0.185, -1.765, -0.715],
							"lerp_mode": "catmullrom"
						},
						"0.3667": {
							"post": [-0.235, -0.41, -2.52],
							"lerp_mode": "catmullrom"
						},
						"0.55": {
							"post": [-0.725, -0.8, -2.075],
							"lerp_mode": "catmullrom"
						},
						"0.7333": {
							"post": [-0.73, -0.545, -1.95],
							"lerp_mode": "catmullrom"
						},
						"0.9833": {
							"post": [-0.805, -0.6, -1.98],
							"lerp_mode": "catmullrom"
						},
						"1.2667": {
							"post": [-0.73, -0.65, -2],
							"lerp_mode": "catmullrom"
						},
						"1.5": {
							"post": [-0.83, 0.925, -2.6],
							"lerp_mode": "catmullrom"
						},
						"1.7333": {
							"post": [-0.755, 1.105, -2.8],
							"lerp_mode": "catmullrom"
						},
						"2.1333": {
							"post": [-0.785, 0.985, -2.775],
							"lerp_mode": "catmullrom"
						},
						"2.25": {
							"post": [-0.755, -0.415, -2.405],
							"lerp_mode": "catmullrom"
						},
						"2.3833": {
							"post": [-1.19, -0.96, -1.795],
							"lerp_mode": "catmullrom"
						},
						"2.5167": {
							"post": [-1.11, -0.53, -1.73],
							"lerp_mode": "catmullrom"
						},
						"2.5833": {
							"post": [-1.265, -0.56, -2.56],
							"lerp_mode": "catmullrom"
						},
						"2.6667": {
							"post": [-1.09, -0.785, -2.04],
							"lerp_mode": "catmullrom"
						},
						"2.7833": {
							"post": [-0.485, -1.77, -1.95],
							"lerp_mode": "catmullrom"
						},
						"2.95": {
							"post": [-0.295, -1.955, -0.575],
							"lerp_mode": "catmullrom"
						},
						"3.0833": {
							"post": [-0.345, -1.78, -0.29],
							"lerp_mode": "catmullrom"
						},
						"3.3833": {
							"post": [-0.475, -1.605, -0.29],
							"lerp_mode": "catmullrom"
						},
						"3.7": {
							"post": [-0.48, -1.725, -0.29],
							"lerp_mode": "catmullrom"
						},
						"3.9": {
							"post": [-0.715, -1.74, -0.29],
							"lerp_mode": "catmullrom"
						},
						"4.3167": {
							"post": [-0.955, -1.745, -0.29],
							"lerp_mode": "catmullrom"
						},
						"4.75": {
							"post": [-0.96, -1.69, -0.29],
							"lerp_mode": "catmullrom"
						},
						"5.3333": {
							"post": [-0.985, -1.59, -0.29],
							"lerp_mode": "catmullrom"
						},
						"5.4833": {
							"post": [-0.99, -1.445, -0.475],
							"lerp_mode": "catmullrom"
						},
						"5.65": {
							"post": [-0.99, -0.555, -1.04],
							"lerp_mode": "catmullrom"
						},
						"5.8333": {
							"post": [-0.99, -0.39, -0.54],
							"lerp_mode": "catmullrom"
						},
						"6.0167": {
							"post": [-0.99, -0.66, -0.54],
							"lerp_mode": "catmullrom"
						},
						"6.15": {
							"post": [-0.99, -0.51, -0.54],
							"lerp_mode": "catmullrom"
						},
						"6.25": {
							"post": [-0.99, -0.11, -0.265],
							"lerp_mode": "catmullrom"
						},
						"6.3333": {
							"post": [-0.59, -1.935, -1.265],
							"lerp_mode": "catmullrom"
						},
						"6.45": {
							"post": [-0.79, -0.8, -0.285],
							"lerp_mode": "catmullrom"
						},
						"6.6167": {
							"post": [-0.94, -0.55, -0.285],
							"lerp_mode": "catmullrom"
						},
						"6.8667": {
							"post": [-0.365, -4.57, -3.03],
							"lerp_mode": "catmullrom"
						},
						"7.0833": {
							"post": [1.86, -2.39, -1.745],
							"lerp_mode": "catmullrom"
						},
						"7.2": {
							"post": [2.635, -1.965, -2.265],
							"lerp_mode": "catmullrom"
						},
						"7.45": {
							"post": [2.63, -2.46, -1.785],
							"lerp_mode": "catmullrom"
						},
						"7.5667": {
							"post": [2.655, -2.285, -2.205],
							"lerp_mode": "catmullrom"
						},
						"7.6333": {
							"post": [2.65, -1.38, -3.925],
							"lerp_mode": "catmullrom"
						},
						"7.7167": {
							"post": [2.775, -1.43, -4.295],
							"lerp_mode": "catmullrom"
						},
						"7.9": {
							"post": [2.995, -2.155, -4.29],
							"lerp_mode": "catmullrom"
						},
						"8.0333": {
							"post": [3.265, -2.8, -3.815],
							"lerp_mode": "catmullrom"
						},
						"8.2333": {
							"post": [3.26, -1.65, -3.81],
							"lerp_mode": "catmullrom"
						},
						"8.3667": {
							"post": [3.135, -1.525, -3.81],
							"lerp_mode": "catmullrom"
						},
						"8.5333": {
							"post": [3.13, -1.32, -4.21],
							"lerp_mode": "catmullrom"
						},
						"8.6": {
							"post": [3.13, -1.045, -4.96],
							"lerp_mode": "catmullrom"
						},
						"8.6333": {
							"post": [2.905, -1.665, -4.185],
							"lerp_mode": "catmullrom"
						},
						"8.7667": {
							"post": [2.585, -3.575, -5.54],
							"lerp_mode": "catmullrom"
						},
						"8.9": {
							"post": [1.46, -2.925, -6.61],
							"lerp_mode": "catmullrom"
						},
						"9.05": {
							"post": [-0.05, -0.335, -3.585],
							"lerp_mode": "catmullrom"
						},
						"9.2": {
							"post": [-0.009, -0.06, 0.196],
							"lerp_mode": "catmullrom"
						},
						"9.2667": {
							"post": [-0.001, 0.049, -0.185],
							"lerp_mode": "catmullrom"
						},
						"9.3667": {
							"post": [-0.011, 0.027, 0.093],
							"lerp_mode": "catmullrom"
						},
						"9.5": {
							"post": [-0.013, -0.003, -0.034],
							"lerp_mode": "catmullrom"
						},
						"9.6167": {
							"post": [-0.01, -0.003, -0.016],
							"lerp_mode": "catmullrom"
						},
						"9.7167": {
							"post": [0, 0, 0],
							"lerp_mode": "catmullrom"
						}
					}
				},
				"mag_and_lefthand": {
					"rotation": {
						"2.5333": {
							"pre": [0, 0, 0],
							"post": [0, 0, 0],
							"lerp_mode": "catmullrom"
						},
						"2.6": [-10.92559, -1.28509, -6.6271],
						"2.7167": [-10.92559, -1.28509, -6.6271],
						"2.8": [14.13192, -4.35306, -3.89162],
						"3.05": {
							"pre": [-11.84528, -11.87854, -10.22031],
							"post": [-11.84528, -11.87854, -10.22031],
							"lerp_mode": "catmullrom"
						},
						"3.2833": {
							"post": [-11.28492, -17.10474, -4.09884],
							"lerp_mode": "catmullrom"
						},
						"3.7": {
							"post": [-10.13027, -12.99389, -8.06242],
							"lerp_mode": "catmullrom"
						},
						"3.8833": {
							"post": [1.485, -4.63, 16.085],
							"lerp_mode": "catmullrom"
						},
						"4.1": {
							"post": [57.35292, 15.63349, 84.984],
							"lerp_mode": "catmullrom"
						},
						"4.35": {
							"post": [57.12562, 16.16107, 91.81113],
							"lerp_mode": "catmullrom"
						},
						"4.6833": {
							"post": [57.03591, 15.99229, 91.08452],
							"lerp_mode": "catmullrom"
						},
						"4.9167": {
							"post": [56.26196, 15.65558, 90.07192],
							"lerp_mode": "catmullrom"
						},
						"5.3667": {
							"post": [56.5044, 16.18967, 87.18382],
							"lerp_mode": "catmullrom"
						},
						"5.4833": {
							"post": [12.69133, 17.7106, 47.87603],
							"lerp_mode": "catmullrom"
						},
						"5.65": {
							"post": [-15.19505, 8.79297, 6.28235],
							"lerp_mode": "catmullrom"
						},
						"5.75": {
							"post": [-27.69028, -4.32789, -8.18288],
							"lerp_mode": "catmullrom"
						},
						"5.8667": {
							"post": [-22.35083, -4.90791, -9.29377],
							"lerp_mode": "catmullrom"
						},
						"5.9333": {
							"post": [-11.10083, -4.90791, -9.29377],
							"lerp_mode": "catmullrom"
						},
						"6.0333": {
							"post": [-12.85083, -4.90791, -9.29377],
							"lerp_mode": "catmullrom"
						},
						"6.1167": {
							"post": [-13.8517, -6.7267, -9.36058],
							"lerp_mode": "catmullrom"
						},
						"6.25": {
							"post": [-19.1017, -6.7267, -9.36058],
							"lerp_mode": "catmullrom"
						},
						"6.3": {
							"post": [-18.75, 0, 0],
							"lerp_mode": "catmullrom"
						},
						"6.3333": {
							"post": [0, 0, 0],
							"lerp_mode": "catmullrom"
						},
						"6.35": {
							"post": [2.57, 0, 0],
							"lerp_mode": "catmullrom"
						},
						"6.4": {
							"post": [0, 0, 0],
							"lerp_mode": "catmullrom"
						}
					},
					"position": {
						"2.5333": {
							"pre": [0, 0, 0],
							"post": [0, 0, 0],
							"lerp_mode": "catmullrom"
						},
						"2.6": [0.575, 0, -0.65],
						"2.6833": [0.575, 0, -0.65],
						"2.85": [0, -2.07, -1.62],
						"2.9667": [2.54, -2.74, -0.87],
						"3.1167": {
							"pre": [5.46939, -0.51213, 0.51845],
							"post": [5.46939, -0.51213, 0.51845],
							"lerp_mode": "catmullrom"
						},
						"3.2833": {
							"post": [6.25, -0.62, 0.31],
							"lerp_mode": "catmullrom"
						},
						"3.7333": {
							"post": [6.25, -0.57, 0.135],
							"lerp_mode": "catmullrom"
						},
						"3.95": {
							"post": [6.26974, -0.45344, 1.08043],
							"lerp_mode": "catmullrom"
						},
						"4.1": {
							"post": [7.295, 1.05719, 0.40988],
							"lerp_mode": "catmullrom"
						},
						"4.2833": {
							"post": [7.47173, 1.01278, 0.71025],
							"lerp_mode": "catmullrom"
						},
						"4.45": {
							"post": [7.49334, 1.04346, 0.6811],
							"lerp_mode": "catmullrom"
						},
						"4.6833": {
							"post": [7.50167, 1.05673, 0.66555],
							"lerp_mode": "catmullrom"
						},
						"5.0833": {
							"post": [7.57003, 1.16038, 0.58329],
							"lerp_mode": "catmullrom"
						},
						"5.3667": {
							"post": [7.55833, 1.14327, 0.59445],
							"lerp_mode": "catmullrom"
						},
						"5.4833": {
							"post": [5.72, 0.4, 0.03],
							"lerp_mode": "catmullrom"
						},
						"5.6": {
							"post": [2.02268, -3.31017, 0.8746],
							"lerp_mode": "catmullrom"
						},
						"5.75": {
							"post": [0.85, -1.525, -2.95],
							"lerp_mode": "catmullrom"
						},
						"5.8667": {
							"post": [0.325, -0.77, -2.5],
							"lerp_mode": "catmullrom"
						},
						"5.9333": {
							"post": [0.32, -0.445, -1.72],
							"lerp_mode": "catmullrom"
						},
						"6.0333": {
							"post": [0.32, -0.44, -1.92],
							"lerp_mode": "catmullrom"
						},
						"6.1167": {
							"post": [0.32, -0.49, -1.92],
							"lerp_mode": "catmullrom"
						},
						"6.25": {
							"post": [0.32, -0.49, -2.32],
							"lerp_mode": "catmullrom"
						},
						"6.3": {
							"post": [0, 0, -1.375],
							"lerp_mode": "catmullrom"
						},
						"6.3333": {
							"post": [0, 0, 0],
							"lerp_mode": "catmullrom"
						},
						"6.45": {
							"post": [0, 0, 0],
							"lerp_mode": "catmullrom"
						}
					}
				},
				"lefthand": {
					"rotation": {
						"0.0667": [110.8284, -23.18397, -149.46516],
						"0.35": [215.75717, -88.09098, -237.61065],
						"2.05": [215.76, -88.09, -237.61],
						"2.1833": [134.22088, -32.36879, -159.04677],
						"2.3333": [131.01905, -15.2269, -192.59991],
						"2.5": [130.49008, -12.76467, -190.41349],
						"3.6667": [130.49008, -12.76467, -190.41349],
						"3.8667": [130.07025, 10.34154, -171.14354],
						"4.0833": [129.41382, -4.1288, -183.11694],
						"5.0": [129.41, -4.13, -183.12],
						"5.4333": [129.41, -4.13, -183.12],
						"5.5333": [130.5414, -5.82368, -188.47787],
						"5.6167": [126.68504, 5.23363, -210.73404],
						"5.9167": [129.41, -4.13, -183.12],
						"6.65": [129.41, -4.13, -183.12],
						"6.7167": [119.22939, -33.09403, -165.63891],
						"6.8167": [114.17895, -37.05924, -156.08735],
						"7.1333": [72.42895, -37.05924, -156.08735],
						"8.7833": [72.43, -37.06, -156.09],
						"9.1833": [110.8284, -23.18397, -149.46516]
					},
					"position": {
						"0.0667": [-3.2, -9.85, -16.39],
						"0.2": [-1.82, -12.74, -8.34],
						"0.35": [-0.45, -21.75, 1.685],
						"0.45": [-0.45, -31.325, 1.69],
						"1.9333": [-0.45, -31.325, 1.69],
						"2.05": [-0.45, -21.75, 1.69],
						"2.1833": [-1.89, -16.03, -2.77],
						"2.3333": [-3.5, -13.625, -7.79],
						"2.5": [-3.5, -13.625, -7.79],
						"3.6667": [-3.5, -13.625, -7.79],
						"5.4333": [-3.5, -13.62, -7.79],
						"5.6167": [-2.675, -13.62, -7.79],
						"5.9167": [-3.5, -13.62, -7.79],
						"6.65": [-3.5, -13.62, -7.79],
						"6.8167": [-3.2, -9.35, -16.39],
						"8.7833": [-3.2, -9.35, -16.39],
						"9.1833": [-3.2, -9.85, -16.39]
					},
					"scale": [1, 1.5, 1]
				},
				"righthand": {
					"rotation": {
						"0.0": [94.51712, 4.98455, -179.60671],
						"7.0": [94.81876, 22.3272, -179.28297],
						"7.1": [91.6921, 34.68278, -206.12008],
						"7.1833": [86.04113, 30.99534, -254.17564],
						"7.2167": [91.72438, 39.99171, -253.861],
						"7.3167": [91.72, 39.99, -253.86],
						"7.3667": [96.24215, 42.90457, -247.23822],
						"7.4833": [133.17041, 74.44816, -250.22446],
						"7.5667": [127.17041, 74.44816, -250.22446],
						"7.6167": [71.99955, 10.03399, -256.66761],
						"7.7333": [76.41212, 15.53345, -236.93622],
						"7.8333": [114.26187, 28.87338, -246.16737],
						"7.9167": [93.14953, 57.02205, -248.71061],
						"8.1167": [87.68078, 60.01711, -248.38093],
						"8.1833": [133.43078, 60.01711, -248.38093],
						"8.2333": [137.32764, 65.68975, -238.36464],
						"8.3833": [133.69559, 65.50958, -238.78416],
						"8.4667": [134.94559, 65.50958, -238.78416],
						"8.5333": [150.69559, 65.50958, -238.78416],
						"8.6": [102.48893, 28.19171, -242.54442],
						"8.6167": [158.23285, 70.37617, -175.29652],
						"8.6333": [179.73285, 70.37617, -175.29652],
						"8.95": [94.52, 4.98, -179.61]
					},
					"position": {
						"0.0": [4.29, -10.76, -0.04],
						"7.0": [4.29, -10.76, -0.04],
						"7.1": [2.63, -10.785, -2.53],
						"7.1833": [2.065, -7.86, -6.89],
						"7.3167": [2.06, -7.86, -6.89],
						"7.3667": [2.06, -7.86, -6.565],
						"7.4833": [2.06, -7.06, -2.715],
						"7.5667": [2.06, -7.06, -2.485],
						"7.6167": [1.985, -10.935, 10.3],
						"7.9167": [2.06, -7.385, -6.89],
						"8.1167": [2.06, -7.38, -6.69],
						"8.1833": [2.06, -7.38, -2.39],
						"8.2333": [2.06, -7.38, -2.065],
						"8.45": [2.06, -7.38, -2.135],
						"8.5333": [2.06, -7.38, -1.48],
						"8.6167": [2.06, -11.785, 3.715],
						"8.8833": [3.7, -12.925, 3.53],
						"8.95": [4.29, -10.76, -0.04]
					},
					"scale": [1, 1.5, 1]
				},
				"bolt": {
					"position": {
						"7.3667": [0, 0, 0],
						"7.4833": [0, 0, 3],
						"7.5667": [0, 0, 3.6],
						"7.6167": [0, 0, 0],
						"7.65": [0, 0, 0.25],
						"7.7": [0, 0, 0],
						"8.1167": [0, 0, 0],
						"8.1833": [0, 0, 3],
						"8.2333": [0, 0, 4.075],
						"8.5333": [0, 0, 4.075],
						"8.6": [0, 0, 0],
						"8.6167": [0, 0, -0.35],
						"8.6667": [0, 0, 0.175],
						"8.7167": [0, 0, 0]
					}
				},
				"mag2": {
					"scale": 0
				},
				"camera": {
					"rotation": {
						"0.0": {
							"post": [0, 0, 0],
							"lerp_mode": "catmullrom"
						},
						"0.2": {
							"post": [0.475, -0.75, 0.7],
							"lerp_mode": "catmullrom"
						},
						"0.45": {
							"post": [-0.725, 0.95, -0.45],
							"lerp_mode": "catmullrom"
						},
						"0.6667": {
							"post": [0.275, 0, -0.2],
							"lerp_mode": "catmullrom"
						},
						"0.9833": {
							"post": [0, -0.4, 0],
							"lerp_mode": "catmullrom"
						},
						"1.2667": {
							"post": [1.45, -0.2, 0],
							"lerp_mode": "catmullrom"
						},
						"1.55": {
							"post": [7.225, 1.8, 0.575],
							"lerp_mode": "catmullrom"
						},
						"1.7667": {
							"post": [7.525, 2.1, 0.27],
							"lerp_mode": "catmullrom"
						},
						"2.0": {
							"post": [5.725, 1.325, -0.155],
							"lerp_mode": "catmullrom"
						},
						"2.2667": {
							"post": [0, -0.475, -0.05],
							"lerp_mode": "catmullrom"
						},
						"2.5667": {
							"post": [-0.3, 0, 0],
							"lerp_mode": "catmullrom"
						},
						"2.6333": {
							"post": [0.825, 0, 0.95],
							"lerp_mode": "catmullrom"
						},
						"2.7833": {
							"post": [-0.1, 0, -2],
							"lerp_mode": "catmullrom"
						},
						"2.9833": {
							"post": [0.275, 0, -0.505],
							"lerp_mode": "catmullrom"
						},
						"3.1833": {
							"post": [0, 0, 0],
							"lerp_mode": "catmullrom"
						},
						"3.5833": {
							"post": [-0.175, 0, 0],
							"lerp_mode": "catmullrom"
						},
						"3.7833": {
							"post": [-0.175, 0, 0.305],
							"lerp_mode": "catmullrom"
						},
						"4.0167": {
							"post": [0.125, 0, 1],
							"lerp_mode": "catmullrom"
						},
						"4.2833": {
							"post": [0, 0, 0.5],
							"lerp_mode": "catmullrom"
						},
						"4.5333": {
							"post": [0, 0, 0.025],
							"lerp_mode": "catmullrom"
						},
						"4.7333": {
							"post": [0, 0, -0.2],
							"lerp_mode": "catmullrom"
						},
						"4.9833": {
							"post": [0, 0, 0.1],
							"lerp_mode": "catmullrom"
						},
						"5.2167": {
							"post": [-0.1, 0, 0.2],
							"lerp_mode": "catmullrom"
						},
						"5.4667": {
							"post": [0.025, 0, 0.1],
							"lerp_mode": "catmullrom"
						},
						"5.65": {
							"post": [1.175, 0, -0.6],
							"lerp_mode": "catmullrom"
						},
						"5.8": {
							"post": [0.575, 0, -0.25],
							"lerp_mode": "catmullrom"
						},
						"5.9": {
							"post": [0.025, 0, -0.1],
							"lerp_mode": "catmullrom"
						},
						"5.9833": {
							"post": [-0.15, 0, 0.25],
							"lerp_mode": "catmullrom"
						},
						"6.1333": {
							"post": [0, 0, -0.025],
							"lerp_mode": "catmullrom"
						},
						"6.25": {
							"post": [-0.425, 0, 0.93],
							"lerp_mode": "catmullrom"
						},
						"6.3333": {
							"post": [0.625, 0, -0.57],
							"lerp_mode": "catmullrom"
						},
						"6.4167": {
							"post": [-0.5, 0, 0.33],
							"lerp_mode": "catmullrom"
						},
						"6.5167": {
							"post": [0.175, 0, -0.07],
							"lerp_mode": "catmullrom"
						},
						"6.6333": {
							"post": [0.425, 0, 0.055],
							"lerp_mode": "catmullrom"
						},
						"6.7833": {
							"post": [0.225, 0, 0.31],
							"lerp_mode": "catmullrom"
						},
						"7.0333": {
							"post": [-0.425, 0, 0.635],
							"lerp_mode": "catmullrom"
						},
						"7.3": {
							"post": [-0.705, 0, 0.54],
							"lerp_mode": "catmullrom"
						},
						"7.4167": {
							"post": [-0.705, 0, -0.385],
							"lerp_mode": "catmullrom"
						},
						"7.5167": {
							"post": [-0.43, 0, -0.605],
							"lerp_mode": "catmullrom"
						},
						"7.6": {
							"post": [0.245, 0, 1.125],
							"lerp_mode": "catmullrom"
						},
						"7.6833": {
							"post": [-0.88, 0, -0.395],
							"lerp_mode": "catmullrom"
						},
						"7.7667": {
							"post": [-0.43, 0, 0.03],
							"lerp_mode": "catmullrom"
						},
						"7.9": {
							"post": [0.045, 0, 0.38],
							"lerp_mode": "catmullrom"
						},
						"8.0833": {
							"post": [-0.43, 0, 0.255],
							"lerp_mode": "catmullrom"
						},
						"8.1833": {
							"post": [0.42, 0, -0.81],
							"lerp_mode": "catmullrom"
						},
						"8.2667": {
							"post": [0.12, 0, -0.41],
							"lerp_mode": "catmullrom"
						},
						"8.35": {
							"post": [0.57, 0, -0.91],
							"lerp_mode": "catmullrom"
						},
						"8.4": {
							"post": [0.42, 0, -0.56],
							"lerp_mode": "catmullrom"
						},
						"8.4833": {
							"post": [-0.43, 0, -0.685],
							"lerp_mode": "catmullrom"
						},
						"8.5833": {
							"post": [1.145, -0.825, 1.145],
							"lerp_mode": "catmullrom"
						},
						"8.75": {
							"post": [0.345, 0.375, -0.225],
							"lerp_mode": "catmullrom"
						},
						"8.9333": {
							"post": [-0.43, 0, -0.52],
							"lerp_mode": "catmullrom"
						},
						"9.1333": {
							"post": [-0.35, -0.175, 1.2],
							"lerp_mode": "catmullrom"
						},
						"9.2667": {
							"post": [0.275, 0, -0.375],
							"lerp_mode": "catmullrom"
						},
						"9.4167": {
							"post": [-0.2, 0.05, 0.355],
							"lerp_mode": "catmullrom"
						},
						"9.5833": {
							"post": [0.05, 0, -0.065],
							"lerp_mode": "catmullrom"
						},
						"9.7333": {
							"post": [0, 0, 0],
							"lerp_mode": "catmullrom"
						}
					}
				},
				"constraint": {
					"rotation": [0.2, 0.2, 0.2],
					"position": [0.2, 0.2, 0.2]
				}
			},
			"sound_effects": {
				"0.0": {
					"effect": "pgp:all/grab6"
				},
				"2.6333": {
					"effect": "pgp:all/mag_out3"
				},
				"6.0833": {
					"effect": "pgp:all/grab7"
				},
				"6.3833": {
					"effect": "pgp:all/mag_in4"
				},
				"6.7833": {
					"effect": "pgp:all/equip3"
				},
				"7.35": {
					"effect": "pgp:all/bolt1"
				},
				"7.4833": {
					"effect": "pgp:all/bolt2"
				},
				"8.15": {
					"effect": "pgp:all/bolt1"
				},
				"8.5333": {
					"effect": "pgp:all/bolt2"
				},
				"9.2667": {
					"effect": "pgp:all/grab5"
				}
			}
		},
		"draw": {
			"loop": "hold_on_last_frame",
			"animation_length": 0.8833,
			"bones": {
				"root": {
					"rotation": {
						"0.0": {
							"post": [43.701, 12.918, -26.569],
							"lerp_mode": "catmullrom"
						},
						"0.0833": {
							"post": [1.901, -6.274, -45.748],
							"lerp_mode": "catmullrom"
						},
						"0.25": {
							"post": [-8.07, -16.88, -14.145],
							"lerp_mode": "catmullrom"
						},
						"0.3667": {
							"post": [-8.904, -8.241, -5.37],
							"lerp_mode": "catmullrom"
						},
						"0.5": {
							"post": [1.75, -0.56, 4.67],
							"lerp_mode": "catmullrom"
						},
						"0.5833": {
							"post": [0.59742, -0.20842, -0.50763],
							"lerp_mode": "catmullrom"
						},
						"0.6333": {
							"post": [0.41576, -0.1328, -2.93318],
							"lerp_mode": "catmullrom"
						},
						"0.7": {
							"post": [0.22558, -0.0852, 0.17258],
							"lerp_mode": "catmullrom"
						},
						"0.8333": {
							"post": [0, 0, 0],
							"lerp_mode": "catmullrom"
						}
					},
					"position": {
						"0.0": {
							"post": [11.92, -18.634, 1.141],
							"lerp_mode": "catmullrom"
						},
						"0.25": {
							"post": [1.657, -4.25, -5.102],
							"lerp_mode": "catmullrom"
						},
						"0.5": {
							"post": [-0.2, -0.367, -0.835],
							"lerp_mode": "catmullrom"
						},
						"0.5833": {
							"post": [0, 0, 0.15],
							"lerp_mode": "catmullrom"
						},
						"0.6667": {
							"post": [0, 0, -0.35],
							"lerp_mode": "catmullrom"
						},
						"0.75": {
							"post": [0, 0, -0.09],
							"lerp_mode": "catmullrom"
						},
						"0.8333": {
							"post": [0, 0, 0],
							"lerp_mode": "catmullrom"
						}
					},
					"scale": {
						"0.0": {
							"post": [1, 1, 1],
							"lerp_mode": "catmullrom"
						}
					}
				},
				"lefthand": {
					"rotation": {
						"0.1333": [138.01816, -63.91505, -185.89351],
						"0.2667": [114.17895, -37.05924, -156.08735],
						"0.4333": [111.58279, -27.1515, -151.19026],
						"0.5833": [110.8284, -23.18397, -149.46516]
					},
					"position": [-3.2, -9.85, -16.39],
					"scale": [1, 1.5, 1]
				},
				"righthand": {
					"rotation": {
						"0.3667": [95.17967, 29.6491, -177.4324],
						"0.5167": [94.51712, 4.98455, -179.60671]
					},
					"position": {
						"0.25": [4.29, -10.76, 8.31],
						"0.3667": [4.29, -10.76, -2.165],
						"0.5167": [4.29, -10.76, -0.04]
					},
					"scale": {
						"0.0": [1, 1.5, 1],
						"0.5167": [1, 1.5, 1]
					}
				},
				"camera": {
					"rotation": {
						"0.0": {
							"post": [0, 0, 0],
							"lerp_mode": "catmullrom"
						},
						"0.15": {
							"post": [0.225, -0.425, 1.325],
							"lerp_mode": "catmullrom"
						},
						"0.2833": {
							"post": [1, -0.425, 0.98],
							"lerp_mode": "catmullrom"
						},
						"0.4": {
							"post": [0.925, 0, 0.005],
							"lerp_mode": "catmullrom"
						},
						"0.5": {
							"post": [0.44, 0.225, 0.545],
							"lerp_mode": "catmullrom"
						},
						"0.6167": {
							"post": [-0.1, -0.2, -0.31],
							"lerp_mode": "catmullrom"
						},
						"0.7167": {
							"post": [0.275, 0, -0.155],
							"lerp_mode": "catmullrom"
						},
						"0.85": {
							"post": [0, 0, 0],
							"lerp_mode": "catmullrom"
						}
					}
				},
				"constraint": {
					"rotation": [0.2, 0.2, 0.2],
					"position": [0.2, 0.2, 0.2]
				}
			},
			"sound_effects": {
				"0.0167": {
					"effect": "pgp:all/grab7 "
				},
				"0.5667": {
					"effect": "pgp:all/grab11"
				}
			}
		},
		"put_away": {
			"loop": "hold_on_last_frame",
			"animation_length": 0.6333,
			"bones": {
				"root": {
					"rotation": {
						"0.0": {
							"post": [0, 0, 0],
							"lerp_mode": "catmullrom"
						},
						"0.1333": {
							"post": [-5.602, -4.816, 15.099],
							"lerp_mode": "catmullrom"
						},
						"0.25": {
							"post": [-10.05, -23.3, -28.93],
							"lerp_mode": "catmullrom"
						},
						"0.3333": {
							"post": [-9.145, -28.757, -38.389],
							"lerp_mode": "catmullrom"
						},
						"0.45": {
							"post": [18.146, -15.385, -12.327],
							"lerp_mode": "catmullrom"
						},
						"0.6333": {
							"post": [18.146, -15.385, -12.327],
							"lerp_mode": "catmullrom"
						}
					},
					"position": {
						"0.0": {
							"post": [0, 0, 0],
							"lerp_mode": "catmullrom"
						},
						"0.0833": {
							"post": [0.38, 0.97, -0.52],
							"lerp_mode": "catmullrom"
						},
						"0.1667": {
							"post": [2.678, 0.788, -2.838],
							"lerp_mode": "catmullrom"
						},
						"0.3333": {
							"post": [8.63, -10.358, 0.027],
							"lerp_mode": "catmullrom"
						},
						"0.45": {
							"post": [9.431, -18.904, 5.936],
							"lerp_mode": "catmullrom"
						},
						"0.6333": {
							"post": [9.431, -18.904, 5.936],
							"lerp_mode": "catmullrom"
						}
					},
					"scale": {
						"0.0": {
							"post": [1, 1, 1],
							"lerp_mode": "catmullrom"
						},
						"0.6333": {
							"post": [1, 1, 1],
							"lerp_mode": "catmullrom"
						}
					}
				},
				"lefthand": {
					"rotation": [110.8284, -23.18397, -149.46516],
					"position": [-3.2, -9.85, -16.39],
					"scale": [1, 1.5, 1]
				},
				"righthand": {
					"rotation": {
						"0.0": [94.51712, 4.98455, -179.60671],
						"0.15": [96.99971, 23.03175, -145.9122],
						"0.25": [92.59268, 39.27354, -72.23892]
					},
					"position": {
						"0.0": [4.29, -10.76, -0.04],
						"0.15": [1.29, -12.21, -0.04],
						"0.25": [-9.91, -10.235, -0.04]
					},
					"scale": [1, 1.5, 1]
				},
				"constraint": {
					"rotation": [0.2, 0.2, 0.2],
					"position": [0.2, 0.2, 0.2]
				}
			}
		}
	}
}