{
	"format_version": "1.8.0",
	"animations": {
		"static_idle": {
			"loop": true,
			"bones": {
				"lefthand": {
					"rotation": {
						"0.0": {
							"post": [90, 15, -30],
							"lerp_mode": "catmullrom"
						}
					},
					"position": {
						"0.0": {
							"post": [9.78678, -3.73578, 12.02797],
							"lerp_mode": "catmullrom"
						}
					},
					"scale": [1.5, 2, 1]
				},
				"righthand": {
					"rotation": {
						"0.0": {
							"post": [162.5, 0, 0],
							"lerp_mode": "catmullrom"
						}
					},
					"position": {
						"0.0": {
							"post": [5, 7, 43],
							"lerp_mode": "catmullrom"
						}
					}
				},
				"constraint": {
					"rotation": [0.2, 0.2, 0.2],
					"position": [0.2, 0.2, 0.4]
				}
			}
		},
		"shoot": {
			"animation_length": 1.2083,
			"bones": {
				"root": {
					"rotation": {
						"0.0": {
							"post": [0, 0, 0],
							"lerp_mode": "catmullrom"
						},
						"0.0417": {
							"post": [0.16986, -0.11208, 0.34881],
							"lerp_mode": "catmullrom"
						},
						"0.0833": {
							"post": [-0.09135, 0.12866, 0.52246],
							"lerp_mode": "catmullrom"
						},
						"0.1667": {
							"post": [0.27838, 0.0674, -0.32417],
							"lerp_mode": "catmullrom"
						},
						"0.25": {
							"post": [0.07498, -0.0036, 0.07499],
							"lerp_mode": "catmullrom"
						},
						"0.375": {
							"post": [0.125, -0.2, 0.325],
							"lerp_mode": "catmullrom"
						},
						"0.5": {
							"post": [-0.07, -0.075, -0.05],
							"lerp_mode": "catmullrom"
						},
						"0.625": {
							"post": [0, 0, 0],
							"lerp_mode": "catmullrom"
						}
					},
					"position": {
						"0.0": {
							"post": [0, 0, 0],
							"lerp_mode": "catmullrom"
						},
						"0.0417": {
							"post": [0, -0.075, 0.955],
							"lerp_mode": "catmullrom"
						},
						"0.125": {
							"post": [0, -0.06562, 0.92688],
							"lerp_mode": "catmullrom"
						},
						"0.2083": {
							"post": [0, -0.025, 0.05313],
							"lerp_mode": "catmullrom"
						},
						"0.375": {
							"post": [0, 0, 0],
							"lerp_mode": "catmullrom"
						}
					}
				},
				"barrel": {
					"rotation": {
						"0.0": [0, 0, 0],
						"0.0417": [0, 0, 103.22149],
						"0.0833": [0, 0, 158.39745],
						"0.125": [0, 0, 197.75763],
						"0.1667": [0, 0, 228.28994],
						"0.2083": [0, 0, 252.9428],
						"0.25": [0, 0, 273.29977],
						"0.2917": [0, 0, 290.32273],
						"0.3333": [0, 0, 304.64203],
						"0.375": [0, 0, 316.71144],
						"0.4167": [0, 0, 326.8544],
						"0.4583": [0, 0, 335.32317],
						"0.5": [0, 0, 342.30697],
						"0.5417": [0, 0, 347.96358],
						"0.5833": [0, 0, 352.41704],
						"0.625": [0, 0, 355.76946],
						"0.6667": [0, 0, 358.10322],
						"0.7083": [0, 0, 359.49363],
						"0.75": [0, 0, 360]
					}
				},
				"camera": {
					"rotation": {
						"0.0": {
							"post": [0, 0, 0],
							"lerp_mode": "catmullrom"
						},
						"0.0417": {
							"post": [0, 0, 2],
							"lerp_mode": "catmullrom"
						},
						"0.125": {
							"post": [0, 0, -1.5],
							"lerp_mode": "catmullrom"
						},
						"0.2083": {
							"post": [0, 0, 0.4],
							"lerp_mode": "catmullrom"
						},
						"0.4167": {
							"post": [0, 0, 0],
							"lerp_mode": "catmullrom"
						}
					}
				}
			}
		},
		"draw": {
			"animation_length": 1.5,
			"override_previous_animation": true,
			"bones": {
				"laser_illuminated": {
					"scale": [1, 0.001, 1]
				},
				"constraint": {
					"rotation": [0.2, 0.2, 0.2],
					"position": [0.2, 0.2, 0.2]
				},
				"root": {
					"rotation": {
						"0.0": {
							"post": [-78.31051, -36.76392, -14.04902],
							"lerp_mode": "catmullrom"
						},
						"0.3333": {
							"post": [-68.67601, -18.09846, -17.02779],
							"lerp_mode": "catmullrom"
						},
						"0.5833": {
							"post": [-40.05236, 2.83355, -1.12837],
							"lerp_mode": "catmullrom"
						},
						"0.875": {
							"post": [0, 0, 1.75],
							"lerp_mode": "catmullrom"
						},
						"1.0833": {
							"post": [0, 0, -0.11],
							"lerp_mode": "catmullrom"
						},
						"1.2083": {
							"post": [0, 0, -1],
							"lerp_mode": "catmullrom"
						},
						"1.3333": {
							"post": [0, 0, 0.75],
							"lerp_mode": "catmullrom"
						},
						"1.5": {
							"post": [0, 0, 0],
							"lerp_mode": "catmullrom"
						}
					},
					"position": {
						"0.0": {
							"post": [-6.5, -0.1, 24.4],
							"lerp_mode": "catmullrom"
						},
						"0.3333": {
							"post": [-3.94, -3.4, 3.93],
							"lerp_mode": "catmullrom"
						},
						"0.625": {
							"post": [-0.9, 0.3, -0.8],
							"lerp_mode": "catmullrom"
						},
						"0.875": {
							"post": [0, -0.7, -1.9],
							"lerp_mode": "catmullrom"
						},
						"1.0833": {
							"post": [0, -0.3, 0.5],
							"lerp_mode": "catmullrom"
						},
						"1.25": {
							"post": [0, -0.1, -0.05],
							"lerp_mode": "catmullrom"
						},
						"1.375": {
							"post": [0, -0.025, 0],
							"lerp_mode": "catmullrom"
						},
						"1.5833": {
							"post": [0, 0, 0],
							"lerp_mode": "catmullrom"
						}
					}
				},
				"lefthand": {
					"rotation": {
						"0.0": {
							"post": [90, 15, -30],
							"lerp_mode": "catmullrom"
						}
					},
					"position": {
						"0.0": {
							"post": [9.78678, -3.73578, 12.02797],
							"lerp_mode": "catmullrom"
						}
					},
					"scale": [1.5, 2, 1]
				},
				"righthand": {
					"rotation": {
						"0.0": {
							"post": [162.5, 0, 0],
							"lerp_mode": "catmullrom"
						}
					},
					"position": {
						"0.0": {
							"post": [5, 7, 43],
							"lerp_mode": "catmullrom"
						}
					},
					"scale": [1, 1.5, 1]
				},
				"camera": {
					"rotation": {
						"0.0": {
							"post": [0, 0, 0],
							"lerp_mode": "catmullrom"
						},
						"0.375": {
							"post": [-1.175, 0.325, -0.7],
							"lerp_mode": "catmullrom"
						},
						"0.7083": {
							"post": [0.88, -0.025, -0.925],
							"lerp_mode": "catmullrom"
						},
						"1.0833": {
							"post": [-0.245, 0.025, 0.175],
							"lerp_mode": "catmullrom"
						},
						"1.2083": {
							"post": [0.15, 0, -0.2],
							"lerp_mode": "catmullrom"
						},
						"1.25": {
							"post": [0.02, 0, -0.08],
							"lerp_mode": "catmullrom"
						},
						"1.3333": {
							"post": [-0.15, 0, 0.3],
							"lerp_mode": "catmullrom"
						},
						"1.4583": {
							"post": [-0.06, 0, -0.205],
							"lerp_mode": "catmullrom"
						},
						"1.5833": {
							"post": [0, 0, 0],
							"lerp_mode": "catmullrom"
						}
					}
				}
			},
			"sound_effects": {
				"0.0417": {
					"effect": "pgp:all/draw1"
				},
				"0.7917": {
					"effect": "pgp:all/draw2"
				}
			}
		},
		"put_away": {
			"animation_length": 1.25,
			"override_previous_animation": true,
			"bones": {
				"laser_illuminated": {
					"scale": [1, 0.001, 1]
				},
				"constraint": {
					"rotation": [0.2, 0.2, 0.2],
					"position": [0.2, 0.2, 0.2]
				},
				"root": {
					"rotation": {
						"0.0": {
							"post": [0, 0, 0],
							"lerp_mode": "catmullrom"
						},
						"0.4167": {
							"post": [10, 0, 0],
							"lerp_mode": "catmullrom"
						},
						"1.1111": {
							"post": [-90, 0, 0],
							"lerp_mode": "catmullrom"
						}
					},
					"position": {
						"0.0": {
							"post": [0, 0, 0],
							"lerp_mode": "catmullrom"
						},
						"0.2778": {
							"post": [0, -1.11, 0],
							"lerp_mode": "catmullrom"
						},
						"0.625": {
							"post": [0, 7.305, 10.6],
							"lerp_mode": "catmullrom"
						},
						"0.9722": {
							"post": [0, 1.31, 26],
							"lerp_mode": "catmullrom"
						},
						"1.25": {
							"post": [0, 7.505, 30],
							"lerp_mode": "catmullrom"
						}
					}
				},
				"lefthand": {
					"rotation": {
						"0.0": {
							"post": [90, 15, -30],
							"lerp_mode": "catmullrom"
						}
					},
					"position": {
						"0.0": {
							"post": [9.78678, -3.73578, 12.02797],
							"lerp_mode": "catmullrom"
						}
					},
					"scale": [1.5, 2, 1]
				},
				"righthand": {
					"rotation": {
						"0.0": {
							"post": [162.5, 0, 0],
							"lerp_mode": "catmullrom"
						}
					},
					"position": {
						"0.0": {
							"post": [5, 7, 43],
							"lerp_mode": "catmullrom"
						}
					}
				},
				"camera": {
					"rotation": {
						"0.0": {
							"post": [0, 0, 0],
							"lerp_mode": "catmullrom"
						},
						"0.2083": {
							"post": [-0.435, 0, 0],
							"lerp_mode": "catmullrom"
						},
						"0.4167": {
							"post": [-0.225, 0, -0.125],
							"lerp_mode": "catmullrom"
						},
						"0.6944": {
							"post": [0.725, 0, 0.175],
							"lerp_mode": "catmullrom"
						},
						"0.9028": {
							"post": [1.125, 0, 1.575],
							"lerp_mode": "catmullrom"
						},
						"1.25": {
							"post": [0.275, 0, 1.5],
							"lerp_mode": "catmullrom"
						},
						"1.3889": {
							"post": [0, 0, 0],
							"lerp_mode": "catmullrom"
						}
					}
				}
			}
		},
		"inspect": {
			"animation_length": 4.0417,
			"bones": {
				"root": {
					"rotation": {
						"0.0": {
							"post": [0, 0, 0],
							"lerp_mode": "catmullrom"
						},
						"0.4583": {
							"post": [-33.9, -21.6, -14.6],
							"lerp_mode": "catmullrom"
						},
						"0.6667": {
							"post": [-31.65625, -19.49219, -11.82031],
							"lerp_mode": "catmullrom"
						},
						"0.8333": {
							"post": [-32.5, -20, -12.5],
							"lerp_mode": "catmullrom"
						},
						"1.2083": {
							"post": [-35.14062, -20.9375, -11.5625],
							"lerp_mode": "catmullrom"
						},
						"1.5417": {
							"post": [-57.04697, -28.31641, -6.40277],
							"lerp_mode": "catmullrom"
						},
						"1.7083": [-60.54125, -29.46062, -5.54844],
						"2.25": [-61.37781, -29.46062, -5.54844],
						"2.5": [-61.72094, -29.46062, -5.54844],
						"2.5417": [-61.31112, -28.69286, -5.59855],
						"2.5833": [-60.73082, -27.75443, -5.62644],
						"2.625": [-59.94811, -26.58783, -5.6297],
						"2.6667": [-58.92155, -25.10081, -5.60539],
						"2.7083": [-57.59399, -23.14071, -5.55023],
						"2.75": [-55.88829, -20.46194, -5.45992],
						"2.7917": [-53.68617, -16.86272, -5.32949],
						"2.8333": [-50.80628, -12.95622, -5.1522],
						"2.875": [-46.94842, -9.84353, -4.91981],
						"2.9167": [-41.58958, -7.61426, -4.6211],
						"2.9583": [-33.90578, -5.98262, -4.24093],
						"3.0": [-23.91312, -4.74295, -3.7583],
						"3.0417": [-15.09179, -3.77391, -3.14361],
						"3.0833": [-9.32744, -3.00042, -2.35883],
						"3.125": [-5.67604, -2.37596, -1.3851],
						"3.1667": [-3.30456, -1.86776, -0.40478],
						"3.2083": [-1.75469, -1.45312, 0],
						"3.25": [-1.73924, -1.38235, 0],
						"3.4583": [-1.4904, -0.24236, 0],
						"3.5": [-1.45295, -0.07077, 0],
						"3.5417": {
							"pre": [-1.4375, 0, 0],
							"post": [-1.4375, 0, 0],
							"lerp_mode": "catmullrom"
						},
						"3.7083": {
							"post": [0, 0, 0],
							"lerp_mode": "catmullrom"
						}
					},
					"position": {
						"0.0": {
							"post": [0, 0, 0],
							"lerp_mode": "catmullrom"
						},
						"0.4583": {
							"post": [2.35938, 3.55781, -6],
							"lerp_mode": "catmullrom"
						},
						"0.6667": {
							"post": [2, -0.375, -2.5625],
							"lerp_mode": "catmullrom"
						},
						"1.125": {
							"post": [2, 0, -3],
							"lerp_mode": "catmullrom"
						},
						"1.2917": {
							"post": [2, 3.61, -3.01],
							"lerp_mode": "catmullrom"
						},
						"1.5": {
							"post": [2, 4.84594, -2.60156],
							"lerp_mode": "catmullrom"
						},
						"1.625": {
							"post": [2, 1.65938, -3.24219],
							"lerp_mode": "catmullrom"
						},
						"2.125": {
							"post": [2, 1.8, -4.29687],
							"lerp_mode": "catmullrom"
						},
						"2.625": {
							"post": [2, 2.01875, -4.31562],
							"lerp_mode": "catmullrom"
						},
						"3.2083": {
							"post": [0, 1.35469, -3.75156],
							"lerp_mode": "catmullrom"
						},
						"3.4167": {
							"post": [0, -0.78906, 0.63281],
							"lerp_mode": "catmullrom"
						},
						"3.6667": {
							"post": [0, 0, -0.14844],
							"lerp_mode": "catmullrom"
						},
						"3.9167": {
							"post": [0, 0, 0],
							"lerp_mode": "catmullrom"
						}
					}
				},
				"lefthand": {
					"rotation": {
						"0.0": {
							"post": [90, 15, -30],
							"lerp_mode": "catmullrom"
						}
					},
					"position": {
						"0.0": {
							"post": [9.78678, -3.73578, 12.02797],
							"lerp_mode": "catmullrom"
						}
					},
					"scale": [1.5, 2, 1]
				},
				"righthand": {
					"rotation": {
						"0.0": {
							"post": [162.5, 0, 0],
							"lerp_mode": "catmullrom"
						}
					},
					"position": {
						"0.0": {
							"post": [5, 7, 43],
							"lerp_mode": "catmullrom"
						}
					}
				},
				"camera": {
					"rotation": {
						"0.0": {
							"post": [0, 0, 0],
							"lerp_mode": "catmullrom"
						},
						"0.3333": {
							"post": [-8, -1, 0.70313],
							"lerp_mode": "catmullrom"
						},
						"0.625": {
							"post": [-1.35, 0.52344, -0.70312],
							"lerp_mode": "catmullrom"
						},
						"0.7917": {
							"post": [-3, 0, 0],
							"lerp_mode": "catmullrom"
						},
						"1.1667": {
							"post": [-4.7, 0.65625, 0],
							"lerp_mode": "catmullrom"
						},
						"1.5417": {
							"post": [-26.2, -0.78125, -1.6875],
							"lerp_mode": "catmullrom"
						},
						"1.8333": {
							"post": [-25.1, 0, 0],
							"lerp_mode": "catmullrom"
						},
						"2.7917": {
							"post": [-23.69, 0.06, 0],
							"lerp_mode": "catmullrom"
						},
						"3.25": {
							"post": [2.09375, 0.84375, -0.5625],
							"lerp_mode": "catmullrom"
						},
						"3.4583": {
							"post": [-2.32812, -0.5625, 0.70313],
							"lerp_mode": "catmullrom"
						},
						"3.6667": {
							"post": [0.14063, 0, 0],
							"lerp_mode": "catmullrom"
						},
						"3.9167": {
							"post": [0, 0, 0],
							"lerp_mode": "catmullrom"
						}
					}
				}
			},
			"sound_effects": {
				"0.0833": {
					"effect": "pgp:all/equip2"
				},
				"1.5417": {
					"effect": "pgp:all/equip3"
				},
				"3.25": {
					"effect": "pgp:all/unequip2"
				}
			}
		}
	}
}