{
	"format_version": "1.8.0",
	"animations": {
		"static_idle": {
			"loop": true,
			"animation_length": 0.25,
			"override_previous_animation": true,
			"bones": {
				"constraint": {
					"rotation": [0.1, 0.2, 0.2],
					"position": [0.1, 0.2, 0.2]
				},
				"lefthand": {
					"rotation": [72.50647, -36.46196, -117.12114],
					"position": [7.145, -19.9, -14.2],
					"scale": [1, 1.5, 1]
				},
				"righthand": {
					"rotation": [89.49625, 6.99973, -180.06139],
					"position": [-6.85, -18.075, 0.775],
					"scale": [1, 1.5, 1]
				}
			}
		},
		"reload_empty": {
			"animation_length": 3.1667,
			"bones": {
				"lefthand": {
					"rotation": {
						"0.2667": [72.50647, -36.46196, -117.12114],
						"0.4667": [77.38733, -37.02859, -181.51002],
						"0.6": [77.39, -37.03, -181.51],
						"0.7667": [69.23045, -30.05876, -184.83382],
						"2.1667": [69.23, -30.06, -184.83],
						"2.3": [77.39, -37.03, -181.51],
						"2.5": [72.50647, -36.46196, -117.12114]
					},
					"position": {
						"0.2667": [7.145, -19.9, -14.2],
						"0.3667": [10.14, -17.9, -7.2],
						"0.4667": [7.675, -22.9, -6.2],
						"0.6": [7.68, -22.9, -6.2],
						"2.1667": [7.68, -22.9, -6.2],
						"2.4": [10.14, -17.9, -7.2],
						"2.5": [7.145, -19.9, -14.2]
					},
					"scale": {
						"0.0": [1, 1.5, 1],
						"2.5": [1, 1.5, 1]
					}
				},
				"righthand": {
					"rotation": [89.49625, 6.99973, -180.06139],
					"position": [-6.85, -18.075, 0.775],
					"scale": [1, 1.5, 1]
				},
				"constraint": {
					"rotation": [0.2, 0.2, 0.2],
					"position": [0.2, 0.2, 0.2]
				},
				"root": {
					"rotation": {
						"0.0": [0, 0, 0],
						"0.1667": {
							"pre": [6.06378, -0.06978, 5.99378],
							"post": [6.06378, -0.06978, 5.99378],
							"lerp_mode": "catmullrom"
						},
						"0.3667": {
							"post": [-73.94576, 3.43875, -3.9612],
							"lerp_mode": "catmullrom"
						},
						"0.6": {
							"post": [-74.035, -6.88, 0.8],
							"lerp_mode": "catmullrom"
						},
						"0.7667": {
							"post": [-79.52, -9.4, 0.8],
							"lerp_mode": "catmullrom"
						},
						"0.8667": {
							"post": [-80.575, -9.38, 0.8],
							"lerp_mode": "catmullrom"
						},
						"0.9": {
							"post": [-73.9, -8.835, 0.8],
							"lerp_mode": "catmullrom"
						},
						"0.9667": {
							"post": [-73.095, -5.88, 0.8],
							"lerp_mode": "catmullrom"
						},
						"1.0667": {
							"post": [-74.72, -6.42, 0.8],
							"lerp_mode": "catmullrom"
						},
						"1.2333": {
							"post": [-75.68, -11.72, 0.8],
							"lerp_mode": "catmullrom"
						},
						"1.4333": {
							"post": [-72.57, -11.72, 0.8],
							"lerp_mode": "catmullrom"
						},
						"1.5333": {
							"post": [-68.57, -12.275, 0.8],
							"lerp_mode": "catmullrom"
						},
						"1.8667": {
							"post": [-73.345, -26.72, 0.8],
							"lerp_mode": "catmullrom"
						},
						"1.9333": {
							"post": [-67.465, -21.115, 0.8],
							"lerp_mode": "catmullrom"
						},
						"2.0333": {
							"post": [-67.47, -21.575, 0.8],
							"lerp_mode": "catmullrom"
						},
						"2.2": {
							"post": [-67.47, -19.75, 0.8],
							"lerp_mode": "catmullrom"
						},
						"2.3667": {
							"post": [-59.32, -19.75, 0.8],
							"lerp_mode": "catmullrom"
						},
						"2.6": {
							"post": [-0.81567, -0.58037, 11.10465],
							"lerp_mode": "catmullrom"
						},
						"2.8667": {
							"post": [-0.97803, -1.26726, -0.75009],
							"lerp_mode": "catmullrom"
						},
						"3.0333": {
							"post": [0.25, -0.5, -2.25],
							"lerp_mode": "catmullrom"
						},
						"3.1333": {
							"post": [0, 0, -1],
							"lerp_mode": "catmullrom"
						},
						"3.2333": {
							"post": [0, 0, 0],
							"lerp_mode": "catmullrom"
						}
					},
					"position": {
						"0.0": [0, 0, 0],
						"0.1667": {
							"pre": [0, -0.5, -0.4],
							"post": [0, -0.5, -0.4],
							"lerp_mode": "catmullrom"
						},
						"0.4": {
							"post": [0, 0.3, -1.185],
							"lerp_mode": "catmullrom"
						},
						"0.6": {
							"post": [0, -0.8, -2.16],
							"lerp_mode": "catmullrom"
						},
						"0.7333": {
							"post": [0, -0.275, -2.16],
							"lerp_mode": "catmullrom"
						},
						"0.8667": {
							"post": [0, -0.27, -2.16],
							"lerp_mode": "catmullrom"
						},
						"0.9333": {
							"post": [0, -0.27, -2.56],
							"lerp_mode": "catmullrom"
						},
						"1.1333": {
							"post": [0, -0.27, -2.115],
							"lerp_mode": "catmullrom"
						},
						"1.4": {
							"post": [0, -0.27, -2.115],
							"lerp_mode": "catmullrom"
						},
						"1.5333": {
							"post": [0, -0.645, -2.12],
							"lerp_mode": "catmullrom"
						},
						"1.7333": {
							"post": [-0.69, 0.4, -1.705],
							"lerp_mode": "catmullrom"
						},
						"1.8667": {
							"post": [-0.69, 0.245, -1.7],
							"lerp_mode": "catmullrom"
						},
						"1.9333": {
							"post": [-0.69, 0.25, -1.07],
							"lerp_mode": "catmullrom"
						},
						"2.2333": {
							"post": [-0.69, 0.25, -1.07],
							"lerp_mode": "catmullrom"
						},
						"2.5667": {
							"post": [-0.075, -1.15625, -0.81],
							"lerp_mode": "catmullrom"
						},
						"2.8667": {
							"post": [0, -0.125, 0.55],
							"lerp_mode": "catmullrom"
						},
						"3.0333": {
							"post": [0, 0, -0.125],
							"lerp_mode": "catmullrom"
						},
						"3.1667": {
							"post": [0, 0, 0],
							"lerp_mode": "catmullrom"
						}
					}
				},
				"mag_and_lefthand": {
					"rotation": {
						"0.8333": [0, 0, 0],
						"0.9": [0, 0, 0],
						"1.1": [32.5, 0, -60],
						"1.6667": [32.5, 0, -60],
						"1.8": [0, 0, 0],
						"1.8667": [0, 0, 0],
						"1.9333": [0, 0, 0]
					},
					"position": {
						"0.8333": [0, 0, 0],
						"0.9": [0, -5, 2],
						"1.1": [11, -5, 12],
						"1.6667": [11, -5, 12],
						"1.8": [0, -5, 2],
						"1.8667": [0, -5, 2],
						"1.9333": [0, 0, 0]
					}
				},
				"camera": {
					"rotation": {
						"0.0": {
							"post": [0, 0, 0],
							"lerp_mode": "catmullrom"
						},
						"0.1333": {
							"post": [1.64, 0, 1.22],
							"lerp_mode": "catmullrom"
						},
						"0.4333": {
							"post": [-0.78, 0, 0.14],
							"lerp_mode": "catmullrom"
						},
						"0.6333": {
							"post": [-0.78, 0, 0.14],
							"lerp_mode": "catmullrom"
						},
						"0.8333": {
							"post": [0.11, 0, 0.87],
							"lerp_mode": "catmullrom"
						},
						"0.8667": {
							"post": [-0.59, 0, 0.21],
							"lerp_mode": "catmullrom"
						},
						"0.9667": {
							"post": [0.1, 0, -0.055],
							"lerp_mode": "catmullrom"
						},
						"1.1": {
							"post": [-0.045, 0, 0.445],
							"lerp_mode": "catmullrom"
						},
						"1.2": {
							"post": [0.04, 0, 0.21],
							"lerp_mode": "catmullrom"
						},
						"1.4": {
							"post": [0.36, 0, 0.765],
							"lerp_mode": "catmullrom"
						},
						"1.5333": {
							"post": [0.36, 0, 0.77],
							"lerp_mode": "catmullrom"
						},
						"1.8667": {
							"post": [-0.765, 0, -0.62],
							"lerp_mode": "catmullrom"
						},
						"1.9333": {
							"post": [-0.115, 0, 0.3],
							"lerp_mode": "catmullrom"
						},
						"2.0667": {
							"post": [-0.795, 0, -0.59],
							"lerp_mode": "catmullrom"
						},
						"2.2333": {
							"post": [-0.57, 0, -0.295],
							"lerp_mode": "catmullrom"
						},
						"2.4": {
							"post": [-1.09, 0, 0.83],
							"lerp_mode": "catmullrom"
						},
						"2.5333": {
							"post": [-0.28, -0.25, -0.5],
							"lerp_mode": "catmullrom"
						},
						"2.7": {
							"post": [-0.5, 0, 0.25],
							"lerp_mode": "catmullrom"
						},
						"2.8": {
							"post": [-0.5, 0.25, -0.125],
							"lerp_mode": "catmullrom"
						},
						"2.9": {
							"post": [0.125, 0, 0],
							"lerp_mode": "catmullrom"
						},
						"2.9667": {
							"post": [0, 0, 0],
							"lerp_mode": "catmullrom"
						},
						"3.0667": {
							"post": [0, 0, 0],
							"lerp_mode": "catmullrom"
						}
					}
				}
			},
			"sound_effects": {
				"0.0": {
					"effect": "pgp:all/unequip"
				},
				"0.8333": {
					"effect": "pgp:demeco/demeco_mag_out"
				},
				"1.7333": {
					"effect": "pgp:demeco/demeco_mag_in"
				},
				"1.7667": {
					"effect": "pgp:demeco/demeco_mag_in3"
				},
				"2.6667": {
					"effect": "pgp:all/unequip2"
				}
			}
		},
		"reload_tactical": {
			"animation_length": 3.6333,
			"bones": {
				"lefthand": {
					"rotation": {
						"0.2667": [72.50647, -36.46196, -117.12114],
						"0.4667": [77.38733, -37.02859, -181.51002],
						"0.6": [77.39, -37.03, -181.51],
						"0.7667": [69.23045, -30.05876, -184.83382],
						"2.1667": [69.23, -30.06, -184.83],
						"2.3": [77.39, -37.03, -181.51],
						"2.5": [72.50647, -36.46196, -117.12114]
					},
					"position": {
						"0.2667": [7.145, -19.9, -14.2],
						"0.3667": [10.14, -17.9, -7.2],
						"0.4667": [7.675, -22.9, -6.2],
						"0.6": [7.68, -22.9, -6.2],
						"2.1667": [7.68, -22.9, -6.2],
						"2.4": [10.14, -17.9, -7.2],
						"2.5": [7.145, -19.9, -14.2]
					},
					"scale": {
						"0.0": [1, 1.5, 1],
						"0.2667": [1, 1.5, 1],
						"2.5": [1, 1.5, 1]
					}
				},
				"righthand": {
					"rotation": [89.49625, 6.99973, -180.06139],
					"position": [-6.85, -18.075, 0.775],
					"scale": [1, 1.5, 1]
				},
				"constraint": {
					"rotation": [0.2, 0.2, 0.2],
					"position": [0.2, 0.2, 0.2]
				},
				"root": {
					"rotation": {
						"0.0": [0, 0, 0],
						"0.1667": {
							"pre": [6.06378, -0.06978, 5.99378],
							"post": [6.06378, -0.06978, 5.99378],
							"lerp_mode": "catmullrom"
						},
						"0.3667": {
							"post": [-73.94576, 3.43875, -3.9612],
							"lerp_mode": "catmullrom"
						},
						"0.6": {
							"post": [-74.035, -6.88, 0.8],
							"lerp_mode": "catmullrom"
						},
						"0.7667": {
							"post": [-79.52, -9.4, 0.8],
							"lerp_mode": "catmullrom"
						},
						"0.8667": {
							"post": [-80.575, -9.38, 0.8],
							"lerp_mode": "catmullrom"
						},
						"0.9": {
							"post": [-73.9, -8.835, 0.8],
							"lerp_mode": "catmullrom"
						},
						"0.9667": {
							"post": [-73.095, -5.88, 0.8],
							"lerp_mode": "catmullrom"
						},
						"1.0667": {
							"post": [-74.72, -6.42, 0.8],
							"lerp_mode": "catmullrom"
						},
						"1.2333": {
							"post": [-75.68, -11.72, 0.8],
							"lerp_mode": "catmullrom"
						},
						"1.4333": {
							"post": [-72.57, -11.72, 0.8],
							"lerp_mode": "catmullrom"
						},
						"1.5333": {
							"post": [-68.57, -12.275, 0.8],
							"lerp_mode": "catmullrom"
						},
						"1.8667": {
							"post": [-73.345, -26.72, 0.8],
							"lerp_mode": "catmullrom"
						},
						"1.9333": {
							"post": [-67.465, -21.115, 0.8],
							"lerp_mode": "catmullrom"
						},
						"2.0333": {
							"post": [-67.47, -21.575, 0.8],
							"lerp_mode": "catmullrom"
						},
						"2.2": {
							"post": [-67.47, -19.75, 0.8],
							"lerp_mode": "catmullrom"
						},
						"2.3667": {
							"post": [-59.32, -19.75, 0.8],
							"lerp_mode": "catmullrom"
						},
						"2.6": {
							"post": [-0.81567, -0.58037, 11.10465],
							"lerp_mode": "catmullrom"
						},
						"2.8667": {
							"post": [-0.97803, -1.26726, -0.75009],
							"lerp_mode": "catmullrom"
						},
						"3.0333": {
							"post": [0.25, -0.5, -2.25],
							"lerp_mode": "catmullrom"
						},
						"3.1333": {
							"post": [0, 0, -1],
							"lerp_mode": "catmullrom"
						},
						"3.2333": {
							"post": [0, 0, 0],
							"lerp_mode": "catmullrom"
						}
					},
					"position": {
						"0.0": [0, 0, 0],
						"0.1667": {
							"pre": [0, -0.5, -0.4],
							"post": [0, -0.5, -0.4],
							"lerp_mode": "catmullrom"
						},
						"0.4": {
							"post": [0, 0.3, -1.185],
							"lerp_mode": "catmullrom"
						},
						"0.6": {
							"post": [0, -0.8, -2.16],
							"lerp_mode": "catmullrom"
						},
						"0.7333": {
							"post": [0, -0.275, -2.16],
							"lerp_mode": "catmullrom"
						},
						"0.8667": {
							"post": [0, -0.27, -2.16],
							"lerp_mode": "catmullrom"
						},
						"0.9333": {
							"post": [0, -0.27, -2.56],
							"lerp_mode": "catmullrom"
						},
						"1.1333": {
							"post": [0, -0.27, -2.115],
							"lerp_mode": "catmullrom"
						},
						"1.4": {
							"post": [0, -0.27, -2.115],
							"lerp_mode": "catmullrom"
						},
						"1.5333": {
							"post": [0, -0.645, -2.12],
							"lerp_mode": "catmullrom"
						},
						"1.7333": {
							"post": [-0.69, 0.4, -1.705],
							"lerp_mode": "catmullrom"
						},
						"1.8667": {
							"post": [-0.69, 0.245, -1.7],
							"lerp_mode": "catmullrom"
						},
						"1.9333": {
							"post": [-0.69, 0.25, -1.07],
							"lerp_mode": "catmullrom"
						},
						"2.2333": {
							"post": [-0.69, 0.25, -1.07],
							"lerp_mode": "catmullrom"
						},
						"2.5667": {
							"post": [-0.075, -1.15625, -0.81],
							"lerp_mode": "catmullrom"
						},
						"2.8667": {
							"post": [0, -0.125, 0.55],
							"lerp_mode": "catmullrom"
						},
						"3.0333": {
							"post": [0, 0, -0.125],
							"lerp_mode": "catmullrom"
						},
						"3.1667": {
							"post": [0, 0, 0],
							"lerp_mode": "catmullrom"
						}
					}
				},
				"mag_and_lefthand": {
					"rotation": {
						"0.8333": [0, 0, 0],
						"0.9": [0, 0, 0],
						"1.1": [32.5, 0, -60],
						"1.6667": [32.5, 0, -60],
						"1.8": [0, 0, 0],
						"1.8667": [0, 0, 0],
						"1.9333": [0, 0, 0]
					},
					"position": {
						"0.8333": [0, 0, 0],
						"0.9": [0, -5, 2],
						"1.1": [11, -5, 12],
						"1.6667": [11, -5, 12],
						"1.8": [0, -5, 2],
						"1.8667": [0, -5, 2],
						"1.9333": [0, 0, 0]
					}
				},
				"camera": {
					"rotation": {
						"0.0": {
							"post": [0, 0, 0],
							"lerp_mode": "catmullrom"
						},
						"0.1333": {
							"post": [1.64, 0, 1.22],
							"lerp_mode": "catmullrom"
						},
						"0.4333": {
							"post": [-0.78, 0, 0.14],
							"lerp_mode": "catmullrom"
						},
						"0.6333": {
							"post": [-0.78, 0, 0.14],
							"lerp_mode": "catmullrom"
						},
						"0.8333": {
							"post": [0.11, 0, 0.87],
							"lerp_mode": "catmullrom"
						},
						"0.8667": {
							"post": [-0.59, 0, 0.21],
							"lerp_mode": "catmullrom"
						},
						"0.9667": {
							"post": [0.1, 0, -0.055],
							"lerp_mode": "catmullrom"
						},
						"1.1": {
							"post": [-0.045, 0, 0.445],
							"lerp_mode": "catmullrom"
						},
						"1.2": {
							"post": [0.04, 0, 0.21],
							"lerp_mode": "catmullrom"
						},
						"1.4": {
							"post": [0.36, 0, 0.765],
							"lerp_mode": "catmullrom"
						},
						"1.5333": {
							"post": [0.36, 0, 0.77],
							"lerp_mode": "catmullrom"
						},
						"1.8667": {
							"post": [-0.765, 0, -0.62],
							"lerp_mode": "catmullrom"
						},
						"1.9333": {
							"post": [-0.115, 0, 0.3],
							"lerp_mode": "catmullrom"
						},
						"2.0667": {
							"post": [-0.795, 0, -0.59],
							"lerp_mode": "catmullrom"
						},
						"2.2333": {
							"post": [-0.57, 0, -0.295],
							"lerp_mode": "catmullrom"
						},
						"2.4": {
							"post": [-1.09, 0, 0.83],
							"lerp_mode": "catmullrom"
						},
						"2.5333": {
							"post": [-0.28, -0.25, -0.5],
							"lerp_mode": "catmullrom"
						},
						"2.7": {
							"post": [-0.5, 0, 0.25],
							"lerp_mode": "catmullrom"
						},
						"2.8": {
							"post": [-0.5, 0.25, -0.125],
							"lerp_mode": "catmullrom"
						},
						"2.9": {
							"post": [0.125, 0, 0],
							"lerp_mode": "catmullrom"
						},
						"2.9667": {
							"post": [0, 0, 0],
							"lerp_mode": "catmullrom"
						},
						"3.0667": {
							"post": [0, 0, 0],
							"lerp_mode": "catmullrom"
						}
					}
				}
			},
			"sound_effects": {
				"0.0": {
					"effect": "pgp:all/unequip"
				},
				"0.8333": {
					"effect": "pgp:demeco/demeco_mag_out"
				},
				"1.7333": {
					"effect": "pgp:demeco/demeco_mag_in"
				},
				"1.7667": {
					"effect": "pgp:demeco/demeco_mag_in3"
				},
				"2.6667": {
					"effect": "pgp:all/unequip2"
				}
			}
		},
		"draw": {
			"animation_length": 1.2,
			"bones": {
				"lefthand": {
					"rotation": [72.50647, -36.46196, -117.12114],
					"position": [7.145, -19.9, -14.2],
					"scale": [1, 1.5, 1]
				},
				"righthand": {
					"rotation": [89.49625, 6.99973, -180.06139],
					"position": [-6.85, -18.075, 0.775],
					"scale": [1, 1.5, 1]
				},
				"constraint": {
					"rotation": [0.2, 0.2, 0.2],
					"position": [0.2, 0.2, 0.2]
				},
				"root": {
					"rotation": {
						"0.0": {
							"post": [-103.12, 0, 0],
							"lerp_mode": "catmullrom"
						},
						"0.1": {
							"post": [-91.33, -14.34, -0.55],
							"lerp_mode": "catmullrom"
						},
						"0.25": {
							"post": [-76.6, -14.49, -2.98],
							"lerp_mode": "catmullrom"
						},
						"0.35": {
							"post": [-49.98, -8.63, -1.82],
							"lerp_mode": "catmullrom"
						},
						"0.6": {
							"post": [0, 0, 7.5],
							"lerp_mode": "catmullrom"
						},
						"0.7": {
							"post": [3.30992, 0.49018, -1.87167],
							"lerp_mode": "catmullrom"
						},
						"0.85": {
							"post": [0.98628, -0.20008, 1.69645],
							"lerp_mode": "catmullrom"
						},
						"0.95": {
							"post": [0, 0, -0.4],
							"lerp_mode": "catmullrom"
						},
						"1.1": [0, 0, 0]
					},
					"position": {
						"0.0": {
							"post": [-9, -36, 2],
							"lerp_mode": "catmullrom"
						},
						"0.1": {
							"post": [-5.01, -17.52, -3.2],
							"lerp_mode": "catmullrom"
						},
						"0.25": {
							"post": [-2.9, -11.93, -3.99],
							"lerp_mode": "catmullrom"
						},
						"0.4": {
							"post": [-0.25, -2.46, -2.03],
							"lerp_mode": "catmullrom"
						},
						"0.6": {
							"post": [0, -0.6, 0.3],
							"lerp_mode": "catmullrom"
						},
						"0.7": {
							"post": [0, 0.03, 0.4],
							"lerp_mode": "catmullrom"
						},
						"0.85": {
							"post": [0, 0, -0.2],
							"lerp_mode": "catmullrom"
						},
						"0.95": {
							"post": [0, -0.1, -0.18],
							"lerp_mode": "catmullrom"
						},
						"1.15": [0, 0, 0]
					}
				},
				"camera": {
					"rotation": {
						"0.0": {
							"post": [0, 0, 0],
							"lerp_mode": "catmullrom"
						},
						"0.1": {
							"post": [-0.3425, 0.59375, 0],
							"lerp_mode": "catmullrom"
						},
						"0.25": {
							"post": [-0.4325, 0.38125, -0.5625],
							"lerp_mode": "catmullrom"
						},
						"0.35": {
							"post": [0.0775, 0, -0.21875],
							"lerp_mode": "catmullrom"
						},
						"0.55": {
							"post": [0.95, -0.25, -0.5625],
							"lerp_mode": "catmullrom"
						},
						"0.8": {
							"post": [-0.05, -0.2575, -0.3125],
							"lerp_mode": "catmullrom"
						},
						"0.95": {
							"post": [-0.2525, 0.4375, 0.25],
							"lerp_mode": "catmullrom"
						},
						"1.15": {
							"post": [0, 0, 0],
							"lerp_mode": "catmullrom"
						}
					}
				},
				"rotate": {
					"rotation": {
						"0.15": {
							"pre": [0, 0, 0],
							"post": [0, 0, 0],
							"lerp_mode": "catmullrom"
						},
						"0.8": {
							"post": [329.8, 0, 0],
							"lerp_mode": "catmullrom"
						},
						"1.15": {
							"post": [360, 0, 0],
							"lerp_mode": "catmullrom"
						}
					}
				}
			},
			"sound_effects": {
				"0.0": {
					"effect": "pgp:nekom/nekom_draw_start"
				},
				"0.5": {
					"effect": "pgp:demeco/demeco_draw_over"
				}
			}
		},
		"put_away": {
			"animation_length": 1.2048,
			"bones": {
				"lefthand": {
					"rotation": {
						"0.0": [72.50647, -36.46196, -117.12114],
						"0.25": [154.63305, 12.92731, -225.27539]
					},
					"position": {
						"0.0": [7.145, -19.9, -14.2],
						"0.15": [12.14, -13.9, -12.2],
						"0.35": [8.14, -10.9, -12.2]
					},
					"scale": [1, 1.5, 1]
				},
				"righthand": {
					"rotation": [89.49625, 6.99973, -180.06139],
					"position": [-6.85, -18.075, 0.775],
					"scale": [1, 1.5, 1]
				},
				"constraint": {
					"rotation": [0.2, 0.2, 0.2],
					"position": [0.2, 0.2, 0.2]
				},
				"root": {
					"rotation": {
						"0.0": {
							"post": [0, 0, 0],
							"lerp_mode": "catmullrom"
						},
						"0.1": {
							"post": [-0.51171, -3.6801, -4.19401],
							"lerp_mode": "catmullrom"
						},
						"0.2": {
							"post": [4.36882, -11.73179, -10.29382],
							"lerp_mode": "catmullrom"
						},
						"0.3": {
							"post": [16.99835, -17.70783, -19.61271],
							"lerp_mode": "catmullrom"
						},
						"0.4": {
							"post": [22.5, -27.4, -9.02],
							"lerp_mode": "catmullrom"
						},
						"0.5": {
							"post": [38.74, -37.82, -13.36],
							"lerp_mode": "catmullrom"
						}
					},
					"position": {
						"0.0": {
							"post": [0, 0, 0],
							"lerp_mode": "catmullrom"
						},
						"0.1": {
							"post": [-0.45, -0.49, 0.28],
							"lerp_mode": "catmullrom"
						},
						"0.2": {
							"post": [-0.67, -1.47, 0.34],
							"lerp_mode": "catmullrom"
						},
						"0.3": {
							"post": [-0.435, -3.245, 0.06],
							"lerp_mode": "catmullrom"
						},
						"0.4": {
							"post": [0.22, -5.38, -0.15],
							"lerp_mode": "catmullrom"
						},
						"0.5": {
							"post": [1.49, -9.585, -0.36],
							"lerp_mode": "catmullrom"
						}
					}
				},
				"camera": {
					"rotation": {
						"0.0": {
							"post": [0, 0, 0],
							"lerp_mode": "catmullrom"
						},
						"0.1": {
							"post": [0.3, 0, -0.125],
							"lerp_mode": "catmullrom"
						},
						"0.3": {
							"post": [0.64, 0, 0.3],
							"lerp_mode": "catmullrom"
						},
						"0.4": {
							"post": [0.5, 0, 0.15],
							"lerp_mode": "catmullrom"
						},
						"0.5": {
							"post": [0, 0, 0],
							"lerp_mode": "catmullrom"
						}
					}
				}
			}
		},
		"inspect": {
			"animation_length": 6.4167,
			"bones": {
				"root": {
					"rotation": {
						"0.0": {
							"post": [0, 0, 0],
							"lerp_mode": "catmullrom"
						},
						"0.25": {
							"post": [-9.7, -10, 0],
							"lerp_mode": "catmullrom"
						},
						"0.5417": {
							"post": [-8.1088, -25.52484, -12.04877],
							"lerp_mode": "catmullrom"
						},
						"1.1667": {
							"post": [-10.91, -25.72, -12.05],
							"lerp_mode": "catmullrom"
						},
						"1.4167": {
							"post": [-5.7204, -29.3648, -6.77291],
							"lerp_mode": "catmullrom"
						},
						"1.7083": {
							"post": [-6.64626, -39.53369, -5.8624],
							"lerp_mode": "catmullrom"
						},
						"2.25": {
							"post": [-6.64626, -41.57275, -5.8624],
							"lerp_mode": "catmullrom"
						},
						"2.75": {
							"post": [-3.58281, -34.33, -5.36],
							"lerp_mode": "catmullrom"
						},
						"2.9167": {
							"post": [5.51, -15.44, -1.26],
							"lerp_mode": "catmullrom"
						},
						"3.0833": {
							"post": [-3.6, -2.1, 0],
							"lerp_mode": "catmullrom"
						},
						"3.375": {
							"post": [0, 0, 0],
							"lerp_mode": "catmullrom"
						}
					},
					"position": {
						"0.0": {
							"post": [0, 0, 0],
							"lerp_mode": "catmullrom"
						},
						"0.25": {
							"post": [-0.05273, 1.74686, 0.29903],
							"lerp_mode": "catmullrom"
						},
						"0.4583": {
							"post": [-0.08456, 1.60301, 0.59014],
							"lerp_mode": "catmullrom"
						},
						"0.625": {
							"post": [-0.03, 1.62, 0.62],
							"lerp_mode": "catmullrom"
						},
						"0.75": {
							"post": [-0.03, 1.52, 0.62],
							"lerp_mode": "catmullrom"
						},
						"0.875": {
							"post": [-0.03, 1.42, 0.62],
							"lerp_mode": "catmullrom"
						},
						"1.1667": {
							"post": [-0.03, 1.12, 0.62],
							"lerp_mode": "catmullrom"
						},
						"1.9583": {
							"post": [-0.04875, 1.07313, 1.26688],
							"lerp_mode": "catmullrom"
						},
						"2.375": {
							"post": [-0.04875, 1.07313, 1.26688],
							"lerp_mode": "catmullrom"
						},
						"2.75": {
							"post": [-0.05, 1.33656, 1.4],
							"lerp_mode": "catmullrom"
						},
						"3.0": {
							"post": [-0.02, 1.17, 1.23],
							"lerp_mode": "catmullrom"
						},
						"3.2083": {
							"post": [0, -0.4, -1],
							"lerp_mode": "catmullrom"
						},
						"3.375": {
							"post": [0, 0.0625, 0.29375],
							"lerp_mode": "catmullrom"
						},
						"3.75": {
							"post": [0, 0, 0],
							"lerp_mode": "catmullrom"
						}
					}
				},
				"lefthand": {
					"rotation": [72.50647, -36.46196, -117.12114],
					"position": [7.145, -19.9, -14.2],
					"scale": [1, 1.5, 1]
				},
				"righthand": {
					"rotation": [89.49625, 6.99973, -180.06139],
					"position": [-6.85, -18.075, 0.775],
					"scale": [1, 1.5, 1]
				},
				"gun": {
					"rotation": {
						"4.5833": [-360, 0, 0],
						"4.875": [-360, 0, 0]
					},
					"position": {
						"4.5833": {
							"pre": [0, 0, 0],
							"post": [0, 0, 0],
							"lerp_mode": "catmullrom"
						},
						"4.875": {
							"post": [0, 0, 0],
							"lerp_mode": "catmullrom"
						}
					}
				},
				"rotate": {
					"rotation": {
						"3.0": {
							"pre": [0, 0, 0],
							"post": [0, 0, 0],
							"lerp_mode": "catmullrom"
						}
					},
					"position": {
						"3.0": {
							"pre": [0, 0, 0],
							"post": [0, 0, 0],
							"lerp_mode": "catmullrom"
						}
					}
				},
				"camera": {
					"rotation": {
						"0.0": {
							"post": [0, 0, 0],
							"lerp_mode": "catmullrom"
						},
						"0.4583": {
							"post": [-7.5, 12.5, 0],
							"lerp_mode": "catmullrom"
						},
						"0.75": {
							"post": [-7.5, 12.5, 0],
							"lerp_mode": "catmullrom"
						},
						"1.0833": {
							"post": [-7.5, 12.5, 0],
							"lerp_mode": "catmullrom"
						},
						"1.5417": {
							"post": [0, 5, 0],
							"lerp_mode": "catmullrom"
						},
						"1.9583": {
							"post": [0, 2.5, 0],
							"lerp_mode": "catmullrom"
						},
						"2.7083": {
							"post": [-5, 1.5, 0],
							"lerp_mode": "catmullrom"
						},
						"3.0833": {
							"post": [1.9, 1.5, 0],
							"lerp_mode": "catmullrom"
						},
						"3.2917": {
							"post": [-0.64, 0.5, 0],
							"lerp_mode": "catmullrom"
						},
						"3.5417": {
							"post": [0, 0, 0],
							"lerp_mode": "catmullrom"
						}
					}
				}
			},
			"sound_effects": {
				"0.1667": {
					"effect": "pgp:all/equip2"
				},
				"1.4167": {
					"effect": "pgp:all/equip3"
				},
				"3.1667": {
					"effect": "pgp:all/equip"
				}
			}
		},
		"inspect_empty": {
			"animation_length": 6.4167,
			"bones": {
				"root": {
					"rotation": {
						"0.0": {
							"post": [0, 0, 0],
							"lerp_mode": "catmullrom"
						},
						"0.25": {
							"post": [-9.7, -10, 0],
							"lerp_mode": "catmullrom"
						},
						"0.5417": {
							"post": [-8.1088, -25.52484, -12.04877],
							"lerp_mode": "catmullrom"
						},
						"1.1667": {
							"post": [-10.91, -25.72, -12.05],
							"lerp_mode": "catmullrom"
						},
						"1.4167": {
							"post": [-5.7204, -29.3648, -6.77291],
							"lerp_mode": "catmullrom"
						},
						"1.7083": {
							"post": [-6.64626, -39.53369, -5.8624],
							"lerp_mode": "catmullrom"
						},
						"2.25": {
							"post": [-6.64626, -41.57275, -5.8624],
							"lerp_mode": "catmullrom"
						},
						"2.75": {
							"post": [-3.58281, -34.33, -5.36],
							"lerp_mode": "catmullrom"
						},
						"2.9167": {
							"post": [5.51, -15.44, -1.26],
							"lerp_mode": "catmullrom"
						},
						"3.0833": {
							"post": [-3.6, -2.1, 0],
							"lerp_mode": "catmullrom"
						},
						"3.375": {
							"post": [0, 0, 0],
							"lerp_mode": "catmullrom"
						}
					},
					"position": {
						"0.0": {
							"post": [0, 0, 0],
							"lerp_mode": "catmullrom"
						},
						"0.25": {
							"post": [-0.05273, 1.74686, 0.29903],
							"lerp_mode": "catmullrom"
						},
						"0.4583": {
							"post": [-0.08456, 1.60301, 0.59014],
							"lerp_mode": "catmullrom"
						},
						"0.625": {
							"post": [-0.03, 1.62, 0.62],
							"lerp_mode": "catmullrom"
						},
						"0.75": {
							"post": [-0.03, 1.52, 0.62],
							"lerp_mode": "catmullrom"
						},
						"0.875": {
							"post": [-0.03, 1.42, 0.62],
							"lerp_mode": "catmullrom"
						},
						"1.1667": {
							"post": [-0.03, 1.12, 0.62],
							"lerp_mode": "catmullrom"
						},
						"1.9583": {
							"post": [-0.04875, 1.07313, 1.26688],
							"lerp_mode": "catmullrom"
						},
						"2.375": {
							"post": [-0.04875, 1.07313, 1.26688],
							"lerp_mode": "catmullrom"
						},
						"2.75": {
							"post": [-0.05, 1.33656, 1.4],
							"lerp_mode": "catmullrom"
						},
						"3.0": {
							"post": [-0.02, 1.17, 1.23],
							"lerp_mode": "catmullrom"
						},
						"3.2083": {
							"post": [0, -0.4, -1],
							"lerp_mode": "catmullrom"
						},
						"3.375": {
							"post": [0, 0.0625, 0.29375],
							"lerp_mode": "catmullrom"
						},
						"3.75": {
							"post": [0, 0, 0],
							"lerp_mode": "catmullrom"
						}
					}
				},
				"lefthand": {
					"rotation": [72.50647, -36.46196, -117.12114],
					"position": [7.145, -19.9, -12.2],
					"scale": [1, 1.5, 1]
				},
				"righthand": {
					"rotation": [72.50647, -36.46196, -117.12114],
					"position": [7.145, -19.9, -14.2],
					"scale": [1, 1.5, 1]
				},
				"gun": {
					"rotation": {
						"4.5833": [-360, 0, 0],
						"4.875": [-360, 0, 0]
					},
					"position": {
						"4.5833": {
							"pre": [0, 0, 0],
							"post": [0, 0, 0],
							"lerp_mode": "catmullrom"
						},
						"4.875": {
							"post": [0, 0, 0],
							"lerp_mode": "catmullrom"
						}
					}
				},
				"rotate": {
					"rotation": {
						"3.0": {
							"pre": [0, 0, 0],
							"post": [0, 0, 0],
							"lerp_mode": "catmullrom"
						}
					},
					"position": {
						"3.0": {
							"pre": [0, 0, 0],
							"post": [0, 0, 0],
							"lerp_mode": "catmullrom"
						}
					}
				},
				"camera": {
					"rotation": {
						"0.0": {
							"post": [0, 0, 0],
							"lerp_mode": "catmullrom"
						},
						"0.4583": {
							"post": [-7.5, 12.5, 0],
							"lerp_mode": "catmullrom"
						},
						"0.75": {
							"post": [-7.5, 12.5, 0],
							"lerp_mode": "catmullrom"
						},
						"1.0833": {
							"post": [-7.5, 12.5, 0],
							"lerp_mode": "catmullrom"
						},
						"1.5417": {
							"post": [0, 5, 0],
							"lerp_mode": "catmullrom"
						},
						"1.9583": {
							"post": [0, 2.5, 0],
							"lerp_mode": "catmullrom"
						},
						"2.7083": {
							"post": [-5, 1.5, 0],
							"lerp_mode": "catmullrom"
						},
						"3.0833": {
							"post": [1.9, 1.5, 0],
							"lerp_mode": "catmullrom"
						},
						"3.2917": {
							"post": [-0.64, 0.5, 0],
							"lerp_mode": "catmullrom"
						},
						"3.5417": {
							"post": [0, 0, 0],
							"lerp_mode": "catmullrom"
						}
					}
				}
			},
			"sound_effects": {
				"0.1667": {
					"effect": "pgp:all/equip2"
				},
				"1.4167": {
					"effect": "pgp:all/equip3"
				},
				"3.1667": {
					"effect": "pgp:all/equip"
				}
			}
		},
		"shoot2": {
			"animation_length": 1.6064,
			"bones": {
				"root": {
					"rotation": {
						"0.0": {
							"post": [0, 0, 0],
							"lerp_mode": "catmullrom"
						},
						"0.1333": {
							"post": [-2.8, 0, -2.1],
							"lerp_mode": "catmullrom"
						},
						"0.3": {
							"post": [-0.2, 0, 1.3],
							"lerp_mode": "catmullrom"
						},
						"0.7": {
							"post": [0.2, 0, -0.5],
							"lerp_mode": "catmullrom"
						},
						"0.8667": {
							"post": [-0.2, 0, 0.2],
							"lerp_mode": "catmullrom"
						},
						"1.3": {
							"post": [0, 0, 0],
							"lerp_mode": "catmullrom"
						}
					},
					"position": {
						"0.0": {
							"post": [0, 0, 0],
							"lerp_mode": "catmullrom"
						},
						"0.0333": {
							"post": [0, 0, 0.9],
							"lerp_mode": "catmullrom"
						},
						"0.0667": {
							"post": [-0.3125, -0.5, 2.4],
							"lerp_mode": "catmullrom"
						},
						"0.1667": {
							"post": [0.11719, 0.4, 0.91344],
							"lerp_mode": "catmullrom"
						},
						"0.3": {
							"post": [0, 0.6, 0.4],
							"lerp_mode": "catmullrom"
						},
						"0.4": {
							"post": [-0.19531, 0.4, 0.1],
							"lerp_mode": "catmullrom"
						},
						"0.5": {
							"post": [0, 0, 0],
							"lerp_mode": "catmullrom"
						},
						"0.6": {
							"post": [0.02344, -0.12187, -0.15375],
							"lerp_mode": "catmullrom"
						},
						"0.7": {
							"post": [-0.03906, -0.08281, -0.10187],
							"lerp_mode": "catmullrom"
						},
						"0.8333": {
							"post": [0, 0, 0.0625],
							"lerp_mode": "catmullrom"
						},
						"0.9667": {
							"post": [0, 0.05469, 0],
							"lerp_mode": "catmullrom"
						},
						"1.1667": {
							"post": [0, 0, 0],
							"lerp_mode": "catmullrom"
						}
					}
				},
				"EM1_right": {
					"position": {
						"0.0": [0, 0, 0],
						"0.0667": [0, 0, -4],
						"0.4667": [0, 0, -4],
						"0.5333": [0, 0, 0]
					}
				},
				"EM1_left": {
					"position": {
						"0.0": [0, 0, 0],
						"0.0667": [0, 0, -4],
						"0.4667": [0, 0, -4],
						"0.5333": [0, 0, 0]
					}
				},
				"EM2_right": {
					"position": {
						"0.0": [0, 0, 0],
						"0.0667": [0, 0, -2],
						"0.5333": [0, 0, -2],
						"0.6": [0, 0, 0]
					}
				},
				"EM2_left": {
					"position": {
						"0.0": [0, 0, 0],
						"0.0667": [0, 0, -2],
						"0.5333": [0, 0, -2],
						"0.6": [0, 0, 0]
					}
				},
				"EM3_right": {
					"position": {
						"0.0": [0, 0, 0],
						"0.0667": [0, 0, 4],
						"0.6": [0, 0, 4],
						"0.6667": [0, 0, 0]
					}
				},
				"EM3_left": {
					"position": {
						"0.0": [0, 0, 0],
						"0.0667": [0, 0, 4],
						"0.6": [0, 0, 4],
						"0.6667": [0, 0, 0]
					}
				},
				"lightning1": {
					"rotation": {
						"0.0667": [0, 0, 0],
						"0.1": [0, 180, 0],
						"0.2667": [0, 180, 0],
						"0.3": [0, 0, 0]
					},
					"position": {
						"0.0667": [0, 0, 0],
						"0.4": [0, 0, -15]
					},
					"scale": {
						"0.0667": [1, 1, 1],
						"0.1": [100, 100, 100],
						"0.2667": [100, 100, 100],
						"0.3": [1, 1, 1],
						"0.3667": [100, 100, 100],
						"0.4": [1, 1, 1]
					}
				},
				"lightning2": {
					"rotation": {
						"0.1": [0, 0, 0],
						"0.1667": [0, 180, 0],
						"0.2": [0, 180, 0],
						"0.2667": [0, 0, 0],
						"0.3": [0, 0, 0],
						"0.3333": [0, 180, 0],
						"0.4": [0, 180, 0],
						"0.4333": [0, 0, 0]
					},
					"position": {
						"0.1": [0, 0, 0],
						"0.4333": [0, 0, 18]
					},
					"scale": {
						"0.1": [1, 1, 1],
						"0.1333": [100, 100, 100],
						"0.3": [100, 100, 100],
						"0.3333": [1, 1, 1],
						"0.4": [100, 100, 100],
						"0.4333": [1, 1, 1]
					}
				},
				"lightning3": {
					"rotation": {
						"0.1667": [0, 0, 0],
						"0.2": [0, 180, 0],
						"0.3333": [0, 180, 0],
						"0.4": [0, 0, 0]
					},
					"position": {
						"0.1667": [0, 0, -9],
						"0.5": [0, 0, -18]
					},
					"scale": {
						"0.1667": [1, 1, 1],
						"0.2": [100, 100, 100],
						"0.3667": [100, 100, 100],
						"0.4": [1, 1, 1],
						"0.4667": [100, 100, 100],
						"0.5": [1, 1, 1]
					}
				},
				"lightning4": {
					"rotation": {
						"0.2": [0, 0, 0],
						"0.2667": [0, 180, 0],
						"0.3": [0, 180, 0],
						"0.3333": [0, 0, 0],
						"0.4": [0, 0, 0],
						"0.4333": [0, 180, 0],
						"0.5": [0, 180, 0],
						"0.5333": [0, 0, 0]
					},
					"position": {
						"0.2": [0, 0, 0],
						"0.5333": [0, 0, 18]
					},
					"scale": {
						"0.2": [1, 1, 1],
						"0.2333": [100, 100, 100],
						"0.4": [100, 100, 100],
						"0.4333": [1, 1, 1],
						"0.5": [100, 100, 100],
						"0.5333": [1, 1, 1]
					}
				},
				"lightning5": {
					"rotation": {
						"0.2667": [0, 0, 0],
						"0.3": [0, 180, 0],
						"0.4333": [0, 180, 0],
						"0.5": [0, 0, 0]
					},
					"position": {
						"0.2667": [0, 0, -9],
						"0.5667": [0, 0, -18]
					},
					"scale": {
						"0.2667": [1, 1, 1],
						"0.3": [100, 100, 100],
						"0.4667": [100, 100, 100],
						"0.5": [1, 1, 1],
						"0.5667": [100, 100, 100],
						"0.6": [1, 1, 1]
					}
				},
				"lightning6": {
					"rotation": {
						"0.3": [0, 0, 0],
						"0.3333": [0, 180, 0],
						"0.4": [0, 180, 0],
						"0.4333": [0, 0, 0],
						"0.5": [0, 0, 0],
						"0.5333": [0, 180, 0],
						"0.5667": [0, 180, 0],
						"0.6333": [0, 0, 0]
					},
					"position": {
						"0.3": [0, 0, 0],
						"0.6333": [0, 0, 12]
					},
					"scale": {
						"0.3": [1, 1, 1],
						"0.3333": [100, 100, 100],
						"0.5": [100, 100, 100],
						"0.5333": [1, 1, 1],
						"0.6": [100, 100, 100],
						"0.6333": [1, 1, 1]
					}
				},
				"lightning7": {
					"rotation": {
						"0.3333": [0, 0, 0],
						"0.4": [0, 180, 0],
						"0.5333": [0, 180, 0],
						"0.5667": [0, 0, 0]
					},
					"position": {
						"0.3333": [0, 0, -9],
						"0.6667": [0, 0, -6]
					},
					"scale": {
						"0.3333": [1, 1, 1],
						"0.3667": [100, 100, 100],
						"0.5333": [100, 100, 100],
						"0.5667": [1, 1, 1],
						"0.6333": [100, 100, 100],
						"0.6667": [1, 1, 1]
					}
				},
				"lightning8": {
					"rotation": {
						"0.4": [0, 0, 0],
						"0.4333": [0, 180, 0],
						"0.5": [0, 180, 0],
						"0.5333": [0, 0, 0],
						"0.5667": [0, 0, 0],
						"0.6333": [0, 180, 0],
						"0.6667": [0, 180, 0],
						"0.7333": [0, 0, 0]
					},
					"position": {
						"0.4": [0, 0, 0],
						"0.7333": [0, 0, 3]
					},
					"scale": {
						"0.4": [1, 1, 1],
						"0.4333": [100, 100, 100],
						"0.6": [100, 100, 100],
						"0.6333": [1, 1, 1],
						"0.7": [100, 100, 100],
						"0.7333": [1, 1, 1]
					}
				},
				"rotate": {
					"rotation": {
						"0.0": {
							"post": [0, 0, 0],
							"lerp_mode": "catmullrom"
						},
						"0.2": {
							"post": [329.4, 0, 0],
							"lerp_mode": "catmullrom"
						},
						"0.4": {
							"post": [360, 0, 0],
							"lerp_mode": "catmullrom"
						}
					}
				},
				"constraint": {
					"rotation": {
						"0.0": [0.1, 0.2, 0.2],
						"0.3": [0, 0, 0]
					},
					"position": {
						"0.0": [0.1, 0.1, 0.7],
						"0.3": [0, 0, 0]
					}
				},
				"camera": {
					"rotation": {
						"0.0": {
							"post": [0, 0, 0],
							"lerp_mode": "catmullrom"
						},
						"0.0333": {
							"post": [0, 0, 3],
							"lerp_mode": "catmullrom"
						},
						"0.0667": {
							"post": [0, 0, -3],
							"lerp_mode": "catmullrom"
						},
						"0.1333": {
							"post": [0, 0, 1],
							"lerp_mode": "catmullrom"
						},
						"0.2": {
							"post": [0, 0, -1],
							"lerp_mode": "catmullrom"
						},
						"0.2667": {
							"post": [0, 0, 0.5],
							"lerp_mode": "catmullrom"
						},
						"0.3333": {
							"post": [0, 0, -0.3],
							"lerp_mode": "catmullrom"
						},
						"0.4": {
							"post": [0, 0, 0],
							"lerp_mode": "catmullrom"
						}
					}
				}
			},
			"sound_effects": {
				"0.0": {
					"effect": "pgp:demeco/demeco_shoot"
				}
			}
		},
		"shoot": {
			"animation_length": 1.6064,
			"bones": {
				"root": {
					"rotation": {
						"0.0": {
							"post": [0, 0, 0],
							"lerp_mode": "catmullrom"
						},
						"0.1333": {
							"post": [-2.8, 0, -2.1],
							"lerp_mode": "catmullrom"
						},
						"0.3": {
							"post": [-0.2, 0, 1.3],
							"lerp_mode": "catmullrom"
						},
						"0.7": {
							"post": [0.2, 0, -0.5],
							"lerp_mode": "catmullrom"
						},
						"0.8667": {
							"post": [-0.2, 0, 0.2],
							"lerp_mode": "catmullrom"
						},
						"1.3": {
							"post": [0, 0, 0],
							"lerp_mode": "catmullrom"
						}
					},
					"position": {
						"0.0": {
							"post": [0, 0, 0],
							"lerp_mode": "catmullrom"
						},
						"0.0333": {
							"post": [0, 0, 0.9],
							"lerp_mode": "catmullrom"
						},
						"0.0667": {
							"post": [-0.3125, -0.5, 2.4],
							"lerp_mode": "catmullrom"
						},
						"0.1667": {
							"post": [0.11719, 0.4, 0.91344],
							"lerp_mode": "catmullrom"
						},
						"0.3": {
							"post": [0, 0.6, 0.4],
							"lerp_mode": "catmullrom"
						},
						"0.4": {
							"post": [-0.19531, 0.4, 0.1],
							"lerp_mode": "catmullrom"
						},
						"0.5": {
							"post": [0, 0, 0],
							"lerp_mode": "catmullrom"
						},
						"0.6": {
							"post": [0.02344, -0.12187, -0.15375],
							"lerp_mode": "catmullrom"
						},
						"0.7": {
							"post": [-0.03906, -0.08281, -0.10187],
							"lerp_mode": "catmullrom"
						},
						"0.8333": {
							"post": [0, 0, 0.0625],
							"lerp_mode": "catmullrom"
						},
						"0.9667": {
							"post": [0, 0.05469, 0],
							"lerp_mode": "catmullrom"
						},
						"1.1667": {
							"post": [0, 0, 0],
							"lerp_mode": "catmullrom"
						}
					}
				},
				"EM1_right": {
					"position": {
						"0.0": [0, 0, 0],
						"0.0667": [0, 0, -4],
						"0.4667": [0, 0, -4],
						"0.5333": [0, 0, 0]
					}
				},
				"EM1_left": {
					"position": {
						"0.0": [0, 0, 0],
						"0.0667": [0, 0, -4],
						"0.4667": [0, 0, -4],
						"0.5333": [0, 0, 0]
					}
				},
				"EM2_right": {
					"position": {
						"0.0": [0, 0, 0],
						"0.0667": [0, 0, -2],
						"0.5333": [0, 0, -2],
						"0.6": [0, 0, 0]
					}
				},
				"EM2_left": {
					"position": {
						"0.0": [0, 0, 0],
						"0.0667": [0, 0, -2],
						"0.5333": [0, 0, -2],
						"0.6": [0, 0, 0]
					}
				},
				"EM3_right": {
					"position": {
						"0.0": [0, 0, 0],
						"0.0667": [0, 0, 4],
						"0.6": [0, 0, 4],
						"0.6667": [0, 0, 0]
					}
				},
				"EM3_left": {
					"position": {
						"0.0": [0, 0, 0],
						"0.0667": [0, 0, 4],
						"0.6": [0, 0, 4],
						"0.6667": [0, 0, 0]
					}
				},
				"lightning1": {
					"rotation": {
						"0.0667": [0, 0, 0],
						"0.1": [0, 180, 0],
						"0.2667": [0, 180, 0],
						"0.3": [0, 0, 0]
					},
					"position": {
						"0.0667": [0, 0, 0],
						"0.4": [0, 0, -15]
					},
					"scale": {
						"0.0667": [1, 1, 1],
						"0.1": [100, 100, 100],
						"0.2667": [100, 100, 100],
						"0.3": [1, 1, 1],
						"0.3667": [100, 100, 100],
						"0.4": [1, 1, 1]
					}
				},
				"lightning2": {
					"rotation": {
						"0.1": [0, 0, 0],
						"0.1667": [0, 180, 0],
						"0.2": [0, 180, 0],
						"0.2667": [0, 0, 0],
						"0.3": [0, 0, 0],
						"0.3333": [0, 180, 0],
						"0.4": [0, 180, 0],
						"0.4333": [0, 0, 0]
					},
					"position": {
						"0.1": [0, 0, 0],
						"0.4333": [0, 0, 18]
					},
					"scale": {
						"0.1": [1, 1, 1],
						"0.1333": [100, 100, 100],
						"0.3": [100, 100, 100],
						"0.3333": [1, 1, 1],
						"0.4": [100, 100, 100],
						"0.4333": [1, 1, 1]
					}
				},
				"lightning3": {
					"rotation": {
						"0.1667": [0, 0, 0],
						"0.2": [0, 180, 0],
						"0.3333": [0, 180, 0],
						"0.4": [0, 0, 0]
					},
					"position": {
						"0.1667": [0, 0, -9],
						"0.5": [0, 0, -18]
					},
					"scale": {
						"0.1667": [1, 1, 1],
						"0.2": [100, 100, 100],
						"0.3667": [100, 100, 100],
						"0.4": [1, 1, 1],
						"0.4667": [100, 100, 100],
						"0.5": [1, 1, 1]
					}
				},
				"lightning4": {
					"rotation": {
						"0.2": [0, 0, 0],
						"0.2667": [0, 180, 0],
						"0.3": [0, 180, 0],
						"0.3333": [0, 0, 0],
						"0.4": [0, 0, 0],
						"0.4333": [0, 180, 0],
						"0.5": [0, 180, 0],
						"0.5333": [0, 0, 0]
					},
					"position": {
						"0.2": [0, 0, 0],
						"0.5333": [0, 0, 18]
					},
					"scale": {
						"0.2": [1, 1, 1],
						"0.2333": [100, 100, 100],
						"0.4": [100, 100, 100],
						"0.4333": [1, 1, 1],
						"0.5": [100, 100, 100],
						"0.5333": [1, 1, 1]
					}
				},
				"lightning5": {
					"rotation": {
						"0.2667": [0, 0, 0],
						"0.3": [0, 180, 0],
						"0.4333": [0, 180, 0],
						"0.5": [0, 0, 0]
					},
					"position": {
						"0.2667": [0, 0, -9],
						"0.5667": [0, 0, -18]
					},
					"scale": {
						"0.2667": [1, 1, 1],
						"0.3": [100, 100, 100],
						"0.4667": [100, 100, 100],
						"0.5": [1, 1, 1],
						"0.5667": [100, 100, 100],
						"0.6": [1, 1, 1]
					}
				},
				"lightning6": {
					"rotation": {
						"0.3": [0, 0, 0],
						"0.3333": [0, 180, 0],
						"0.4": [0, 180, 0],
						"0.4333": [0, 0, 0],
						"0.5": [0, 0, 0],
						"0.5333": [0, 180, 0],
						"0.5667": [0, 180, 0],
						"0.6333": [0, 0, 0]
					},
					"position": {
						"0.3": [0, 0, 0],
						"0.6333": [0, 0, 12]
					},
					"scale": {
						"0.3": [1, 1, 1],
						"0.3333": [100, 100, 100],
						"0.5": [100, 100, 100],
						"0.5333": [1, 1, 1],
						"0.6": [100, 100, 100],
						"0.6333": [1, 1, 1]
					}
				},
				"lightning7": {
					"rotation": {
						"0.3333": [0, 0, 0],
						"0.4": [0, 180, 0],
						"0.5333": [0, 180, 0],
						"0.5667": [0, 0, 0]
					},
					"position": {
						"0.3333": [0, 0, -9],
						"0.6667": [0, 0, -6]
					},
					"scale": {
						"0.3333": [1, 1, 1],
						"0.3667": [100, 100, 100],
						"0.5333": [100, 100, 100],
						"0.5667": [1, 1, 1],
						"0.6333": [100, 100, 100],
						"0.6667": [1, 1, 1]
					}
				},
				"lightning8": {
					"rotation": {
						"0.4": [0, 0, 0],
						"0.4333": [0, 180, 0],
						"0.5": [0, 180, 0],
						"0.5333": [0, 0, 0],
						"0.5667": [0, 0, 0],
						"0.6333": [0, 180, 0],
						"0.6667": [0, 180, 0],
						"0.7333": [0, 0, 0]
					},
					"position": {
						"0.4": [0, 0, 0],
						"0.7333": [0, 0, 3]
					},
					"scale": {
						"0.4": [1, 1, 1],
						"0.4333": [100, 100, 100],
						"0.6": [100, 100, 100],
						"0.6333": [1, 1, 1],
						"0.7": [100, 100, 100],
						"0.7333": [1, 1, 1]
					}
				},
				"rotate": {
					"rotation": {
						"0.0": {
							"post": [0, 0, 0],
							"lerp_mode": "catmullrom"
						},
						"0.2": {
							"post": [329.4, 0, 0],
							"lerp_mode": "catmullrom"
						},
						"0.4": {
							"post": [360, 0, 0],
							"lerp_mode": "catmullrom"
						}
					}
				},
				"constraint": {
					"rotation": {
						"0.0": [0.1, 0.2, 0.2],
						"0.3": [0, 0, 0]
					},
					"position": {
						"0.0": [0.1, 0.1, 0.5],
						"0.3": [0, 0, 0]
					}
				},
				"camera": {
					"rotation": {
						"0.0": {
							"post": [0, 0, 0],
							"lerp_mode": "catmullrom"
						},
						"0.0333": {
							"post": [0, 0, 3],
							"lerp_mode": "catmullrom"
						},
						"0.0667": {
							"post": [0, 0, -3],
							"lerp_mode": "catmullrom"
						},
						"0.1333": {
							"post": [0, 0, 1],
							"lerp_mode": "catmullrom"
						},
						"0.2": {
							"post": [0, 0, -1],
							"lerp_mode": "catmullrom"
						},
						"0.2667": {
							"post": [0, 0, 0.5],
							"lerp_mode": "catmullrom"
						},
						"0.3333": {
							"post": [0, 0, -0.3],
							"lerp_mode": "catmullrom"
						},
						"0.4": {
							"post": [0, 0, 0],
							"lerp_mode": "catmullrom"
						}
					}
				}
			},
			"sound_effects": {
				"0.0": {
					"effect": "pgp:demeco/demeco_shoot"
				}
			}
		}
	}
}