{
	"format_version": "1.8.0",
	"animations": {
		"static_idle": {
			"loop": "hold_on_last_frame",
			"animation_length": 6.8333,
			"bones": {
				"constraint": {
					"rotation": [0.1, 0.2, 0.2],
					"position": [0.1, 0.2, 0.3]
				},
				"lefthand": {
					"rotation": [89.89636, -20.08481, -138.05352],
					"position": [-2.63625, -8.15, -15.2],
					"scale": [1, 1.5, 1]
				},
				"righthand": {
					"rotation": [89.49625, 6.99973, -180.06139],
					"position": [3.9, -9.575, 0.775],
					"scale": [1, 1.5, 1]
				}
			}
		},
		"put_away": {
			"loop": "hold_on_last_frame",
			"animation_length": 0.4333,
			"bones": {
				"constraint": {
					"rotation": [0.1, 0.2, 0.2],
					"position": [0.1, 0.2, 0.3]
				},
				"lefthand": {
					"rotation": [89.89636, -20.08481, -138.05352],
					"position": [-2.63625, -8.15, -15.2],
					"scale": [1, 1.5, 1]
				},
				"righthand": {
					"rotation": [89.49625, 6.99973, -180.06139],
					"position": [3.9, -9.575, 0.775],
					"scale": [1, 1.5, 1]
				},
				"root": {
					"rotation": {
						"0.0": {
							"post": [0, 0, 0],
							"lerp_mode": "catmullrom"
						},
						"0.0667": {
							"post": [-0.51171, -3.6801, -4.19401],
							"lerp_mode": "catmullrom"
						},
						"0.1667": {
							"post": [4.36882, -11.73179, -10.29382],
							"lerp_mode": "catmullrom"
						},
						"0.2667": {
							"post": [16.99835, -17.70783, -19.61271],
							"lerp_mode": "catmullrom"
						},
						"0.3333": {
							"post": [22.5, -27.4, -9.02],
							"lerp_mode": "catmullrom"
						},
						"0.4333": {
							"post": [38.74, -37.82, -13.36],
							"lerp_mode": "catmullrom"
						}
					},
					"position": {
						"0.0": {
							"post": [0, 0, 0],
							"lerp_mode": "catmullrom"
						},
						"0.0667": {
							"post": [-0.45, -0.49, 0.28],
							"lerp_mode": "catmullrom"
						},
						"0.1667": {
							"post": [-0.67, -1.47, 0.34],
							"lerp_mode": "catmullrom"
						},
						"0.2667": {
							"post": [-0.435, -3.245, 0.06],
							"lerp_mode": "catmullrom"
						},
						"0.3333": {
							"post": [0.22, -5.38, -0.15],
							"lerp_mode": "catmullrom"
						},
						"0.4333": {
							"post": [1.49, -9.585, -0.36],
							"lerp_mode": "catmullrom"
						}
					}
				},
				"camera": {
					"rotation": {
						"0.0": {
							"post": [0, 0, 0],
							"lerp_mode": "catmullrom"
						},
						"0.0667": {
							"post": [0.3, 0, -0.125],
							"lerp_mode": "catmullrom"
						},
						"0.2667": {
							"post": [0.64, 0, 0.3],
							"lerp_mode": "catmullrom"
						},
						"0.3333": {
							"post": [0.5, 0, 0.15],
							"lerp_mode": "catmullrom"
						},
						"0.4333": {
							"post": [0, 0, 0],
							"lerp_mode": "catmullrom"
						}
					}
				}
			}
		},
		"draw": {
			"loop": "hold_on_last_frame",
			"animation_length": 0.7667,
			"bones": {
				"constraint": {
					"rotation": [0.1, 0.2, 0.2],
					"position": [0.1, 0.2, 0.3]
				},
				"lefthand": {
					"rotation": [89.89636, -20.08481, -138.05352],
					"position": [-2.63625, -8.15, -15.2],
					"scale": [1, 1.5, 1]
				},
				"righthand": {
					"rotation": [89.49625, 6.99973, -180.06139],
					"position": [3.9, -9.575, 0.775],
					"scale": [1, 1.5, 1]
				},
				"root": {
					"rotation": {
						"0.0": {
							"post": [0, -35, 57.5],
							"lerp_mode": "catmullrom"
						},
						"0.1667": {
							"post": [2.7348, -8.92512, 37.89727],
							"lerp_mode": "catmullrom"
						},
						"0.3333": {
							"post": [0.64547, -1.47247, 6.10117],
							"lerp_mode": "catmullrom"
						},
						"0.4333": [1.37749, -0.08367, -1.55166],
						"0.5": [-0.45456, -0.10457, 0.82333],
						"0.5667": [-0.065, -0.44, -0.27],
						"0.7": [0, 0, 0]
					},
					"position": {
						"0.0": {
							"post": [0, -8, 2],
							"lerp_mode": "catmullrom"
						},
						"0.1667": {
							"post": [-0.14, -2.41, -0.195],
							"lerp_mode": "catmullrom"
						},
						"0.2667": {
							"post": [-0.22, -0.29, -1.425],
							"lerp_mode": "catmullrom"
						},
						"0.3333": {
							"post": [-0.125, -0.385, -1.975],
							"lerp_mode": "catmullrom"
						},
						"0.4333": [0, -0.305, 0.05],
						"0.5333": [0.05, 0, -0.15],
						"0.6333": [-0.025, 0, 0.05],
						"0.7667": [0, 0, 0]
					}
				},
				"camera": {
					"rotation": {
						"0.0": {
							"post": [0, 0, 0],
							"lerp_mode": "catmullrom"
						},
						"0.2": {
							"post": [1.00016, 0.00436, 0.75027],
							"lerp_mode": "catmullrom"
						},
						"0.4333": {
							"post": [0, 0, -0.75],
							"lerp_mode": "catmullrom"
						},
						"0.5333": {
							"post": [0, 0, 0],
							"lerp_mode": "catmullrom"
						},
						"0.6333": {
							"post": [0, 0, -0.3],
							"lerp_mode": "catmullrom"
						},
						"0.7667": {
							"post": [0, 0, 0],
							"lerp_mode": "catmullrom"
						}
					}
				}
			},
			"sound_effects": {
				"0.0": {
					"effect": "pgp:all/draw2"
				}
			}
		},
		"reload_empty": {
			"loop": "hold_on_last_frame",
			"animation_length": 2.4333,
			"bones": {
				"constraint": {
					"rotation": [0.1, 0.2, 0.2],
					"position": [0.1, 0.2, 0.3]
				},
				"lefthand": {
					"rotation": {
						"0.0": [89.89636, -20.08481, -138.05352],
						"0.1333": [103.49388, -16.59647, -154.34126],
						"0.3333": [107.18939, -12.69823, -168.90718],
						"1.2667": [107.18939, -12.69823, -168.90718],
						"1.4667": [103.49388, -16.59647, -154.34126],
						"1.7": [112.34838, -27.10719, -150.17714],
						"1.8": [89.89636, -20.08481, -138.05352]
					},
					"position": {
						"0.0": [-2.63625, -8.15, -15.2],
						"0.2": [-4.05369, -12.75571, -8.70261],
						"0.3333": [-4.05, -12.76, -6.8875],
						"1.2667": [-4.05, -12.76, -6.8875],
						"1.5333": [-4.05369, -12.75571, -8.70261],
						"1.7": [-1.83298, -9.16281, -14.15215],
						"1.8": [-2.63625, -8.15, -15.2]
					},
					"scale": [1, 1.5, 1]
				},
				"righthand": {
					"rotation": [89.49625, 6.99973, -180.06139],
					"position": [3.9, -9.575, 0.775],
					"scale": [1, 1.5, 1]
				},
				"root": {
					"rotation": {
						"0.0": {
							"post": [0, 0, 0],
							"lerp_mode": "catmullrom"
						},
						"0.0667": {
							"post": [-2.7237, -0.37349, -11.52481],
							"lerp_mode": "catmullrom"
						},
						"0.1667": {
							"post": [-14.12335, -8.77426, -24.41148],
							"lerp_mode": "catmullrom"
						},
						"0.2667": {
							"post": [-14.01129, -7.40697, -23.84543],
							"lerp_mode": "catmullrom"
						},
						"0.4": {
							"post": [-14.17123, -8.31277, -24.58854],
							"lerp_mode": "catmullrom"
						},
						"0.5": {
							"post": [-15.43293, -10.18414, -23.70995],
							"lerp_mode": "catmullrom"
						},
						"0.6333": {
							"post": [-20.97565, -7.31519, -16.07054],
							"lerp_mode": "catmullrom"
						},
						"0.7": {
							"post": [-20.38343, -8.43298, -26.80386],
							"lerp_mode": "catmullrom"
						},
						"0.7333": {
							"post": [-24.1515, -18.32985, -40.30251],
							"lerp_mode": "catmullrom"
						},
						"0.8": {
							"post": [-25.45707, -2.30387, -21.06398],
							"lerp_mode": "catmullrom"
						},
						"0.9333": {
							"post": [-15.53263, -7.78898, -33.31309],
							"lerp_mode": "catmullrom"
						},
						"1.2": {
							"post": [-17.34094, -18.14087, -57.06333],
							"lerp_mode": "catmullrom"
						},
						"1.2667": {
							"post": [-18.8456, -15.90013, -57.95592],
							"lerp_mode": "catmullrom"
						},
						"1.3333": {
							"post": [-16.15, -17.42, -57.705],
							"lerp_mode": "catmullrom"
						},
						"1.3667": {
							"post": [-14.77597, -6.92138, -36.23445],
							"lerp_mode": "catmullrom"
						},
						"1.4333": {
							"post": [-15.15, -12.22, -50.125],
							"lerp_mode": "catmullrom"
						},
						"1.5333": {
							"post": [-13.92236, -4.05495, -39.83071],
							"lerp_mode": "catmullrom"
						},
						"1.7": {
							"post": [-3.92435, -2.66181, -24.04228],
							"lerp_mode": "catmullrom"
						},
						"1.8": {
							"post": [2.05289, -1.22105, 4.97844],
							"lerp_mode": "catmullrom"
						},
						"1.9": {
							"post": [2.05289, -1.22105, 4.97844],
							"lerp_mode": "catmullrom"
						},
						"2.0": {
							"post": [0.25183, -0.82226, -1.85471],
							"lerp_mode": "catmullrom"
						},
						"2.0667": {
							"post": [-0.00274, -0.34214, 0.80421],
							"lerp_mode": "catmullrom"
						},
						"2.1667": {
							"post": [0, 0.08125, -0.775],
							"lerp_mode": "catmullrom"
						},
						"2.3": {
							"post": [0, 0, 0.25],
							"lerp_mode": "catmullrom"
						},
						"2.4333": {
							"post": [0, 0, 0],
							"lerp_mode": "catmullrom"
						}
					},
					"position": {
						"0.0": {
							"post": [0, 0, 0],
							"lerp_mode": "catmullrom"
						},
						"0.0667": {
							"post": [-0.51577, -0.46769, -0.34717],
							"lerp_mode": "catmullrom"
						},
						"0.1333": {
							"post": [-1, -0.38312, -0.3575],
							"lerp_mode": "catmullrom"
						},
						"0.2": {
							"post": [-1, -0.28625, -0.32687],
							"lerp_mode": "catmullrom"
						},
						"0.3": {
							"post": [-1.13185, -0.23026, -0.25991],
							"lerp_mode": "catmullrom"
						},
						"0.4": {
							"post": [-1.26437, -0.55375, -0.0525],
							"lerp_mode": "catmullrom"
						},
						"0.5333": {
							"post": [-0.91132, -0.14549, -0.06835],
							"lerp_mode": "catmullrom"
						},
						"0.7": {
							"post": [-0.91, -0.025, -0.0075],
							"lerp_mode": "catmullrom"
						},
						"0.7333": {
							"post": [-0.2225, -0.26, -1.065],
							"lerp_mode": "catmullrom"
						},
						"0.8333": {
							"post": [-1.16, -0.60375, -0.5],
							"lerp_mode": "catmullrom"
						},
						"1.0667": {
							"post": [-0.635, -0.3975, 0.375],
							"lerp_mode": "catmullrom"
						},
						"1.2": {
							"post": [-1.4175, -1.02062, -0.02375],
							"lerp_mode": "catmullrom"
						},
						"1.2667": {
							"post": [-1.46437, -1.2125, 0.02125],
							"lerp_mode": "catmullrom"
						},
						"1.3667": {
							"post": [-1.02, -1.20125, 0.02],
							"lerp_mode": "catmullrom"
						},
						"1.4": {
							"post": [-1.42187, -1.75562, 0.03],
							"lerp_mode": "catmullrom"
						},
						"1.4333": {
							"post": [-1.47312, -1.71125, 0.02],
							"lerp_mode": "catmullrom"
						},
						"1.5667": {
							"post": [-1.05195, -1.23924, -0.06835],
							"lerp_mode": "catmullrom"
						},
						"1.7": {
							"post": [0, -1.40062, -0.8525],
							"lerp_mode": "catmullrom"
						},
						"1.8": {
							"post": [0.02346, -1.28254, -1.32559],
							"lerp_mode": "catmullrom"
						},
						"1.8667": {
							"post": [0.31, -0.86, -0.31625],
							"lerp_mode": "catmullrom"
						},
						"2.0": {
							"post": [0, -0.05, 0.6],
							"lerp_mode": "catmullrom"
						},
						"2.1": {
							"post": [0, -0.125, -0.15],
							"lerp_mode": "catmullrom"
						},
						"2.2": {
							"post": [0, 0, 0.15],
							"lerp_mode": "catmullrom"
						},
						"2.3333": {
							"post": [0, 0, 0],
							"lerp_mode": "catmullrom"
						},
						"2.4333": {
							"post": [0, 0, 0],
							"lerp_mode": "catmullrom"
						}
					}
				},
				"mag_and_bullet": {
					"scale": {
						"0.0": [0, 0, 0],
						"0.3333": [0, 0, 0],
						"0.3667": [1, 1, 1]
					}
				},
				"additonal_magazine": {
					"rotation": {
						"0.6": [0, 0, 0],
						"0.6667": [-5, 0, 0],
						"0.7": [-15, 0, 0],
						"0.7667": {
							"pre": [-72.91448, -10.94263, -37.47471],
							"post": [-72.91448, -10.94263, -37.47471],
							"lerp_mode": "catmullrom"
						},
						"0.8": {
							"post": [-80.08989, 17.69222, -129.27998],
							"lerp_mode": "catmullrom"
						},
						"0.9333": {
							"post": [-104.17465, -14.5433, -294.00826],
							"lerp_mode": "catmullrom"
						}
					},
					"position": {
						"0.6": [0, 0, 0],
						"0.6667": [0, 0, 0],
						"0.7": [0, -0.625, -0.125],
						"0.7667": {
							"pre": [1.65625, -6.62, -8.6275],
							"post": [1.65625, -6.62, -8.6275],
							"lerp_mode": "catmullrom"
						},
						"0.8": {
							"post": [0.0625, -14.46375, -10.94],
							"lerp_mode": "catmullrom"
						},
						"0.9333": {
							"post": [-14, -27.33875, -6.94],
							"lerp_mode": "catmullrom"
						},
						"1.0": {
							"post": [-22, -41.77625, -6.94],
							"lerp_mode": "catmullrom"
						}
					},
					"scale": {
						"0.9333": [1, 1, 1],
						"1.1": [0, 0, 0]
					}
				},
				"camera": {
					"rotation": {
						"0.0": {
							"post": [0, 0, 0],
							"lerp_mode": "catmullrom"
						},
						"0.0667": {
							"post": [0.99991, 0.01309, -0.74989],
							"lerp_mode": "catmullrom"
						},
						"0.1667": {
							"post": [0.03969, 1.01231, 1.50046],
							"lerp_mode": "catmullrom"
						},
						"0.2667": {
							"post": [0.0176, 1.01294, 0.25027],
							"lerp_mode": "catmullrom"
						},
						"0.3333": {
							"post": [-0.73893, 0.24374, -1.24004],
							"lerp_mode": "catmullrom"
						},
						"0.4333": {
							"post": [-0.73677, 0.25018, -0.74007],
							"lerp_mode": "catmullrom"
						},
						"0.6": {
							"post": [-0.73456, 0.2566, -0.24011],
							"lerp_mode": "catmullrom"
						},
						"0.7": {
							"post": [-0.7323, 0.263, 0.25986],
							"lerp_mode": "catmullrom"
						},
						"0.7333": {
							"post": [-0.72879, 0.27256, 1.0098],
							"lerp_mode": "catmullrom"
						},
						"0.7667": {
							"post": [-0.7521, 0.7499, -0.74657],
							"lerp_mode": "catmullrom"
						},
						"0.8333": {
							"post": [-1.25181, 0.25017, -0.72692],
							"lerp_mode": "catmullrom"
						},
						"0.9": {
							"post": [-0.50289, -0.24424, -0.46605],
							"lerp_mode": "catmullrom"
						},
						"1.0": {
							"post": [-0.2581, -0.23321, 0.78391],
							"lerp_mode": "catmullrom"
						},
						"1.2": {
							"post": [-0.26313, -0.22753, -0.96609],
							"lerp_mode": "catmullrom"
						},
						"1.2333": {
							"post": [-0.25708, -0.23434, -2.46609],
							"lerp_mode": "catmullrom"
						},
						"1.2667": {
							"post": [-0.26313, -0.22753, -0.96609],
							"lerp_mode": "catmullrom"
						},
						"1.3333": {
							"post": [-0.2581, -0.23321, -2.21609],
							"lerp_mode": "catmullrom"
						},
						"1.3667": {
							"post": [-0.24137, -0.71987, 1.53525],
							"lerp_mode": "catmullrom"
						},
						"1.4": {
							"post": [-0.26213, -0.22867, -1.21609],
							"lerp_mode": "catmullrom"
						},
						"1.4667": {
							"post": [-0.26706, -0.2229, 0.03391],
							"lerp_mode": "catmullrom"
						},
						"1.6": {
							"post": [-1.00051, -0.26389, -0.96584],
							"lerp_mode": "catmullrom"
						},
						"1.7": {
							"post": [-1.50407, -0.22896, -0.21609],
							"lerp_mode": "catmullrom"
						},
						"1.8": {
							"post": [-0.24465, -0.19264, -0.27986],
							"lerp_mode": "catmullrom"
						},
						"1.9333": {
							"post": [-0.225, 0, 0.125],
							"lerp_mode": "catmullrom"
						},
						"2.0333": {
							"post": [-0.35, 0, 0.2],
							"lerp_mode": "catmullrom"
						},
						"2.1": {
							"post": [0.25, 0, -0.25],
							"lerp_mode": "catmullrom"
						},
						"2.2": {
							"post": [-0.075, 0, 0.075],
							"lerp_mode": "catmullrom"
						},
						"2.3": {
							"post": [0, 0, 0],
							"lerp_mode": "catmullrom"
						}
					}
				},
				"left": {
					"rotation": {
						"0.0": [0, 0, 0],
						"0.4": {
							"pre": [0, 0, -40],
							"post": [0, 0, -40],
							"lerp_mode": "catmullrom"
						},
						"0.5": [2.5, 0, -57.5],
						"0.6": [3.5, 0, -57.5],
						"0.6667": [-5.5, 0, -57.5],
						"0.7": [-14.5, 0, -57.5],
						"0.7333": [-4.5, 0, -57.5],
						"0.7667": [20.5, 0, -57.5],
						"0.9333": {
							"pre": [-20, 0, 0],
							"post": [-20, 0, 0],
							"lerp_mode": "catmullrom"
						},
						"1.0": {
							"post": [-30, 0, 5],
							"lerp_mode": "catmullrom"
						},
						"1.2": {
							"post": [-30, 0, 5],
							"lerp_mode": "catmullrom"
						},
						"1.2667": [-15, 0, 0],
						"1.3333": [-15, 0, 0],
						"1.3667": [0, 0, 0]
					},
					"position": {
						"0.0": [0, 0, 0],
						"0.0667": [2.125, -1.3125, 0],
						"0.1333": [3.505, -4.06, 4.625],
						"0.2": [3.51, -8.06, 17.63],
						"0.4": {
							"pre": [3.51, -8.06, 17.63],
							"post": [3.51, -8.06, 17.63],
							"lerp_mode": "catmullrom"
						},
						"0.5": [0.55688, -3.4975, 2.84875],
						"0.6": [0.55688, -3.4975, 2.91125],
						"0.6667": [0.55688, -3.4975, 2.41125],
						"0.7": [0.56, -3.5, 2.035],
						"0.7333": [0.56, -3.5, 0.415],
						"0.7667": [3.8725, -3.1875, -5.455],
						"0.9333": {
							"pre": [2.4475, -3.70348, -1.06477],
							"post": [2.4475, -3.70348, -1.06477],
							"lerp_mode": "catmullrom"
						},
						"1.0667": {
							"post": [0.93768, -2.28843, -1.20466],
							"lerp_mode": "catmullrom"
						},
						"1.2": {
							"post": [-0.14766, -0.56278, -1.47151],
							"lerp_mode": "catmullrom"
						},
						"1.2667": [0.01, -0.0043, -0.53906],
						"1.3333": [0.01, 0.12941, -0.48296],
						"1.3667": [0, 0, 0]
					}
				}
			},
			"sound_effects": {
				"0.0": {
					"effect": "pgp:all/equip3"
				},
				"0.7333": {
					"effect": "pgp:ak117/ak117_mag_out"
				},
				"1.1667": {
					"effect": "pgp:ak117/ak117_mag_in"
				},
				"1.7667": {
					"effect": "pgp:all/grab3"
				}
			}
		},
		"reload_tactical": {
			"loop": "hold_on_last_frame",
			"animation_length": 2.4333,
			"bones": {
				"constraint": {
					"rotation": [0.1, 0.2, 0.2],
					"position": [0.1, 0.2, 0.3]
				},
				"lefthand": {
					"rotation": {
						"0.0": [89.89636, -20.08481, -138.05352],
						"0.1333": [103.49388, -16.59647, -154.34126],
						"0.3333": [107.18939, -12.69823, -168.90718],
						"1.2667": [107.18939, -12.69823, -168.90718],
						"1.4667": [103.49388, -16.59647, -154.34126],
						"1.7": [112.34838, -27.10719, -150.17714],
						"1.8": [89.89636, -20.08481, -138.05352]
					},
					"position": {
						"0.0": [-2.63625, -8.15, -15.2],
						"0.2": [-4.05369, -12.75571, -8.70261],
						"0.3333": [-4.05, -12.76, -6.8875],
						"1.2667": [-4.05, -12.76, -6.8875],
						"1.5333": [-4.05369, -12.75571, -8.70261],
						"1.7": [-1.83298, -9.16281, -14.15215],
						"1.8": [-2.63625, -8.15, -15.2]
					},
					"scale": [1, 1.5, 1]
				},
				"righthand": {
					"rotation": [89.49625, 6.99973, -180.06139],
					"position": [3.9, -9.575, 0.775],
					"scale": [1, 1.5, 1]
				},
				"root": {
					"rotation": {
						"0.0": {
							"post": [0, 0, 0],
							"lerp_mode": "catmullrom"
						},
						"0.0667": {
							"post": [-2.7237, -0.37349, -11.52481],
							"lerp_mode": "catmullrom"
						},
						"0.1667": {
							"post": [-14.12335, -8.77426, -24.41148],
							"lerp_mode": "catmullrom"
						},
						"0.2667": {
							"post": [-14.01129, -7.40697, -23.84543],
							"lerp_mode": "catmullrom"
						},
						"0.4": {
							"post": [-14.17123, -8.31277, -24.58854],
							"lerp_mode": "catmullrom"
						},
						"0.5": {
							"post": [-15.43293, -10.18414, -23.70995],
							"lerp_mode": "catmullrom"
						},
						"0.6333": {
							"post": [-20.97565, -7.31519, -16.07054],
							"lerp_mode": "catmullrom"
						},
						"0.7": {
							"post": [-20.38343, -8.43298, -26.80386],
							"lerp_mode": "catmullrom"
						},
						"0.7333": {
							"post": [-24.1515, -18.32985, -40.30251],
							"lerp_mode": "catmullrom"
						},
						"0.8": {
							"post": [-25.45707, -2.30387, -21.06398],
							"lerp_mode": "catmullrom"
						},
						"0.9333": {
							"post": [-15.53263, -7.78898, -33.31309],
							"lerp_mode": "catmullrom"
						},
						"1.2": {
							"post": [-17.34094, -18.14087, -57.06333],
							"lerp_mode": "catmullrom"
						},
						"1.2667": {
							"post": [-18.8456, -15.90013, -57.95592],
							"lerp_mode": "catmullrom"
						},
						"1.3333": {
							"post": [-16.15, -17.42, -57.705],
							"lerp_mode": "catmullrom"
						},
						"1.3667": {
							"post": [-14.77597, -6.92138, -36.23445],
							"lerp_mode": "catmullrom"
						},
						"1.4333": {
							"post": [-15.15, -12.22, -50.125],
							"lerp_mode": "catmullrom"
						},
						"1.5333": {
							"post": [-13.92236, -4.05495, -39.83071],
							"lerp_mode": "catmullrom"
						},
						"1.7": {
							"post": [-3.92435, -2.66181, -24.04228],
							"lerp_mode": "catmullrom"
						},
						"1.8": {
							"post": [2.05289, -1.22105, 4.97844],
							"lerp_mode": "catmullrom"
						},
						"1.9": {
							"post": [2.05289, -1.22105, 4.97844],
							"lerp_mode": "catmullrom"
						},
						"2.0": {
							"post": [0.25183, -0.82226, -1.85471],
							"lerp_mode": "catmullrom"
						},
						"2.0667": {
							"post": [-0.00274, -0.34214, 0.80421],
							"lerp_mode": "catmullrom"
						},
						"2.1667": {
							"post": [0, 0.08125, -0.775],
							"lerp_mode": "catmullrom"
						},
						"2.3": {
							"post": [0, 0, 0.25],
							"lerp_mode": "catmullrom"
						},
						"2.4333": {
							"post": [0, 0, 0],
							"lerp_mode": "catmullrom"
						}
					},
					"position": {
						"0.0": {
							"post": [0, 0, 0],
							"lerp_mode": "catmullrom"
						},
						"0.0667": {
							"post": [-0.51577, -0.46769, -0.34717],
							"lerp_mode": "catmullrom"
						},
						"0.1333": {
							"post": [-1, -0.38312, -0.3575],
							"lerp_mode": "catmullrom"
						},
						"0.2": {
							"post": [-1, -0.28625, -0.32687],
							"lerp_mode": "catmullrom"
						},
						"0.3": {
							"post": [-1.13185, -0.23026, -0.25991],
							"lerp_mode": "catmullrom"
						},
						"0.4": {
							"post": [-1.26437, -0.55375, -0.0525],
							"lerp_mode": "catmullrom"
						},
						"0.5333": {
							"post": [-0.91132, -0.14549, -0.06835],
							"lerp_mode": "catmullrom"
						},
						"0.7": {
							"post": [-0.91, -0.025, -0.0075],
							"lerp_mode": "catmullrom"
						},
						"0.7333": {
							"post": [-0.2225, -0.26, -1.065],
							"lerp_mode": "catmullrom"
						},
						"0.8333": {
							"post": [-1.16, -0.60375, -0.5],
							"lerp_mode": "catmullrom"
						},
						"1.0667": {
							"post": [-0.635, -0.3975, 0.375],
							"lerp_mode": "catmullrom"
						},
						"1.2": {
							"post": [-1.4175, -1.02062, -0.02375],
							"lerp_mode": "catmullrom"
						},
						"1.2667": {
							"post": [-1.46437, -1.2125, 0.02125],
							"lerp_mode": "catmullrom"
						},
						"1.3667": {
							"post": [-1.02, -1.20125, 0.02],
							"lerp_mode": "catmullrom"
						},
						"1.4": {
							"post": [-1.42187, -1.75562, 0.03],
							"lerp_mode": "catmullrom"
						},
						"1.4333": {
							"post": [-1.47312, -1.71125, 0.02],
							"lerp_mode": "catmullrom"
						},
						"1.5667": {
							"post": [-1.05195, -1.23924, -0.06835],
							"lerp_mode": "catmullrom"
						},
						"1.7": {
							"post": [0, -1.40062, -0.8525],
							"lerp_mode": "catmullrom"
						},
						"1.8": {
							"post": [0.02346, -1.28254, -1.32559],
							"lerp_mode": "catmullrom"
						},
						"1.8667": {
							"post": [0.31, -0.86, -0.31625],
							"lerp_mode": "catmullrom"
						},
						"2.0": {
							"post": [0, -0.05, 0.6],
							"lerp_mode": "catmullrom"
						},
						"2.1": {
							"post": [0, -0.125, -0.15],
							"lerp_mode": "catmullrom"
						},
						"2.2": {
							"post": [0, 0, 0.15],
							"lerp_mode": "catmullrom"
						},
						"2.3333": {
							"post": [0, 0, 0],
							"lerp_mode": "catmullrom"
						},
						"2.4333": {
							"post": [0, 0, 0],
							"lerp_mode": "catmullrom"
						}
					}
				},
				"mag_and_bullet": {
					"scale": {
						"0.0": [0, 0, 0],
						"0.3333": [0, 0, 0],
						"0.3667": [1, 1, 1]
					}
				},
				"additonal_magazine": {
					"rotation": {
						"0.6": [0, 0, 0],
						"0.6667": [-5, 0, 0],
						"0.7": [-15, 0, 0],
						"0.7667": {
							"pre": [-72.91448, -10.94263, -37.47471],
							"post": [-72.91448, -10.94263, -37.47471],
							"lerp_mode": "catmullrom"
						},
						"0.8": {
							"post": [-80.08989, 17.69222, -129.27998],
							"lerp_mode": "catmullrom"
						},
						"0.9333": {
							"post": [-104.17465, -14.5433, -294.00826],
							"lerp_mode": "catmullrom"
						}
					},
					"position": {
						"0.6": [0, 0, 0],
						"0.6667": [0, 0, 0],
						"0.7": [0, -0.625, -0.125],
						"0.7667": {
							"pre": [1.65625, -6.62, -8.6275],
							"post": [1.65625, -6.62, -8.6275],
							"lerp_mode": "catmullrom"
						},
						"0.8": {
							"post": [0.0625, -14.46375, -10.94],
							"lerp_mode": "catmullrom"
						},
						"0.9333": {
							"post": [-14, -27.33875, -6.94],
							"lerp_mode": "catmullrom"
						},
						"1.0": {
							"post": [-22, -41.77625, -6.94],
							"lerp_mode": "catmullrom"
						}
					},
					"scale": {
						"0.9333": [1, 1, 1],
						"1.1": [0, 0, 0]
					}
				},
				"camera": {
					"rotation": {
						"0.0": {
							"post": [0, 0, 0],
							"lerp_mode": "catmullrom"
						},
						"0.0667": {
							"post": [0.99991, 0.01309, -0.74989],
							"lerp_mode": "catmullrom"
						},
						"0.1667": {
							"post": [0.03969, 1.01231, 1.50046],
							"lerp_mode": "catmullrom"
						},
						"0.2667": {
							"post": [0.0176, 1.01294, 0.25027],
							"lerp_mode": "catmullrom"
						},
						"0.3333": {
							"post": [-0.73893, 0.24374, -1.24004],
							"lerp_mode": "catmullrom"
						},
						"0.4333": {
							"post": [-0.73677, 0.25018, -0.74007],
							"lerp_mode": "catmullrom"
						},
						"0.6": {
							"post": [-0.73456, 0.2566, -0.24011],
							"lerp_mode": "catmullrom"
						},
						"0.7": {
							"post": [-0.7323, 0.263, 0.25986],
							"lerp_mode": "catmullrom"
						},
						"0.7333": {
							"post": [-0.72879, 0.27256, 1.0098],
							"lerp_mode": "catmullrom"
						},
						"0.7667": {
							"post": [-0.7521, 0.7499, -0.74657],
							"lerp_mode": "catmullrom"
						},
						"0.8333": {
							"post": [-1.25181, 0.25017, -0.72692],
							"lerp_mode": "catmullrom"
						},
						"0.9": {
							"post": [-0.50289, -0.24424, -0.46605],
							"lerp_mode": "catmullrom"
						},
						"1.0": {
							"post": [-0.2581, -0.23321, 0.78391],
							"lerp_mode": "catmullrom"
						},
						"1.2": {
							"post": [-0.26313, -0.22753, -0.96609],
							"lerp_mode": "catmullrom"
						},
						"1.2333": {
							"post": [-0.25708, -0.23434, -2.46609],
							"lerp_mode": "catmullrom"
						},
						"1.2667": {
							"post": [-0.26313, -0.22753, -0.96609],
							"lerp_mode": "catmullrom"
						},
						"1.3333": {
							"post": [-0.2581, -0.23321, -2.21609],
							"lerp_mode": "catmullrom"
						},
						"1.3667": {
							"post": [-0.24137, -0.71987, 1.53525],
							"lerp_mode": "catmullrom"
						},
						"1.4": {
							"post": [-0.26213, -0.22867, -1.21609],
							"lerp_mode": "catmullrom"
						},
						"1.4667": {
							"post": [-0.26706, -0.2229, 0.03391],
							"lerp_mode": "catmullrom"
						},
						"1.6": {
							"post": [-1.00051, -0.26389, -0.96584],
							"lerp_mode": "catmullrom"
						},
						"1.7": {
							"post": [-1.50407, -0.22896, -0.21609],
							"lerp_mode": "catmullrom"
						},
						"1.8": {
							"post": [-0.24465, -0.19264, -0.27986],
							"lerp_mode": "catmullrom"
						},
						"1.9333": {
							"post": [-0.225, 0, 0.125],
							"lerp_mode": "catmullrom"
						},
						"2.0333": {
							"post": [-0.35, 0, 0.2],
							"lerp_mode": "catmullrom"
						},
						"2.1": {
							"post": [0.25, 0, -0.25],
							"lerp_mode": "catmullrom"
						},
						"2.2": {
							"post": [-0.075, 0, 0.075],
							"lerp_mode": "catmullrom"
						},
						"2.3": {
							"post": [0, 0, 0],
							"lerp_mode": "catmullrom"
						}
					}
				},
				"left": {
					"rotation": {
						"0.0": [0, 0, 0],
						"0.4": {
							"pre": [0, 0, -40],
							"post": [0, 0, -40],
							"lerp_mode": "catmullrom"
						},
						"0.5": [2.5, 0, -57.5],
						"0.6": [3.5, 0, -57.5],
						"0.6667": [-5.5, 0, -57.5],
						"0.7": [-14.5, 0, -57.5],
						"0.7333": [-4.5, 0, -57.5],
						"0.7667": [20.5, 0, -57.5],
						"0.9333": {
							"pre": [-20, 0, 0],
							"post": [-20, 0, 0],
							"lerp_mode": "catmullrom"
						},
						"1.0": {
							"post": [-30, 0, 5],
							"lerp_mode": "catmullrom"
						},
						"1.2": {
							"post": [-30, 0, 5],
							"lerp_mode": "catmullrom"
						},
						"1.2667": [-15, 0, 0],
						"1.3333": [-15, 0, 0],
						"1.3667": [0, 0, 0]
					},
					"position": {
						"0.0": [0, 0, 0],
						"0.0667": [2.125, -1.3125, 0],
						"0.1333": [3.505, -4.06, 4.625],
						"0.2": [3.51, -8.06, 17.63],
						"0.4": {
							"pre": [3.51, -8.06, 17.63],
							"post": [3.51, -8.06, 17.63],
							"lerp_mode": "catmullrom"
						},
						"0.5": [0.55688, -3.4975, 2.84875],
						"0.6": [0.55688, -3.4975, 2.91125],
						"0.6667": [0.55688, -3.4975, 2.41125],
						"0.7": [0.56, -3.5, 2.035],
						"0.7333": [0.56, -3.5, 0.415],
						"0.7667": [3.8725, -3.1875, -5.455],
						"0.9333": {
							"pre": [2.4475, -3.70348, -1.06477],
							"post": [2.4475, -3.70348, -1.06477],
							"lerp_mode": "catmullrom"
						},
						"1.0667": {
							"post": [0.93768, -2.28843, -1.20466],
							"lerp_mode": "catmullrom"
						},
						"1.2": {
							"post": [-0.14766, -0.56278, -1.47151],
							"lerp_mode": "catmullrom"
						},
						"1.2667": [0.01, -0.0043, -0.53906],
						"1.3333": [0.01, 0.12941, -0.48296],
						"1.3667": [0, 0, 0]
					}
				}
			},
			"sound_effects": {
				"0.0": {
					"effect": "pgp:all/equip3"
				},
				"0.7333": {
					"effect": "pgp:ak117/ak117_mag_out"
				},
				"1.1667": {
					"effect": "pgp:ak117/ak117_mag_in"
				},
				"1.7667": {
					"effect": "pgp:all/grab3"
				}
			}
		},
		"inspect": {
			"loop": "hold_on_last_frame",
			"animation_length": 8.5667,
			"bones": {
				"constraint": {
					"rotation": [0.1, 0.2, 0.2],
					"position": [0.1, 0.2, 0.3]
				},
				"lefthand": {
					"rotation": {
						"0.0": [89.89636, -20.08481, -138.05352],
						"0.1667": [82.56139, -37.72154, -106.91447],
						"0.6667": [82.56139, -37.72154, -106.91447],
						"0.8667": [82.56139, -37.72154, -106.91447],
						"1.1333": [106.80882, -31.94169, -149.85092],
						"1.2": [126.75243, -17.17239, -163.34129],
						"1.2333": [126.75243, -17.17239, -163.34129],
						"4.0": [126.75243, -17.17239, -163.34129],
						"4.3": {
							"pre": [104.89625, -17.6968, -161.31831],
							"post": [104.89625, -17.6968, -161.31831],
							"lerp_mode": "catmullrom"
						},
						"4.3667": {
							"post": [120.89625, -17.6968, -161.31831],
							"lerp_mode": "catmullrom"
						},
						"4.4667": {
							"post": [137.88299, -7.98385, -169.6722],
							"lerp_mode": "catmullrom"
						},
						"4.6": {
							"post": [126.75243, -17.17239, -163.34129],
							"lerp_mode": "catmullrom"
						},
						"4.7": {
							"post": [130.09511, -10.13541, -180.60675],
							"lerp_mode": "catmullrom"
						},
						"4.8": {
							"post": [130.01133, -9.56133, -180.11691],
							"lerp_mode": "catmullrom"
						},
						"4.9": {
							"post": [107.51133, -9.56133, -180.11691],
							"lerp_mode": "catmullrom"
						},
						"5.3667": {
							"post": [107.51133, -9.56133, -180.11691],
							"lerp_mode": "catmullrom"
						},
						"5.6333": {
							"post": [107.51133, -9.56133, -180.11691],
							"lerp_mode": "catmullrom"
						},
						"5.8333": {
							"post": [100.46879, -22.52338, -166.48467],
							"lerp_mode": "catmullrom"
						},
						"5.9667": [88.61325, -20.65264, -148.70522],
						"6.1": [57.39636, -20.08481, -138.05352],
						"7.4667": [57.39636, -20.08481, -138.05352],
						"7.6": [88.61325, -20.65264, -148.70522],
						"7.7": [89.89636, -20.08481, -138.05352]
					},
					"position": {
						"0.0": [-2.63625, -8.15, -15.2],
						"0.8667": [-2.63625, -8.15, -15.2],
						"1.0": [-0.76125, -10.91562, -15.74687],
						"1.1333": [-0.92966, -12.16337, -7.19483],
						"1.2": [-3.08875, -12.18187, -7.65],
						"1.2333": [-3.08875, -12.18187, -7.65],
						"4.0": [-3.08875, -12.18187, -7.65],
						"4.6": {
							"pre": [-1.90125, -13.18187, -7.65],
							"post": [-1.90125, -13.18187, -7.65],
							"lerp_mode": "catmullrom"
						},
						"4.7": {
							"post": [-4.12, -14.08812, -8.38437],
							"lerp_mode": "catmullrom"
						},
						"4.9": {
							"post": [-4.12, -14.08812, -8.38437],
							"lerp_mode": "catmullrom"
						},
						"5.3667": {
							"post": [-4.12, -14.08812, -8.38437],
							"lerp_mode": "catmullrom"
						},
						"5.6333": {
							"post": [-4.12, -14.08812, -8.38437],
							"lerp_mode": "catmullrom"
						},
						"5.8": [-1.72827, -13.46735, -12.42343],
						"5.9333": [-2.63625, -8.15, -15.2],
						"6.1": [-2.9525, -8.15, -15.2],
						"7.4667": [-2.9525, -8.15, -15.2],
						"7.6": [-2.63625, -8.15, -15.2],
						"7.7": [-2.63625, -8.15, -15.2]
					},
					"scale": [1, 1.5, 1]
				},
				"righthand": {
					"rotation": [89.49625, 6.99973, -180.06139],
					"position": [3.9, -9.575, 0.775],
					"scale": [1, 1.5, 1]
				},
				"root": {
					"rotation": {
						"0.0": {
							"post": [0, 0, 0],
							"lerp_mode": "catmullrom"
						},
						"0.1333": {
							"post": [-1.21335, -7.65101, -4.23835],
							"lerp_mode": "catmullrom"
						},
						"0.3": {
							"post": [-5.26982, -22.80547, -10.52064],
							"lerp_mode": "catmullrom"
						},
						"0.4": {
							"post": [-6.42187, -29.39062, -15],
							"lerp_mode": "catmullrom"
						},
						"0.5333": {
							"post": [-6.51681, -33.50153, -14.78792],
							"lerp_mode": "catmullrom"
						},
						"0.6333": {
							"post": [-7.45021, -35.8417, -14.36851],
							"lerp_mode": "catmullrom"
						},
						"0.7667": {
							"post": [-8.37495, -35.58854, -13.64733],
							"lerp_mode": "catmullrom"
						},
						"0.9333": {
							"post": [-11.6875, -31.85937, -13.26562],
							"lerp_mode": "catmullrom"
						},
						"1.0667": {
							"post": [-13.92066, -26.58253, -10.25686],
							"lerp_mode": "catmullrom"
						},
						"1.2333": {
							"post": [-14.31263, -19.75891, -32.69547],
							"lerp_mode": "catmullrom"
						},
						"1.3667": {
							"post": [-12.33989, -16.81795, -43.16308],
							"lerp_mode": "catmullrom"
						},
						"1.4333": {
							"post": [-11.8295, -15.09853, -46.77665],
							"lerp_mode": "catmullrom"
						},
						"1.4667": {
							"post": [-10.65799, -14.58234, -50.83659],
							"lerp_mode": "catmullrom"
						},
						"1.5": {
							"post": [-11.5647, -16.8456, -52.2637],
							"lerp_mode": "catmullrom"
						},
						"1.5667": {
							"post": [-15.61268, -14.68626, -45.26658],
							"lerp_mode": "catmullrom"
						},
						"1.7": {
							"post": [-16.40164, -12.57009, -37.10056],
							"lerp_mode": "catmullrom"
						},
						"1.8667": {
							"post": [-16.0759, -13.89967, -30.42792],
							"lerp_mode": "catmullrom"
						},
						"2.0333": {
							"post": [-16.84402, -11.53518, -24.58502],
							"lerp_mode": "catmullrom"
						},
						"2.1667": {
							"post": [-18.02543, -7.78283, -23.22987],
							"lerp_mode": "catmullrom"
						},
						"2.3333": {
							"post": [-19.36603, -5.21405, -23.52631],
							"lerp_mode": "catmullrom"
						},
						"2.5": {
							"post": [-20.06021, -6.79481, -26.05176],
							"lerp_mode": "catmullrom"
						},
						"2.6333": {
							"post": [-19.98187, -6.30866, -27.15812],
							"lerp_mode": "catmullrom"
						},
						"2.8667": {
							"post": [-19.98168, -7.28928, -26.22772],
							"lerp_mode": "catmullrom"
						},
						"3.0667": {
							"post": [-20.06938, -7.2536, -25.17879],
							"lerp_mode": "catmullrom"
						},
						"3.2667": {
							"post": [-18.82022, -2.76512, -20.96124],
							"lerp_mode": "catmullrom"
						},
						"3.4667": {
							"post": [-20.24826, -6.81615, -23.53892],
							"lerp_mode": "catmullrom"
						},
						"3.8": {
							"post": [-20.14553, -6.755, -23.99344],
							"lerp_mode": "catmullrom"
						},
						"4.1333": {
							"post": [-18.31666, -6.9018, -26.12485],
							"lerp_mode": "catmullrom"
						},
						"4.4333": {
							"post": [-20.00958, -7.96114, -28.5979],
							"lerp_mode": "catmullrom"
						},
						"4.6667": {
							"post": [-17.96049, -7.3517, -26.82543],
							"lerp_mode": "catmullrom"
						},
						"4.7333": {
							"post": [-18.28453, -7.63471, -29.7384],
							"lerp_mode": "catmullrom"
						},
						"4.9": {
							"post": [-18.16663, -6.32812, -25.87004],
							"lerp_mode": "catmullrom"
						},
						"5.0333": {
							"post": [-19.09298, -10.96722, -30.23223],
							"lerp_mode": "catmullrom"
						},
						"5.2": {
							"post": [-17.73, -14.03, -39.71],
							"lerp_mode": "catmullrom"
						},
						"5.3333": {
							"post": [-14.79494, -17.33437, -51.70018],
							"lerp_mode": "catmullrom"
						},
						"5.4": {
							"post": [-14.79494, -17.33437, -51.70018],
							"lerp_mode": "catmullrom"
						},
						"5.4333": {
							"post": [-16.61154, -18.271, -50.93421],
							"lerp_mode": "catmullrom"
						},
						"5.4667": {
							"post": [-14.73681, -8.25671, -35.83609],
							"lerp_mode": "catmullrom"
						},
						"5.5333": {
							"post": [-13.03844, -13.49812, -54.08919],
							"lerp_mode": "catmullrom"
						},
						"5.6667": {
							"post": [-12.48769, -13.0555, -52.01455],
							"lerp_mode": "catmullrom"
						},
						"5.8333": {
							"post": [-15.5085, -9.24293, -22.10565],
							"lerp_mode": "catmullrom"
						},
						"5.9667": {
							"post": [-21.70709, 0.35895, 34.34809],
							"lerp_mode": "catmullrom"
						},
						"6.0667": {
							"post": [-26.50083, 10.08109, 61.68663],
							"lerp_mode": "catmullrom"
						},
						"6.1333": {
							"post": [-26.68475, 9.74535, 70.35058],
							"lerp_mode": "catmullrom"
						},
						"6.3": {
							"post": [-26.86111, 13.41409, 77.00845],
							"lerp_mode": "catmullrom"
						},
						"6.5": {
							"post": [-26.53494, 15.41946, 78.86407],
							"lerp_mode": "catmullrom"
						},
						"6.7333": {
							"post": [-26.68398, 13.3853, 77.82751],
							"lerp_mode": "catmullrom"
						},
						"6.8667": {
							"post": [-26.68475, 15.16723, 77.66308],
							"lerp_mode": "catmullrom"
						},
						"7.0": {
							"post": [-25.501, 17.3726, 86.86678],
							"lerp_mode": "catmullrom"
						},
						"7.1667": {
							"post": [-26.77431, 18.71481, 88.28513],
							"lerp_mode": "catmullrom"
						},
						"7.3667": {
							"post": [-26.77431, 16.44918, 85.19138],
							"lerp_mode": "catmullrom"
						},
						"7.5": {
							"post": [-21.78447, 11.73463, 69.40909],
							"lerp_mode": "catmullrom"
						},
						"7.6": {
							"post": [-11.05, 3.63, 45.22],
							"lerp_mode": "catmullrom"
						},
						"7.7": {
							"post": [-3.59335, -1.65178, 26.45486],
							"lerp_mode": "catmullrom"
						},
						"7.8": {
							"post": [-0.10941, -2.01069, 9.52531],
							"lerp_mode": "catmullrom"
						},
						"7.9": {
							"post": [0.05895, -1.06355, 3.86701],
							"lerp_mode": "catmullrom"
						},
						"8.0": {
							"post": [0, 0.08125, -0.775],
							"lerp_mode": "catmullrom"
						},
						"8.0667": {
							"post": [0, 0.04063, -0.2625],
							"lerp_mode": "catmullrom"
						},
						"8.1333": {
							"post": [0, 0, 0.25],
							"lerp_mode": "catmullrom"
						},
						"8.3": {
							"post": [0, 0, 0],
							"lerp_mode": "catmullrom"
						},
						"8.5667": {
							"post": [0, 0, 0],
							"lerp_mode": "catmullrom"
						}
					},
					"position": {
						"0.0": {
							"post": [0, 0, 0],
							"lerp_mode": "catmullrom"
						},
						"0.1333": {
							"post": [0.6175, -0.50001, -0.00667],
							"lerp_mode": "catmullrom"
						},
						"0.2667": {
							"post": [0.42688, 0.8475, -0.01],
							"lerp_mode": "catmullrom"
						},
						"0.4": {
							"post": [0.625, 2, 0],
							"lerp_mode": "catmullrom"
						},
						"0.5667": {
							"post": [0.625, 2.46875, 0],
							"lerp_mode": "catmullrom"
						},
						"0.8": {
							"post": [0.59438, 2.32875, -0.15],
							"lerp_mode": "catmullrom"
						},
						"0.9333": {
							"post": [0.40625, 2, 0],
							"lerp_mode": "catmullrom"
						},
						"1.0667": {
							"post": [-0.44, 0.67, 1.32],
							"lerp_mode": "catmullrom"
						},
						"1.1333": {
							"post": [-0.72273, 0.08591, 1.79922],
							"lerp_mode": "catmullrom"
						},
						"1.2333": {
							"post": [-1.14419, 0.77589, 1.69709],
							"lerp_mode": "catmullrom"
						},
						"1.3667": {
							"post": [-1.14419, 0.77589, 1.69709],
							"lerp_mode": "catmullrom"
						},
						"1.4333": {
							"post": [-1.1298, 0.5833, 1.98572],
							"lerp_mode": "catmullrom"
						},
						"1.4667": {
							"post": [-0.75018, 0.35601, 1.64244],
							"lerp_mode": "catmullrom"
						},
						"1.5": {
							"post": [-1.67875, 1.25739, 1.70648],
							"lerp_mode": "catmullrom"
						},
						"1.5667": {
							"post": [-2.1128, 0.98386, 2.40482],
							"lerp_mode": "catmullrom"
						},
						"1.7333": {
							"post": [-1.38889, 0.53899, 2.24443],
							"lerp_mode": "catmullrom"
						},
						"2.1667": {
							"post": [-1.1878, 0.55412, 2.193],
							"lerp_mode": "catmullrom"
						},
						"2.3333": {
							"post": [-1.1148, 0.87561, 2.24626],
							"lerp_mode": "catmullrom"
						},
						"2.5": {
							"post": [-1.18657, 0.98455, 2.31776],
							"lerp_mode": "catmullrom"
						},
						"2.8667": {
							"post": [-1.2167, 1.00376, 2.30629],
							"lerp_mode": "catmullrom"
						},
						"3.0667": {
							"post": [-1.10798, 0.75475, 2.23001],
							"lerp_mode": "catmullrom"
						},
						"3.2667": {
							"post": [-0.89542, 0.35194, 2.06512],
							"lerp_mode": "catmullrom"
						},
						"3.4667": {
							"post": [-0.96621, 0.56823, 2.29289],
							"lerp_mode": "catmullrom"
						},
						"3.8": {
							"post": [-1.05902, 0.69865, 2.3991],
							"lerp_mode": "catmullrom"
						},
						"4.1333": {
							"post": [0.69599, -2.41949, 2.33473],
							"lerp_mode": "catmullrom"
						},
						"4.4333": {
							"post": [-1.31339, 0.63892, 2.37907],
							"lerp_mode": "catmullrom"
						},
						"4.6667": {
							"post": [-1.27451, 0.64597, 2.36956],
							"lerp_mode": "catmullrom"
						},
						"4.7333": {
							"post": [-1.0945, 0.37689, 2.26318],
							"lerp_mode": "catmullrom"
						},
						"4.9333": {
							"post": [-1.0661, 0.74777, 2.39969],
							"lerp_mode": "catmullrom"
						},
						"5.0333": {
							"post": [-1.13688, 0.48438, 2.42188],
							"lerp_mode": "catmullrom"
						},
						"5.2": {
							"post": [-1.14, 0.03, 3.05],
							"lerp_mode": "catmullrom"
						},
						"5.2667": {
							"post": [-1.15171, -0.29339, 3.22032],
							"lerp_mode": "catmullrom"
						},
						"5.3333": {
							"post": [-1.14, -0.145, 3.31063],
							"lerp_mode": "catmullrom"
						},
						"5.4": {
							"post": [-1.14, -0.145, 3.31063],
							"lerp_mode": "catmullrom"
						},
						"5.4333": {
							"post": [-1.14, -0.145, 3.31063],
							"lerp_mode": "catmullrom"
						},
						"5.4667": {
							"post": [-0.40146, -0.03175, 3.20921],
							"lerp_mode": "catmullrom"
						},
						"5.5667": {
							"post": [-1.27024, -0.24261, 3.62659],
							"lerp_mode": "catmullrom"
						},
						"5.8333": {
							"post": [-0.58578, -1.19566, 3.04609],
							"lerp_mode": "catmullrom"
						},
						"5.9333": {
							"post": [-0.57664, -1.28495, 3.24032],
							"lerp_mode": "catmullrom"
						},
						"6.0333": {
							"post": [-0.66625, -1.13232, 3.32713],
							"lerp_mode": "catmullrom"
						},
						"6.1333": {
							"post": [-0.45342, -0.47422, 3.38158],
							"lerp_mode": "catmullrom"
						},
						"6.3": {
							"post": [-0.45464, 0.32153, 3.37348],
							"lerp_mode": "catmullrom"
						},
						"6.6667": {
							"post": [-0.60365, 0.17029, 3.2827],
							"lerp_mode": "catmullrom"
						},
						"6.8667": {
							"post": [-0.62, 0.105, 3.31],
							"lerp_mode": "catmullrom"
						},
						"7.0": {
							"post": [-0.62, 0.09063, 3.31],
							"lerp_mode": "catmullrom"
						},
						"7.2667": {
							"post": [-0.64, 0.17, 3.11],
							"lerp_mode": "catmullrom"
						},
						"7.4333": {
							"post": [-0.25371, -0.1593, 2.98119],
							"lerp_mode": "catmullrom"
						},
						"7.6": {
							"post": [1.10563, -2.35816, -0.29641],
							"lerp_mode": "catmullrom"
						},
						"7.7": {
							"post": [0.51795, -3.41734, -2.21408],
							"lerp_mode": "catmullrom"
						},
						"7.8333": {
							"post": [0.79467, -0.38283, 0.74457],
							"lerp_mode": "catmullrom"
						},
						"7.9333": {
							"post": [0.14063, -0.125, -0.30625],
							"lerp_mode": "catmullrom"
						},
						"8.0667": {
							"post": [0, 0, 0.15],
							"lerp_mode": "catmullrom"
						},
						"8.1667": {
							"post": [0, 0, 0],
							"lerp_mode": "catmullrom"
						},
						"8.5667": {
							"post": [0, 0, 0],
							"lerp_mode": "catmullrom"
						}
					}
				},
				"mag_and_bullet": {
					"rotation": {
						"3.8": [0, 0, 0],
						"4.0": [20, 0, 0],
						"4.1": {
							"pre": [55, 0, 0],
							"post": [55, 0, 0],
							"lerp_mode": "catmullrom"
						},
						"4.3": {
							"post": [55, 0, 0],
							"lerp_mode": "catmullrom"
						},
						"4.3333": {
							"post": [55, 0, 0],
							"lerp_mode": "catmullrom"
						},
						"4.4": {
							"post": [-45, 0, 0],
							"lerp_mode": "catmullrom"
						},
						"4.4667": {
							"post": [-192.5, 0, 0],
							"lerp_mode": "catmullrom"
						},
						"4.6": {
							"post": [-325, 0, 0],
							"lerp_mode": "catmullrom"
						},
						"4.6667": [-342.5, 0, 0],
						"4.7": {
							"pre": [-342.5, 0, 0],
							"post": [0, 0, 0]
						},
						"4.7667": [0, 0, 4.75],
						"4.9": [0, 0, 0]
					},
					"position": {
						"3.8": [0, 0, 0],
						"4.0": [0, 0.85938, 0],
						"4.1": {
							"pre": [0.03125, 1.68871, -3.35356],
							"post": [0.03125, 1.68871, -3.35356],
							"lerp_mode": "catmullrom"
						},
						"4.3": {
							"post": [0.03125, 1.68871, -3.35356],
							"lerp_mode": "catmullrom"
						},
						"4.3333": {
							"post": [0.03125, 3.20949, -5.12535],
							"lerp_mode": "catmullrom"
						},
						"4.4": {
							"post": [0.4675, 8.7243, 0.3168],
							"lerp_mode": "catmullrom"
						},
						"4.4667": {
							"post": [0.47, 10.7425, 1.895],
							"lerp_mode": "catmullrom"
						},
						"4.5333": {
							"post": [0.47, 10.30283, -1.03517],
							"lerp_mode": "catmullrom"
						},
						"4.6": {
							"post": [0.47, 9.59938, 2.32188],
							"lerp_mode": "catmullrom"
						},
						"4.6667": [0.47, 6.64688, 2.32],
						"4.7": [0, -0.59375, 0],
						"4.7667": [0, 0, 0]
					}
				},
				"right": {
					"rotation": {
						"1.2667": {
							"pre": [0, 0, 0],
							"post": [0, 0, 0],
							"lerp_mode": "catmullrom"
						},
						"1.5": {
							"post": [0, 0, -4.75],
							"lerp_mode": "catmullrom"
						},
						"2.1333": {
							"post": [-0.98547, 3.15753, -3.88574],
							"lerp_mode": "catmullrom"
						},
						"2.5667": {
							"post": [0.64875, 3.27176, -3.68199],
							"lerp_mode": "catmullrom"
						},
						"2.8667": {
							"post": [0.99426, 3.81158, -4.75682],
							"lerp_mode": "catmullrom"
						},
						"3.3667": {
							"post": [0.61609, 6.66693, -4.24581],
							"lerp_mode": "catmullrom"
						},
						"3.7333": {
							"post": [0.51898, 5.55183, -5.25047],
							"lerp_mode": "catmullrom"
						},
						"4.0667": {
							"post": [-0.31607, 12.4978, -3.44822],
							"lerp_mode": "catmullrom"
						},
						"4.3": {
							"post": [-0.48049, 12.48911, -4.70896],
							"lerp_mode": "catmullrom"
						},
						"4.4": {
							"post": [-1.74304, 12.46775, -6.726],
							"lerp_mode": "catmullrom"
						},
						"4.5667": {
							"post": [-2.3946, 12.49973, -5.97025],
							"lerp_mode": "catmullrom"
						},
						"4.7": {
							"post": [-1.14642, 12.64017, -2.18992],
							"lerp_mode": "catmullrom"
						},
						"5.0667": {
							"post": [-1, 0, -2.25],
							"lerp_mode": "catmullrom"
						},
						"5.3": {
							"post": [0, 0, 0],
							"lerp_mode": "catmullrom"
						}
					},
					"position": {
						"1.2667": {
							"pre": [0, 0, 0],
							"post": [0, 0, 0],
							"lerp_mode": "catmullrom"
						},
						"1.5": {
							"post": [-0.00518, 0.06229, 0.26563],
							"lerp_mode": "catmullrom"
						},
						"2.2667": {
							"post": [-0.00777, 0.01318, 0.2698],
							"lerp_mode": "catmullrom"
						},
						"2.7667": {
							"post": [-0.1888, -0.16332, 0.36376],
							"lerp_mode": "catmullrom"
						},
						"3.1333": {
							"post": [-0.32129, -0.27187, 0.27123],
							"lerp_mode": "catmullrom"
						},
						"3.3667": {
							"post": [-0.32348, -0.27711, 0.37443],
							"lerp_mode": "catmullrom"
						},
						"3.7333": {
							"post": [-0.32352, -0.23326, 0.3695],
							"lerp_mode": "catmullrom"
						},
						"4.0667": {
							"post": [-1.07651, -0.68119, 0.67298],
							"lerp_mode": "catmullrom"
						},
						"4.3": {
							"post": [-1.07802, -0.80498, 0.71619],
							"lerp_mode": "catmullrom"
						},
						"4.4": {
							"post": [-1.04811, 0.15204, 0.70597],
							"lerp_mode": "catmullrom"
						},
						"4.5667": {
							"post": [-1.13851, 0.42473, 0.75046],
							"lerp_mode": "catmullrom"
						},
						"4.8": {
							"post": [-1.04501, -0.61811, 0.59908],
							"lerp_mode": "catmullrom"
						},
						"5.0667": {
							"post": [0, 0, 0],
							"lerp_mode": "catmullrom"
						}
					}
				},
				"camera": {
					"rotation": {
						"0.0": {
							"post": [0, 0, 0],
							"lerp_mode": "catmullrom"
						},
						"0.1333": {
							"post": [0.74989, -0.01309, 0.99991],
							"lerp_mode": "catmullrom"
						},
						"0.3667": {
							"post": [0.49989, -0.01309, 0.99991],
							"lerp_mode": "catmullrom"
						},
						"0.7": {
							"post": [0.00017, -0.01309, -0.25009],
							"lerp_mode": "catmullrom"
						},
						"1.0": {
							"post": [0.75017, -0.01309, -0.25009],
							"lerp_mode": "catmullrom"
						},
						"1.2667": {
							"post": [0, 0, 0],
							"lerp_mode": "catmullrom"
						},
						"1.3667": {
							"post": [0, 0, 0],
							"lerp_mode": "catmullrom"
						},
						"1.4333": {
							"post": [0.25, 0, 1.5],
							"lerp_mode": "catmullrom"
						},
						"1.4667": {
							"post": [-0.74942, -0.02944, -0.74981],
							"lerp_mode": "catmullrom"
						},
						"1.5333": {
							"post": [0, 0, 0],
							"lerp_mode": "catmullrom"
						},
						"1.6333": {
							"post": [0.00058, -0.77944, -0.74982],
							"lerp_mode": "catmullrom"
						},
						"1.8333": {
							"post": [0.73069, -1.53908, -0.00944],
							"lerp_mode": "catmullrom"
						},
						"2.0667": {
							"post": [1.48739, -1.5326, -0.25944],
							"lerp_mode": "catmullrom"
						},
						"2.3333": {
							"post": [1.73786, -2.03237, -0.27461],
							"lerp_mode": "catmullrom"
						},
						"2.5333": {
							"post": [0.79083, -2.01236, -1.77541],
							"lerp_mode": "catmullrom"
						},
						"2.8": {
							"post": [0.96119, -2.04186, 0.4758],
							"lerp_mode": "catmullrom"
						},
						"3.0": {
							"post": [1.51414, -2.00291, -1.02463],
							"lerp_mode": "catmullrom"
						},
						"3.2667": {
							"post": [2.76564, -2.75204, -1.06084],
							"lerp_mode": "catmullrom"
						},
						"3.4333": {
							"post": [2.84836, -2.66633, -2.81069],
							"lerp_mode": "catmullrom"
						},
						"3.7333": {
							"post": [2.34836, -2.66633, -2.81069],
							"lerp_mode": "catmullrom"
						},
						"4.0333": {
							"post": [4.26508, -2.79776, -1.06365],
							"lerp_mode": "catmullrom"
						},
						"4.3": {
							"post": [4.51508, -2.79776, -1.06365],
							"lerp_mode": "catmullrom"
						},
						"4.4": {
							"post": [-1.9234, -2.84038, -2.31443],
							"lerp_mode": "catmullrom"
						},
						"4.6": {
							"post": [-0.9234, -2.84038, -2.31443],
							"lerp_mode": "catmullrom"
						},
						"4.7": {
							"post": [1.9507, -2.92824, 0.18719],
							"lerp_mode": "catmullrom"
						},
						"4.7667": {
							"post": [2.00152, -2.89376, -0.8135],
							"lerp_mode": "catmullrom"
						},
						"4.9": {
							"post": [1.21351, -2.90989, -0.06272],
							"lerp_mode": "catmullrom"
						},
						"5.1333": {
							"post": [-0.9234, -2.84038, -2.31443],
							"lerp_mode": "catmullrom"
						},
						"5.3333": {
							"post": [-0.26313, -0.22753, -0.96609],
							"lerp_mode": "catmullrom"
						},
						"5.3667": {
							"post": [-0.25708, -0.23434, -2.46609],
							"lerp_mode": "catmullrom"
						},
						"5.4": {
							"post": [-0.26313, -0.22753, -0.96609],
							"lerp_mode": "catmullrom"
						},
						"5.4667": {
							"post": [-0.2581, -0.23321, -2.21609],
							"lerp_mode": "catmullrom"
						},
						"5.5": {
							"post": [-0.24137, -0.71987, 1.53525],
							"lerp_mode": "catmullrom"
						},
						"5.5333": {
							"post": [-0.26213, -0.22867, -1.21609],
							"lerp_mode": "catmullrom"
						},
						"5.6": {
							"post": [-0.26706, -0.2229, 0.03391],
							"lerp_mode": "catmullrom"
						},
						"5.8333": {
							"post": [0.9253, -0.20643, -1.24931],
							"lerp_mode": "catmullrom"
						},
						"6.0333": {
							"post": [2.31735, -0.21096, -1.29304],
							"lerp_mode": "catmullrom"
						},
						"6.1667": {
							"post": [1.91068, -0.23971, -0.52766],
							"lerp_mode": "catmullrom"
						},
						"6.4": {
							"post": [1.96596, -0.2456, -0.55502],
							"lerp_mode": "catmullrom"
						},
						"6.8333": {
							"post": [1.96596, -0.2456, -0.55502],
							"lerp_mode": "catmullrom"
						},
						"7.0333": {
							"post": [3.46115, -0.30602, 0.44317],
							"lerp_mode": "catmullrom"
						},
						"7.2667": {
							"post": [3.46115, -0.30602, 0.44317],
							"lerp_mode": "catmullrom"
						},
						"7.4333": {
							"post": [0.99593, -0.22896, -0.21609],
							"lerp_mode": "catmullrom"
						},
						"7.5667": {
							"post": [-0.24465, -0.19264, -0.27986],
							"lerp_mode": "catmullrom"
						},
						"7.7": {
							"post": [-0.225, 0, 0.125],
							"lerp_mode": "catmullrom"
						},
						"7.8": {
							"post": [-0.35, 0, 0.2],
							"lerp_mode": "catmullrom"
						},
						"7.8667": {
							"post": [0.25, 0, -0.25],
							"lerp_mode": "catmullrom"
						},
						"7.9667": {
							"post": [-0.075, 0, 0.075],
							"lerp_mode": "catmullrom"
						},
						"8.0667": {
							"post": [0, 0, 0],
							"lerp_mode": "catmullrom"
						}
					}
				},
				"additonal_magazine": {
					"rotation": {
						"1.3333": [0, 0, 0],
						"5.9667": [0, 0, 0]
					},
					"position": {
						"1.3333": [0, 0, 0],
						"5.9667": [0, 0, 0]
					},
					"scale": {
						"1.3333": [1, 1, 1],
						"1.3667": [1, 1, 1],
						"1.4": {
							"pre": [1, 1, 1],
							"post": [0, 0, 0]
						},
						"5.9": [0, 0, 0],
						"5.9333": {
							"pre": [0, 0, 0],
							"post": [1, 1, 1]
						},
						"5.9667": [1, 1, 1]
					}
				},
				"left": {
					"rotation": {
						"1.4": [0, 0, 0],
						"1.4667": [-12, 0, 0],
						"1.5": {
							"pre": [-33.5, 0, 0],
							"post": [-33.5, 0, 0],
							"lerp_mode": "catmullrom"
						},
						"1.6333": {
							"post": [-8.17833, -3.56052, -6.39846],
							"lerp_mode": "catmullrom"
						},
						"1.8": {
							"post": [2.6828, -31.88831, -44.52983],
							"lerp_mode": "catmullrom"
						},
						"1.9667": {
							"post": [-12.63796, -45.14142, -39.23586],
							"lerp_mode": "catmullrom"
						},
						"2.1": {
							"post": [-13.63796, -45.14142, -39.23586],
							"lerp_mode": "catmullrom"
						},
						"2.2667": {
							"post": [-20.64028, -41.8245, -21.87155],
							"lerp_mode": "catmullrom"
						},
						"2.4667": {
							"post": [2.93491, -22.96231, 21.87928],
							"lerp_mode": "catmullrom"
						},
						"2.6333": {
							"post": [27.49512, 47.29447, 67.04905],
							"lerp_mode": "catmullrom"
						},
						"3.0333": {
							"post": [31.46265, 45.59101, 71.4874],
							"lerp_mode": "catmullrom"
						},
						"3.1333": {
							"post": [18.56111, 37.81677, 54.18554],
							"lerp_mode": "catmullrom"
						},
						"3.3333": {
							"post": [-35.9313, 2.09068, -2.57776],
							"lerp_mode": "catmullrom"
						},
						"3.5667": {
							"post": [-42.82382, 1.48334, -14.98126],
							"lerp_mode": "catmullrom"
						},
						"3.8": {
							"post": [-35.9313, 2.09068, -6.53088],
							"lerp_mode": "catmullrom"
						},
						"3.9667": {
							"post": [-12.09846, 9.98029, 13.54154],
							"lerp_mode": "catmullrom"
						},
						"4.1": {
							"post": [20.66523, 16.04257, 16.46964],
							"lerp_mode": "catmullrom"
						},
						"4.2": {
							"post": [28.27959, 9.58312, 9.93785],
							"lerp_mode": "catmullrom"
						},
						"4.3333": {
							"post": [29.54143, 3.5213, 20.94709],
							"lerp_mode": "catmullrom"
						},
						"4.4": {
							"post": [29.63342, 2.53372, 22.68871],
							"lerp_mode": "catmullrom"
						},
						"4.6": {
							"post": [30.15778, 3.85097, 28.93139],
							"lerp_mode": "catmullrom"
						},
						"4.7": {
							"post": [28.32873, 11.4593, 15.29461],
							"lerp_mode": "catmullrom"
						},
						"4.7333": {
							"post": [26.83691, 17.47524, 10.09465],
							"lerp_mode": "catmullrom"
						},
						"4.7667": {
							"post": [22.59735, 11.88299, 10.63067],
							"lerp_mode": "catmullrom"
						},
						"4.8667": {
							"post": [21.31083, 14.12807, 4.91951],
							"lerp_mode": "catmullrom"
						},
						"5.0": {
							"post": [21.48482, 13.85444, 5.63916],
							"lerp_mode": "catmullrom"
						},
						"5.1333": {
							"post": [17.03503, -2.74774, -13.73047],
							"lerp_mode": "catmullrom"
						},
						"5.2333": [-28.65798, -2.4026, -4.38621],
						"5.3": [-28.65798, -2.4026, -4.38621],
						"5.3667": [-30.40798, -2.4026, -4.38621],
						"5.4333": [-30.40798, -2.4026, -4.38621],
						"5.4667": [0, 0, 0]
					},
					"position": {
						"1.4": [0, 0, 0],
						"1.4667": [0, -0.4375, -0.4375],
						"1.5333": {
							"pre": [0, -3.28375, -1.08062],
							"post": [0, -3.28375, -1.08062],
							"lerp_mode": "catmullrom"
						},
						"1.6333": {
							"post": [2.42188, -5.13937, -1.09812],
							"lerp_mode": "catmullrom"
						},
						"1.8": {
							"post": [4.4375, -5.07687, -1.09812],
							"lerp_mode": "catmullrom"
						},
						"1.9333": {
							"post": [5.2025, -3.52062, -0.5],
							"lerp_mode": "catmullrom"
						},
						"2.1": {
							"post": [5.27813, -2.54813, -0.5],
							"lerp_mode": "catmullrom"
						},
						"2.2667": {
							"post": [4.2175, -3.14375, -0.5],
							"lerp_mode": "catmullrom"
						},
						"2.4667": {
							"post": [7.57688, -2.31687, -0.5],
							"lerp_mode": "catmullrom"
						},
						"2.6333": {
							"post": [9.68188, -2.25, -1.3125],
							"lerp_mode": "catmullrom"
						},
						"2.8": {
							"post": [9.80688, -2.25, -1.3125],
							"lerp_mode": "catmullrom"
						},
						"3.0333": {
							"post": [9.84125, -2.25, -1.31],
							"lerp_mode": "catmullrom"
						},
						"3.1333": {
							"post": [9.48063, -2.625, -1.31],
							"lerp_mode": "catmullrom"
						},
						"3.3333": {
							"post": [7.49563, -2.29187, 1.54938],
							"lerp_mode": "catmullrom"
						},
						"3.5667": {
							"post": [7.5, -2.29, 1.64375],
							"lerp_mode": "catmullrom"
						},
						"3.8": {
							"post": [7.49563, -2.29187, 1.54938],
							"lerp_mode": "catmullrom"
						},
						"3.9667": {
							"post": [7, -2.415, 1.78063],
							"lerp_mode": "catmullrom"
						},
						"4.2": {
							"post": [6.375, -6.77375, 1.78],
							"lerp_mode": "catmullrom"
						},
						"4.3": {
							"post": [6.375, -8.38312, 1.78],
							"lerp_mode": "catmullrom"
						},
						"4.3333": {
							"post": [7.19, -2.89437, 1.32688],
							"lerp_mode": "catmullrom"
						},
						"4.3667": {
							"post": [8.0025, -2.4525, -1.7325],
							"lerp_mode": "catmullrom"
						},
						"4.4667": {
							"post": [8.89063, -3.15312, -5.0425],
							"lerp_mode": "catmullrom"
						},
						"4.6": {
							"post": [8.62375, -2.265, -4.30937],
							"lerp_mode": "catmullrom"
						},
						"4.7": {
							"post": [6.0875, -4.33562, -3.75],
							"lerp_mode": "catmullrom"
						},
						"4.7333": {
							"post": [4.79063, -5.30437, -3.75],
							"lerp_mode": "catmullrom"
						},
						"4.7667": {
							"post": [4.74313, -7.175, -3.75],
							"lerp_mode": "catmullrom"
						},
						"4.8667": {
							"post": [5.00563, -10.795, -3.75],
							"lerp_mode": "catmullrom"
						},
						"5.0": {
							"post": [4.91625, -7.91687, -3.75],
							"lerp_mode": "catmullrom"
						},
						"5.1333": {
							"post": [1.41225, -4.49462, -3.83839],
							"lerp_mode": "catmullrom"
						},
						"5.2333": [0.12937, -1.09352, -1.08112],
						"5.3": [0, -0.4375, -0.4375],
						"5.3667": [0, -0.4375, -0.4375],
						"5.4333": [0, -0.4375, -0.4375],
						"5.4667": [0, 0, 0]
					}
				}
			},
			"sound_effects": {
				"0.0": {
					"effect": "pgp:nekom/nekom_grab1"
				},
				"1.3667": {
					"effect": "pgp:ak117/ak117_mag_out"
				},
				"1.9667": {
					"effect": "pgp:all/equip2"
				},
				"4.1667": {
					"effect": "tacz:aa12/aa12_draw"
				},
				"4.2333": {
					"effect": "pgp:all/grab3"
				},
				"5.2667": {
					"effect": "pgp:ak117/ak117_mag_in"
				},
				"7.5667": {
					"effect": "tacz:aa12/aa12_draw"
				}
			}
		},
		"inspect_empty": {
			"loop": "hold_on_last_frame",
			"animation_length": 8.5667,
			"bones": {
				"constraint": {
					"rotation": [0.1, 0.2, 0.2],
					"position": [0.1, 0.2, 0.3]
				},
				"lefthand": {
					"rotation": {
						"0.0": [89.89636, -20.08481, -138.05352],
						"0.1667": [82.56139, -37.72154, -106.91447],
						"0.6667": [82.56139, -37.72154, -106.91447],
						"0.8667": [82.56139, -37.72154, -106.91447],
						"1.1333": [106.80882, -31.94169, -149.85092],
						"1.2": [126.75243, -17.17239, -163.34129],
						"1.2333": [126.75243, -17.17239, -163.34129],
						"4.0": [126.75243, -17.17239, -163.34129],
						"4.3": {
							"pre": [104.89625, -17.6968, -161.31831],
							"post": [104.89625, -17.6968, -161.31831],
							"lerp_mode": "catmullrom"
						},
						"4.3667": {
							"post": [120.89625, -17.6968, -161.31831],
							"lerp_mode": "catmullrom"
						},
						"4.4667": {
							"post": [137.88299, -7.98385, -169.6722],
							"lerp_mode": "catmullrom"
						},
						"4.6": {
							"post": [126.75243, -17.17239, -163.34129],
							"lerp_mode": "catmullrom"
						},
						"4.7": {
							"post": [130.09511, -10.13541, -180.60675],
							"lerp_mode": "catmullrom"
						},
						"4.8": {
							"post": [130.01133, -9.56133, -180.11691],
							"lerp_mode": "catmullrom"
						},
						"4.9": {
							"post": [107.51133, -9.56133, -180.11691],
							"lerp_mode": "catmullrom"
						},
						"5.3667": {
							"post": [107.51133, -9.56133, -180.11691],
							"lerp_mode": "catmullrom"
						},
						"5.6333": {
							"post": [107.51133, -9.56133, -180.11691],
							"lerp_mode": "catmullrom"
						},
						"5.8333": {
							"post": [100.46879, -22.52338, -166.48467],
							"lerp_mode": "catmullrom"
						},
						"5.9667": [88.61325, -20.65264, -148.70522],
						"6.1": [57.39636, -20.08481, -138.05352],
						"7.4667": [57.39636, -20.08481, -138.05352],
						"7.6": [88.61325, -20.65264, -148.70522],
						"7.7": [89.89636, -20.08481, -138.05352]
					},
					"position": {
						"0.0": [-2.63625, -8.15, -15.2],
						"0.8667": [-2.63625, -8.15, -15.2],
						"1.0": [-0.76125, -10.91562, -15.74687],
						"1.1333": [-0.92966, -12.16337, -7.19483],
						"1.2": [-3.08875, -12.18187, -7.65],
						"1.2333": [-3.08875, -12.18187, -7.65],
						"4.0": [-3.08875, -12.18187, -7.65],
						"4.6": {
							"pre": [-1.90125, -13.18187, -7.65],
							"post": [-1.90125, -13.18187, -7.65],
							"lerp_mode": "catmullrom"
						},
						"4.7": {
							"post": [-4.12, -14.08812, -8.38437],
							"lerp_mode": "catmullrom"
						},
						"4.9": {
							"post": [-4.12, -14.08812, -8.38437],
							"lerp_mode": "catmullrom"
						},
						"5.3667": {
							"post": [-4.12, -14.08812, -8.38437],
							"lerp_mode": "catmullrom"
						},
						"5.6333": {
							"post": [-4.12, -14.08812, -8.38437],
							"lerp_mode": "catmullrom"
						},
						"5.8": [-1.72827, -13.46735, -12.42343],
						"5.9333": [-2.63625, -8.15, -15.2],
						"6.1": [-2.9525, -8.15, -15.2],
						"7.4667": [-2.9525, -8.15, -15.2],
						"7.6": [-2.63625, -8.15, -15.2],
						"7.7": [-2.63625, -8.15, -15.2]
					},
					"scale": [1, 1.5, 1]
				},
				"righthand": {
					"rotation": [89.49625, 6.99973, -180.06139],
					"position": [3.9, -9.575, 0.775],
					"scale": [1, 1.5, 1]
				},
				"root": {
					"rotation": {
						"0.0": {
							"post": [0, 0, 0],
							"lerp_mode": "catmullrom"
						},
						"0.1333": {
							"post": [-1.21335, -7.65101, -4.23835],
							"lerp_mode": "catmullrom"
						},
						"0.3": {
							"post": [-5.26982, -22.80547, -10.52064],
							"lerp_mode": "catmullrom"
						},
						"0.4": {
							"post": [-6.42187, -29.39062, -15],
							"lerp_mode": "catmullrom"
						},
						"0.5333": {
							"post": [-6.51681, -33.50153, -14.78792],
							"lerp_mode": "catmullrom"
						},
						"0.6333": {
							"post": [-7.45021, -35.8417, -14.36851],
							"lerp_mode": "catmullrom"
						},
						"0.7667": {
							"post": [-8.37495, -35.58854, -13.64733],
							"lerp_mode": "catmullrom"
						},
						"0.9333": {
							"post": [-11.6875, -31.85937, -13.26562],
							"lerp_mode": "catmullrom"
						},
						"1.0667": {
							"post": [-13.92066, -26.58253, -10.25686],
							"lerp_mode": "catmullrom"
						},
						"1.2333": {
							"post": [-14.31263, -19.75891, -32.69547],
							"lerp_mode": "catmullrom"
						},
						"1.3667": {
							"post": [-12.33989, -16.81795, -43.16308],
							"lerp_mode": "catmullrom"
						},
						"1.4333": {
							"post": [-11.8295, -15.09853, -46.77665],
							"lerp_mode": "catmullrom"
						},
						"1.4667": {
							"post": [-10.65799, -14.58234, -50.83659],
							"lerp_mode": "catmullrom"
						},
						"1.5": {
							"post": [-11.5647, -16.8456, -52.2637],
							"lerp_mode": "catmullrom"
						},
						"1.5667": {
							"post": [-15.61268, -14.68626, -45.26658],
							"lerp_mode": "catmullrom"
						},
						"1.7": {
							"post": [-16.40164, -12.57009, -37.10056],
							"lerp_mode": "catmullrom"
						},
						"1.8667": {
							"post": [-16.0759, -13.89967, -30.42792],
							"lerp_mode": "catmullrom"
						},
						"2.0333": {
							"post": [-16.84402, -11.53518, -24.58502],
							"lerp_mode": "catmullrom"
						},
						"2.1667": {
							"post": [-18.02543, -7.78283, -23.22987],
							"lerp_mode": "catmullrom"
						},
						"2.3333": {
							"post": [-19.36603, -5.21405, -23.52631],
							"lerp_mode": "catmullrom"
						},
						"2.5": {
							"post": [-20.06021, -6.79481, -26.05176],
							"lerp_mode": "catmullrom"
						},
						"2.6333": {
							"post": [-19.98187, -6.30866, -27.15812],
							"lerp_mode": "catmullrom"
						},
						"2.8667": {
							"post": [-19.98168, -7.28928, -26.22772],
							"lerp_mode": "catmullrom"
						},
						"3.0667": {
							"post": [-20.06938, -7.2536, -25.17879],
							"lerp_mode": "catmullrom"
						},
						"3.2667": {
							"post": [-18.82022, -2.76512, -20.96124],
							"lerp_mode": "catmullrom"
						},
						"3.4667": {
							"post": [-20.24826, -6.81615, -23.53892],
							"lerp_mode": "catmullrom"
						},
						"3.8": {
							"post": [-20.14553, -6.755, -23.99344],
							"lerp_mode": "catmullrom"
						},
						"4.1333": {
							"post": [-18.31666, -6.9018, -26.12485],
							"lerp_mode": "catmullrom"
						},
						"4.4333": {
							"post": [-20.00958, -7.96114, -28.5979],
							"lerp_mode": "catmullrom"
						},
						"4.6667": {
							"post": [-17.96049, -7.3517, -26.82543],
							"lerp_mode": "catmullrom"
						},
						"4.7333": {
							"post": [-18.28453, -7.63471, -29.7384],
							"lerp_mode": "catmullrom"
						},
						"4.9": {
							"post": [-18.16663, -6.32812, -25.87004],
							"lerp_mode": "catmullrom"
						},
						"5.0333": {
							"post": [-19.09298, -10.96722, -30.23223],
							"lerp_mode": "catmullrom"
						},
						"5.2": {
							"post": [-17.73, -14.03, -39.71],
							"lerp_mode": "catmullrom"
						},
						"5.3333": {
							"post": [-14.79494, -17.33437, -51.70018],
							"lerp_mode": "catmullrom"
						},
						"5.4": {
							"post": [-14.79494, -17.33437, -51.70018],
							"lerp_mode": "catmullrom"
						},
						"5.4333": {
							"post": [-16.61154, -18.271, -50.93421],
							"lerp_mode": "catmullrom"
						},
						"5.4667": {
							"post": [-14.73681, -8.25671, -35.83609],
							"lerp_mode": "catmullrom"
						},
						"5.5333": {
							"post": [-13.03844, -13.49812, -54.08919],
							"lerp_mode": "catmullrom"
						},
						"5.6667": {
							"post": [-12.48769, -13.0555, -52.01455],
							"lerp_mode": "catmullrom"
						},
						"5.8333": {
							"post": [-15.5085, -9.24293, -22.10565],
							"lerp_mode": "catmullrom"
						},
						"5.9667": {
							"post": [-21.70709, 0.35895, 34.34809],
							"lerp_mode": "catmullrom"
						},
						"6.0667": {
							"post": [-26.50083, 10.08109, 61.68663],
							"lerp_mode": "catmullrom"
						},
						"6.1333": {
							"post": [-26.68475, 9.74535, 70.35058],
							"lerp_mode": "catmullrom"
						},
						"6.3": {
							"post": [-26.86111, 13.41409, 77.00845],
							"lerp_mode": "catmullrom"
						},
						"6.5": {
							"post": [-26.53494, 15.41946, 78.86407],
							"lerp_mode": "catmullrom"
						},
						"6.7333": {
							"post": [-26.68398, 13.3853, 77.82751],
							"lerp_mode": "catmullrom"
						},
						"6.8667": {
							"post": [-26.68475, 15.16723, 77.66308],
							"lerp_mode": "catmullrom"
						},
						"7.0": {
							"post": [-25.501, 17.3726, 86.86678],
							"lerp_mode": "catmullrom"
						},
						"7.1667": {
							"post": [-26.77431, 18.71481, 88.28513],
							"lerp_mode": "catmullrom"
						},
						"7.3667": {
							"post": [-26.77431, 16.44918, 85.19138],
							"lerp_mode": "catmullrom"
						},
						"7.5": {
							"post": [-21.78447, 11.73463, 69.40909],
							"lerp_mode": "catmullrom"
						},
						"7.6": {
							"post": [-11.05, 3.63, 45.22],
							"lerp_mode": "catmullrom"
						},
						"7.7": {
							"post": [-3.59335, -1.65178, 26.45486],
							"lerp_mode": "catmullrom"
						},
						"7.8": {
							"post": [-0.10941, -2.01069, 9.52531],
							"lerp_mode": "catmullrom"
						},
						"7.9": {
							"post": [0.05895, -1.06355, 3.86701],
							"lerp_mode": "catmullrom"
						},
						"8.0": {
							"post": [0, 0.08125, -0.775],
							"lerp_mode": "catmullrom"
						},
						"8.0667": {
							"post": [0, 0.04063, -0.2625],
							"lerp_mode": "catmullrom"
						},
						"8.1333": {
							"post": [0, 0, 0.25],
							"lerp_mode": "catmullrom"
						},
						"8.3": {
							"post": [0, 0, 0],
							"lerp_mode": "catmullrom"
						},
						"8.5667": {
							"post": [0, 0, 0],
							"lerp_mode": "catmullrom"
						}
					},
					"position": {
						"0.0": {
							"post": [0, 0, 0],
							"lerp_mode": "catmullrom"
						},
						"0.1333": {
							"post": [0.6175, -0.50001, -0.00667],
							"lerp_mode": "catmullrom"
						},
						"0.2667": {
							"post": [0.42688, 0.8475, -0.01],
							"lerp_mode": "catmullrom"
						},
						"0.4": {
							"post": [0.625, 2, 0],
							"lerp_mode": "catmullrom"
						},
						"0.5667": {
							"post": [0.625, 2.46875, 0],
							"lerp_mode": "catmullrom"
						},
						"0.8": {
							"post": [0.59438, 2.32875, -0.15],
							"lerp_mode": "catmullrom"
						},
						"0.9333": {
							"post": [0.40625, 2, 0],
							"lerp_mode": "catmullrom"
						},
						"1.0667": {
							"post": [-0.44, 0.67, 1.32],
							"lerp_mode": "catmullrom"
						},
						"1.1333": {
							"post": [-0.72273, 0.08591, 1.79922],
							"lerp_mode": "catmullrom"
						},
						"1.2333": {
							"post": [-1.14419, 0.77589, 1.69709],
							"lerp_mode": "catmullrom"
						},
						"1.3667": {
							"post": [-1.14419, 0.77589, 1.69709],
							"lerp_mode": "catmullrom"
						},
						"1.4333": {
							"post": [-1.1298, 0.5833, 1.98572],
							"lerp_mode": "catmullrom"
						},
						"1.4667": {
							"post": [-0.75018, 0.35601, 1.64244],
							"lerp_mode": "catmullrom"
						},
						"1.5": {
							"post": [-1.67875, 1.25739, 1.70648],
							"lerp_mode": "catmullrom"
						},
						"1.5667": {
							"post": [-2.1128, 0.98386, 2.40482],
							"lerp_mode": "catmullrom"
						},
						"1.7333": {
							"post": [-1.38889, 0.53899, 2.24443],
							"lerp_mode": "catmullrom"
						},
						"2.1667": {
							"post": [-1.1878, 0.55412, 2.193],
							"lerp_mode": "catmullrom"
						},
						"2.3333": {
							"post": [-1.1148, 0.87561, 2.24626],
							"lerp_mode": "catmullrom"
						},
						"2.5": {
							"post": [-1.18657, 0.98455, 2.31776],
							"lerp_mode": "catmullrom"
						},
						"2.8667": {
							"post": [-1.2167, 1.00376, 2.30629],
							"lerp_mode": "catmullrom"
						},
						"3.0667": {
							"post": [-1.10798, 0.75475, 2.23001],
							"lerp_mode": "catmullrom"
						},
						"3.2667": {
							"post": [-0.89542, 0.35194, 2.06512],
							"lerp_mode": "catmullrom"
						},
						"3.4667": {
							"post": [-0.96621, 0.56823, 2.29289],
							"lerp_mode": "catmullrom"
						},
						"3.8": {
							"post": [-1.05902, 0.69865, 2.3991],
							"lerp_mode": "catmullrom"
						},
						"4.1333": {
							"post": [0.69599, -2.41949, 2.33473],
							"lerp_mode": "catmullrom"
						},
						"4.4333": {
							"post": [-1.31339, 0.63892, 2.37907],
							"lerp_mode": "catmullrom"
						},
						"4.6667": {
							"post": [-1.27451, 0.64597, 2.36956],
							"lerp_mode": "catmullrom"
						},
						"4.7333": {
							"post": [-1.0945, 0.37689, 2.26318],
							"lerp_mode": "catmullrom"
						},
						"4.9333": {
							"post": [-1.0661, 0.74777, 2.39969],
							"lerp_mode": "catmullrom"
						},
						"5.0333": {
							"post": [-1.13688, 0.48438, 2.42188],
							"lerp_mode": "catmullrom"
						},
						"5.2": {
							"post": [-1.14, 0.03, 3.05],
							"lerp_mode": "catmullrom"
						},
						"5.2667": {
							"post": [-1.15171, -0.29339, 3.22032],
							"lerp_mode": "catmullrom"
						},
						"5.3333": {
							"post": [-1.14, -0.145, 3.31063],
							"lerp_mode": "catmullrom"
						},
						"5.4": {
							"post": [-1.14, -0.145, 3.31063],
							"lerp_mode": "catmullrom"
						},
						"5.4333": {
							"post": [-1.14, -0.145, 3.31063],
							"lerp_mode": "catmullrom"
						},
						"5.4667": {
							"post": [-0.40146, -0.03175, 3.20921],
							"lerp_mode": "catmullrom"
						},
						"5.5667": {
							"post": [-1.27024, -0.24261, 3.62659],
							"lerp_mode": "catmullrom"
						},
						"5.8333": {
							"post": [-0.58578, -1.19566, 3.04609],
							"lerp_mode": "catmullrom"
						},
						"5.9333": {
							"post": [-0.57664, -1.28495, 3.24032],
							"lerp_mode": "catmullrom"
						},
						"6.0333": {
							"post": [-0.66625, -1.13232, 3.32713],
							"lerp_mode": "catmullrom"
						},
						"6.1333": {
							"post": [-0.45342, -0.47422, 3.38158],
							"lerp_mode": "catmullrom"
						},
						"6.3": {
							"post": [-0.45464, 0.32153, 3.37348],
							"lerp_mode": "catmullrom"
						},
						"6.6667": {
							"post": [-0.60365, 0.17029, 3.2827],
							"lerp_mode": "catmullrom"
						},
						"6.8667": {
							"post": [-0.62, 0.105, 3.31],
							"lerp_mode": "catmullrom"
						},
						"7.0": {
							"post": [-0.62, 0.09063, 3.31],
							"lerp_mode": "catmullrom"
						},
						"7.2667": {
							"post": [-0.64, 0.17, 3.11],
							"lerp_mode": "catmullrom"
						},
						"7.4333": {
							"post": [-0.25371, -0.1593, 2.98119],
							"lerp_mode": "catmullrom"
						},
						"7.6": {
							"post": [1.10563, -2.35816, -0.29641],
							"lerp_mode": "catmullrom"
						},
						"7.7": {
							"post": [0.51795, -3.41734, -2.21408],
							"lerp_mode": "catmullrom"
						},
						"7.8333": {
							"post": [0.79467, -0.38283, 0.74457],
							"lerp_mode": "catmullrom"
						},
						"7.9333": {
							"post": [0.14063, -0.125, -0.30625],
							"lerp_mode": "catmullrom"
						},
						"8.0667": {
							"post": [0, 0, 0.15],
							"lerp_mode": "catmullrom"
						},
						"8.1667": {
							"post": [0, 0, 0],
							"lerp_mode": "catmullrom"
						},
						"8.5667": {
							"post": [0, 0, 0],
							"lerp_mode": "catmullrom"
						}
					}
				},
				"mag_and_bullet": {
					"rotation": {
						"3.8": [0, 0, 0],
						"4.0": [20, 0, 0],
						"4.1": {
							"pre": [55, 0, 0],
							"post": [55, 0, 0],
							"lerp_mode": "catmullrom"
						},
						"4.3": {
							"post": [55, 0, 0],
							"lerp_mode": "catmullrom"
						},
						"4.3333": {
							"post": [55, 0, 0],
							"lerp_mode": "catmullrom"
						},
						"4.4": {
							"post": [-45, 0, 0],
							"lerp_mode": "catmullrom"
						},
						"4.4667": {
							"post": [-192.5, 0, 0],
							"lerp_mode": "catmullrom"
						},
						"4.6": {
							"post": [-325, 0, 0],
							"lerp_mode": "catmullrom"
						},
						"4.6667": [-342.5, 0, 0],
						"4.7": {
							"pre": [-342.5, 0, 0],
							"post": [0, 0, 0]
						},
						"4.7667": [0, 0, 4.75],
						"4.9": [0, 0, 0]
					},
					"position": {
						"3.8": [0, 0, 0],
						"4.0": [0, 0.85938, 0],
						"4.1": {
							"pre": [0.03125, 1.68871, -3.35356],
							"post": [0.03125, 1.68871, -3.35356],
							"lerp_mode": "catmullrom"
						},
						"4.3": {
							"post": [0.03125, 1.68871, -3.35356],
							"lerp_mode": "catmullrom"
						},
						"4.3333": {
							"post": [0.03125, 3.20949, -5.12535],
							"lerp_mode": "catmullrom"
						},
						"4.4": {
							"post": [0.4675, 8.7243, 0.3168],
							"lerp_mode": "catmullrom"
						},
						"4.4667": {
							"post": [0.47, 10.7425, 1.895],
							"lerp_mode": "catmullrom"
						},
						"4.5333": {
							"post": [0.47, 10.30283, -1.03517],
							"lerp_mode": "catmullrom"
						},
						"4.6": {
							"post": [0.47, 9.59938, 2.32188],
							"lerp_mode": "catmullrom"
						},
						"4.6667": [0.47, 6.64688, 2.32],
						"4.7": [0, -0.59375, 0],
						"4.7667": [0, 0, 0]
					}
				},
				"right": {
					"rotation": {
						"1.2667": {
							"pre": [0, 0, 0],
							"post": [0, 0, 0],
							"lerp_mode": "catmullrom"
						},
						"1.5": {
							"post": [0, 0, -4.75],
							"lerp_mode": "catmullrom"
						},
						"2.1333": {
							"post": [-0.98547, 3.15753, -3.88574],
							"lerp_mode": "catmullrom"
						},
						"2.5667": {
							"post": [0.64875, 3.27176, -3.68199],
							"lerp_mode": "catmullrom"
						},
						"2.8667": {
							"post": [0.99426, 3.81158, -4.75682],
							"lerp_mode": "catmullrom"
						},
						"3.3667": {
							"post": [0.61609, 6.66693, -4.24581],
							"lerp_mode": "catmullrom"
						},
						"3.7333": {
							"post": [0.51898, 5.55183, -5.25047],
							"lerp_mode": "catmullrom"
						},
						"4.0667": {
							"post": [-0.31607, 12.4978, -3.44822],
							"lerp_mode": "catmullrom"
						},
						"4.3": {
							"post": [-0.48049, 12.48911, -4.70896],
							"lerp_mode": "catmullrom"
						},
						"4.4": {
							"post": [-1.74304, 12.46775, -6.726],
							"lerp_mode": "catmullrom"
						},
						"4.5667": {
							"post": [-2.3946, 12.49973, -5.97025],
							"lerp_mode": "catmullrom"
						},
						"4.7": {
							"post": [-1.14642, 12.64017, -2.18992],
							"lerp_mode": "catmullrom"
						},
						"5.0667": {
							"post": [-1, 0, -2.25],
							"lerp_mode": "catmullrom"
						},
						"5.3": {
							"post": [0, 0, 0],
							"lerp_mode": "catmullrom"
						}
					},
					"position": {
						"1.2667": {
							"pre": [0, 0, 0],
							"post": [0, 0, 0],
							"lerp_mode": "catmullrom"
						},
						"1.5": {
							"post": [-0.00518, 0.06229, 0.26563],
							"lerp_mode": "catmullrom"
						},
						"2.2667": {
							"post": [-0.00777, 0.01318, 0.2698],
							"lerp_mode": "catmullrom"
						},
						"2.7667": {
							"post": [-0.1888, -0.16332, 0.36376],
							"lerp_mode": "catmullrom"
						},
						"3.1333": {
							"post": [-0.32129, -0.27187, 0.27123],
							"lerp_mode": "catmullrom"
						},
						"3.3667": {
							"post": [-0.32348, -0.27711, 0.37443],
							"lerp_mode": "catmullrom"
						},
						"3.7333": {
							"post": [-0.32352, -0.23326, 0.3695],
							"lerp_mode": "catmullrom"
						},
						"4.0667": {
							"post": [-1.07651, -0.68119, 0.67298],
							"lerp_mode": "catmullrom"
						},
						"4.3": {
							"post": [-1.07802, -0.80498, 0.71619],
							"lerp_mode": "catmullrom"
						},
						"4.4": {
							"post": [-1.04811, 0.15204, 0.70597],
							"lerp_mode": "catmullrom"
						},
						"4.5667": {
							"post": [-1.13851, 0.42473, 0.75046],
							"lerp_mode": "catmullrom"
						},
						"4.8": {
							"post": [-1.04501, -0.61811, 0.59908],
							"lerp_mode": "catmullrom"
						},
						"5.0667": {
							"post": [0, 0, 0],
							"lerp_mode": "catmullrom"
						}
					}
				},
				"camera": {
					"rotation": {
						"0.0": {
							"post": [0, 0, 0],
							"lerp_mode": "catmullrom"
						},
						"0.1333": {
							"post": [0.74989, -0.01309, 0.99991],
							"lerp_mode": "catmullrom"
						},
						"0.3667": {
							"post": [0.49989, -0.01309, 0.99991],
							"lerp_mode": "catmullrom"
						},
						"0.7": {
							"post": [0.00017, -0.01309, -0.25009],
							"lerp_mode": "catmullrom"
						},
						"1.0": {
							"post": [0.75017, -0.01309, -0.25009],
							"lerp_mode": "catmullrom"
						},
						"1.2667": {
							"post": [0, 0, 0],
							"lerp_mode": "catmullrom"
						},
						"1.3667": {
							"post": [0, 0, 0],
							"lerp_mode": "catmullrom"
						},
						"1.4333": {
							"post": [0.25, 0, 1.5],
							"lerp_mode": "catmullrom"
						},
						"1.4667": {
							"post": [-0.74942, -0.02944, -0.74981],
							"lerp_mode": "catmullrom"
						},
						"1.5333": {
							"post": [0, 0, 0],
							"lerp_mode": "catmullrom"
						},
						"1.6333": {
							"post": [0.00058, -0.77944, -0.74982],
							"lerp_mode": "catmullrom"
						},
						"1.8333": {
							"post": [0.73069, -1.53908, -0.00944],
							"lerp_mode": "catmullrom"
						},
						"2.0667": {
							"post": [1.48739, -1.5326, -0.25944],
							"lerp_mode": "catmullrom"
						},
						"2.3333": {
							"post": [1.73786, -2.03237, -0.27461],
							"lerp_mode": "catmullrom"
						},
						"2.5333": {
							"post": [0.79083, -2.01236, -1.77541],
							"lerp_mode": "catmullrom"
						},
						"2.8": {
							"post": [0.96119, -2.04186, 0.4758],
							"lerp_mode": "catmullrom"
						},
						"3.0": {
							"post": [1.51414, -2.00291, -1.02463],
							"lerp_mode": "catmullrom"
						},
						"3.2667": {
							"post": [2.76564, -2.75204, -1.06084],
							"lerp_mode": "catmullrom"
						},
						"3.4333": {
							"post": [2.84836, -2.66633, -2.81069],
							"lerp_mode": "catmullrom"
						},
						"3.7333": {
							"post": [2.34836, -2.66633, -2.81069],
							"lerp_mode": "catmullrom"
						},
						"4.0333": {
							"post": [4.26508, -2.79776, -1.06365],
							"lerp_mode": "catmullrom"
						},
						"4.3": {
							"post": [4.51508, -2.79776, -1.06365],
							"lerp_mode": "catmullrom"
						},
						"4.4": {
							"post": [-1.9234, -2.84038, -2.31443],
							"lerp_mode": "catmullrom"
						},
						"4.6": {
							"post": [-0.9234, -2.84038, -2.31443],
							"lerp_mode": "catmullrom"
						},
						"4.7": {
							"post": [1.9507, -2.92824, 0.18719],
							"lerp_mode": "catmullrom"
						},
						"4.7667": {
							"post": [2.00152, -2.89376, -0.8135],
							"lerp_mode": "catmullrom"
						},
						"4.9": {
							"post": [1.21351, -2.90989, -0.06272],
							"lerp_mode": "catmullrom"
						},
						"5.1333": {
							"post": [-0.9234, -2.84038, -2.31443],
							"lerp_mode": "catmullrom"
						},
						"5.3333": {
							"post": [-0.26313, -0.22753, -0.96609],
							"lerp_mode": "catmullrom"
						},
						"5.3667": {
							"post": [-0.25708, -0.23434, -2.46609],
							"lerp_mode": "catmullrom"
						},
						"5.4": {
							"post": [-0.26313, -0.22753, -0.96609],
							"lerp_mode": "catmullrom"
						},
						"5.4667": {
							"post": [-0.2581, -0.23321, -2.21609],
							"lerp_mode": "catmullrom"
						},
						"5.5": {
							"post": [-0.24137, -0.71987, 1.53525],
							"lerp_mode": "catmullrom"
						},
						"5.5333": {
							"post": [-0.26213, -0.22867, -1.21609],
							"lerp_mode": "catmullrom"
						},
						"5.6": {
							"post": [-0.26706, -0.2229, 0.03391],
							"lerp_mode": "catmullrom"
						},
						"5.8333": {
							"post": [0.9253, -0.20643, -1.24931],
							"lerp_mode": "catmullrom"
						},
						"6.0333": {
							"post": [2.31735, -0.21096, -1.29304],
							"lerp_mode": "catmullrom"
						},
						"6.1667": {
							"post": [1.91068, -0.23971, -0.52766],
							"lerp_mode": "catmullrom"
						},
						"6.4": {
							"post": [1.96596, -0.2456, -0.55502],
							"lerp_mode": "catmullrom"
						},
						"6.8333": {
							"post": [1.96596, -0.2456, -0.55502],
							"lerp_mode": "catmullrom"
						},
						"7.0333": {
							"post": [3.46115, -0.30602, 0.44317],
							"lerp_mode": "catmullrom"
						},
						"7.2667": {
							"post": [3.46115, -0.30602, 0.44317],
							"lerp_mode": "catmullrom"
						},
						"7.4333": {
							"post": [0.99593, -0.22896, -0.21609],
							"lerp_mode": "catmullrom"
						},
						"7.5667": {
							"post": [-0.24465, -0.19264, -0.27986],
							"lerp_mode": "catmullrom"
						},
						"7.7": {
							"post": [-0.225, 0, 0.125],
							"lerp_mode": "catmullrom"
						},
						"7.8": {
							"post": [-0.35, 0, 0.2],
							"lerp_mode": "catmullrom"
						},
						"7.8667": {
							"post": [0.25, 0, -0.25],
							"lerp_mode": "catmullrom"
						},
						"7.9667": {
							"post": [-0.075, 0, 0.075],
							"lerp_mode": "catmullrom"
						},
						"8.0667": {
							"post": [0, 0, 0],
							"lerp_mode": "catmullrom"
						}
					}
				},
				"additonal_magazine": {
					"rotation": {
						"1.3333": [0, 0, 0],
						"5.9667": [0, 0, 0]
					},
					"position": {
						"1.3333": [0, 0, 0],
						"5.9667": [0, 0, 0]
					},
					"scale": {
						"1.3333": [1, 1, 1],
						"1.3667": [1, 1, 1],
						"1.4": {
							"pre": [1, 1, 1],
							"post": [0, 0, 0]
						},
						"5.9": [0, 0, 0],
						"5.9333": {
							"pre": [0, 0, 0],
							"post": [1, 1, 1]
						},
						"5.9667": [1, 1, 1]
					}
				},
				"left": {
					"rotation": {
						"1.4": [0, 0, 0],
						"1.4667": [-12, 0, 0],
						"1.5": {
							"pre": [-33.5, 0, 0],
							"post": [-33.5, 0, 0],
							"lerp_mode": "catmullrom"
						},
						"1.6333": {
							"post": [-8.17833, -3.56052, -6.39846],
							"lerp_mode": "catmullrom"
						},
						"1.8": {
							"post": [2.6828, -31.88831, -44.52983],
							"lerp_mode": "catmullrom"
						},
						"1.9667": {
							"post": [-12.63796, -45.14142, -39.23586],
							"lerp_mode": "catmullrom"
						},
						"2.1": {
							"post": [-13.63796, -45.14142, -39.23586],
							"lerp_mode": "catmullrom"
						},
						"2.2667": {
							"post": [-20.64028, -41.8245, -21.87155],
							"lerp_mode": "catmullrom"
						},
						"2.4667": {
							"post": [2.93491, -22.96231, 21.87928],
							"lerp_mode": "catmullrom"
						},
						"2.6333": {
							"post": [27.49512, 47.29447, 67.04905],
							"lerp_mode": "catmullrom"
						},
						"3.0333": {
							"post": [31.46265, 45.59101, 71.4874],
							"lerp_mode": "catmullrom"
						},
						"3.1333": {
							"post": [18.56111, 37.81677, 54.18554],
							"lerp_mode": "catmullrom"
						},
						"3.3333": {
							"post": [-35.9313, 2.09068, -2.57776],
							"lerp_mode": "catmullrom"
						},
						"3.5667": {
							"post": [-42.82382, 1.48334, -14.98126],
							"lerp_mode": "catmullrom"
						},
						"3.8": {
							"post": [-35.9313, 2.09068, -6.53088],
							"lerp_mode": "catmullrom"
						},
						"3.9667": {
							"post": [-12.09846, 9.98029, 13.54154],
							"lerp_mode": "catmullrom"
						},
						"4.1": {
							"post": [20.66523, 16.04257, 16.46964],
							"lerp_mode": "catmullrom"
						},
						"4.2": {
							"post": [28.27959, 9.58312, 9.93785],
							"lerp_mode": "catmullrom"
						},
						"4.3333": {
							"post": [29.54143, 3.5213, 20.94709],
							"lerp_mode": "catmullrom"
						},
						"4.4": {
							"post": [29.63342, 2.53372, 22.68871],
							"lerp_mode": "catmullrom"
						},
						"4.6": {
							"post": [30.15778, 3.85097, 28.93139],
							"lerp_mode": "catmullrom"
						},
						"4.7": {
							"post": [28.32873, 11.4593, 15.29461],
							"lerp_mode": "catmullrom"
						},
						"4.7333": {
							"post": [26.83691, 17.47524, 10.09465],
							"lerp_mode": "catmullrom"
						},
						"4.7667": {
							"post": [22.59735, 11.88299, 10.63067],
							"lerp_mode": "catmullrom"
						},
						"4.8667": {
							"post": [21.31083, 14.12807, 4.91951],
							"lerp_mode": "catmullrom"
						},
						"5.0": {
							"post": [21.48482, 13.85444, 5.63916],
							"lerp_mode": "catmullrom"
						},
						"5.1333": {
							"post": [17.03503, -2.74774, -13.73047],
							"lerp_mode": "catmullrom"
						},
						"5.2333": [-28.65798, -2.4026, -4.38621],
						"5.3": [-28.65798, -2.4026, -4.38621],
						"5.3667": [-30.40798, -2.4026, -4.38621],
						"5.4333": [-30.40798, -2.4026, -4.38621],
						"5.4667": [0, 0, 0]
					},
					"position": {
						"1.4": [0, 0, 0],
						"1.4667": [0, -0.4375, -0.4375],
						"1.5333": {
							"pre": [0, -3.28375, -1.08062],
							"post": [0, -3.28375, -1.08062],
							"lerp_mode": "catmullrom"
						},
						"1.6333": {
							"post": [2.42188, -5.13937, -1.09812],
							"lerp_mode": "catmullrom"
						},
						"1.8": {
							"post": [4.4375, -5.07687, -1.09812],
							"lerp_mode": "catmullrom"
						},
						"1.9333": {
							"post": [5.2025, -3.52062, -0.5],
							"lerp_mode": "catmullrom"
						},
						"2.1": {
							"post": [5.27813, -2.54813, -0.5],
							"lerp_mode": "catmullrom"
						},
						"2.2667": {
							"post": [4.2175, -3.14375, -0.5],
							"lerp_mode": "catmullrom"
						},
						"2.4667": {
							"post": [7.57688, -2.31687, -0.5],
							"lerp_mode": "catmullrom"
						},
						"2.6333": {
							"post": [9.68188, -2.25, -1.3125],
							"lerp_mode": "catmullrom"
						},
						"2.8": {
							"post": [9.80688, -2.25, -1.3125],
							"lerp_mode": "catmullrom"
						},
						"3.0333": {
							"post": [9.84125, -2.25, -1.31],
							"lerp_mode": "catmullrom"
						},
						"3.1333": {
							"post": [9.48063, -2.625, -1.31],
							"lerp_mode": "catmullrom"
						},
						"3.3333": {
							"post": [7.49563, -2.29187, 1.54938],
							"lerp_mode": "catmullrom"
						},
						"3.5667": {
							"post": [7.5, -2.29, 1.64375],
							"lerp_mode": "catmullrom"
						},
						"3.8": {
							"post": [7.49563, -2.29187, 1.54938],
							"lerp_mode": "catmullrom"
						},
						"3.9667": {
							"post": [7, -2.415, 1.78063],
							"lerp_mode": "catmullrom"
						},
						"4.2": {
							"post": [6.375, -6.77375, 1.78],
							"lerp_mode": "catmullrom"
						},
						"4.3": {
							"post": [6.375, -8.38312, 1.78],
							"lerp_mode": "catmullrom"
						},
						"4.3333": {
							"post": [7.19, -2.89437, 1.32688],
							"lerp_mode": "catmullrom"
						},
						"4.3667": {
							"post": [8.0025, -2.4525, -1.7325],
							"lerp_mode": "catmullrom"
						},
						"4.4667": {
							"post": [8.89063, -3.15312, -5.0425],
							"lerp_mode": "catmullrom"
						},
						"4.6": {
							"post": [8.62375, -2.265, -4.30937],
							"lerp_mode": "catmullrom"
						},
						"4.7": {
							"post": [6.0875, -4.33562, -3.75],
							"lerp_mode": "catmullrom"
						},
						"4.7333": {
							"post": [4.79063, -5.30437, -3.75],
							"lerp_mode": "catmullrom"
						},
						"4.7667": {
							"post": [4.74313, -7.175, -3.75],
							"lerp_mode": "catmullrom"
						},
						"4.8667": {
							"post": [5.00563, -10.795, -3.75],
							"lerp_mode": "catmullrom"
						},
						"5.0": {
							"post": [4.91625, -7.91687, -3.75],
							"lerp_mode": "catmullrom"
						},
						"5.1333": {
							"post": [1.41225, -4.49462, -3.83839],
							"lerp_mode": "catmullrom"
						},
						"5.2333": [0.12937, -1.09352, -1.08112],
						"5.3": [0, -0.4375, -0.4375],
						"5.3667": [0, -0.4375, -0.4375],
						"5.4333": [0, -0.4375, -0.4375],
						"5.4667": [0, 0, 0]
					}
				}
			},
			"sound_effects": {
				"0.0": {
					"effect": "nekom_grab1"
				},
				"1.3667": {
					"effect": "ak117_mag_out"
				},
				"1.9667": {
					"effect": "equip2"
				},
				"4.1667": {
					"effect": "aa12_draw"
				},
				"4.2333": {
					"effect": "grab3"
				},
				"5.2667": {
					"effect": "ak117_mag_in"
				},
				"7.5667": {
					"effect": "aa12_draw"
				}
			}
		},
		"shoot": {
			"animation_length": 1.757,
			"bones": {
				"root": {
					"rotation": {
						"0.0": {
							"post": [0, 0, 0],
							"lerp_mode": "catmullrom"
						},
						"0.05": {
							"post": [-0.6, 0.40625, 0.5],
							"lerp_mode": "catmullrom"
						},
						"0.1": {
							"post": [0.2, -0.25938, -0.3],
							"lerp_mode": "catmullrom"
						},
						"0.2": {
							"post": [-0.1, 0.2, 0.2],
							"lerp_mode": "catmullrom"
						},
						"0.35": {
							"post": [0.06688, -0.2, -0.06312],
							"lerp_mode": "catmullrom"
						},
						"0.5": {
							"post": [0, 0, 0],
							"lerp_mode": "catmullrom"
						}
					},
					"position": {
						"0.0": {
							"post": [0, 0, 0],
							"lerp_mode": "catmullrom"
						},
						"0.05": {
							"post": [0, -0.1, 1.4],
							"lerp_mode": "catmullrom"
						},
						"0.15": {
							"post": [-0.13281, 0.06406, -0.4],
							"lerp_mode": "catmullrom"
						},
						"0.25": {
							"post": [-0.03906, -0.05, 0.09032],
							"lerp_mode": "catmullrom"
						},
						"0.4": {
							"post": [0, 0, -0.06093],
							"lerp_mode": "catmullrom"
						},
						"0.55": {
							"post": [0, 0.0625, 0.04531],
							"lerp_mode": "catmullrom"
						},
						"0.75": {
							"post": [0, 0, 0],
							"lerp_mode": "catmullrom"
						}
					}
				},
				"constraint": {
					"rotation": {
						"0.0": [0.2, 0.3, 0.3],
						"0.5": [0, 0, 0]
					},
					"position": {
						"0.0": [0.2, 0.2, 0.8],
						"0.5": [0, 0, 0]
					}
				},
				"camera": {
					"rotation": {
						"0.0": {
							"post": [0, 0, 0],
							"lerp_mode": "catmullrom"
						},
						"0.05": {
							"post": [0, 0, 1],
							"lerp_mode": "catmullrom"
						},
						"0.1": {
							"post": [0, 0, -0.7],
							"lerp_mode": "catmullrom"
						},
						"0.2": {
							"post": [0, 0, 0.3],
							"lerp_mode": "catmullrom"
						},
						"0.3": {
							"post": [0, 0, -0.2],
							"lerp_mode": "catmullrom"
						},
						"0.4": {
							"post": [0, 0, 0.1],
							"lerp_mode": "catmullrom"
						},
						"0.5": {
							"post": [0, 0, -0.1],
							"lerp_mode": "catmullrom"
						},
						"0.6": {
							"post": [0, 0, 0],
							"lerp_mode": "catmullrom"
						}
					}
				}
			}
		}
	}
}