{
	"format_version": "1.8.0",
	"animations": {
		"static_idle": {
			"loop": true,
			"bones": {
				"root": {
					"rotation": {
						"0.0": {
							"post": [0, 0, 0],
							"lerp_mode": "catmullrom"
						}
					},
					"position": {
						"0.0": {
							"post": [0, 0, 0],
							"lerp_mode": "catmullrom"
						}
					}
				},
				"lefthand": {
					"rotation": {
						"0.0": {
							"post": [90, 15, 0],
							"lerp_mode": "catmullrom"
						}
					},
					"position": {
						"0.0": {
							"post": [-5, -15, -4],
							"lerp_mode": "catmullrom"
						}
					},
					"scale": [1, 1.5, 1]
				},
				"righthand": {
					"rotation": {
						"0.0": {
							"post": [85, 0, 0],
							"lerp_mode": "catmullrom"
						}
					},
					"position": {
						"0.0": {
							"post": [4.75, -13.56699, -3],
							"lerp_mode": "catmullrom"
						}
					}
				},
				"constraint": {
					"rotation": [0.2, 0.2, 0.2],
					"position": [0.2, 0.2, 0.1]
				}
			}
		},
		"shoot": {
			"animation_length": 0.8,
			"bones": {
				"bolt": {
					"position": {
						"0.0": [0, 0, 0],
						"0.0333": [0, 0, 6],
						"0.1": [0, 0, 0],
						"0.1667": [0, 0, 0.45],
						"0.2333": [0, 0, 0],
						"0.3": [0, 0, 0.175],
						"0.3667": [0, 0, 0]
					}
				},
				"bullet_in_barrel": {
					"scale": {
						"0.0": [0, 0, 0],
						"0.1667": [0, 0, 0],
						"0.2": [1, 1, 1]
					}
				},
				"root": {
					"rotation": {
						"0.0": {
							"post": [0, 0, 0],
							"lerp_mode": "catmullrom"
						},
						"0.0333": {
							"post": [-26.27338, 0.27744, 0.66982],
							"lerp_mode": "catmullrom"
						},
						"0.0667": {
							"post": [-18.09154, -0.35331, -1.12063],
							"lerp_mode": "catmullrom"
						},
						"0.1": {
							"post": [-5.71886, -0.10676, -1.22034],
							"lerp_mode": "catmullrom"
						},
						"0.1667": {
							"post": [0.18, 0, 0.525],
							"lerp_mode": "catmullrom"
						},
						"0.2667": {
							"post": [0.45, 0, -0.25],
							"lerp_mode": "catmullrom"
						},
						"0.3667": {
							"post": [0.225, 0, 0],
							"lerp_mode": "catmullrom"
						},
						"0.5": {
							"post": [0.055, -0.075, -0.075],
							"lerp_mode": "catmullrom"
						},
						"0.6333": {
							"post": [0, 0, 0],
							"lerp_mode": "catmullrom"
						}
					},
					"position": {
						"0.0": {
							"post": [0, 0, 0],
							"lerp_mode": "catmullrom"
						},
						"0.0667": {
							"post": [0, -0.025, 1.925],
							"lerp_mode": "catmullrom"
						},
						"0.1": {
							"post": [0, -0.05, 1.78],
							"lerp_mode": "catmullrom"
						},
						"0.2": {
							"post": [0, -0.05, -0.045],
							"lerp_mode": "catmullrom"
						},
						"0.3333": {
							"post": [0, -0.025, 0.1],
							"lerp_mode": "catmullrom"
						},
						"0.4333": {
							"post": [0, 0, 0],
							"lerp_mode": "catmullrom"
						}
					}
				},
				"barrel4": {
					"position": {
						"0.0": {
							"post": [0, 0, 0],
							"lerp_mode": "catmullrom"
						},
						"0.0667": {
							"post": [0, 0, 2],
							"lerp_mode": "catmullrom"
						},
						"0.1667": {
							"post": [0, 0, 2],
							"lerp_mode": "catmullrom"
						},
						"0.2667": {
							"post": [0, 0, 0.21875],
							"lerp_mode": "catmullrom"
						},
						"0.3667": {
							"post": [0, 0, 0.1375],
							"lerp_mode": "catmullrom"
						},
						"0.4667": {
							"post": [0, 0, -0.0375],
							"lerp_mode": "catmullrom"
						},
						"0.5667": {
							"post": [0, 0, 0],
							"lerp_mode": "catmullrom"
						}
					}
				},
				"hexadecagon2": {
					"rotation": {
						"0.0": {
							"post": [0, 0, 0],
							"lerp_mode": "catmullrom"
						},
						"0.1333": {
							"post": [0, 0, 180],
							"lerp_mode": "catmullrom"
						},
						"0.3": {
							"post": [0, 0, 0],
							"lerp_mode": "catmullrom"
						}
					}
				},
				"hou_light_rotate": {
					"rotation": {
						"0.0": {
							"post": [0, 0, 0],
							"lerp_mode": "catmullrom"
						},
						"0.1333": {
							"post": [0, 0, 180],
							"lerp_mode": "catmullrom"
						},
						"0.3": {
							"post": [0, 0, 0],
							"lerp_mode": "catmullrom"
						}
					}
				},
				"barrel": {
					"position": {
						"0.0": {
							"post": [0, 0, 0],
							"lerp_mode": "catmullrom"
						},
						"0.0333": {
							"post": [0, 0, 1],
							"lerp_mode": "catmullrom"
						},
						"0.2333": {
							"post": [0, 0, 1],
							"lerp_mode": "catmullrom"
						},
						"0.3": {
							"post": [0, 0, 0],
							"lerp_mode": "catmullrom"
						}
					}
				},
				"mag2": {
					"rotation": [0, 0, 0],
					"scale": 1
				},
				"camera": {
					"rotation": {
						"0.0": {
							"post": [0, 0, 0],
							"lerp_mode": "catmullrom"
						},
						"0.0333": {
							"post": [0, 0, 0.6],
							"lerp_mode": "catmullrom"
						},
						"0.0667": {
							"post": [0, 0, -0.4],
							"lerp_mode": "catmullrom"
						},
						"0.1333": {
							"post": [0, 0, 0.325],
							"lerp_mode": "catmullrom"
						},
						"0.2": {
							"post": [0, 0, -0.225],
							"lerp_mode": "catmullrom"
						},
						"0.2667": {
							"post": [0, 0, 0],
							"lerp_mode": "catmullrom"
						},
						"0.3667": {
							"post": [0, 0, 0],
							"lerp_mode": "catmullrom"
						}
					}
				}
			}
		},
		"reload_tactical": {
			"animation_length": 2.9167,
			"bones": {
				"root": {
					"rotation": {
						"0.0": {
							"post": [0, 0, 0],
							"lerp_mode": "catmullrom"
						},
						"0.1333": {
							"post": [-22.07266, -0.97474, -1.85779],
							"lerp_mode": "catmullrom"
						},
						"0.3167": {
							"post": [-41.10015, 3.52894, -24.05485],
							"lerp_mode": "catmullrom"
						},
						"0.45": {
							"post": [-41.10015, 6.70863, -24.05485],
							"lerp_mode": "catmullrom"
						},
						"0.5667": {
							"post": [-18.98281, 5.6475, -24.05],
							"lerp_mode": "catmullrom"
						},
						"0.65": [-19.56875, 6.71, -24.05],
						"0.6833": [-18.20031, 6.71, -24.05],
						"0.9667": {
							"pre": [-12.04865, -42.91408, -58.06992],
							"post": [-12.04865, -42.91408, -58.06992],
							"lerp_mode": "catmullrom"
						},
						"1.1333": [-39.96826, -34.69239, -34.97525],
						"1.2667": [-28.04, -37.16, -37.44],
						"1.4": {
							"pre": [-14.77526, -10.21344, -36.39919],
							"post": [-14.77526, -10.21344, -36.39919],
							"lerp_mode": "catmullrom"
						},
						"1.5167": {
							"post": [-3.30469, 1.07813, -1.29219],
							"lerp_mode": "catmullrom"
						},
						"1.6": {
							"post": [-1.92187, -0.64844, -0.42969],
							"lerp_mode": "catmullrom"
						},
						"1.6833": {
							"post": [0, 0, 0],
							"lerp_mode": "catmullrom"
						}
					},
					"position": {
						"0.0": {
							"post": [0, -1, 0],
							"lerp_mode": "catmullrom"
						},
						"0.1833": {
							"post": [-2, 4, -3.7],
							"lerp_mode": "catmullrom"
						},
						"0.4167": {
							"post": [-5.83571, 3.69069, 1.5029],
							"lerp_mode": "catmullrom"
						},
						"0.6333": [-4.73487, 1.10442, -0.86995],
						"0.6833": [-5.06727, 1.32319, -0.79523],
						"0.7667": [-4.81375, 0.99438, -0.94656],
						"0.9833": {
							"pre": [-5.6606, 3.18685, 2.8027],
							"post": [-5.6606, 3.18685, 2.8027],
							"lerp_mode": "catmullrom"
						},
						"1.1333": {
							"post": [-0.66388, 0.45102, 1.23973],
							"lerp_mode": "catmullrom"
						},
						"1.2": [-0.95687, 0.54531, 1.63688],
						"1.3333": [-0.66, 0.35, 1.34],
						"1.5167": {
							"pre": [-0.34062, 0.0875, -0.32031],
							"post": [-0.34062, 0.0875, -0.32031],
							"lerp_mode": "catmullrom"
						},
						"1.6": {
							"post": [0.01563, -0.11562, 0],
							"lerp_mode": "catmullrom"
						},
						"1.7": {
							"post": [0, 0, 0],
							"lerp_mode": "catmullrom"
						}
					}
				},
				"lefthand": {
					"rotation": {
						"0.0": {
							"post": [90, 15, 0],
							"lerp_mode": "catmullrom"
						},
						"0.3": {
							"post": [90, 15, 0],
							"lerp_mode": "catmullrom"
						},
						"0.85": [90, 28.9, 0],
						"1.4": [90, 28.9, 0],
						"1.6": {
							"pre": [90, 15, 0],
							"post": [90, 15, 0],
							"lerp_mode": "catmullrom"
						}
					},
					"position": {
						"0.0": {
							"post": [-5, -15, -4],
							"lerp_mode": "catmullrom"
						},
						"0.3": {
							"post": [-5, -15, -4],
							"lerp_mode": "catmullrom"
						},
						"0.8": [-5.39009, -16, -7.00131],
						"1.2667": [-5.39009, -16, -7.00131],
						"1.4": {
							"pre": [-3.39837, -16.74066, -4.63238],
							"post": [-3.39837, -16.74066, -4.63238],
							"lerp_mode": "catmullrom"
						},
						"1.6": {
							"post": [-5, -15, -4],
							"lerp_mode": "catmullrom"
						}
					},
					"scale": [1, 1.5, 1]
				},
				"righthand": {
					"rotation": {
						"0.0": {
							"post": [85, 0, 0],
							"lerp_mode": "catmullrom"
						}
					},
					"position": {
						"0.0": {
							"post": [4.75, -13.56699, -3],
							"lerp_mode": "catmullrom"
						}
					}
				},
				"mag_and_lefthand": {
					"rotation": {
						"0.0": {
							"post": [0, 0, 0],
							"lerp_mode": "catmullrom"
						},
						"0.3": {
							"post": [-22.5, 0, 0],
							"lerp_mode": "catmullrom"
						},
						"0.9667": {
							"post": [-22.5, 0, 0],
							"lerp_mode": "catmullrom"
						},
						"1.1667": {
							"post": [0, 0, 0],
							"lerp_mode": "catmullrom"
						}
					},
					"position": {
						"0.0": {
							"post": [0, 0, 0],
							"lerp_mode": "catmullrom"
						},
						"0.3": {
							"post": [11, -9.05625, 11.40478],
							"lerp_mode": "catmullrom"
						},
						"0.9667": {
							"post": [4.34862, -15.2864, 5.50895],
							"lerp_mode": "catmullrom"
						},
						"1.0833": [0, -2.85276, 0],
						"1.1667": [0, 0, 0]
					}
				},
				"mag2": {
					"scale": {
						"0.65": [0, 0, 0],
						"0.7667": {
							"pre": [0, 0, 0],
							"post": [1, 1, 1]
						},
						"1.1833": {
							"pre": [1, 1, 1],
							"post": [0, 0, 0]
						}
					}
				},
				"gun_and_righthand": {
					"rotation": {
						"0.0": [0, 0, 0],
						"0.7333": {
							"pre": [0, 0, 0],
							"post": [0, 0, 0],
							"lerp_mode": "catmullrom"
						}
					},
					"position": {
						"0.0": [0, 0, 0],
						"0.7333": {
							"pre": [0, 0, 0],
							"post": [0, 0, 0],
							"lerp_mode": "catmullrom"
						}
					}
				},
				"gun": {
					"rotation": {
						"0.0": {
							"post": [0, 0, 0],
							"lerp_mode": "catmullrom"
						},
						"0.3833": {
							"post": [-347.7, 0, 0],
							"lerp_mode": "catmullrom"
						},
						"0.6167": {
							"post": [-360, 0, 0],
							"lerp_mode": "catmullrom"
						},
						"0.9": [-360, 0, 0],
						"1.4833": [-360, 0, 0]
					},
					"position": {
						"0.0": {
							"post": [0, 0, 0],
							"lerp_mode": "catmullrom"
						}
					}
				},
				"constraint": {
					"rotation": [0.2, 0, 0],
					"position": [0.2, 0.2, 0.2]
				},
				"camera": {
					"rotation": {
						"0.0": {
							"post": [0, 0, 0],
							"lerp_mode": "catmullrom"
						},
						"0.4333": {
							"post": [-9, 0, 0],
							"lerp_mode": "catmullrom"
						},
						"0.5833": {
							"post": [-3, 0, 0],
							"lerp_mode": "catmullrom"
						},
						"0.7167": {
							"post": [-5.73281, 0, 0],
							"lerp_mode": "catmullrom"
						},
						"0.9833": {
							"post": [-5.6, 0, 0],
							"lerp_mode": "catmullrom"
						},
						"1.1333": {
							"post": [-5.6, 0, 3.625],
							"lerp_mode": "catmullrom"
						},
						"1.3333": {
							"post": [0, 0, -2.57031],
							"lerp_mode": "catmullrom"
						},
						"1.6": {
							"post": [0, 0, 0.925],
							"lerp_mode": "catmullrom"
						},
						"1.65": {
							"post": [0, 0, -0.57031],
							"lerp_mode": "catmullrom"
						},
						"1.7333": {
							"post": [0, 0, 0.1875],
							"lerp_mode": "catmullrom"
						},
						"1.8833": {
							"post": [0, 0, 0],
							"lerp_mode": "catmullrom"
						}
					}
				},
				"additional_magazine": {
					"rotation": {
						"0.0": [0, 0, 0],
						"0.5333": [0, 0, 0]
					},
					"position": {
						"0.0": [0, 0, 0],
						"0.5333": [0, 0, 0],
						"0.65": [0, -30, 0],
						"1.1833": {
							"pre": [0, -30, 0],
							"post": [0, 0, 0]
						}
					},
					"scale": {
						"0.65": [1, 1, 1],
						"0.7667": {
							"pre": [1, 1, 1],
							"post": [0, 0, 0]
						},
						"1.1833": {
							"pre": [0, 0, 0],
							"post": [1, 1, 1]
						}
					}
				}
			},
			"sound_effects": {
				"0.0": {
					"effect": "pgp:m3516/m3516_rotate"
				},
				"0.3833": {
					"effect": "pgp:p50/p50_mag_out"
				},
				"0.4167": {
					"effect": "pgp:p50/p50_grab2"
				},
				"0.8833": {
					"effect": "pgp:p50/p50_mag_in"
				},
				"1.35": {
					"effect": "pgp:p50/p50_equip3"
				}
			}
		},
		"draw": {
			"animation_length": 2.0333,
			"bones": {
				"gun": {
					"rotation": {
						"0.0": {
							"post": [0, 0, 0],
							"lerp_mode": "catmullrom"
						},
						"0.3667": {
							"post": [-360, 0, 0],
							"lerp_mode": "catmullrom"
						}
					},
					"position": {
						"0.0": {
							"post": [1, 0, 0],
							"lerp_mode": "catmullrom"
						},
						"0.3667": {
							"post": [0, 0, 0],
							"lerp_mode": "catmullrom"
						}
					}
				},
				"root": {
					"rotation": {
						"0.0": {
							"post": [25, 0, 0],
							"lerp_mode": "catmullrom"
						},
						"0.3": {
							"post": [-40.5, 0, 0],
							"lerp_mode": "catmullrom"
						},
						"0.4667": {
							"post": [-40.5, 0, 0],
							"lerp_mode": "catmullrom"
						},
						"0.6": {
							"post": [-39.5, 0, 0],
							"lerp_mode": "catmullrom"
						},
						"0.7333": {
							"post": [-9.2, 0, 0],
							"lerp_mode": "catmullrom"
						},
						"0.8333": {
							"post": [0.95, 0, 0],
							"lerp_mode": "catmullrom"
						},
						"0.9": {
							"post": [-0.8125, 0, 0],
							"lerp_mode": "catmullrom"
						},
						"1.0333": {
							"post": [0, 0, 0],
							"lerp_mode": "catmullrom"
						}
					},
					"position": {
						"0.0": {
							"post": [0, -9, 0],
							"lerp_mode": "catmullrom"
						},
						"0.2667": {
							"post": [-2, 4.8, 1.6],
							"lerp_mode": "catmullrom"
						},
						"0.4333": {
							"post": [-2, 5.5, 0.7],
							"lerp_mode": "catmullrom"
						},
						"0.5333": {
							"post": [-2, 6, 1],
							"lerp_mode": "catmullrom"
						},
						"0.6667": {
							"post": [-2, 6, 1],
							"lerp_mode": "catmullrom"
						},
						"0.7667": {
							"post": [0, 0.19219, -0.4],
							"lerp_mode": "catmullrom"
						},
						"0.8667": {
							"post": [0, 0.3, 0.21094],
							"lerp_mode": "catmullrom"
						},
						"0.9667": {
							"post": [0, 0, 0],
							"lerp_mode": "catmullrom"
						}
					}
				},
				"righthand": {
					"rotation": {
						"0.0": {
							"post": [85, 0, 0],
							"lerp_mode": "catmullrom"
						},
						"0.7667": {
							"post": [85, 0, 0],
							"lerp_mode": "catmullrom"
						}
					},
					"position": {
						"0.0": {
							"post": [4.75, -13.56699, -3],
							"lerp_mode": "catmullrom"
						},
						"0.7667": {
							"post": [4.75, -13.56699, -3],
							"lerp_mode": "catmullrom"
						}
					},
					"scale": 1
				},
				"lefthand": {
					"rotation": {
						"0.0": {
							"post": [90, 15, 0],
							"lerp_mode": "catmullrom"
						},
						"0.5333": {
							"post": [81.72889, 18.19545, -12.05011],
							"lerp_mode": "catmullrom"
						},
						"0.7667": {
							"post": [90, 15, 0],
							"lerp_mode": "catmullrom"
						}
					},
					"position": {
						"0.0": {
							"post": [-5, -15, -4],
							"lerp_mode": "catmullrom"
						},
						"0.5333": {
							"post": [8.74, -24.14, -4.96],
							"lerp_mode": "catmullrom"
						},
						"0.7667": {
							"post": [-5, -15, -4],
							"lerp_mode": "catmullrom"
						}
					},
					"scale": {
						"0.0": [1, 1.5, 1],
						"0.7667": [1, 1.5, 1]
					}
				},
				"additional_magazine": {
					"scale": 1
				},
				"camera": {
					"rotation": {
						"0.0": {
							"post": [0, 0, 0],
							"lerp_mode": "catmullrom"
						},
						"0.2333": {
							"post": [-2.8, 0, 0],
							"lerp_mode": "catmullrom"
						},
						"0.4667": {
							"post": [0.59, 0, 0],
							"lerp_mode": "catmullrom"
						},
						"0.6333": {
							"post": [-0.33, 0, 0],
							"lerp_mode": "catmullrom"
						},
						"0.7667": {
							"post": [0.33, 0, 0],
							"lerp_mode": "catmullrom"
						},
						"0.9": {
							"post": [-0.4, 0, 0],
							"lerp_mode": "catmullrom"
						},
						"1.0": {
							"post": [0.05, 0, 0],
							"lerp_mode": "catmullrom"
						},
						"1.1333": {
							"post": [0, 0, 0],
							"lerp_mode": "catmullrom"
						}
					}
				}
			},
			"sound_effects": {
				"0.0667": {
					"effect": "pgp:p50/p50_draw_start"
				}
			}
		},
		"inspect": {
			"animation_length": 6.4167,
			"bones": {
				"mag": {
					"scale": 0
				},
				"root": {
					"rotation": {
						"0.0": {
							"post": [0, 0, 0],
							"lerp_mode": "catmullrom"
						},
						"0.1667": {
							"post": [-22.5, -10, 0],
							"lerp_mode": "catmullrom"
						},
						"0.375": {
							"post": [-18.4088, -25.72484, -15.05877],
							"lerp_mode": "catmullrom"
						},
						"0.4583": {
							"post": [-26.41, -25.42, -15.57562],
							"lerp_mode": "catmullrom"
						},
						"0.5833": [-28.91, -25.72, -15.06],
						"0.75": [-28.91, -25.72, -15.06],
						"1.0": {
							"pre": [-29.5204, -43.3648, -6.77291],
							"post": [-29.5204, -43.3648, -6.77291],
							"lerp_mode": "catmullrom"
						},
						"1.125": {
							"post": [-29.52, -46.18656, -6.77],
							"lerp_mode": "catmullrom"
						},
						"1.2917": {
							"post": [-29.52, -46.36937, -6.77],
							"lerp_mode": "catmullrom"
						},
						"1.4167": {
							"post": [-29.52, -46.36937, -6.77],
							"lerp_mode": "catmullrom"
						},
						"1.625": {
							"post": [-28.44626, -47.03369, -5.8624],
							"lerp_mode": "catmullrom"
						},
						"1.75": {
							"post": [-27.08281, -45.43, -3.16],
							"lerp_mode": "catmullrom"
						},
						"1.875": {
							"post": [-30.43469, -36.44875, 18.44],
							"lerp_mode": "catmullrom"
						},
						"2.0417": {
							"post": [-21.81987, 13.57342, 41.28547],
							"lerp_mode": "catmullrom"
						},
						"2.2083": {
							"post": [-20.82, 26.57, 48.29],
							"lerp_mode": "catmullrom"
						},
						"2.8333": {
							"post": [-21.82, 26.57, 48.29],
							"lerp_mode": "catmullrom"
						},
						"3.125": {
							"post": [-32.82, 27.67156, 47.73531],
							"lerp_mode": "catmullrom"
						},
						"3.75": {
							"post": [-32.82, 27.67156, 47.73531],
							"lerp_mode": "catmullrom"
						},
						"4.2083": {
							"post": [-26.22, 23.81531, 36.19],
							"lerp_mode": "catmullrom"
						},
						"4.5": {
							"post": [-2.5, 0, 5.5],
							"lerp_mode": "catmullrom"
						},
						"4.75": {
							"post": [0, 0, 0],
							"lerp_mode": "catmullrom"
						}
					},
					"position": {
						"0.0": {
							"post": [0, 0, 0],
							"lerp_mode": "catmullrom"
						},
						"0.1667": {
							"post": [-1.05273, 3.74686, 0.29903],
							"lerp_mode": "catmullrom"
						},
						"0.2917": {
							"post": [-1.08456, 3.90301, 1.59014],
							"lerp_mode": "catmullrom"
						},
						"0.4583": {
							"post": [-1.03, 1.82, 1.62],
							"lerp_mode": "catmullrom"
						},
						"0.5833": {
							"post": [-1.03, 1.52, 1.62],
							"lerp_mode": "catmullrom"
						},
						"0.7083": [-1.03, 1.12, 1.62],
						"0.75": [-1.03, 1.12, 1.62],
						"1.0": {
							"pre": [-1.04875, 1.07313, 3.26688],
							"post": [-1.04875, 1.07313, 3.26688],
							"lerp_mode": "catmullrom"
						},
						"1.5417": {
							"post": [-1.05344, 1.12, 3.02],
							"lerp_mode": "catmullrom"
						},
						"1.7083": {
							"post": [-1.05, 1.13656, 2.7],
							"lerp_mode": "catmullrom"
						},
						"1.8333": {
							"post": [0.1556, 1.16956, 1.141],
							"lerp_mode": "catmullrom"
						},
						"1.9583": {
							"post": [0.16, 1.18313, 2.14],
							"lerp_mode": "catmullrom"
						},
						"2.0833": {
							"post": [0.16, 1.20656, 1.54],
							"lerp_mode": "catmullrom"
						},
						"2.375": {
							"post": [0.16, 1.23, 1.74],
							"lerp_mode": "catmullrom"
						},
						"2.625": {
							"post": [0.16, 1.23, 2.04],
							"lerp_mode": "catmullrom"
						},
						"2.875": {
							"post": [0.71087, 0.95224, 2.88919],
							"lerp_mode": "catmullrom"
						},
						"3.125": {
							"post": [0.75031, 0.93, 2.95],
							"lerp_mode": "catmullrom"
						},
						"3.5": [0.71, 0.95, 2.89],
						"3.875": [0.71, 0.95, 2.89],
						"4.1667": {
							"pre": [0.74125, 0.86563, 2.52906],
							"post": [0.74125, 0.86563, 2.52906],
							"lerp_mode": "catmullrom"
						},
						"4.375": {
							"post": [0, 0.51, 0.26],
							"lerp_mode": "catmullrom"
						},
						"4.5": {
							"post": [-0.08157, 0.73665, -0.21847],
							"lerp_mode": "catmullrom"
						},
						"4.6667": {
							"post": [0, -0.14687, 0.22031],
							"lerp_mode": "catmullrom"
						},
						"4.8333": {
							"post": [0, -0.11, -0.11375],
							"lerp_mode": "catmullrom"
						},
						"5.0833": {
							"post": [0, 0, 0],
							"lerp_mode": "catmullrom"
						}
					}
				},
				"righthand": {
					"rotation": {
						"0.0": {
							"post": [85, 0, 0],
							"lerp_mode": "catmullrom"
						}
					},
					"position": {
						"0.0": {
							"post": [4.75, -13.56699, -3],
							"lerp_mode": "catmullrom"
						}
					},
					"scale": {
						"0.0": {
							"post": [1, 1, 1],
							"lerp_mode": "catmullrom"
						}
					}
				},
				"lefthand": {
					"rotation": {
						"0.0": {
							"post": [90, 15, 0],
							"lerp_mode": "catmullrom"
						},
						"0.25": {
							"post": [62.69751, 23.94137, -10.13554],
							"lerp_mode": "catmullrom"
						},
						"0.625": {
							"post": [62.69751, 23.94137, -10.13554],
							"lerp_mode": "catmullrom"
						},
						"0.7917": [62.20332, 23.51697, -16.23776],
						"4.3333": [62.20332, 23.51697, -16.23776],
						"4.5": {
							"pre": [90, 15, 0],
							"post": [90, 15, 0],
							"lerp_mode": "catmullrom"
						}
					},
					"position": {
						"0.0": {
							"post": [-5, -15, -4],
							"lerp_mode": "catmullrom"
						},
						"0.25": {
							"post": [-2.13454, -17.40594, -8.81667],
							"lerp_mode": "catmullrom"
						},
						"0.625": {
							"post": [-2.13454, -17.40594, -8.81667],
							"lerp_mode": "catmullrom"
						},
						"0.7917": [-4.06991, -14.88573, -9.35981],
						"4.3333": [-4.06991, -14.88573, -9.35981],
						"4.5": {
							"pre": [-5, -15, -4],
							"post": [-5, -15, -4],
							"lerp_mode": "catmullrom"
						}
					},
					"scale": [1, 1.5, 1]
				},
				"gun": {
					"rotation": {
						"0.0": {
							"post": [0, 0, 0],
							"lerp_mode": "catmullrom"
						},
						"0.4167": [-360, 0, 0],
						"4.5833": [-360, 0, 0],
						"4.875": [-360, 0, 0]
					},
					"position": {
						"0.0": {
							"post": [0, 0, 0],
							"lerp_mode": "catmullrom"
						},
						"0.4167": {
							"post": [0, 0, 0],
							"lerp_mode": "catmullrom"
						},
						"4.5833": {
							"post": [0, 0, 0],
							"lerp_mode": "catmullrom"
						},
						"4.875": {
							"post": [0, 0, 0],
							"lerp_mode": "catmullrom"
						}
					}
				},
				"additional_magazine": {
					"scale": 1
				},
				"camera": {
					"rotation": {
						"0.0": {
							"post": [0, 0, 0],
							"lerp_mode": "catmullrom"
						},
						"0.2917": {
							"post": [6, 4, 0],
							"lerp_mode": "catmullrom"
						},
						"0.5417": {
							"post": [6, 4, 0],
							"lerp_mode": "catmullrom"
						},
						"0.9583": {
							"post": [4.5, 9, 0],
							"lerp_mode": "catmullrom"
						},
						"1.5417": {
							"post": [4.5, 8.4, 0],
							"lerp_mode": "catmullrom"
						},
						"2.0417": {
							"post": [5, 6.6, 0],
							"lerp_mode": "catmullrom"
						},
						"2.8333": {
							"post": [5, 5.9, 0],
							"lerp_mode": "catmullrom"
						},
						"3.2083": {
							"post": [3.3, 4.1, 0],
							"lerp_mode": "catmullrom"
						},
						"4.0417": {
							"post": [2.9, 4.6, 0],
							"lerp_mode": "catmullrom"
						},
						"4.2917": {
							"post": [-0.65, 0.52, 0],
							"lerp_mode": "catmullrom"
						},
						"4.5417": {
							"post": [0.44, -0.34, 0],
							"lerp_mode": "catmullrom"
						},
						"4.875": {
							"post": [0, 0, 0],
							"lerp_mode": "catmullrom"
						}
					}
				}
			},
			"sound_effects": {
				"0.0": {
					"effect": "pgp:p50/p50_whirl"
				},
				"0.7083": {
					"effect": "pgp:p50/p50_grab2"
				},
				"1.9167": {
					"effect": "pgp:p50/p50_equip2"
				},
				"2.9167": {
					"effect": "pgp:p50/p50_grab3"
				},
				"4.2917": {
					"effect": "pgp:p50/p50_equip3"
				}
			}
		},
		"reload_empty": {
			"animation_length": 2.9167,
			"bones": {
				"root": {
					"rotation": {
						"0.0": {
							"post": [0, 0, 0],
							"lerp_mode": "catmullrom"
						},
						"0.1333": {
							"post": [-22.07266, -0.97474, -1.85779],
							"lerp_mode": "catmullrom"
						},
						"0.3167": {
							"post": [-41.10015, 3.52894, -24.05485],
							"lerp_mode": "catmullrom"
						},
						"0.45": {
							"post": [-41.10015, 6.70863, -24.05485],
							"lerp_mode": "catmullrom"
						},
						"0.5667": {
							"post": [-18.98281, 5.6475, -24.05],
							"lerp_mode": "catmullrom"
						},
						"0.65": [-19.56875, 6.71, -24.05],
						"0.6833": [-18.20031, 6.71, -24.05],
						"0.9667": {
							"pre": [-12.04865, -42.91408, -58.06992],
							"post": [-12.04865, -42.91408, -58.06992],
							"lerp_mode": "catmullrom"
						},
						"1.1333": [-39.96826, -34.69239, -34.97525],
						"1.2667": [-28.04, -37.16, -37.44],
						"1.4": {
							"pre": [-14.77526, -10.21344, -36.39919],
							"post": [-14.77526, -10.21344, -36.39919],
							"lerp_mode": "catmullrom"
						},
						"1.5167": {
							"post": [-3.30469, 1.07813, -1.29219],
							"lerp_mode": "catmullrom"
						},
						"1.6": {
							"post": [-1.92187, -0.64844, -0.42969],
							"lerp_mode": "catmullrom"
						},
						"1.6833": {
							"post": [0, 0, 0],
							"lerp_mode": "catmullrom"
						}
					},
					"position": {
						"0.0": {
							"post": [0, -1, 0],
							"lerp_mode": "catmullrom"
						},
						"0.1833": {
							"post": [-2, 4, -3.7],
							"lerp_mode": "catmullrom"
						},
						"0.4167": {
							"post": [-5.83571, 3.69069, 1.5029],
							"lerp_mode": "catmullrom"
						},
						"0.6333": [-4.73487, 1.10442, -0.86995],
						"0.6833": [-5.06727, 1.32319, -0.79523],
						"0.7667": [-4.81375, 0.99438, -0.94656],
						"0.9833": {
							"pre": [-5.6606, 3.18685, 2.8027],
							"post": [-5.6606, 3.18685, 2.8027],
							"lerp_mode": "catmullrom"
						},
						"1.1333": {
							"post": [-0.66388, 0.45102, 1.23973],
							"lerp_mode": "catmullrom"
						},
						"1.2": [-0.95687, 0.54531, 1.63688],
						"1.3333": [-0.66, 0.35, 1.34],
						"1.5167": {
							"pre": [-0.34062, 0.0875, -0.32031],
							"post": [-0.34062, 0.0875, -0.32031],
							"lerp_mode": "catmullrom"
						},
						"1.6": {
							"post": [0.01563, -0.11562, 0],
							"lerp_mode": "catmullrom"
						},
						"1.7": {
							"post": [0, 0, 0],
							"lerp_mode": "catmullrom"
						}
					}
				},
				"lefthand": {
					"rotation": {
						"0.0": {
							"post": [90, 15, 0],
							"lerp_mode": "catmullrom"
						},
						"0.3": {
							"post": [90, 15, 0],
							"lerp_mode": "catmullrom"
						},
						"0.85": [90, 28.9, 0],
						"1.4": [90, 28.9, 0],
						"1.6": {
							"pre": [90, 15, 0],
							"post": [90, 15, 0],
							"lerp_mode": "catmullrom"
						}
					},
					"position": {
						"0.0": {
							"post": [-5, -15, -4],
							"lerp_mode": "catmullrom"
						},
						"0.3": {
							"post": [-5, -15, -4],
							"lerp_mode": "catmullrom"
						},
						"0.8": [-5.39009, -16, -7.00131],
						"1.2667": [-5.39009, -16, -7.00131],
						"1.4": {
							"pre": [-3.39837, -16.74066, -4.63238],
							"post": [-3.39837, -16.74066, -4.63238],
							"lerp_mode": "catmullrom"
						},
						"1.6": {
							"post": [-5, -15, -4],
							"lerp_mode": "catmullrom"
						}
					},
					"scale": [1, 1.5, 1]
				},
				"righthand": {
					"rotation": {
						"0.0": {
							"post": [85, 0, 0],
							"lerp_mode": "catmullrom"
						}
					},
					"position": {
						"0.0": {
							"post": [4.75, -13.56699, -3],
							"lerp_mode": "catmullrom"
						}
					}
				},
				"mag_and_lefthand": {
					"rotation": {
						"0.0": {
							"post": [0, 0, 0],
							"lerp_mode": "catmullrom"
						},
						"0.3": {
							"post": [-22.5, 0, 0],
							"lerp_mode": "catmullrom"
						},
						"0.9667": {
							"post": [-22.5, 0, 0],
							"lerp_mode": "catmullrom"
						},
						"1.1667": {
							"post": [0, 0, 0],
							"lerp_mode": "catmullrom"
						}
					},
					"position": {
						"0.0": {
							"post": [0, 0, 0],
							"lerp_mode": "catmullrom"
						},
						"0.3": {
							"post": [11, -9.05625, 11.40478],
							"lerp_mode": "catmullrom"
						},
						"0.9667": {
							"post": [4.34862, -15.2864, 5.50895],
							"lerp_mode": "catmullrom"
						},
						"1.0833": [0, -2.85276, 0],
						"1.1667": [0, 0, 0]
					}
				},
				"mag2": {
					"scale": {
						"0.65": [0, 0, 0],
						"0.7667": {
							"pre": [0, 0, 0],
							"post": [1, 1, 1]
						},
						"1.1833": {
							"pre": [1, 1, 1],
							"post": [0, 0, 0]
						}
					}
				},
				"gun_and_righthand": {
					"rotation": {
						"0.0": [0, 0, 0],
						"0.7333": {
							"pre": [0, 0, 0],
							"post": [0, 0, 0],
							"lerp_mode": "catmullrom"
						}
					},
					"position": {
						"0.0": [0, 0, 0],
						"0.7333": {
							"pre": [0, 0, 0],
							"post": [0, 0, 0],
							"lerp_mode": "catmullrom"
						}
					}
				},
				"gun": {
					"rotation": {
						"0.0": {
							"post": [0, 0, 0],
							"lerp_mode": "catmullrom"
						},
						"0.3833": {
							"post": [-347.7, 0, 0],
							"lerp_mode": "catmullrom"
						},
						"0.6167": {
							"post": [-360, 0, 0],
							"lerp_mode": "catmullrom"
						},
						"0.9": [-360, 0, 0],
						"1.4833": [-360, 0, 0]
					},
					"position": {
						"0.0": {
							"post": [0, 0, 0],
							"lerp_mode": "catmullrom"
						}
					}
				},
				"constraint": {
					"rotation": [0.2, 0, 0],
					"position": [0.2, 0.2, 0.2]
				},
				"camera": {
					"rotation": {
						"0.0": {
							"post": [0, 0, 0],
							"lerp_mode": "catmullrom"
						},
						"0.4333": {
							"post": [-9, 0, 0],
							"lerp_mode": "catmullrom"
						},
						"0.5833": {
							"post": [-3, 0, 0],
							"lerp_mode": "catmullrom"
						},
						"0.7167": {
							"post": [-5.73281, 0, 0],
							"lerp_mode": "catmullrom"
						},
						"0.9833": {
							"post": [-5.6, 0, 0],
							"lerp_mode": "catmullrom"
						},
						"1.1333": {
							"post": [-5.6, 0, 3.625],
							"lerp_mode": "catmullrom"
						},
						"1.3333": {
							"post": [0, 0, -2.57031],
							"lerp_mode": "catmullrom"
						},
						"1.6": {
							"post": [0, 0, 0.925],
							"lerp_mode": "catmullrom"
						},
						"1.65": {
							"post": [0, 0, -0.57031],
							"lerp_mode": "catmullrom"
						},
						"1.7333": {
							"post": [0, 0, 0.1875],
							"lerp_mode": "catmullrom"
						},
						"1.8833": {
							"post": [0, 0, 0],
							"lerp_mode": "catmullrom"
						}
					}
				},
				"additional_magazine": {
					"rotation": {
						"0.0": [0, 0, 0],
						"0.5333": [0, 0, 0]
					},
					"position": {
						"0.0": [0, 0, 0],
						"0.5333": [0, 0, 0],
						"0.65": [0, -30, 0],
						"1.1833": {
							"pre": [0, -30, 0],
							"post": [0, 0, 0]
						}
					},
					"scale": {
						"0.65": [1, 1, 1],
						"0.7667": {
							"pre": [1, 1, 1],
							"post": [0, 0, 0]
						},
						"1.1833": {
							"pre": [0, 0, 0],
							"post": [1, 1, 1]
						}
					}
				}
			},
			"sound_effects": {
				"0.0": {
					"effect": "pgp:m3516/m3516_rotate"
				},
				"0.3833": {
					"effect": "pgp:p50/p50_mag_out"
				},
				"0.4167": {
					"effect": "pgp:p50/p50_grab2"
				},
				"0.8833": {
					"effect": "pgp:p50/p50_mag_in"
				},
				"1.35": {
					"effect": "pgp:p50/p50_equip3"
				}
			}
		},
		"inspect_empty": {
			"animation_length": 6.4167,
			"bones": {
				"mag": {
					"scale": 0
				},
				"root": {
					"rotation": {
						"0.0": {
							"post": [0, 0, 0],
							"lerp_mode": "catmullrom"
						},
						"0.1667": {
							"post": [-22.5, -10, 0],
							"lerp_mode": "catmullrom"
						},
						"0.375": {
							"post": [-18.4088, -25.72484, -15.05877],
							"lerp_mode": "catmullrom"
						},
						"0.4583": {
							"post": [-26.41, -25.42, -15.57562],
							"lerp_mode": "catmullrom"
						},
						"0.5833": [-28.91, -25.72, -15.06],
						"0.75": [-28.91, -25.72, -15.06],
						"1.0": {
							"pre": [-29.5204, -43.3648, -6.77291],
							"post": [-29.5204, -43.3648, -6.77291],
							"lerp_mode": "catmullrom"
						},
						"1.125": {
							"post": [-29.52, -46.18656, -6.77],
							"lerp_mode": "catmullrom"
						},
						"1.2917": {
							"post": [-29.52, -46.36937, -6.77],
							"lerp_mode": "catmullrom"
						},
						"1.4167": {
							"post": [-29.52, -46.36937, -6.77],
							"lerp_mode": "catmullrom"
						},
						"1.625": {
							"post": [-28.44626, -47.03369, -5.8624],
							"lerp_mode": "catmullrom"
						},
						"1.75": {
							"post": [-27.08281, -45.43, -3.16],
							"lerp_mode": "catmullrom"
						},
						"1.875": {
							"post": [-30.43469, -36.44875, 18.44],
							"lerp_mode": "catmullrom"
						},
						"2.0417": {
							"post": [-21.81987, 13.57342, 41.28547],
							"lerp_mode": "catmullrom"
						},
						"2.2083": {
							"post": [-20.82, 26.57, 48.29],
							"lerp_mode": "catmullrom"
						},
						"2.8333": {
							"post": [-21.82, 26.57, 48.29],
							"lerp_mode": "catmullrom"
						},
						"3.125": {
							"post": [-32.82, 27.67156, 47.73531],
							"lerp_mode": "catmullrom"
						},
						"3.75": {
							"post": [-32.82, 27.67156, 47.73531],
							"lerp_mode": "catmullrom"
						},
						"4.2083": {
							"post": [-26.22, 23.81531, 36.19],
							"lerp_mode": "catmullrom"
						},
						"4.5": {
							"post": [-2.5, 0, 5.5],
							"lerp_mode": "catmullrom"
						},
						"4.75": {
							"post": [0, 0, 0],
							"lerp_mode": "catmullrom"
						}
					},
					"position": {
						"0.0": {
							"post": [0, 0, 0],
							"lerp_mode": "catmullrom"
						},
						"0.1667": {
							"post": [-1.05273, 3.74686, 0.29903],
							"lerp_mode": "catmullrom"
						},
						"0.2917": {
							"post": [-1.08456, 3.90301, 1.59014],
							"lerp_mode": "catmullrom"
						},
						"0.4583": {
							"post": [-1.03, 1.82, 1.62],
							"lerp_mode": "catmullrom"
						},
						"0.5833": {
							"post": [-1.03, 1.52, 1.62],
							"lerp_mode": "catmullrom"
						},
						"0.7083": [-1.03, 1.12, 1.62],
						"0.75": [-1.03, 1.12, 1.62],
						"1.0": {
							"pre": [-1.04875, 1.07313, 3.26688],
							"post": [-1.04875, 1.07313, 3.26688],
							"lerp_mode": "catmullrom"
						},
						"1.5417": {
							"post": [-1.05344, 1.12, 3.02],
							"lerp_mode": "catmullrom"
						},
						"1.7083": {
							"post": [-1.05, 1.13656, 2.7],
							"lerp_mode": "catmullrom"
						},
						"1.8333": {
							"post": [0.1556, 1.16956, 1.141],
							"lerp_mode": "catmullrom"
						},
						"1.9583": {
							"post": [0.16, 1.18313, 2.14],
							"lerp_mode": "catmullrom"
						},
						"2.0833": {
							"post": [0.16, 1.20656, 1.54],
							"lerp_mode": "catmullrom"
						},
						"2.375": {
							"post": [0.16, 1.23, 1.74],
							"lerp_mode": "catmullrom"
						},
						"2.625": {
							"post": [0.16, 1.23, 2.04],
							"lerp_mode": "catmullrom"
						},
						"2.875": {
							"post": [0.71087, 0.95224, 2.88919],
							"lerp_mode": "catmullrom"
						},
						"3.125": {
							"post": [0.75031, 0.93, 2.95],
							"lerp_mode": "catmullrom"
						},
						"3.5": [0.71, 0.95, 2.89],
						"3.875": [0.71, 0.95, 2.89],
						"4.1667": {
							"pre": [0.74125, 0.86563, 2.52906],
							"post": [0.74125, 0.86563, 2.52906],
							"lerp_mode": "catmullrom"
						},
						"4.375": {
							"post": [0, 0.51, 0.26],
							"lerp_mode": "catmullrom"
						},
						"4.5": {
							"post": [-0.08157, 0.73665, -0.21847],
							"lerp_mode": "catmullrom"
						},
						"4.6667": {
							"post": [0, -0.14687, 0.22031],
							"lerp_mode": "catmullrom"
						},
						"4.8333": {
							"post": [0, -0.11, -0.11375],
							"lerp_mode": "catmullrom"
						},
						"5.0833": {
							"post": [0, 0, 0],
							"lerp_mode": "catmullrom"
						}
					}
				},
				"righthand": {
					"rotation": {
						"0.0": {
							"post": [85, 0, 0],
							"lerp_mode": "catmullrom"
						}
					},
					"position": {
						"0.0": {
							"post": [4.75, -13.56699, -3],
							"lerp_mode": "catmullrom"
						}
					},
					"scale": {
						"0.0": {
							"post": [1, 1, 1],
							"lerp_mode": "catmullrom"
						}
					}
				},
				"lefthand": {
					"rotation": {
						"0.0": {
							"post": [90, 15, 0],
							"lerp_mode": "catmullrom"
						},
						"0.25": {
							"post": [62.69751, 23.94137, -10.13554],
							"lerp_mode": "catmullrom"
						},
						"0.625": {
							"post": [62.69751, 23.94137, -10.13554],
							"lerp_mode": "catmullrom"
						},
						"0.7917": [62.20332, 23.51697, -16.23776],
						"4.3333": [62.20332, 23.51697, -16.23776],
						"4.5": {
							"pre": [90, 15, 0],
							"post": [90, 15, 0],
							"lerp_mode": "catmullrom"
						}
					},
					"position": {
						"0.0": {
							"post": [-5, -15, -4],
							"lerp_mode": "catmullrom"
						},
						"0.25": {
							"post": [-2.13454, -17.40594, -8.81667],
							"lerp_mode": "catmullrom"
						},
						"0.625": {
							"post": [-2.13454, -17.40594, -8.81667],
							"lerp_mode": "catmullrom"
						},
						"0.7917": [-4.06991, -14.88573, -9.35981],
						"4.3333": [-4.06991, -14.88573, -9.35981],
						"4.5": {
							"pre": [-5, -15, -4],
							"post": [-5, -15, -4],
							"lerp_mode": "catmullrom"
						}
					},
					"scale": [1, 1.5, 1]
				},
				"gun": {
					"rotation": {
						"0.0": {
							"post": [0, 0, 0],
							"lerp_mode": "catmullrom"
						},
						"0.4167": [-360, 0, 0],
						"4.5833": [-360, 0, 0],
						"4.875": [-360, 0, 0]
					},
					"position": {
						"0.0": {
							"post": [0, 0, 0],
							"lerp_mode": "catmullrom"
						},
						"0.4167": {
							"post": [0, 0, 0],
							"lerp_mode": "catmullrom"
						},
						"4.5833": {
							"post": [0, 0, 0],
							"lerp_mode": "catmullrom"
						},
						"4.875": {
							"post": [0, 0, 0],
							"lerp_mode": "catmullrom"
						}
					}
				},
				"additional_magazine": {
					"scale": 1
				},
				"camera": {
					"rotation": {
						"0.0": {
							"post": [0, 0, 0],
							"lerp_mode": "catmullrom"
						},
						"0.2917": {
							"post": [6, 4, 0],
							"lerp_mode": "catmullrom"
						},
						"0.5417": {
							"post": [6, 4, 0],
							"lerp_mode": "catmullrom"
						},
						"0.9583": {
							"post": [4.5, 9, 0],
							"lerp_mode": "catmullrom"
						},
						"1.5417": {
							"post": [4.5, 8.4, 0],
							"lerp_mode": "catmullrom"
						},
						"2.0417": {
							"post": [5, -1, 0],
							"lerp_mode": "catmullrom"
						},
						"2.8333": {
							"post": [5, -1.8, 0],
							"lerp_mode": "catmullrom"
						},
						"3.2083": {
							"post": [3.3, -3, 0],
							"lerp_mode": "catmullrom"
						},
						"4.0417": {
							"post": [2.9, -2.5, 0],
							"lerp_mode": "catmullrom"
						},
						"4.2917": {
							"post": [-0.65, 0.52, 0],
							"lerp_mode": "catmullrom"
						},
						"4.5417": {
							"post": [0.44, -0.34, 0],
							"lerp_mode": "catmullrom"
						},
						"4.875": {
							"post": [0, 0, 0],
							"lerp_mode": "catmullrom"
						}
					}
				}
			},
			"sound_effects": {
				"0.0": {
					"effect": "pgp:p50/p50_whirl"
				},
				"0.7083": {
					"effect": "pgp:p50/p50_grab2"
				},
				"1.9167": {
					"effect": "pgp:p50/p50_equip2"
				},
				"2.9167": {
					"effect": "pgp:p50/p50_grab3"
				},
				"4.2917": {
					"effect": "pgp:p50/p50_equip3"
				}
			}
		}
	}
}