{
	"format_version": "1.8.0",
	"animations": {
		"static_idle": {
			"loop": true,
			"bones": {
				"lefthand": {
					"rotation": {
						"0.0": {
							"post": [104.51412, 18.52942, 57.9506],
							"lerp_mode": "catmullrom"
						}
					},
					"position": {
						"0.0": {
							"post": [-4, -13, -17],
							"lerp_mode": "catmullrom"
						}
					},
					"scale": {
						"0.0": {
							"post": [1, 2, 1],
							"lerp_mode": "catmullrom"
						}
					}
				},
				"righthand": {
					"rotation": {
						"0.0": {
							"post": [87.5, 0, 0],
							"lerp_mode": "catmullrom"
						}
					},
					"position": {
						"0.0": {
							"post": [5, -14.4, 2],
							"lerp_mode": "catmullrom"
						}
					}
				},
				"constraint": {
					"rotation": [0.2, 0.2, 0.2],
					"position": [0.2, 0.2, 0.2]
				}
			}
		},
		"shoot": {
			"animation_length": 0.5,
			"bones": {
				"1": {
					"position": {
						"0.0": {
							"post": [0, 0, 0],
							"lerp_mode": "catmullrom"
						},
						"0.05": {
							"post": [0, 0, 2],
							"lerp_mode": "catmullrom"
						},
						"0.1": {
							"post": [0, 0, 0],
							"lerp_mode": "catmullrom"
						}
					}
				},
				"root": {
					"rotation": {
						"0.0": {
							"post": [0, 0, 0],
							"lerp_mode": "catmullrom"
						},
						"0.05": {
							"post": [-0.6, 0.40625, 0.5],
							"lerp_mode": "catmullrom"
						},
						"0.1": {
							"post": [0.2, -0.25938, -0.3],
							"lerp_mode": "catmullrom"
						},
						"0.2": {
							"post": [-0.1, 0.2, 0.2],
							"lerp_mode": "catmullrom"
						},
						"0.35": {
							"post": [0.06688, -0.2, -0.06312],
							"lerp_mode": "catmullrom"
						},
						"0.5": {
							"post": [0, 0, 0],
							"lerp_mode": "catmullrom"
						}
					},
					"position": {
						"0.0": {
							"post": [0, 0, 0],
							"lerp_mode": "catmullrom"
						},
						"0.0167": {
							"post": [0, -0.1, 1.2],
							"lerp_mode": "catmullrom"
						},
						"0.05": {
							"post": [-0.13281, 0.06406, 1.2],
							"lerp_mode": "catmullrom"
						},
						"0.1": {
							"post": [-0.03906, -0.05, 0.09032],
							"lerp_mode": "catmullrom"
						},
						"0.1833": {
							"post": [0, 0, -0.06093],
							"lerp_mode": "catmullrom"
						},
						"0.3167": {
							"post": [0, 0, 0],
							"lerp_mode": "catmullrom"
						}
					}
				},
				"lightning1": {
					"rotation": [0, 0, 0],
					"position": [0, 0, 0],
					"scale": 1
				},
				"constraint": {
					"rotation": {
						"0.0": [0.2, 0.3, 0.3],
						"0.05": [0, 0, 0]
					},
					"position": {
						"0.0": [0.2, 0.2, 0.45],
						"0.05": [0, 0, 0]
					}
				},
				"camera": {
					"rotation": {
						"0.0": {
							"post": [0, 0, 0],
							"lerp_mode": "catmullrom"
						},
						"0.05": {
							"post": [0, 0, 1],
							"lerp_mode": "catmullrom"
						},
						"0.1": {
							"post": [0, 0, -0.7],
							"lerp_mode": "catmullrom"
						},
						"0.2": {
							"post": [0, 0, 0.3],
							"lerp_mode": "catmullrom"
						},
						"0.3": {
							"post": [0, 0, -0.2],
							"lerp_mode": "catmullrom"
						},
						"0.4": {
							"post": [0, 0, 0.1],
							"lerp_mode": "catmullrom"
						},
						"0.5": {
							"post": [0, 0, -0.1],
							"lerp_mode": "catmullrom"
						},
						"0.6": {
							"post": [0, 0, 0],
							"lerp_mode": "catmullrom"
						}
					}
				},
				"bullet_1": {
					"rotation": {
						"0.0": [0, 0, 0],
						"0.0167": [0, 0, -10],
						"0.0333": [0, 0, 0],
						"0.0667": [0, 0, -5],
						"0.1": [0, 0, 0]
					},
					"position": [0, 0, 0]
				}
			}
		},
		"draw": {
			"animation_length": 1.2048,
			"bones": {
				"root": {
					"rotation": {
						"0.0": {
							"post": [-103.12, 0, 0],
							"lerp_mode": "catmullrom"
						},
						"0.1": {
							"post": [-91.33, -14.34, -0.55],
							"lerp_mode": "catmullrom"
						},
						"0.25": {
							"post": [-76.6, -14.49, -2.98],
							"lerp_mode": "catmullrom"
						},
						"0.35": {
							"post": [-49.98, -8.63, -1.82],
							"lerp_mode": "catmullrom"
						},
						"0.6": {
							"post": [0, 0, 7.5],
							"lerp_mode": "catmullrom"
						},
						"0.7": {
							"post": [3.30992, 0.49018, -1.87167],
							"lerp_mode": "catmullrom"
						},
						"0.85": {
							"post": [0.98628, -0.20008, 1.69645],
							"lerp_mode": "catmullrom"
						},
						"0.95": {
							"post": [0, 0, -0.4],
							"lerp_mode": "catmullrom"
						},
						"1.1": [0, 0, 0]
					},
					"position": {
						"0.0": {
							"post": [-9, -36, 2],
							"lerp_mode": "catmullrom"
						},
						"0.1": {
							"post": [-5.01, -17.52, -3.2],
							"lerp_mode": "catmullrom"
						},
						"0.25": {
							"post": [-2.9, -11.93, -3.99],
							"lerp_mode": "catmullrom"
						},
						"0.4": {
							"post": [-0.25, -2.46, -2.03],
							"lerp_mode": "catmullrom"
						},
						"0.6": {
							"post": [0, -0.6, 0.3],
							"lerp_mode": "catmullrom"
						},
						"0.7": {
							"post": [0, 0.03, 0.4],
							"lerp_mode": "catmullrom"
						},
						"0.85": {
							"post": [0, 0, -0.2],
							"lerp_mode": "catmullrom"
						},
						"0.95": {
							"post": [0, -0.1, -0.18],
							"lerp_mode": "catmullrom"
						},
						"1.15": [0, 0, 0]
					}
				},
				"lefthand": {
					"rotation": {
						"0.0": {
							"post": [104.51412, 18.52942, 57.9506],
							"lerp_mode": "catmullrom"
						}
					},
					"position": {
						"0.0": {
							"post": [-4, -13, -17],
							"lerp_mode": "catmullrom"
						}
					},
					"scale": {
						"0.0": {
							"post": [1, 2, 1],
							"lerp_mode": "catmullrom"
						}
					}
				},
				"mag_extended_2": {
					"rotation": [0, 0, 0],
					"position": [0, 0, 0]
				},
				"mag_extended_3": {
					"rotation": [0, 0, 0],
					"position": [0, 0, 0]
				},
				"mag_extended_1": {
					"rotation": [0, 0, 0],
					"position": [0, 0, 0]
				},
				"mag_": {
					"rotation": [0, 0, 0],
					"position": [0, 0, 0]
				},
				"righthand": {
					"rotation": {
						"0.0": {
							"post": [90, -10, 0],
							"lerp_mode": "catmullrom"
						}
					},
					"position": {
						"0.0": {
							"post": [4.68124, -13.1, -7.07163],
							"lerp_mode": "catmullrom"
						}
					}
				},
				"camera": {
					"rotation": {
						"0.0": {
							"post": [0, 0, 0],
							"lerp_mode": "catmullrom"
						},
						"0.1": {
							"post": [-0.3425, 0.59375, 0],
							"lerp_mode": "catmullrom"
						},
						"0.25": {
							"post": [-0.4325, 0.38125, -0.5625],
							"lerp_mode": "catmullrom"
						},
						"0.35": {
							"post": [0.0775, 0, -0.21875],
							"lerp_mode": "catmullrom"
						},
						"0.55": {
							"post": [0.95, -0.25, -0.5625],
							"lerp_mode": "catmullrom"
						},
						"0.8": {
							"post": [-0.05, -0.2575, -0.3125],
							"lerp_mode": "catmullrom"
						},
						"0.95": {
							"post": [-0.2525, 0.4375, 0.25],
							"lerp_mode": "catmullrom"
						},
						"1.15": {
							"post": [0, 0, 0],
							"lerp_mode": "catmullrom"
						}
					}
				}
			},
			"sound_effects": {
				"0.0": {
					"effect": "pgp:all/draw2"
				}
			}
		},
		"inspect": {
			"animation_length": 7.25,
			"bones": {
				"root": {
					"rotation": {
						"0.0": {
							"post": [0, 0, 0],
							"lerp_mode": "catmullrom"
						},
						"0.25": {
							"post": [-9.7, -10, 0],
							"lerp_mode": "catmullrom"
						},
						"0.5417": {
							"post": [-8.1088, -25.52484, -12.04877],
							"lerp_mode": "catmullrom"
						},
						"1.1667": {
							"post": [-10.91, -25.72, -12.05],
							"lerp_mode": "catmullrom"
						},
						"1.4167": {
							"post": [-5.7204, -29.3648, -6.77291],
							"lerp_mode": "catmullrom"
						},
						"1.7083": {
							"post": [-6.64626, -54.03369, -5.8624],
							"lerp_mode": "catmullrom"
						},
						"3.2083": {
							"post": [-6.64626, -54.03369, -5.8624],
							"lerp_mode": "catmullrom"
						},
						"3.5833": {
							"post": [-27.32961, 6.41353, 39.16346],
							"lerp_mode": "catmullrom"
						},
						"3.8333": {
							"post": [-28.78, 12.87, 46.29781],
							"lerp_mode": "catmullrom"
						},
						"4.6667": {
							"post": [-27.6875, 9, 44.63313],
							"lerp_mode": "catmullrom"
						},
						"4.875": {
							"post": [-26.67, 9, 42.04],
							"lerp_mode": "catmullrom"
						},
						"5.0833": {
							"post": [2.72, 0, 10.12],
							"lerp_mode": "catmullrom"
						},
						"5.25": {
							"post": [0, 0, 0],
							"lerp_mode": "catmullrom"
						}
					},
					"position": {
						"0.0": {
							"post": [0, 0, 0],
							"lerp_mode": "catmullrom"
						},
						"0.25": {
							"post": [-0.05273, 1.74686, 0.29903],
							"lerp_mode": "catmullrom"
						},
						"0.4583": {
							"post": [-0.08456, 1.60301, 0.59014],
							"lerp_mode": "catmullrom"
						},
						"0.625": {
							"post": [-0.03, 1.62, 0.62],
							"lerp_mode": "catmullrom"
						},
						"0.75": {
							"post": [-0.03, 1.52, 0.62],
							"lerp_mode": "catmullrom"
						},
						"0.875": {
							"post": [-0.03, 1.42, 0.62],
							"lerp_mode": "catmullrom"
						},
						"1.1667": {
							"post": [-0.03, 1.12, 0.62],
							"lerp_mode": "catmullrom"
						},
						"1.75": {
							"post": [-0.04875, 1.07313, 1.36688],
							"lerp_mode": "catmullrom"
						},
						"3.125": {
							"post": [-0.04875, 1.07313, 1.26688],
							"lerp_mode": "catmullrom"
						},
						"3.25": {
							"post": [0.36913, -0.78675, 0.62665],
							"lerp_mode": "catmullrom"
						},
						"3.375": {
							"post": [0.46854, 0.06002, 0.28515],
							"lerp_mode": "catmullrom"
						},
						"3.5": {
							"post": [0.71973, -0.13324, -0.62732],
							"lerp_mode": "catmullrom"
						},
						"3.6667": {
							"post": [1.04452, 0.08468, -0.3682],
							"lerp_mode": "catmullrom"
						},
						"3.9583": {
							"post": [1.20938, 0, -0.42031],
							"lerp_mode": "catmullrom"
						},
						"4.25": {
							"post": [1.25594, -0.04, -0.38531],
							"lerp_mode": "catmullrom"
						},
						"4.6667": {
							"post": [1.20938, 0.1, -0.62031],
							"lerp_mode": "catmullrom"
						},
						"5.0833": {
							"post": [0.24, 0.8, -2.81],
							"lerp_mode": "catmullrom"
						},
						"5.2917": {
							"post": [0.1, -0.20312, 0.7],
							"lerp_mode": "catmullrom"
						},
						"5.4583": {
							"post": [0, 0.04688, 0],
							"lerp_mode": "catmullrom"
						},
						"5.5833": {
							"post": [0, 0, 0],
							"lerp_mode": "catmullrom"
						}
					}
				},
				"lefthand": {
					"rotation": {
						"0.0": [104.51412, 18.52942, 57.9506],
						"0.875": [104.51412, 18.52942, 57.9506],
						"1.1667": [86.23978, 16.01093, -16.18277],
						"2.7083": [86.23978, 16.01093, -16.18277],
						"2.9167": [-7.2795, 2.0544, -72.4175],
						"3.0": [-7.2795, 2.0544, -72.4175],
						"3.125": [12.72, 2.05, -72.42],
						"3.2083": [12.72, 2.05, -72.42],
						"3.6667": {
							"pre": [86.24603, 39.93979, 27.6266],
							"post": [86.24603, 39.93979, 27.6266],
							"lerp_mode": "catmullrom"
						},
						"3.7917": {
							"post": [104.51412, 18.52942, 57.9506],
							"lerp_mode": "catmullrom"
						}
					},
					"position": {
						"0.0": [-4, -13, -17],
						"0.875": [-4, -13, -17],
						"1.0417": {
							"pre": [2.31062, -16.01456, -11.71354],
							"post": [2.31062, -16.01456, -11.71354],
							"lerp_mode": "catmullrom"
						},
						"1.1667": [0.53608, -15.73434, -8.15376],
						"2.7083": [0.53608, -15.73434, -8.15376],
						"2.9167": [0.42721, -2.59399, -9.49562],
						"3.0": [0.42721, -2.59399, -9.49562],
						"3.125": [0.11948, -10.78559, -6.78312],
						"3.2083": [1.05176, -11.07271, -6.56308],
						"3.5": {
							"pre": [2.10365, -9.03274, -12.1016],
							"post": [2.10365, -9.03274, -12.1016],
							"lerp_mode": "catmullrom"
						},
						"3.7917": {
							"post": [-4, -13, -17],
							"lerp_mode": "catmullrom"
						}
					},
					"scale": {
						"0.0": {
							"post": [1, 2, 1],
							"lerp_mode": "catmullrom"
						}
					}
				},
				"righthand": {
					"rotation": {
						"0.0": {
							"post": [87.5, 0, 0],
							"lerp_mode": "catmullrom"
						}
					},
					"position": {
						"0.0": {
							"post": [5, -14.4, 2],
							"lerp_mode": "catmullrom"
						}
					}
				},
				"gun": {
					"rotation": {
						"5.2917": [-360, 0, 0],
						"5.5833": [-360, 0, 0]
					},
					"position": {
						"5.2917": {
							"pre": [0, 0, 0],
							"post": [0, 0, 0],
							"lerp_mode": "catmullrom"
						},
						"5.5833": {
							"post": [0, 0, 0],
							"lerp_mode": "catmullrom"
						}
					}
				},
				"camera": {
					"rotation": {
						"0.0": {
							"post": [0, 0, 0],
							"lerp_mode": "catmullrom"
						},
						"0.4583": {
							"post": [-7.5, 12.5, 0],
							"lerp_mode": "catmullrom"
						},
						"0.75": {
							"post": [-7.5, 12.5, 0],
							"lerp_mode": "catmullrom"
						},
						"1.0833": {
							"post": [-7.5, 12.5, 0],
							"lerp_mode": "catmullrom"
						},
						"1.5417": {
							"post": [0, 5, 0],
							"lerp_mode": "catmullrom"
						},
						"2.6667": {
							"post": [0, 2.5, 0],
							"lerp_mode": "catmullrom"
						},
						"3.25": {
							"post": [3, 0, 0.8],
							"lerp_mode": "catmullrom"
						},
						"3.3333": {
							"post": [3.74531, 0.13281, 1.79844],
							"lerp_mode": "catmullrom"
						},
						"3.4583": {
							"post": [2.86719, -0.03125, 0.54219],
							"lerp_mode": "catmullrom"
						},
						"3.5417": {
							"post": [3, 0, 0.8],
							"lerp_mode": "catmullrom"
						},
						"4.0": {
							"post": [0.9, 0, 0.8],
							"lerp_mode": "catmullrom"
						},
						"4.9167": {
							"post": [0.37, -0.02, 0.06],
							"lerp_mode": "catmullrom"
						},
						"5.125": {
							"post": [0.4, 0, 0],
							"lerp_mode": "catmullrom"
						},
						"5.2917": {
							"post": [1.10469, 0.38125, 0.74531],
							"lerp_mode": "catmullrom"
						},
						"5.4583": {
							"post": [-0.125, -0.03125, -0.23437],
							"lerp_mode": "catmullrom"
						},
						"5.625": {
							"post": [0, 0, 0],
							"lerp_mode": "catmullrom"
						}
					}
				},
				"mag_cap": {
					"rotation": {
						"0.3333": [0, 0, 0],
						"0.4583": [0, 0, -101],
						"0.5417": [0, 0, -83.36719],
						"0.625": [0, 0, -90],
						"3.0": [0, 0, -90],
						"3.1667": [0, 0, 0]
					},
					"position": {
						"0.3333": [0, 0, 0],
						"3.0": [0, 0, 0],
						"3.1667": [0, 0, 0]
					}
				}
			},
			"sound_effects": {
				"0.1667": {
					"effect": "pgp:all/equip2"
				},
				"0.4583": {
					"effect": "pgp:mg6l/mg6l_cap_start"
				},
				"1.4167": {
					"effect": "pgp:all/equip3"
				},
				"3.1667": {
					"effect": "pgp:nekom/nekom_grab2"
				},
				"3.3333": {
					"effect": "pgp:all/unequip2"
				},
				"5.0417": {
					"effect": "pgp:all/grab3"
				}
			}
		},
		"reload_empty": {
			"animation_length": 3.95,
			"bones": {
				"root": {
					"rotation": {
						"0.0": {
							"post": [0, 0, 0],
							"lerp_mode": "catmullrom"
						},
						"0.35": {
							"post": [5.66269, -20.5735, 5.29574],
							"lerp_mode": "catmullrom"
						},
						"0.9333": {
							"post": [-45.76564, -46.80893, -18.30438],
							"lerp_mode": "catmullrom"
						},
						"1.1167": {
							"post": [-38.26564, -46.80893, -18.30438],
							"lerp_mode": "catmullrom"
						},
						"1.2833": {
							"post": [-41.73875, -51.77875, -22.63594],
							"lerp_mode": "catmullrom"
						},
						"1.5167": {
							"post": [-41.50594, -51.54594, -22.60312],
							"lerp_mode": "catmullrom"
						},
						"1.8": {
							"post": [-39.37156, -46.54437, -19.53125],
							"lerp_mode": "catmullrom"
						},
						"2.0333": {
							"post": [-34.2791, -41.10121, -10.35063],
							"lerp_mode": "catmullrom"
						},
						"2.1333": {
							"post": [-37.98, -38.5, -10.35],
							"lerp_mode": "catmullrom"
						},
						"2.2333": {
							"post": [-37.98, -42.18594, -10.35],
							"lerp_mode": "catmullrom"
						},
						"2.3833": {
							"post": [-28.98, -41.1, -10.35],
							"lerp_mode": "catmullrom"
						},
						"2.55": {
							"post": [-28.19094, -40.1, -8.56875],
							"lerp_mode": "catmullrom"
						},
						"2.6667": {
							"post": [-32.47499, -36.34373, -4.62268],
							"lerp_mode": "catmullrom"
						},
						"2.7333": {
							"post": [-29.98406, -36.34, -1.12],
							"lerp_mode": "catmullrom"
						},
						"2.8667": {
							"post": [-32.12, -37.4775, -2.02],
							"lerp_mode": "catmullrom"
						},
						"3.0167": {
							"post": [-29.42, -37.4775, -2.02],
							"lerp_mode": "catmullrom"
						},
						"3.25": {
							"post": [0.43, -23.66, -0.59],
							"lerp_mode": "catmullrom"
						},
						"3.4167": {
							"post": [7.23084, -10.04978, -0.24591],
							"lerp_mode": "catmullrom"
						},
						"3.6": {
							"post": [-1.82031, -0.1, 0.51875],
							"lerp_mode": "catmullrom"
						},
						"3.8167": {
							"post": [0.24219, -0.1, 0.51875],
							"lerp_mode": "catmullrom"
						},
						"3.95": {
							"post": [0, 0, 0],
							"lerp_mode": "catmullrom"
						}
					},
					"position": {
						"0.0": {
							"post": [0, 0, 0],
							"lerp_mode": "catmullrom"
						},
						"0.35": {
							"post": [0, 0, 0],
							"lerp_mode": "catmullrom"
						},
						"0.6333": {
							"post": [-0.28285, 2.19327, 1.22864],
							"lerp_mode": "catmullrom"
						},
						"0.9333": {
							"post": [-2.61, 0.23, 0.125],
							"lerp_mode": "catmullrom"
						},
						"1.0333": {
							"post": [-1.66489, -0.57471, -0.28117],
							"lerp_mode": "catmullrom"
						},
						"1.1833": {
							"post": [-2.35219, 0.18469, -0.57031],
							"lerp_mode": "catmullrom"
						},
						"1.4333": {
							"post": [-2.31312, 0.16906, -0.57031],
							"lerp_mode": "catmullrom"
						},
						"1.7333": {
							"post": [-2.31312, 0.16906, -0.57031],
							"lerp_mode": "catmullrom"
						},
						"2.0333": {
							"post": [-2.31312, 0.16906, -0.57031],
							"lerp_mode": "catmullrom"
						},
						"2.1333": {
							"post": [-2.60089, 0.41541, -0.35536],
							"lerp_mode": "catmullrom"
						},
						"2.2167": {
							"post": [-2.6, 0.17938, -0.36],
							"lerp_mode": "catmullrom"
						},
						"2.3": {
							"post": [-3.693, -0.91442, 0.15227],
							"lerp_mode": "catmullrom"
						},
						"2.3667": {
							"post": [-4.05469, -1.28094, -0.27406],
							"lerp_mode": "catmullrom"
						},
						"2.5": {
							"post": [-3.6, -1.02, -0.26],
							"lerp_mode": "catmullrom"
						},
						"2.6167": {
							"post": [-3.3, -0.82, -0.26],
							"lerp_mode": "catmullrom"
						},
						"2.7333": {
							"post": [-3.3, -0.82, -0.26],
							"lerp_mode": "catmullrom"
						},
						"2.8333": {
							"post": [-2.23446, -0.73042, -0.4273],
							"lerp_mode": "catmullrom"
						},
						"2.9167": {
							"post": [-2.79554, 0.08042, -0.2627],
							"lerp_mode": "catmullrom"
						},
						"3.0667": {
							"post": [-2.59554, -0.01958, -0.2627],
							"lerp_mode": "catmullrom"
						},
						"3.1833": {
							"post": [-0.82865, -0.98844, -0.78984],
							"lerp_mode": "catmullrom"
						},
						"3.4667": {
							"post": [0, 2.22031, -2.3],
							"lerp_mode": "catmullrom"
						},
						"3.6833": {
							"post": [0, -0.09375, 0.52812],
							"lerp_mode": "catmullrom"
						},
						"3.85": {
							"post": [0, 0.03906, -0.13281],
							"lerp_mode": "catmullrom"
						},
						"4.0333": {
							"post": [0, 0, 0],
							"lerp_mode": "catmullrom"
						}
					}
				},
				"mag_and_lefthand": {
					"rotation": {
						"0.0": {
							"post": [0, 0, 0],
							"lerp_mode": "catmullrom"
						},
						"1.0": [0, 0, 0],
						"1.0333": [-5, 0, 0],
						"1.2333": {
							"pre": [30, 0, 0],
							"post": [30, 0, 0],
							"lerp_mode": "catmullrom"
						},
						"1.7": {
							"post": [30, 0, 0],
							"lerp_mode": "catmullrom"
						},
						"2.0333": [-15.5, 0, 0],
						"2.1333": [-15.5, 0, 0],
						"2.2167": [-15.5, 0, 0],
						"2.35": [0, 0, 0]
					},
					"position": {
						"0.0": {
							"post": [0, 0, 0],
							"lerp_mode": "catmullrom"
						},
						"1.0": [0, 0, 0],
						"1.0333": [0, 0.00436, -0.0999],
						"1.15": {
							"pre": [9.44, -9.13, -0.91],
							"post": [9.44, -9.13, -0.91],
							"lerp_mode": "catmullrom"
						},
						"1.4333": {
							"post": [11, -30.10343, 10.4869],
							"lerp_mode": "catmullrom"
						},
						"1.7": {
							"post": [0, -21.87056, 10.81977],
							"lerp_mode": "catmullrom"
						},
						"2.0333": [0, -0.45108, -1.07676],
						"2.2167": [0, -0.45152, -1.07688],
						"2.35": [0, 0, 0]
					}
				},
				"lefthand": {
					"rotation": {
						"0.0": {
							"post": [104.51412, 18.52942, 57.9506],
							"lerp_mode": "catmullrom"
						},
						"0.1333": {
							"post": [119.24836, 60.89933, 79.31997],
							"lerp_mode": "catmullrom"
						},
						"0.4": {
							"post": [119.24836, 60.89933, 79.31997],
							"lerp_mode": "catmullrom"
						},
						"0.8": [86.23978, 16.01093, -16.18277],
						"2.4333": [86.23978, 16.01093, -16.18277],
						"2.65": [-7.2795, 2.0544, -72.4175],
						"2.7": [-7.2795, 2.0544, -72.4175],
						"2.85": [12.72, 2.05, -72.42],
						"2.9167": [12.72, 2.05, -72.42],
						"3.3667": {
							"pre": [86.24603, 39.93979, 27.6266],
							"post": [86.24603, 39.93979, 27.6266],
							"lerp_mode": "catmullrom"
						},
						"3.5167": {
							"post": [104.51412, 18.52942, 57.9506],
							"lerp_mode": "catmullrom"
						}
					},
					"position": {
						"0.0": {
							"post": [-4, -13, -17],
							"lerp_mode": "catmullrom"
						},
						"0.2333": {
							"post": [-2.39009, -13.81569, -11.27787],
							"lerp_mode": "catmullrom"
						},
						"0.5": {
							"post": [-2.39009, -13.81569, -11.27787],
							"lerp_mode": "catmullrom"
						},
						"0.65": {
							"post": [2.31062, -16.01456, -11.71354],
							"lerp_mode": "catmullrom"
						},
						"0.8": [0.53608, -15.73434, -8.15376],
						"2.4333": [0.53608, -15.73434, -8.15376],
						"2.65": [0.42721, -2.59399, -9.49562],
						"2.7": [0.42721, -2.59399, -9.49562],
						"2.85": [0.11948, -10.78559, -6.78312],
						"2.9167": [1.05176, -11.07271, -6.56308],
						"3.2333": {
							"pre": [2.10365, -9.03274, -12.1016],
							"post": [2.10365, -9.03274, -12.1016],
							"lerp_mode": "catmullrom"
						},
						"3.5167": {
							"post": [-4, -13, -17],
							"lerp_mode": "catmullrom"
						}
					},
					"scale": {
						"0.0": {
							"post": [1, 2, 1],
							"lerp_mode": "catmullrom"
						}
					}
				},
				"righthand": {
					"rotation": {
						"0.0": {
							"post": [87.5, 0, 0],
							"lerp_mode": "catmullrom"
						}
					},
					"position": {
						"0.0": {
							"post": [5, -14.4, 2],
							"lerp_mode": "catmullrom"
						}
					}
				},
				"mag_cap": {
					"rotation": {
						"0.1": [0, 0, 0],
						"0.2167": {
							"pre": [0, 0, -101],
							"post": [0, 0, -101],
							"lerp_mode": "catmullrom"
						},
						"0.3": {
							"post": [0, 0, -83.36719],
							"lerp_mode": "catmullrom"
						},
						"0.3833": {
							"post": [0, 0, -90],
							"lerp_mode": "catmullrom"
						},
						"2.7": [0, 0, -90],
						"2.85": [0, 0, 0]
					},
					"position": {
						"0.1": [0, 0, 0],
						"2.7": [0, 0, 0],
						"2.85": [0, 0, 0]
					}
				},
				"camera": {
					"rotation": {
						"0.0": {
							"post": [0, 0, 0],
							"lerp_mode": "catmullrom"
						},
						"0.4": {
							"post": [3.9, 0, 0],
							"lerp_mode": "catmullrom"
						},
						"0.6667": {
							"post": [3.3, 0, 0],
							"lerp_mode": "catmullrom"
						},
						"0.95": {
							"post": [3.7, 0, 0],
							"lerp_mode": "catmullrom"
						},
						"1.1167": {
							"post": [8.60469, 0.13281, 1.08594],
							"lerp_mode": "catmullrom"
						},
						"1.2833": {
							"post": [2.88125, -0.03125, -0.39062],
							"lerp_mode": "catmullrom"
						},
						"1.45": {
							"post": [3.7, 0, 0],
							"lerp_mode": "catmullrom"
						},
						"1.7833": {
							"post": [3.80938, 0.07594, -0.10937],
							"lerp_mode": "catmullrom"
						},
						"2.1167": {
							"post": [3, 0, 0.8],
							"lerp_mode": "catmullrom"
						},
						"2.2167": {
							"post": [3.74531, 0.13281, 1.79844],
							"lerp_mode": "catmullrom"
						},
						"2.3167": {
							"post": [2.86719, -0.03125, 0.54219],
							"lerp_mode": "catmullrom"
						},
						"2.4167": {
							"post": [3, 0, 0.8],
							"lerp_mode": "catmullrom"
						},
						"2.8667": {
							"post": [2.1, 0, 0],
							"lerp_mode": "catmullrom"
						},
						"2.9667": {
							"post": [3.54531, 0.13281, 1.39844],
							"lerp_mode": "catmullrom"
						},
						"3.0667": {
							"post": [-0.83281, -0.03125, -0.25781],
							"lerp_mode": "catmullrom"
						},
						"3.1667": {
							"post": [-0.1, 0, 0],
							"lerp_mode": "catmullrom"
						},
						"3.5167": {
							"post": [-0.6, 0, 0],
							"lerp_mode": "catmullrom"
						},
						"3.6833": {
							"post": [1.10469, 0.38125, 0.74531],
							"lerp_mode": "catmullrom"
						},
						"3.85": {
							"post": [-0.125, -0.03125, -0.23437],
							"lerp_mode": "catmullrom"
						},
						"4.0167": {
							"post": [0, 0, 0],
							"lerp_mode": "catmullrom"
						}
					}
				}
			},
			"sound_effects": {
				"0.0": {
					"effect": "pgp:all/equip2"
				},
				"0.0833": {
					"effect": "pgp:mg6l/mg6l_cap_start"
				},
				"0.9667": {
					"effect": "pgp:demeco/demeco_mag_out"
				},
				"2.1": {
					"effect": "pgp:p50/p50_mag_in"
				},
				"2.1833": {
					"effect": "pgp:all/grab3"
				},
				"2.7833": {
					"effect": "pgp:nekom/nekom_grab2"
				},
				"3.4833": {
					"effect": "pgp:all/equip"
				}
			}
		},
		"reload_tactical": {
			"animation_length": 4.9833,
			"bones": {
				"root": {
					"rotation": {
						"0.0": {
							"post": [0, 0, 0],
							"lerp_mode": "catmullrom"
						},
						"0.35": {
							"post": [5.66269, -20.5735, 5.29574],
							"lerp_mode": "catmullrom"
						},
						"0.9333": {
							"post": [-45.76564, -46.80893, -18.30438],
							"lerp_mode": "catmullrom"
						},
						"1.1167": {
							"post": [-38.26564, -46.80893, -18.30438],
							"lerp_mode": "catmullrom"
						},
						"1.2833": {
							"post": [-41.73875, -51.77875, -22.63594],
							"lerp_mode": "catmullrom"
						},
						"1.5167": {
							"post": [-41.50594, -51.54594, -22.60312],
							"lerp_mode": "catmullrom"
						},
						"1.8": {
							"post": [-39.37156, -46.54437, -19.53125],
							"lerp_mode": "catmullrom"
						},
						"2.0333": {
							"post": [-34.2791, -41.10121, -10.35063],
							"lerp_mode": "catmullrom"
						},
						"2.1333": {
							"post": [-37.98, -38.5, -10.35],
							"lerp_mode": "catmullrom"
						},
						"2.2333": {
							"post": [-37.98, -42.18594, -10.35],
							"lerp_mode": "catmullrom"
						},
						"2.3833": {
							"post": [-28.98, -41.1, -10.35],
							"lerp_mode": "catmullrom"
						},
						"2.55": {
							"post": [-28.19094, -40.1, -8.56875],
							"lerp_mode": "catmullrom"
						},
						"2.6667": {
							"post": [-32.47499, -36.34373, -4.62268],
							"lerp_mode": "catmullrom"
						},
						"2.7333": {
							"post": [-29.98406, -36.34, -1.12],
							"lerp_mode": "catmullrom"
						},
						"2.8667": {
							"post": [-32.12, -37.4775, -2.02],
							"lerp_mode": "catmullrom"
						},
						"3.0167": {
							"post": [-29.42, -37.4775, -2.02],
							"lerp_mode": "catmullrom"
						},
						"3.25": {
							"post": [0.43, -23.66, -0.59],
							"lerp_mode": "catmullrom"
						},
						"3.4167": {
							"post": [7.23084, -10.04978, -0.24591],
							"lerp_mode": "catmullrom"
						},
						"3.6": {
							"post": [-1.82031, -0.1, 0.51875],
							"lerp_mode": "catmullrom"
						},
						"3.8167": {
							"post": [0.24219, -0.1, 0.51875],
							"lerp_mode": "catmullrom"
						},
						"3.95": {
							"post": [0, 0, 0],
							"lerp_mode": "catmullrom"
						}
					},
					"position": {
						"0.0": {
							"post": [0, 0, 0],
							"lerp_mode": "catmullrom"
						},
						"0.35": {
							"post": [0, 0, 0],
							"lerp_mode": "catmullrom"
						},
						"0.6333": {
							"post": [-0.28285, 2.19327, 1.22864],
							"lerp_mode": "catmullrom"
						},
						"0.9333": {
							"post": [-2.61, 0.23, 0.125],
							"lerp_mode": "catmullrom"
						},
						"1.0333": {
							"post": [-1.66489, -0.57471, -0.28117],
							"lerp_mode": "catmullrom"
						},
						"1.1833": {
							"post": [-2.35219, 0.18469, -0.57031],
							"lerp_mode": "catmullrom"
						},
						"1.4333": {
							"post": [-2.31312, 0.16906, -0.57031],
							"lerp_mode": "catmullrom"
						},
						"1.7333": {
							"post": [-2.31312, 0.16906, -0.57031],
							"lerp_mode": "catmullrom"
						},
						"2.0333": {
							"post": [-2.31312, 0.16906, -0.57031],
							"lerp_mode": "catmullrom"
						},
						"2.1333": {
							"post": [-2.60089, 0.41541, -0.35536],
							"lerp_mode": "catmullrom"
						},
						"2.2167": {
							"post": [-2.6, 0.17938, -0.36],
							"lerp_mode": "catmullrom"
						},
						"2.3": {
							"post": [-3.693, -0.91442, 0.15227],
							"lerp_mode": "catmullrom"
						},
						"2.3667": {
							"post": [-4.05469, -1.28094, -0.27406],
							"lerp_mode": "catmullrom"
						},
						"2.5": {
							"post": [-3.6, -1.02, -0.26],
							"lerp_mode": "catmullrom"
						},
						"2.6167": {
							"post": [-3.3, -0.82, -0.26],
							"lerp_mode": "catmullrom"
						},
						"2.7333": {
							"post": [-3.3, -0.82, -0.26],
							"lerp_mode": "catmullrom"
						},
						"2.8333": {
							"post": [-2.23446, -0.73042, -0.4273],
							"lerp_mode": "catmullrom"
						},
						"2.9167": {
							"post": [-2.79554, 0.08042, -0.2627],
							"lerp_mode": "catmullrom"
						},
						"3.0667": {
							"post": [-2.59554, -0.01958, -0.2627],
							"lerp_mode": "catmullrom"
						},
						"3.1833": {
							"post": [-0.82865, -0.98844, -0.78984],
							"lerp_mode": "catmullrom"
						},
						"3.4667": {
							"post": [0, 2.22031, -2.3],
							"lerp_mode": "catmullrom"
						},
						"3.6833": {
							"post": [0, -0.09375, 0.52812],
							"lerp_mode": "catmullrom"
						},
						"3.85": {
							"post": [0, 0.03906, -0.13281],
							"lerp_mode": "catmullrom"
						},
						"4.0333": {
							"post": [0, 0, 0],
							"lerp_mode": "catmullrom"
						}
					}
				},
				"mag_and_lefthand": {
					"rotation": {
						"0.0": {
							"post": [0, 0, 0],
							"lerp_mode": "catmullrom"
						},
						"1.0": [0, 0, 0],
						"1.0333": [-5, 0, 0],
						"1.2333": {
							"pre": [30, 0, 0],
							"post": [30, 0, 0],
							"lerp_mode": "catmullrom"
						},
						"1.7": {
							"post": [30, 0, 0],
							"lerp_mode": "catmullrom"
						},
						"2.0333": [-15.5, 0, 0],
						"2.1333": [-15.5, 0, 0],
						"2.2167": [-15.5, 0, 0],
						"2.35": [0, 0, 0]
					},
					"position": {
						"0.0": {
							"post": [0, 0, 0],
							"lerp_mode": "catmullrom"
						},
						"1.0": [0, 0, 0],
						"1.0333": [0, 0.00436, -0.0999],
						"1.15": {
							"pre": [9.44, -9.13, -0.91],
							"post": [9.44, -9.13, -0.91],
							"lerp_mode": "catmullrom"
						},
						"1.4333": {
							"post": [11, -30.10343, 10.4869],
							"lerp_mode": "catmullrom"
						},
						"1.7": {
							"post": [0, -21.87056, 10.81977],
							"lerp_mode": "catmullrom"
						},
						"2.0333": [0, -0.45108, -1.07676],
						"2.2167": [0, -0.45152, -1.07688],
						"2.35": [0, 0, 0]
					}
				},
				"lefthand": {
					"rotation": {
						"0.0": {
							"post": [104.51412, 18.52942, 57.9506],
							"lerp_mode": "catmullrom"
						},
						"0.1333": {
							"post": [119.24836, 60.89933, 79.31997],
							"lerp_mode": "catmullrom"
						},
						"0.4": {
							"post": [119.24836, 60.89933, 79.31997],
							"lerp_mode": "catmullrom"
						},
						"0.8": [86.23978, 16.01093, -16.18277],
						"2.4333": [86.23978, 16.01093, -16.18277],
						"2.65": [-7.2795, 2.0544, -72.4175],
						"2.7": [-7.2795, 2.0544, -72.4175],
						"2.85": [12.72, 2.05, -72.42],
						"2.9167": [12.72, 2.05, -72.42],
						"3.3667": {
							"pre": [86.24603, 39.93979, 27.6266],
							"post": [86.24603, 39.93979, 27.6266],
							"lerp_mode": "catmullrom"
						},
						"3.5167": {
							"post": [104.51412, 18.52942, 57.9506],
							"lerp_mode": "catmullrom"
						}
					},
					"position": {
						"0.0": {
							"post": [-4, -13, -17],
							"lerp_mode": "catmullrom"
						},
						"0.2333": {
							"post": [-2.39009, -13.81569, -11.27787],
							"lerp_mode": "catmullrom"
						},
						"0.5": {
							"post": [-2.39009, -13.81569, -11.27787],
							"lerp_mode": "catmullrom"
						},
						"0.65": {
							"post": [2.31062, -16.01456, -11.71354],
							"lerp_mode": "catmullrom"
						},
						"0.8": [0.53608, -15.73434, -8.15376],
						"2.4333": [0.53608, -15.73434, -8.15376],
						"2.65": [0.42721, -2.59399, -9.49562],
						"2.7": [0.42721, -2.59399, -9.49562],
						"2.85": [0.11948, -10.78559, -6.78312],
						"2.9167": [1.05176, -11.07271, -6.56308],
						"3.2333": {
							"pre": [2.10365, -9.03274, -12.1016],
							"post": [2.10365, -9.03274, -12.1016],
							"lerp_mode": "catmullrom"
						},
						"3.5167": {
							"post": [-4, -13, -17],
							"lerp_mode": "catmullrom"
						}
					},
					"scale": {
						"0.0": {
							"post": [1, 2, 1],
							"lerp_mode": "catmullrom"
						}
					}
				},
				"righthand": {
					"rotation": {
						"0.0": {
							"post": [87.5, 0, 0],
							"lerp_mode": "catmullrom"
						}
					},
					"position": {
						"0.0": {
							"post": [5, -14.4, 2],
							"lerp_mode": "catmullrom"
						}
					}
				},
				"mag_cap": {
					"rotation": {
						"0.1": [0, 0, 0],
						"0.2167": {
							"pre": [0, 0, -101],
							"post": [0, 0, -101],
							"lerp_mode": "catmullrom"
						},
						"0.3": {
							"post": [0, 0, -83.36719],
							"lerp_mode": "catmullrom"
						},
						"0.3833": {
							"post": [0, 0, -90],
							"lerp_mode": "catmullrom"
						},
						"2.7": [0, 0, -90],
						"2.85": [0, 0, 0]
					},
					"position": {
						"0.1": [0, 0, 0],
						"2.7": [0, 0, 0],
						"2.85": [0, 0, 0]
					}
				},
				"camera": {
					"rotation": {
						"0.0": {
							"post": [0, 0, 0],
							"lerp_mode": "catmullrom"
						},
						"0.4": {
							"post": [3.9, 0, 0],
							"lerp_mode": "catmullrom"
						},
						"0.6667": {
							"post": [3.3, 0, 0],
							"lerp_mode": "catmullrom"
						},
						"0.95": {
							"post": [3.7, 0, 0],
							"lerp_mode": "catmullrom"
						},
						"1.1167": {
							"post": [8.60469, 0.13281, 1.08594],
							"lerp_mode": "catmullrom"
						},
						"1.2833": {
							"post": [2.88125, -0.03125, -0.39062],
							"lerp_mode": "catmullrom"
						},
						"1.45": {
							"post": [3.7, 0, 0],
							"lerp_mode": "catmullrom"
						},
						"1.7833": {
							"post": [3.80938, 0.07594, -0.10937],
							"lerp_mode": "catmullrom"
						},
						"2.1167": {
							"post": [3, 0, 0.8],
							"lerp_mode": "catmullrom"
						},
						"2.2167": {
							"post": [3.74531, 0.13281, 1.79844],
							"lerp_mode": "catmullrom"
						},
						"2.3167": {
							"post": [2.86719, -0.03125, 0.54219],
							"lerp_mode": "catmullrom"
						},
						"2.4167": {
							"post": [3, 0, 0.8],
							"lerp_mode": "catmullrom"
						},
						"2.8667": {
							"post": [2.1, 0, 0],
							"lerp_mode": "catmullrom"
						},
						"2.9667": {
							"post": [3.54531, 0.13281, 1.39844],
							"lerp_mode": "catmullrom"
						},
						"3.0667": {
							"post": [-0.83281, -0.03125, -0.25781],
							"lerp_mode": "catmullrom"
						},
						"3.1667": {
							"post": [-0.1, 0, 0],
							"lerp_mode": "catmullrom"
						},
						"3.5167": {
							"post": [-0.6, 0, 0],
							"lerp_mode": "catmullrom"
						},
						"3.6833": {
							"post": [1.10469, 0.38125, 0.74531],
							"lerp_mode": "catmullrom"
						},
						"3.85": {
							"post": [-0.125, -0.03125, -0.23437],
							"lerp_mode": "catmullrom"
						},
						"4.0167": {
							"post": [0, 0, 0],
							"lerp_mode": "catmullrom"
						}
					}
				}
			},
			"sound_effects": {
				"0.0": {
					"effect": "pgp:all/equip2"
				},
				"0.0833": {
					"effect": "pgp:mg6l/mg6l_cap_start"
				},
				"0.9667": {
					"effect": "pgp:demeco/demeco_mag_out"
				},
				"2.1": {
					"effect": "pgp:p50/p50_mag_in"
				},
				"2.1833": {
					"effect": "pgp:all/grab3"
				},
				"2.7833": {
					"effect": "pgp:nekom/nekom_grab2"
				},
				"3.4833": {
					"effect": "pgp:all/equip"
				}
			}
		},
		"inspect_empty": {
			"animation_length": 7.25,
			"bones": {
				"root": {
					"rotation": {
						"0.0": {
							"post": [0, 0, 0],
							"lerp_mode": "catmullrom"
						},
						"0.25": {
							"post": [-9.7, -10, 0],
							"lerp_mode": "catmullrom"
						},
						"0.5417": {
							"post": [-8.1088, -25.52484, -12.04877],
							"lerp_mode": "catmullrom"
						},
						"1.1667": {
							"post": [-10.91, -25.72, -12.05],
							"lerp_mode": "catmullrom"
						},
						"1.4167": {
							"post": [-5.7204, -29.3648, -6.77291],
							"lerp_mode": "catmullrom"
						},
						"1.7083": {
							"post": [-6.64626, -54.03369, -5.8624],
							"lerp_mode": "catmullrom"
						},
						"3.2083": {
							"post": [-6.64626, -54.03369, -5.8624],
							"lerp_mode": "catmullrom"
						},
						"3.5833": {
							"post": [-27.32961, 6.41353, 39.16346],
							"lerp_mode": "catmullrom"
						},
						"3.8333": {
							"post": [-28.78, 12.87, 46.29781],
							"lerp_mode": "catmullrom"
						},
						"4.6667": {
							"post": [-27.6875, 9, 44.63313],
							"lerp_mode": "catmullrom"
						},
						"4.875": {
							"post": [-26.67, 9, 42.04],
							"lerp_mode": "catmullrom"
						},
						"5.0833": {
							"post": [2.72, 0, 10.12],
							"lerp_mode": "catmullrom"
						},
						"5.25": {
							"post": [0, 0, 0],
							"lerp_mode": "catmullrom"
						}
					},
					"position": {
						"0.0": {
							"post": [0, 0, 0],
							"lerp_mode": "catmullrom"
						},
						"0.25": {
							"post": [-0.05273, 1.74686, 0.29903],
							"lerp_mode": "catmullrom"
						},
						"0.4583": {
							"post": [-0.08456, 1.60301, 0.59014],
							"lerp_mode": "catmullrom"
						},
						"0.625": {
							"post": [-0.03, 1.62, 0.62],
							"lerp_mode": "catmullrom"
						},
						"0.75": {
							"post": [-0.03, 1.52, 0.62],
							"lerp_mode": "catmullrom"
						},
						"0.875": {
							"post": [-0.03, 1.42, 0.62],
							"lerp_mode": "catmullrom"
						},
						"1.1667": {
							"post": [-0.03, 1.12, 0.62],
							"lerp_mode": "catmullrom"
						},
						"1.75": {
							"post": [-0.04875, 1.07313, 1.36688],
							"lerp_mode": "catmullrom"
						},
						"3.125": {
							"post": [-0.04875, 1.07313, 1.26688],
							"lerp_mode": "catmullrom"
						},
						"3.25": {
							"post": [0.36913, -0.78675, 0.62665],
							"lerp_mode": "catmullrom"
						},
						"3.375": {
							"post": [0.46854, 0.06002, 0.28515],
							"lerp_mode": "catmullrom"
						},
						"3.5": {
							"post": [0.71973, -0.13324, -0.62732],
							"lerp_mode": "catmullrom"
						},
						"3.6667": {
							"post": [1.04452, 0.08468, -0.3682],
							"lerp_mode": "catmullrom"
						},
						"3.9583": {
							"post": [1.20938, 0, -0.42031],
							"lerp_mode": "catmullrom"
						},
						"4.25": {
							"post": [1.25594, -0.04, -0.38531],
							"lerp_mode": "catmullrom"
						},
						"4.6667": {
							"post": [1.20938, 0.1, -0.62031],
							"lerp_mode": "catmullrom"
						},
						"5.0833": {
							"post": [0.24, 0.8, -2.81],
							"lerp_mode": "catmullrom"
						},
						"5.2917": {
							"post": [0.1, -0.20312, 0.7],
							"lerp_mode": "catmullrom"
						},
						"5.4583": {
							"post": [0, 0.04688, 0],
							"lerp_mode": "catmullrom"
						},
						"5.5833": {
							"post": [0, 0, 0],
							"lerp_mode": "catmullrom"
						}
					}
				},
				"lefthand": {
					"rotation": {
						"0.0": [104.51412, 18.52942, 57.9506],
						"0.875": [104.51412, 18.52942, 57.9506],
						"1.1667": [86.23978, 16.01093, -16.18277],
						"2.7083": [86.23978, 16.01093, -16.18277],
						"2.9167": [-7.2795, 2.0544, -72.4175],
						"3.0": [-7.2795, 2.0544, -72.4175],
						"3.125": [12.72, 2.05, -72.42],
						"3.2083": [12.72, 2.05, -72.42],
						"3.6667": {
							"pre": [86.24603, 39.93979, 27.6266],
							"post": [86.24603, 39.93979, 27.6266],
							"lerp_mode": "catmullrom"
						},
						"3.7917": {
							"post": [104.51412, 18.52942, 57.9506],
							"lerp_mode": "catmullrom"
						}
					},
					"position": {
						"0.0": [-4, -13, -17],
						"0.875": [-4, -13, -17],
						"1.0417": {
							"pre": [2.31062, -16.01456, -11.71354],
							"post": [2.31062, -16.01456, -11.71354],
							"lerp_mode": "catmullrom"
						},
						"1.1667": [0.53608, -15.73434, -8.15376],
						"2.7083": [0.53608, -15.73434, -8.15376],
						"2.9167": [0.42721, -2.59399, -9.49562],
						"3.0": [0.42721, -2.59399, -9.49562],
						"3.125": [0.11948, -10.78559, -6.78312],
						"3.2083": [1.05176, -11.07271, -6.56308],
						"3.5": {
							"pre": [2.10365, -9.03274, -12.1016],
							"post": [2.10365, -9.03274, -12.1016],
							"lerp_mode": "catmullrom"
						},
						"3.7917": {
							"post": [-4, -13, -17],
							"lerp_mode": "catmullrom"
						}
					},
					"scale": {
						"0.0": {
							"post": [1, 2, 1],
							"lerp_mode": "catmullrom"
						}
					}
				},
				"righthand": {
					"rotation": {
						"0.0": {
							"post": [87.5, 0, 0],
							"lerp_mode": "catmullrom"
						}
					},
					"position": {
						"0.0": {
							"post": [5, -14.4, 2],
							"lerp_mode": "catmullrom"
						}
					}
				},
				"gun": {
					"rotation": {
						"5.2917": [-360, 0, 0],
						"5.5833": [-360, 0, 0]
					},
					"position": {
						"5.2917": {
							"pre": [0, 0, 0],
							"post": [0, 0, 0],
							"lerp_mode": "catmullrom"
						},
						"5.5833": {
							"post": [0, 0, 0],
							"lerp_mode": "catmullrom"
						}
					}
				},
				"camera": {
					"rotation": {
						"0.0": {
							"post": [0, 0, 0],
							"lerp_mode": "catmullrom"
						},
						"0.4583": {
							"post": [-7.5, 12.5, 0],
							"lerp_mode": "catmullrom"
						},
						"0.75": {
							"post": [-7.5, 12.5, 0],
							"lerp_mode": "catmullrom"
						},
						"1.0833": {
							"post": [-7.5, 12.5, 0],
							"lerp_mode": "catmullrom"
						},
						"1.5417": {
							"post": [0, 5, 0],
							"lerp_mode": "catmullrom"
						},
						"2.6667": {
							"post": [0, 2.5, 0],
							"lerp_mode": "catmullrom"
						},
						"3.25": {
							"post": [3, 0, 0.8],
							"lerp_mode": "catmullrom"
						},
						"3.3333": {
							"post": [3.74531, 0.13281, 1.79844],
							"lerp_mode": "catmullrom"
						},
						"3.4583": {
							"post": [2.86719, -0.03125, 0.54219],
							"lerp_mode": "catmullrom"
						},
						"3.5417": {
							"post": [3, 0, 0.8],
							"lerp_mode": "catmullrom"
						},
						"4.0": {
							"post": [0.9, 0, 0.8],
							"lerp_mode": "catmullrom"
						},
						"4.9167": {
							"post": [0.37, -0.02, 0.06],
							"lerp_mode": "catmullrom"
						},
						"5.125": {
							"post": [0.4, 0, 0],
							"lerp_mode": "catmullrom"
						},
						"5.2917": {
							"post": [1.10469, 0.38125, 0.74531],
							"lerp_mode": "catmullrom"
						},
						"5.4583": {
							"post": [-0.125, -0.03125, -0.23437],
							"lerp_mode": "catmullrom"
						},
						"5.625": {
							"post": [0, 0, 0],
							"lerp_mode": "catmullrom"
						}
					}
				},
				"mag_cap": {
					"rotation": {
						"0.3333": [0, 0, 0],
						"0.4583": [0, 0, -101],
						"0.5417": [0, 0, -83.36719],
						"0.625": [0, 0, -90],
						"3.0": [0, 0, -90],
						"3.1667": [0, 0, 0]
					},
					"position": {
						"0.3333": [0, 0, 0],
						"3.0": [0, 0, 0],
						"3.1667": [0, 0, 0]
					}
				}
			},
			"sound_effects": {
				"0.1667": {
					"effect": "pgp:all/equip2"
				},
				"0.4583": {
					"effect": "pgp:mg6l/mg6l_cap_start"
				},
				"1.4167": {
					"effect": "pgp:all/equip3"
				},
				"3.1667": {
					"effect": "pgp:nekom/nekom_grab2"
				},
				"3.3333": {
					"effect": "pgp:all/unequip2"
				},
				"5.0417": {
					"effect": "pgp:all/grab3"
				}
			}
		}
	}
}