{
	"format_version": "1.8.0",
	"animations": {
		"static_idle": {
			"loop": true,
			"bones": {
				"lefthand": {
					"rotation": [95.76835, 20.87329, 53.76065],
					"position": [-4, -11, -12],
					"scale": [1, 1.5, 1]
				},
				"righthand": {
					"rotation": [97.5, -2.5, 0],
					"position": [5.5, -12, 4]
				},
				"constraint": {
					"rotation": [0.2, 0.2, 0.2],
					"position": [0.2, 0.2, 0.2]
				}
			}
		},
		"draw": {
			"animation_length": 1.2,
			"bones": {
				"lefthand": {
					"rotation": [95.76835, 20.87329, 53.76065],
					"position": [-4, -11, -12],
					"scale": [1, 1.5, 1]
				},
				"righthand": {
					"rotation": [97.5, -2.5, 0],
					"position": [5.5, -12, 4]
				},
				"root": {
					"rotation": {
						"0.0": {
							"post": [-103.12, 0, 0],
							"lerp_mode": "catmullrom"
						},
						"0.1": {
							"post": [-91.33, -14.34, -0.55],
							"lerp_mode": "catmullrom"
						},
						"0.25": {
							"post": [-76.6, -14.49, -2.98],
							"lerp_mode": "catmullrom"
						},
						"0.35": {
							"post": [-49.98, -8.63, -1.82],
							"lerp_mode": "catmullrom"
						},
						"0.6": {
							"post": [0, 0, 7.5],
							"lerp_mode": "catmullrom"
						},
						"0.7": {
							"post": [3.30992, 0.49018, -1.87167],
							"lerp_mode": "catmullrom"
						},
						"0.85": {
							"post": [0.98628, -0.20008, 1.69645],
							"lerp_mode": "catmullrom"
						},
						"0.95": {
							"post": [0, 0, -0.4],
							"lerp_mode": "catmullrom"
						},
						"1.1": [0, 0, 0]
					},
					"position": {
						"0.0": {
							"post": [-9, -36, 2],
							"lerp_mode": "catmullrom"
						},
						"0.1": {
							"post": [-5.01, -17.52, -3.2],
							"lerp_mode": "catmullrom"
						},
						"0.25": {
							"post": [-2.9, -11.93, -3.99],
							"lerp_mode": "catmullrom"
						},
						"0.4": {
							"post": [-0.25, -2.46, -2.03],
							"lerp_mode": "catmullrom"
						},
						"0.6": {
							"post": [0, -0.6, 0.3],
							"lerp_mode": "catmullrom"
						},
						"0.7": {
							"post": [0, 0.03, 0.4],
							"lerp_mode": "catmullrom"
						},
						"0.85": {
							"post": [0, 0, -0.2],
							"lerp_mode": "catmullrom"
						},
						"0.95": {
							"post": [0, -0.1, -0.18],
							"lerp_mode": "catmullrom"
						},
						"1.15": [0, 0, 0]
					}
				},
				"camera": {
					"rotation": {
						"0.0": {
							"post": [0, 0, 0],
							"lerp_mode": "catmullrom"
						},
						"0.1": {
							"post": [-0.3425, 0.59375, 0],
							"lerp_mode": "catmullrom"
						},
						"0.25": {
							"post": [-0.4325, 0.38125, -0.5625],
							"lerp_mode": "catmullrom"
						},
						"0.35": {
							"post": [0.0775, 0, -0.21875],
							"lerp_mode": "catmullrom"
						},
						"0.55": {
							"post": [0.95, -0.25, -0.5625],
							"lerp_mode": "catmullrom"
						},
						"0.8": {
							"post": [-0.05, -0.2575, -0.3125],
							"lerp_mode": "catmullrom"
						},
						"0.95": {
							"post": [-0.2525, 0.4375, 0.25],
							"lerp_mode": "catmullrom"
						},
						"1.15": {
							"post": [0, 0, 0],
							"lerp_mode": "catmullrom"
						}
					}
				},
				"constraint": {
					"rotation": [0.2, 0.2, 0.2],
					"position": [0.2, 0.2, 0.2]
				}
			},
			"sound_effects": {
				"0.0": {
					"effect": "pgp:nekom/nekom_draw_start"
				}
			}
		},
		"inspect": {
			"animation_length": 6.4167,
			"bones": {
				"root": {
					"rotation": {
						"0.0": {
							"post": [0, 0, 0],
							"lerp_mode": "catmullrom"
						},
						"0.25": {
							"post": [-9.7, -10, 0],
							"lerp_mode": "catmullrom"
						},
						"0.5417": {
							"post": [-8.1088, -25.52484, -12.04877],
							"lerp_mode": "catmullrom"
						},
						"1.1667": {
							"post": [-10.91, -25.72, -12.05],
							"lerp_mode": "catmullrom"
						},
						"1.4167": {
							"post": [-5.7204, -37.7648, -6.77291],
							"lerp_mode": "catmullrom"
						},
						"1.6667": {
							"post": [-6.64626, -62.23369, -5.8624],
							"lerp_mode": "catmullrom"
						},
						"2.5833": {
							"post": [-6.64626, -64.27275, -5.8624],
							"lerp_mode": "catmullrom"
						},
						"3.0833": {
							"post": [-3.58281, -61.03, -5.36],
							"lerp_mode": "catmullrom"
						},
						"3.2917": {
							"post": [5.51, -25.14, -1.26],
							"lerp_mode": "catmullrom"
						},
						"3.4583": {
							"post": [-3.6, -4.5, 0],
							"lerp_mode": "catmullrom"
						},
						"3.75": {
							"post": [0, 0, 0],
							"lerp_mode": "catmullrom"
						}
					},
					"position": {
						"0.0": {
							"post": [0, 0, 0],
							"lerp_mode": "catmullrom"
						},
						"0.25": {
							"post": [-0.05273, 1.74686, 0.29903],
							"lerp_mode": "catmullrom"
						},
						"0.4583": {
							"post": [-0.08456, 1.60301, 0.59014],
							"lerp_mode": "catmullrom"
						},
						"0.625": {
							"post": [-0.03, 1.62, 0.62],
							"lerp_mode": "catmullrom"
						},
						"0.75": {
							"post": [-0.03, 1.52, 0.62],
							"lerp_mode": "catmullrom"
						},
						"0.875": {
							"post": [-0.03, 1.42, 0.62],
							"lerp_mode": "catmullrom"
						},
						"1.1667": {
							"post": [-0.03, 1.12, 0.62],
							"lerp_mode": "catmullrom"
						},
						"1.9583": {
							"post": [-0.04875, 1.0575, 1.26688],
							"lerp_mode": "catmullrom"
						},
						"2.75": {
							"post": [-0.04875, 1.07313, 1.37626],
							"lerp_mode": "catmullrom"
						},
						"3.125": {
							"post": [-0.05, 1.33656, 1.4],
							"lerp_mode": "catmullrom"
						},
						"3.375": {
							"post": [-0.02, 1.17, 1.23],
							"lerp_mode": "catmullrom"
						},
						"3.5833": {
							"post": [0, -0.4, -1],
							"lerp_mode": "catmullrom"
						},
						"3.75": {
							"post": [0, 0.0625, 0.29375],
							"lerp_mode": "catmullrom"
						},
						"4.125": {
							"post": [0, 0, 0],
							"lerp_mode": "catmullrom"
						}
					}
				},
				"lefthand": {
					"rotation": [95.76835, 20.87329, 53.76065],
					"position": [-4, -11, -12],
					"scale": [1, 1.5, 1]
				},
				"righthand": {
					"rotation": [97.5, -2.5, 0],
					"position": [5.5, -12, 4]
				},
				"gun": {
					"rotation": {
						"4.5833": [-360, 0, 0],
						"4.875": [-360, 0, 0]
					},
					"position": {
						"4.5833": {
							"pre": [0, 0, 0],
							"post": [0, 0, 0],
							"lerp_mode": "catmullrom"
						},
						"4.875": {
							"post": [0, 0, 0],
							"lerp_mode": "catmullrom"
						}
					}
				},
				"rotate": {
					"rotation": {
						"3.0": {
							"pre": [0, 0, 0],
							"post": [0, 0, 0],
							"lerp_mode": "catmullrom"
						}
					},
					"position": {
						"3.0": {
							"pre": [0, 0, 0],
							"post": [0, 0, 0],
							"lerp_mode": "catmullrom"
						}
					}
				},
				"camera": {
					"rotation": {
						"0.0": {
							"post": [0, 0, 0],
							"lerp_mode": "catmullrom"
						},
						"0.4583": {
							"post": [-7.5, 12.5, 0],
							"lerp_mode": "catmullrom"
						},
						"0.75": {
							"post": [-7.5, 12.5, 0],
							"lerp_mode": "catmullrom"
						},
						"1.0833": {
							"post": [-7.5, 12.5, 0],
							"lerp_mode": "catmullrom"
						},
						"1.5417": {
							"post": [0, 5, 0],
							"lerp_mode": "catmullrom"
						},
						"2.5": {
							"post": [0, 2.5, 0],
							"lerp_mode": "catmullrom"
						},
						"3.1667": {
							"post": [-5, 1.5, 0],
							"lerp_mode": "catmullrom"
						},
						"3.5417": {
							"post": [1.9, 1.5, 0],
							"lerp_mode": "catmullrom"
						},
						"3.75": {
							"post": [-0.64, 0.5, 0],
							"lerp_mode": "catmullrom"
						},
						"4.0": {
							"post": [0, 0, 0],
							"lerp_mode": "catmullrom"
						}
					}
				}
			},
			"sound_effects": {
				"0.1667": {
					"effect": "pgp:all/equip2"
				},
				"1.4167": {
					"effect": "pgp:all/equip3"
				},
				"3.5833": {
					"effect": "pgp:all/equip"
				}
			}
		},
		"shoot": {
			"loop": true,
			"animation_length": 1.1111,
			"bones": {
				"root": {
					"rotation": {
						"0.0": {
							"post": [0, 0, 0],
							"lerp_mode": "catmullrom"
						},
						"0.0222": {
							"post": [-0.8, 0, -2.1],
							"lerp_mode": "catmullrom"
						},
						"0.0889": {
							"post": [-15, 0, -5.9],
							"lerp_mode": "catmullrom"
						},
						"0.1556": {
							"post": [-9.7, 0, 0.46],
							"lerp_mode": "catmullrom"
						},
						"0.3778": {
							"post": [-0.4, 0, -0.5],
							"lerp_mode": "catmullrom"
						},
						"0.4889": {
							"post": [-0.47187, 0, 0.2],
							"lerp_mode": "catmullrom"
						},
						"0.7778": {
							"post": [0, 0, 0],
							"lerp_mode": "catmullrom"
						}
					},
					"position": {
						"0.0": {
							"post": [0, 0, 0],
							"lerp_mode": "catmullrom"
						},
						"0.0222": {
							"post": [0, 0, 1.7],
							"lerp_mode": "catmullrom"
						},
						"0.0667": {
							"post": [-1.4125, 0.8, 1.8],
							"lerp_mode": "catmullrom"
						},
						"0.1333": {
							"post": [0.11719, 0.9, 0.9],
							"lerp_mode": "catmullrom"
						},
						"0.2": {
							"post": [0, 0.6, 0.4],
							"lerp_mode": "catmullrom"
						},
						"0.2667": {
							"post": [-0.19531, 0.4, 0.1],
							"lerp_mode": "catmullrom"
						},
						"0.3333": {
							"post": [0, 0, 0],
							"lerp_mode": "catmullrom"
						},
						"0.4": {
							"post": [0.02344, -0.12187, 0.115],
							"lerp_mode": "catmullrom"
						},
						"0.6667": {
							"post": [0, 0, 0],
							"lerp_mode": "catmullrom"
						}
					}
				},
				"EM1_right": {
					"position": {
						"0.0": [0, 0, 0],
						"0.0444": [0, 0, -4],
						"0.3111": [0, 0, -4],
						"0.3556": [0, 0, 0]
					}
				},
				"EM1_left": {
					"position": {
						"0.0": [0, 0, 0],
						"0.0444": [0, 0, -4],
						"0.3111": [0, 0, -4],
						"0.3556": [0, 0, 0]
					}
				},
				"EM2_right": {
					"position": {
						"0.0": [0, 0, 0],
						"0.0444": [0, 0, -2],
						"0.3556": [0, 0, -2],
						"0.4": [0, 0, 0]
					}
				},
				"EM2_left": {
					"position": {
						"0.0": [0, 0, 0],
						"0.0444": [0, 0, -2],
						"0.3556": [0, 0, -2],
						"0.4": [0, 0, 0]
					}
				},
				"EM3_right": {
					"position": {
						"0.0": [0, 0, 0],
						"0.0444": [0, 0, 4],
						"0.4": [0, 0, 4],
						"0.4444": [0, 0, 0]
					}
				},
				"EM3_left": {
					"position": {
						"0.0": [0, 0, 0],
						"0.0444": [0, 0, 4],
						"0.4": [0, 0, 4],
						"0.4444": [0, 0, 0]
					}
				},
				"lightning1": {
					"rotation": {
						"0.0444": [0, 0, 0],
						"0.0667": [0, 180, 0],
						"0.1778": [0, 180, 0],
						"0.2": [0, 0, 0]
					},
					"position": {
						"0.0444": [0, 0, 0],
						"0.2667": [0, 0, -15]
					},
					"scale": {
						"0.0444": [1, 1, 1],
						"0.0667": [100, 100, 100],
						"0.1778": [100, 100, 100],
						"0.2": [1, 1, 1],
						"0.2444": [100, 100, 100],
						"0.2667": [1, 1, 1]
					}
				},
				"lightning2": {
					"rotation": {
						"0.0667": [0, 0, 0],
						"0.1111": [0, 180, 0],
						"0.1333": [0, 180, 0],
						"0.1778": [0, 0, 0],
						"0.2": [0, 0, 0],
						"0.2222": [0, 180, 0],
						"0.2667": [0, 180, 0],
						"0.2889": [0, 0, 0]
					},
					"position": {
						"0.0667": [0, 0, 0],
						"0.2889": [0, 0, 18]
					},
					"scale": {
						"0.0667": [1, 1, 1],
						"0.0889": [100, 100, 100],
						"0.2": [100, 100, 100],
						"0.2222": [1, 1, 1],
						"0.2667": [100, 100, 100],
						"0.2889": [1, 1, 1]
					}
				},
				"lightning3": {
					"rotation": {
						"0.1111": [0, 0, 0],
						"0.1333": [0, 180, 0],
						"0.2222": [0, 180, 0],
						"0.2667": [0, 0, 0]
					},
					"position": {
						"0.1111": [0, 0, -9],
						"0.3333": [0, 0, -18]
					},
					"scale": {
						"0.1111": [1, 1, 1],
						"0.1333": [100, 100, 100],
						"0.2444": [100, 100, 100],
						"0.2667": [1, 1, 1],
						"0.3111": [100, 100, 100],
						"0.3333": [1, 1, 1]
					}
				},
				"lightning4": {
					"rotation": {
						"0.1333": [0, 0, 0],
						"0.1778": [0, 180, 0],
						"0.2": [0, 180, 0],
						"0.2222": [0, 0, 0],
						"0.2667": [0, 0, 0],
						"0.2889": [0, 180, 0],
						"0.3333": [0, 180, 0],
						"0.3556": [0, 0, 0]
					},
					"position": {
						"0.1333": [0, 0, 0],
						"0.3556": [0, 0, 18]
					},
					"scale": {
						"0.1333": [1, 1, 1],
						"0.1556": [100, 100, 100],
						"0.2667": [100, 100, 100],
						"0.2889": [1, 1, 1],
						"0.3333": [100, 100, 100],
						"0.3556": [1, 1, 1]
					}
				},
				"lightning5": {
					"rotation": {
						"0.1778": [0, 0, 0],
						"0.2": [0, 180, 0],
						"0.2889": [0, 180, 0],
						"0.3333": [0, 0, 0]
					},
					"position": {
						"0.1778": [0, 0, -9],
						"0.3778": [0, 0, -18]
					},
					"scale": {
						"0.1778": [1, 1, 1],
						"0.2": [100, 100, 100],
						"0.3111": [100, 100, 100],
						"0.3333": [1, 1, 1],
						"0.3778": [100, 100, 100],
						"0.4": [1, 1, 1]
					}
				},
				"lightning6": {
					"rotation": {
						"0.2": [0, 0, 0],
						"0.2222": [0, 180, 0],
						"0.2667": [0, 180, 0],
						"0.2889": [0, 0, 0],
						"0.3333": [0, 0, 0],
						"0.3556": [0, 180, 0],
						"0.3778": [0, 180, 0],
						"0.4222": [0, 0, 0]
					},
					"position": {
						"0.2": [0, 0, 0],
						"0.4222": [0, 0, 12]
					},
					"scale": {
						"0.2": [1, 1, 1],
						"0.2222": [100, 100, 100],
						"0.3333": [100, 100, 100],
						"0.3556": [1, 1, 1],
						"0.4": [100, 100, 100],
						"0.4222": [1, 1, 1]
					}
				},
				"lightning7": {
					"rotation": {
						"0.2222": [0, 0, 0],
						"0.2667": [0, 180, 0],
						"0.3556": [0, 180, 0],
						"0.3778": [0, 0, 0]
					},
					"position": {
						"0.2222": [0, 0, -9],
						"0.4444": [0, 0, -6]
					},
					"scale": {
						"0.2222": [1, 1, 1],
						"0.2444": [100, 100, 100],
						"0.3556": [100, 100, 100],
						"0.3778": [1, 1, 1],
						"0.4222": [100, 100, 100],
						"0.4444": [1, 1, 1]
					}
				},
				"lightning8": {
					"rotation": {
						"0.2667": [0, 0, 0],
						"0.2889": [0, 180, 0],
						"0.3333": [0, 180, 0],
						"0.3556": [0, 0, 0],
						"0.3778": [0, 0, 0],
						"0.4222": [0, 180, 0],
						"0.4444": [0, 180, 0],
						"0.4889": [0, 0, 0]
					},
					"position": {
						"0.2667": [0, 0, 0],
						"0.4889": [0, 0, 3]
					},
					"scale": {
						"0.2667": [1, 1, 1],
						"0.2889": [100, 100, 100],
						"0.4": [100, 100, 100],
						"0.4222": [1, 1, 1],
						"0.4667": [100, 100, 100],
						"0.4889": [1, 1, 1]
					}
				},
				"constraint": {
					"rotation": {
						"0.0": [0.1, 0.2, 0.2],
						"0.2": [0, 0, 0]
					},
					"position": {
						"0.0": [0.1, 0.1, 0.7],
						"0.2": [0, 0, 0]
					}
				},
				"camera": {
					"rotation": {
						"0.0": {
							"post": [0, 0, 0],
							"lerp_mode": "catmullrom"
						},
						"0.0222": {
							"post": [0, 0, 3],
							"lerp_mode": "catmullrom"
						},
						"0.0444": {
							"post": [0, 0, -3],
							"lerp_mode": "catmullrom"
						},
						"0.0889": {
							"post": [0, 0, 1],
							"lerp_mode": "catmullrom"
						},
						"0.1333": {
							"post": [0, 0, -1],
							"lerp_mode": "catmullrom"
						},
						"0.1778": {
							"post": [0, 0, 0.5],
							"lerp_mode": "catmullrom"
						},
						"0.2222": {
							"post": [0, 0, -0.3],
							"lerp_mode": "catmullrom"
						},
						"0.2667": {
							"post": [0, 0, 0],
							"lerp_mode": "catmullrom"
						}
					}
				}
			}
		},
		"bolt": {
			"animation_length": 2.15,
			"bones": {
				"root": {
					"rotation": {
						"0.0": {
							"post": [0, 0, 0],
							"lerp_mode": "catmullrom"
						},
						"0.1667": {
							"post": [-29.66191, 5.33168, 51.15725],
							"lerp_mode": "catmullrom"
						},
						"0.2667": {
							"post": [-35.60198, 10.90157, 56.21229],
							"lerp_mode": "catmullrom"
						},
						"0.3333": {
							"post": [-32.21816, 5.33168, 61.25725],
							"lerp_mode": "catmullrom"
						},
						"0.4167": {
							"post": [-32.21816, 5.33168, 61.45725],
							"lerp_mode": "catmullrom"
						},
						"0.4833": {
							"post": [-27.86191, 5.33168, 53.75725],
							"lerp_mode": "catmullrom"
						},
						"0.5833": [-29.26, 5.33, 53.76],
						"0.6": [-29.26, 5.33, 53.76],
						"0.7": {
							"pre": [-9.38, 1.9, 46.03],
							"post": [-9.38, 1.9, 46.03],
							"lerp_mode": "catmullrom"
						},
						"0.8833": {
							"post": [0, 0, 0],
							"lerp_mode": "catmullrom"
						}
					},
					"position": {
						"0.0": {
							"post": [0, 0, 0],
							"lerp_mode": "catmullrom"
						},
						"0.1667": {
							"post": [1, 3, -0.5],
							"lerp_mode": "catmullrom"
						},
						"0.2833": {
							"post": [0.68885, 2.85886, -0.09764],
							"lerp_mode": "catmullrom"
						},
						"0.3833": {
							"post": [1, 3, -0.4],
							"lerp_mode": "catmullrom"
						},
						"0.4833": {
							"post": [1, 3, -0.4],
							"lerp_mode": "catmullrom"
						},
						"0.55": [1, 3, 0],
						"0.5667": [1, 3, 0],
						"0.6667": {
							"pre": [1, 2.6, 0.2],
							"post": [1, 2.6, 0.2],
							"lerp_mode": "catmullrom"
						},
						"0.8167": {
							"post": [0, -0.2, -2.04375],
							"lerp_mode": "catmullrom"
						},
						"0.95": {
							"post": [0, 0.1, -0.01562],
							"lerp_mode": "catmullrom"
						},
						"1.0667": {
							"post": [0, 0, 0],
							"lerp_mode": "catmullrom"
						}
					}
				},
				"lefthand": {
					"rotation": [95.76835, 20.87329, 53.76065],
					"position": [-4, -11, -12],
					"scale": [1, 1.5, 1]
				},
				"righthand": {
					"rotation": [97.5, -2.5, 0],
					"position": [5.5, -12, 4]
				},
				"rotate": {
					"rotation": {
						"0.1667": [0, 0, 0],
						"0.2833": [-45, 0, 0],
						"0.3667": [-45, 0, 0],
						"0.4833": [0, 0, 0]
					},
					"position": [0, 0, 0]
				},
				"mag": {
					"position": {
						"0.1667": [0, 0, 0],
						"0.2833": [0, 0, 1.5],
						"0.3667": [0, 0, 1.5],
						"0.4833": [0, 0, 0]
					}
				},
				"rotate2": {
					"rotation": {
						"0.1667": [0, 0, 0],
						"0.2833": [-20, 0, 0],
						"0.3667": [-20, 0, 0],
						"0.4833": [0, 0, 0]
					},
					"position": {
						"0.1667": [0, 0, 0],
						"0.2833": [0, 0, 0],
						"0.3667": [0, 0, 0],
						"0.4833": [0, 0, 0]
					}
				}
			},
			"sound_effects": {
				"0.1667": {
					"effect": "pgp:sn10/sn10_bolt_start2"
				},
				"0.2833": {
					"effect": "pgp:sn10/sn10_bolt_end"
				},
				"0.8833": {
					"effect": "pgp:all/grab3"
				}
			}
		},
		"reload_tactical": {
			"animation_length": 4.678,
			"bones": {
				"root": {
					"rotation": {
						"0.0": {
							"post": [0, 0, 0],
							"lerp_mode": "catmullrom"
						},
						"0.25": {
							"post": [-44.19, 1.19, 59.2425],
							"lerp_mode": "catmullrom"
						},
						"0.3833": {
							"post": [-52.35308, 2.95176, 70.81534],
							"lerp_mode": "catmullrom"
						},
						"0.5667": {
							"post": [-54.05, 2.95, 67.26875],
							"lerp_mode": "catmullrom"
						},
						"0.7167": {
							"post": [-53.56521, -0.0548, 65.97404],
							"lerp_mode": "catmullrom"
						},
						"0.85": {
							"post": [-53.57, -0.05, 65.97],
							"lerp_mode": "catmullrom"
						},
						"0.9167": {
							"post": [-51.595, -0.05, 65.97],
							"lerp_mode": "catmullrom"
						},
						"0.95": {
							"post": [-54.67312, -0.05, 65.97],
							"lerp_mode": "catmullrom"
						},
						"1.0": {
							"post": [-55.57, -0.05, 65.97],
							"lerp_mode": "catmullrom"
						},
						"1.5": {
							"post": [-57.35125, 1.7, 64.6575],
							"lerp_mode": "catmullrom"
						},
						"1.8": {
							"post": [-55.57, -0.05, 65.97],
							"lerp_mode": "catmullrom"
						},
						"1.9333": {
							"post": [-55.57, -0.05, 65.97],
							"lerp_mode": "catmullrom"
						},
						"1.9833": {
							"post": [-53.595, -2.7375, 67.41688],
							"lerp_mode": "catmullrom"
						},
						"2.0667": {
							"post": [-56.67312, -0.05, 66.50125],
							"lerp_mode": "catmullrom"
						},
						"2.1333": {
							"post": [-57.57, -0.05, 65.97],
							"lerp_mode": "catmullrom"
						},
						"2.3167": {
							"post": [-57.57, -0.05, 54.07],
							"lerp_mode": "catmullrom"
						},
						"2.5333": {
							"post": [-69.0814, 9.28116, 36.24488],
							"lerp_mode": "catmullrom"
						},
						"2.6667": [-53.7439, 10.40616, 33.66676],
						"2.75": [-53.7439, 10.40616, 33.66676],
						"2.9667": {
							"pre": [-49.50687, 10.3, 32.25],
							"post": [-49.50687, 10.3, 32.25],
							"lerp_mode": "catmullrom"
						},
						"3.2833": {
							"post": [0, 0, 0],
							"lerp_mode": "catmullrom"
						}
					},
					"position": {
						"0.0": {
							"post": [0, 0, 0],
							"lerp_mode": "catmullrom"
						},
						"0.4333": {
							"post": [2.89663, 3.73471, -2],
							"lerp_mode": "catmullrom"
						},
						"0.9167": {
							"post": [2.89663, 4.14096, -2],
							"lerp_mode": "catmullrom"
						},
						"1.0167": {
							"post": [1.53603, 3.31691, -1.3274],
							"lerp_mode": "catmullrom"
						},
						"1.15": {
							"post": [1.67584, 3.43684, -1.63698],
							"lerp_mode": "catmullrom"
						},
						"1.4333": {
							"post": [2.435, 4.10188, -1.70375],
							"lerp_mode": "catmullrom"
						},
						"1.7833": {
							"post": [2.57584, 3.93684, -1.63698],
							"lerp_mode": "catmullrom"
						},
						"1.8833": {
							"post": [2.91075, 4.42331, -2.05814],
							"lerp_mode": "catmullrom"
						},
						"1.9667": {
							"post": [3.06688, 4.57688, -2.40062],
							"lerp_mode": "catmullrom"
						},
						"2.1": {
							"post": [5.35125, 5.68, -4.65375],
							"lerp_mode": "catmullrom"
						},
						"2.2167": {
							"post": [4.28562, 5.13938, -4.29125],
							"lerp_mode": "catmullrom"
						},
						"2.3333": {
							"post": [3.78563, 5.13938, -3.29125],
							"lerp_mode": "catmullrom"
						},
						"2.5333": {
							"post": [3.78563, 5.13938, -3.29125],
							"lerp_mode": "catmullrom"
						},
						"2.65": {
							"post": [4.92423, 5.25637, -2.24825],
							"lerp_mode": "catmullrom"
						},
						"2.7667": [4.309, 5.07627, -2.65948],
						"2.8667": [4.309, 5.07627, -2.65948],
						"3.0333": {
							"pre": [3.65938, 4.28, -2.96],
							"post": [3.65938, 4.28, -2.96],
							"lerp_mode": "catmullrom"
						},
						"3.2": {
							"post": [0.47, 1.01, -1.7],
							"lerp_mode": "catmullrom"
						},
						"3.3833": {
							"post": [0, 0, 0.6],
							"lerp_mode": "catmullrom"
						},
						"3.5167": {
							"post": [0, 0, -0.03125],
							"lerp_mode": "catmullrom"
						},
						"3.7167": {
							"post": [0, 0, 0],
							"lerp_mode": "catmullrom"
						}
					}
				},
				"mag": {
					"rotation": [0, 0, 0],
					"position": {
						"0.1833": [0, 0, 0],
						"0.3833": [0, 0, 1.5],
						"2.5167": [0, 0, 1.5],
						"2.7167": [0, 0, 0]
					},
					"scale": {
						"0.1833": [1, 1, 1],
						"0.75": {
							"pre": [1, 1, 1],
							"post": [0, 0, 0]
						},
						"2.0": {
							"pre": [0, 0, 0],
							"post": [1, 1, 1]
						}
					}
				},
				"lefthand": {
					"rotation": [95.76835, 20.87329, 53.76065],
					"position": [-4, -11, -12],
					"scale": [1, 1.5, 1]
				},
				"righthand": {
					"rotation": {
						"0.4333": {
							"pre": [97.5, -2.5, 0],
							"post": [97.5, -2.5, 0],
							"lerp_mode": "catmullrom"
						},
						"0.7167": {
							"post": [89.85809, -15.40221, 72.69213],
							"lerp_mode": "catmullrom"
						},
						"0.9167": {
							"post": [89.85809, -15.40221, 72.69213],
							"lerp_mode": "catmullrom"
						},
						"1.1": {
							"post": [89.79592, -47.90208, 72.80587],
							"lerp_mode": "catmullrom"
						},
						"1.3333": {
							"post": [89.79592, -47.90208, 72.80587],
							"lerp_mode": "catmullrom"
						},
						"1.7": [-87.35177, -87.09673, 250.01677],
						"1.85": [-87.35177, -88.09673, 250.01677],
						"1.9333": [-89.25728, -78.59897, 251.93108],
						"2.1": [-89.25728, -78.59897, 251.93108],
						"2.2167": {
							"pre": [-47.45401, -69.03146, 202.11041],
							"post": [-47.45401, -69.03146, 202.11041],
							"lerp_mode": "catmullrom"
						},
						"2.35": {
							"post": [80.71127, -47.78482, 44.52243],
							"lerp_mode": "catmullrom"
						},
						"2.4833": {
							"post": [97.5, -2.5, 0],
							"lerp_mode": "catmullrom"
						}
					},
					"position": {
						"0.4333": {
							"pre": [5.5, -12, 4],
							"post": [5.5, -12, 4],
							"lerp_mode": "catmullrom"
						},
						"0.5667": {
							"post": [2.66856, -10.38659, 1.3392],
							"lerp_mode": "catmullrom"
						},
						"0.7167": {
							"post": [4.47123, -8.60228, -2.5502],
							"lerp_mode": "catmullrom"
						},
						"0.9167": {
							"post": [4.47123, -8.60228, -2.5502],
							"lerp_mode": "catmullrom"
						},
						"1.1": {
							"post": [2.17941, -1.30761, 2.60502],
							"lerp_mode": "catmullrom"
						},
						"1.3333": {
							"post": [2.17941, -1.30761, 2.60502],
							"lerp_mode": "catmullrom"
						},
						"1.7": [4.31703, -8.12544, -1.15864],
						"1.9167": [4.31703, -8.12544, -1.15864],
						"1.9833": [4.89021, -11.01577, -0.08069],
						"2.1": [4.89021, -11.01577, -0.08069],
						"2.2167": {
							"pre": [1.94758, -12.35773, 1.07338],
							"post": [1.94758, -12.35773, 1.07338],
							"lerp_mode": "catmullrom"
						},
						"2.3667": {
							"post": [3.54441, -12.17488, 3.39811],
							"lerp_mode": "catmullrom"
						},
						"2.5333": {
							"post": [5.5, -13.2, 4],
							"lerp_mode": "catmullrom"
						}
					}
				},
				"rotate": {
					"rotation": {
						"0.1833": [0, 0, 0],
						"0.3833": [-90, 0, 0],
						"2.5167": [-90, 0, 0],
						"2.7167": [0, 0, 0]
					},
					"position": [0, 0, 0]
				},
				"camera": {
					"rotation": {
						"0.15": {
							"pre": [0, 0, 0],
							"post": [0, 0, 0],
							"lerp_mode": "catmullrom"
						},
						"0.85": {
							"post": [0, -5, 0],
							"lerp_mode": "catmullrom"
						},
						"0.95": {
							"post": [0, -5, 3.3],
							"lerp_mode": "catmullrom"
						},
						"1.1": {
							"post": [0, -5, -1.5],
							"lerp_mode": "catmullrom"
						},
						"1.2333": {
							"post": [0, -5, 0],
							"lerp_mode": "catmullrom"
						},
						"1.8167": {
							"post": [0, -5, 0],
							"lerp_mode": "catmullrom"
						},
						"1.9167": {
							"post": [0, -5, 3.2],
							"lerp_mode": "catmullrom"
						},
						"2.0167": {
							"post": [0, -5, -0.8],
							"lerp_mode": "catmullrom"
						},
						"2.15": {
							"post": [0, -5, 0],
							"lerp_mode": "catmullrom"
						},
						"2.6333": {
							"post": [0, -5, 0],
							"lerp_mode": "catmullrom"
						},
						"2.7": {
							"post": [0, -5, 2.5],
							"lerp_mode": "catmullrom"
						},
						"2.8": {
							"post": [1.4, -0.8, -0.5],
							"lerp_mode": "catmullrom"
						},
						"3.2167": {
							"post": [1.3, -0.8, -0.5],
							"lerp_mode": "catmullrom"
						},
						"3.35": {
							"post": [-0.7, 0.2, 0.75313],
							"lerp_mode": "catmullrom"
						},
						"3.4833": {
							"post": [0, 0, -0.14062],
							"lerp_mode": "catmullrom"
						},
						"3.7667": {
							"post": [0, 0, 0],
							"lerp_mode": "catmullrom"
						}
					}
				}
			},
			"sound_effects": {
				"0.0": {
					"effect": "pgp:sn10/sn10_bolt_start2"
				},
				"0.7167": {
					"effect": "pgp:sn10/sn10_mag_out"
				},
				"1.7667": {
					"effect": "pgp:sn10/sn10_mag_in2"
				},
				"2.5667": {
					"effect": "pgp:sn10/sn10_mag_in"
				},
				"3.25": {
					"effect": "pgp:all/grab3"
				}
			}
		},
		"reload_empty": {
			"animation_length": 4.678,
			"bones": {
				"root": {
					"rotation": {
						"0.0": {
							"post": [0, 0, 0],
							"lerp_mode": "catmullrom"
						},
						"0.25": {
							"post": [-44.19, 1.19, 59.2425],
							"lerp_mode": "catmullrom"
						},
						"0.3833": {
							"post": [-52.35308, 2.95176, 70.81534],
							"lerp_mode": "catmullrom"
						},
						"0.5667": {
							"post": [-54.05, 2.95, 67.26875],
							"lerp_mode": "catmullrom"
						},
						"0.7167": {
							"post": [-53.56521, -0.0548, 65.97404],
							"lerp_mode": "catmullrom"
						},
						"0.85": {
							"post": [-53.57, -0.05, 65.97],
							"lerp_mode": "catmullrom"
						},
						"0.9167": {
							"post": [-51.595, -0.05, 65.97],
							"lerp_mode": "catmullrom"
						},
						"0.95": {
							"post": [-54.67312, -0.05, 65.97],
							"lerp_mode": "catmullrom"
						},
						"1.0": {
							"post": [-55.57, -0.05, 65.97],
							"lerp_mode": "catmullrom"
						},
						"1.5": {
							"post": [-57.35125, 1.7, 64.6575],
							"lerp_mode": "catmullrom"
						},
						"1.8": {
							"post": [-55.57, -0.05, 65.97],
							"lerp_mode": "catmullrom"
						},
						"1.9333": {
							"post": [-55.57, -0.05, 65.97],
							"lerp_mode": "catmullrom"
						},
						"1.9833": {
							"post": [-53.595, -2.7375, 67.41688],
							"lerp_mode": "catmullrom"
						},
						"2.0667": {
							"post": [-56.67312, -0.05, 66.50125],
							"lerp_mode": "catmullrom"
						},
						"2.1333": {
							"post": [-57.57, -0.05, 65.97],
							"lerp_mode": "catmullrom"
						},
						"2.3167": {
							"post": [-57.57, -0.05, 54.07],
							"lerp_mode": "catmullrom"
						},
						"2.5333": {
							"post": [-69.0814, 9.28116, 36.24488],
							"lerp_mode": "catmullrom"
						},
						"2.6667": [-53.7439, 10.40616, 33.66676],
						"2.75": [-53.7439, 10.40616, 33.66676],
						"2.9667": {
							"pre": [-49.50687, 10.3, 32.25],
							"post": [-49.50687, 10.3, 32.25],
							"lerp_mode": "catmullrom"
						},
						"3.2833": {
							"post": [0, 0, 0],
							"lerp_mode": "catmullrom"
						}
					},
					"position": {
						"0.0": {
							"post": [0, 0, 0],
							"lerp_mode": "catmullrom"
						},
						"0.4333": {
							"post": [2.89663, 3.73471, -2],
							"lerp_mode": "catmullrom"
						},
						"0.9167": {
							"post": [2.89663, 4.14096, -2],
							"lerp_mode": "catmullrom"
						},
						"1.0167": {
							"post": [1.53603, 3.31691, -1.3274],
							"lerp_mode": "catmullrom"
						},
						"1.15": {
							"post": [1.67584, 3.43684, -1.63698],
							"lerp_mode": "catmullrom"
						},
						"1.4333": {
							"post": [2.435, 4.10188, -1.70375],
							"lerp_mode": "catmullrom"
						},
						"1.7833": {
							"post": [2.57584, 3.93684, -1.63698],
							"lerp_mode": "catmullrom"
						},
						"1.8833": {
							"post": [2.91075, 4.42331, -2.05814],
							"lerp_mode": "catmullrom"
						},
						"1.9667": {
							"post": [3.06688, 4.57688, -2.40062],
							"lerp_mode": "catmullrom"
						},
						"2.1": {
							"post": [5.35125, 5.68, -4.65375],
							"lerp_mode": "catmullrom"
						},
						"2.2167": {
							"post": [4.28562, 5.13938, -4.29125],
							"lerp_mode": "catmullrom"
						},
						"2.3333": {
							"post": [3.78563, 5.13938, -3.29125],
							"lerp_mode": "catmullrom"
						},
						"2.5333": {
							"post": [3.78563, 5.13938, -3.29125],
							"lerp_mode": "catmullrom"
						},
						"2.65": {
							"post": [4.92423, 5.25637, -2.24825],
							"lerp_mode": "catmullrom"
						},
						"2.7667": [4.309, 5.07627, -2.65948],
						"2.8667": [4.309, 5.07627, -2.65948],
						"3.0333": {
							"pre": [3.65938, 4.28, -2.96],
							"post": [3.65938, 4.28, -2.96],
							"lerp_mode": "catmullrom"
						},
						"3.2": {
							"post": [0.47, 1.01, -1.7],
							"lerp_mode": "catmullrom"
						},
						"3.3833": {
							"post": [0, 0, 0.6],
							"lerp_mode": "catmullrom"
						},
						"3.5167": {
							"post": [0, 0, -0.03125],
							"lerp_mode": "catmullrom"
						},
						"3.7167": {
							"post": [0, 0, 0],
							"lerp_mode": "catmullrom"
						}
					}
				},
				"mag": {
					"rotation": [0, 0, 0],
					"position": {
						"0.1833": [0, 0, 0],
						"0.3833": [0, 0, 1.5],
						"2.5167": [0, 0, 1.5],
						"2.7167": [0, 0, 0]
					},
					"scale": {
						"0.1833": [1, 1, 1],
						"0.75": {
							"pre": [1, 1, 1],
							"post": [0, 0, 0]
						},
						"2.0": {
							"pre": [0, 0, 0],
							"post": [1, 1, 1]
						}
					}
				},
				"lefthand": {
					"rotation": [95.76835, 20.87329, 53.76065],
					"position": [-4, -11, -12],
					"scale": [1, 1.5, 1]
				},
				"righthand": {
					"rotation": {
						"0.4333": {
							"pre": [97.5, -2.5, 0],
							"post": [97.5, -2.5, 0],
							"lerp_mode": "catmullrom"
						},
						"0.7167": {
							"post": [89.85809, -15.40221, 72.69213],
							"lerp_mode": "catmullrom"
						},
						"0.9167": {
							"post": [89.85809, -15.40221, 72.69213],
							"lerp_mode": "catmullrom"
						},
						"1.1": {
							"post": [89.79592, -47.90208, 72.80587],
							"lerp_mode": "catmullrom"
						},
						"1.3333": {
							"post": [89.79592, -47.90208, 72.80587],
							"lerp_mode": "catmullrom"
						},
						"1.7": [-87.35177, -87.09673, 250.01677],
						"1.85": [-87.35177, -88.09673, 250.01677],
						"1.9333": [-89.25728, -78.59897, 251.93108],
						"2.1": [-89.25728, -78.59897, 251.93108],
						"2.2167": {
							"pre": [-47.45401, -69.03146, 202.11041],
							"post": [-47.45401, -69.03146, 202.11041],
							"lerp_mode": "catmullrom"
						},
						"2.35": {
							"post": [80.71127, -47.78482, 44.52243],
							"lerp_mode": "catmullrom"
						},
						"2.4833": {
							"post": [97.5, -2.5, 0],
							"lerp_mode": "catmullrom"
						}
					},
					"position": {
						"0.4333": {
							"pre": [5.5, -12, 4],
							"post": [5.5, -12, 4],
							"lerp_mode": "catmullrom"
						},
						"0.5667": {
							"post": [2.66856, -10.38659, 1.3392],
							"lerp_mode": "catmullrom"
						},
						"0.7167": {
							"post": [4.47123, -8.60228, -2.5502],
							"lerp_mode": "catmullrom"
						},
						"0.9167": {
							"post": [4.47123, -8.60228, -2.5502],
							"lerp_mode": "catmullrom"
						},
						"1.1": {
							"post": [2.17941, -1.30761, 2.60502],
							"lerp_mode": "catmullrom"
						},
						"1.3333": {
							"post": [2.17941, -1.30761, 2.60502],
							"lerp_mode": "catmullrom"
						},
						"1.7": [4.31703, -8.12544, -1.15864],
						"1.9167": [4.31703, -8.12544, -1.15864],
						"1.9833": [4.89021, -11.01577, -0.08069],
						"2.1": [4.89021, -11.01577, -0.08069],
						"2.2167": {
							"pre": [1.94758, -12.35773, 1.07338],
							"post": [1.94758, -12.35773, 1.07338],
							"lerp_mode": "catmullrom"
						},
						"2.3667": {
							"post": [3.54441, -12.17488, 3.39811],
							"lerp_mode": "catmullrom"
						},
						"2.5333": {
							"post": [5.5, -13.2, 4],
							"lerp_mode": "catmullrom"
						}
					}
				},
				"rotate": {
					"rotation": {
						"0.1833": [0, 0, 0],
						"0.3833": [-90, 0, 0],
						"2.5167": [-90, 0, 0],
						"2.7167": [0, 0, 0]
					},
					"position": [0, 0, 0]
				},
				"camera": {
					"rotation": {
						"0.15": {
							"pre": [0, 0, 0],
							"post": [0, 0, 0],
							"lerp_mode": "catmullrom"
						},
						"0.85": {
							"post": [0, -5, 0],
							"lerp_mode": "catmullrom"
						},
						"0.95": {
							"post": [0, -5, 3.3],
							"lerp_mode": "catmullrom"
						},
						"1.1": {
							"post": [0, -5, -1.5],
							"lerp_mode": "catmullrom"
						},
						"1.2333": {
							"post": [0, -5, 0],
							"lerp_mode": "catmullrom"
						},
						"1.8167": {
							"post": [0, -5, 0],
							"lerp_mode": "catmullrom"
						},
						"1.9167": {
							"post": [0, -5, 3.2],
							"lerp_mode": "catmullrom"
						},
						"2.0167": {
							"post": [0, -5, -0.8],
							"lerp_mode": "catmullrom"
						},
						"2.15": {
							"post": [0, -5, 0],
							"lerp_mode": "catmullrom"
						},
						"2.6333": {
							"post": [0, -5, 0],
							"lerp_mode": "catmullrom"
						},
						"2.7": {
							"post": [0, -5, 2.5],
							"lerp_mode": "catmullrom"
						},
						"2.8": {
							"post": [1.4, -0.8, -0.5],
							"lerp_mode": "catmullrom"
						},
						"3.2167": {
							"post": [1.3, -0.8, -0.5],
							"lerp_mode": "catmullrom"
						},
						"3.35": {
							"post": [-0.7, 0.2, 0.75313],
							"lerp_mode": "catmullrom"
						},
						"3.4833": {
							"post": [0, 0, -0.14062],
							"lerp_mode": "catmullrom"
						},
						"3.7667": {
							"post": [0, 0, 0],
							"lerp_mode": "catmullrom"
						}
					}
				}
			},
			"sound_effects": {
				"0.0": {
					"effect": "pgp:sn10/sn10_bolt_start2"
				},
				"0.7167": {
					"effect": "pgp:sn10/sn10_mag_out"
				},
				"1.7667": {
					"effect": "pgp:sn10/sn10_mag_in2"
				},
				"2.5667": {
					"effect": "pgp:sn10/sn10_mag_in"
				},
				"3.25": {
					"effect": "pgp:all/grab3"
				}
			}
		},
		"inspect_empty": {
			"animation_length": 6.4167,
			"bones": {
				"root": {
					"rotation": {
						"0.0": {
							"post": [0, 0, 0],
							"lerp_mode": "catmullrom"
						},
						"0.25": {
							"post": [-9.7, -10, 0],
							"lerp_mode": "catmullrom"
						},
						"0.5417": {
							"post": [-8.1088, -25.52484, -12.04877],
							"lerp_mode": "catmullrom"
						},
						"1.1667": {
							"post": [-10.91, -25.72, -12.05],
							"lerp_mode": "catmullrom"
						},
						"1.4167": {
							"post": [-5.7204, -37.7648, -6.77291],
							"lerp_mode": "catmullrom"
						},
						"1.6667": {
							"post": [-6.64626, -62.23369, -5.8624],
							"lerp_mode": "catmullrom"
						},
						"2.5833": {
							"post": [-6.64626, -64.27275, -5.8624],
							"lerp_mode": "catmullrom"
						},
						"3.0833": {
							"post": [-3.58281, -61.03, -5.36],
							"lerp_mode": "catmullrom"
						},
						"3.2917": {
							"post": [5.51, -25.14, -1.26],
							"lerp_mode": "catmullrom"
						},
						"3.4583": {
							"post": [-3.6, -4.5, 0],
							"lerp_mode": "catmullrom"
						},
						"3.75": {
							"post": [0, 0, 0],
							"lerp_mode": "catmullrom"
						}
					},
					"position": {
						"0.0": {
							"post": [0, 0, 0],
							"lerp_mode": "catmullrom"
						},
						"0.25": {
							"post": [-0.05273, 1.74686, 0.29903],
							"lerp_mode": "catmullrom"
						},
						"0.4583": {
							"post": [-0.08456, 1.60301, 0.59014],
							"lerp_mode": "catmullrom"
						},
						"0.625": {
							"post": [-0.03, 1.62, 0.62],
							"lerp_mode": "catmullrom"
						},
						"0.75": {
							"post": [-0.03, 1.52, 0.62],
							"lerp_mode": "catmullrom"
						},
						"0.875": {
							"post": [-0.03, 1.42, 0.62],
							"lerp_mode": "catmullrom"
						},
						"1.1667": {
							"post": [-0.03, 1.12, 0.62],
							"lerp_mode": "catmullrom"
						},
						"1.9583": {
							"post": [-0.04875, 1.0575, 1.26688],
							"lerp_mode": "catmullrom"
						},
						"2.75": {
							"post": [-0.04875, 1.07313, 1.37626],
							"lerp_mode": "catmullrom"
						},
						"3.125": {
							"post": [-0.05, 1.33656, 1.4],
							"lerp_mode": "catmullrom"
						},
						"3.375": {
							"post": [-0.02, 1.17, 1.23],
							"lerp_mode": "catmullrom"
						},
						"3.5833": {
							"post": [0, -0.4, -1],
							"lerp_mode": "catmullrom"
						},
						"3.75": {
							"post": [0, 0.0625, 0.29375],
							"lerp_mode": "catmullrom"
						},
						"4.125": {
							"post": [0, 0, 0],
							"lerp_mode": "catmullrom"
						}
					}
				},
				"lefthand": {
					"rotation": [95.76835, 20.87329, 53.76065],
					"position": [-4, -11, -12],
					"scale": [1, 1.5, 1]
				},
				"righthand": {
					"rotation": [97.5, -2.5, 0],
					"position": [5.5, -12, 4]
				},
				"gun": {
					"rotation": {
						"4.5833": [-360, 0, 0],
						"4.875": [-360, 0, 0]
					},
					"position": {
						"4.5833": {
							"pre": [0, 0, 0],
							"post": [0, 0, 0],
							"lerp_mode": "catmullrom"
						},
						"4.875": {
							"post": [0, 0, 0],
							"lerp_mode": "catmullrom"
						}
					}
				},
				"rotate": {
					"rotation": {
						"3.0": {
							"pre": [0, 0, 0],
							"post": [0, 0, 0],
							"lerp_mode": "catmullrom"
						}
					},
					"position": {
						"3.0": {
							"pre": [0, 0, 0],
							"post": [0, 0, 0],
							"lerp_mode": "catmullrom"
						}
					}
				},
				"camera": {
					"rotation": {
						"0.0": {
							"post": [0, 0, 0],
							"lerp_mode": "catmullrom"
						},
						"0.4583": {
							"post": [-7.5, 12.5, 0],
							"lerp_mode": "catmullrom"
						},
						"0.75": {
							"post": [-7.5, 12.5, 0],
							"lerp_mode": "catmullrom"
						},
						"1.0833": {
							"post": [-7.5, 12.5, 0],
							"lerp_mode": "catmullrom"
						},
						"1.5417": {
							"post": [0, 5, 0],
							"lerp_mode": "catmullrom"
						},
						"2.5": {
							"post": [0, 2.5, 0],
							"lerp_mode": "catmullrom"
						},
						"3.1667": {
							"post": [-5, 1.5, 0],
							"lerp_mode": "catmullrom"
						},
						"3.5417": {
							"post": [1.9, 1.5, 0],
							"lerp_mode": "catmullrom"
						},
						"3.75": {
							"post": [-0.64, 0.5, 0],
							"lerp_mode": "catmullrom"
						},
						"4.0": {
							"post": [0, 0, 0],
							"lerp_mode": "catmullrom"
						}
					}
				}
			},
			"sound_effects": {
				"0.1667": {
					"effect": "pgp:all/equip2"
				},
				"1.4167": {
					"effect": "pgp:all/equip3"
				},
				"3.5833": {
					"effect": "pgp:all/equip"
				}
			}
		}
	}
}