{
	"format_version": "1.8.0",
	"animations": {
		"static_idle": {
			"loop": true,
			"bones": {
				"lefthand": {
					"rotation": [110.36057, 22.52101, 44.09531],
					"position": [-4, -17, -11],
					"scale": [1, 1.5, 1]
				},
				"righthand": {
					"rotation": [90, -7.5, 0],
					"position": [5, -17, 3]
				},
				"lightning1": {
					"scale": 0.01
				},
				"lightning2": {
					"scale": 0.01
				},
				"lightning3": {
					"scale": 0.01
				},
				"lightning4": {
					"scale": 0.01
				},
				"lightning5": {
					"scale": 0.01
				},
				"lightning6": {
					"scale": 0.01
				},
				"lightning7": {
					"scale": 0.01
				},
				"lightning8": {
					"scale": 0.01
				},
				"constraint": {
					"rotation": [0.2, 0.2, 0.2],
					"position": [0.2, 0.2, 0.2]
				}
			}
		},
		"shoot": {
			"animation_length": 1.4583,
			"bones": {
				"root": {
					"rotation": {
						"0.0": {
							"post": [0, 0, 0],
							"lerp_mode": "catmullrom"
						},
						"0.1667": {
							"post": [-1.8, 0, -2.1],
							"lerp_mode": "catmullrom"
						},
						"0.375": {
							"post": [0.5, 0, 1.3],
							"lerp_mode": "catmullrom"
						},
						"0.875": {
							"post": [0.5, 0, -0.5],
							"lerp_mode": "catmullrom"
						},
						"1.0833": {
							"post": [-0.5, 0, 0.2],
							"lerp_mode": "catmullrom"
						},
						"1.625": {
							"post": [0, 0, 0],
							"lerp_mode": "catmullrom"
						}
					},
					"position": {
						"0.0": {
							"post": [0, 0, 0],
							"lerp_mode": "catmullrom"
						},
						"0.0417": {
							"post": [0, 0, 1.9],
							"lerp_mode": "catmullrom"
						},
						"0.0833": {
							"post": [-0.3125, -0.5, 5],
							"lerp_mode": "catmullrom"
						},
						"0.2083": {
							"post": [0.11719, 0.4, 2.89],
							"lerp_mode": "catmullrom"
						},
						"0.375": {
							"post": [0, 0.6, 0.4],
							"lerp_mode": "catmullrom"
						},
						"0.5": {
							"post": [-0.19531, 0.4, 0.1],
							"lerp_mode": "catmullrom"
						},
						"0.625": {
							"post": [0, 0, 0],
							"lerp_mode": "catmullrom"
						},
						"0.75": {
							"post": [0.02344, -0.22187, -0.15375],
							"lerp_mode": "catmullrom"
						},
						"0.875": {
							"post": [-0.03906, -0.18281, -0.10187],
							"lerp_mode": "catmullrom"
						},
						"1.0417": {
							"post": [0, 0, 0.11719],
							"lerp_mode": "catmullrom"
						},
						"1.2083": {
							"post": [0, 0.11719, 0],
							"lerp_mode": "catmullrom"
						},
						"1.4583": {
							"post": [0, 0, 0],
							"lerp_mode": "catmullrom"
						}
					}
				},
				"EM1_right": {
					"position": {
						"0.0": [0, 0, 0],
						"0.0833": [0, 0, -4],
						"0.5833": [0, 0, -4],
						"0.6667": [0, 0, 0]
					}
				},
				"EM1_left": {
					"position": {
						"0.0": [0, 0, 0],
						"0.0833": [0, 0, -4],
						"0.5833": [0, 0, -4],
						"0.6667": [0, 0, 0]
					}
				},
				"EM2_right": {
					"position": {
						"0.0": [0, 0, 0],
						"0.0833": [0, 0, -2],
						"0.6667": [0, 0, -2],
						"0.75": [0, 0, 0]
					}
				},
				"EM2_left": {
					"position": {
						"0.0": [0, 0, 0],
						"0.0833": [0, 0, -2],
						"0.6667": [0, 0, -2],
						"0.75": [0, 0, 0]
					}
				},
				"EM3_right": {
					"position": {
						"0.0": [0, 0, 0],
						"0.0833": [0, 0, 4],
						"0.75": [0, 0, 4],
						"0.8333": [0, 0, 0]
					}
				},
				"EM3_left": {
					"position": {
						"0.0": [0, 0, 0],
						"0.0833": [0, 0, 4],
						"0.75": [0, 0, 4],
						"0.8333": [0, 0, 0]
					}
				},
				"lightning1": {
					"rotation": {
						"0.0833": [0, 0, 0],
						"0.125": [0, 180, 0],
						"0.3333": [0, 180, 0],
						"0.375": [0, 0, 0]
					},
					"position": {
						"0.0833": [0, 0, 0],
						"0.5": [0, 0, -15]
					},
					"scale": {
						"0.0833": [1, 1, 1],
						"0.125": [100, 100, 100],
						"0.3333": [100, 100, 100],
						"0.375": [1, 1, 1],
						"0.4583": [100, 100, 100],
						"0.5": [1, 1, 1]
					}
				},
				"lightning2": {
					"rotation": {
						"0.125": [0, 0, 0],
						"0.2083": [0, 180, 0],
						"0.25": [0, 180, 0],
						"0.3333": [0, 0, 0],
						"0.375": [0, 0, 0],
						"0.4167": [0, 180, 0],
						"0.5": [0, 180, 0],
						"0.5417": [0, 0, 0]
					},
					"position": {
						"0.125": [0, 0, 0],
						"0.5417": [0, 0, 18]
					},
					"scale": {
						"0.125": [1, 1, 1],
						"0.1667": [100, 100, 100],
						"0.375": [100, 100, 100],
						"0.4167": [1, 1, 1],
						"0.5": [100, 100, 100],
						"0.5417": [1, 1, 1]
					}
				},
				"lightning3": {
					"rotation": {
						"0.2083": [0, 0, 0],
						"0.25": [0, 180, 0],
						"0.4167": [0, 180, 0],
						"0.5": [0, 0, 0]
					},
					"position": {
						"0.2083": [0, 0, -9],
						"0.625": [0, 0, -18]
					},
					"scale": {
						"0.2083": [1, 1, 1],
						"0.25": [100, 100, 100],
						"0.4583": [100, 100, 100],
						"0.5": [1, 1, 1],
						"0.5833": [100, 100, 100],
						"0.625": [1, 1, 1]
					}
				},
				"lightning4": {
					"rotation": {
						"0.25": [0, 0, 0],
						"0.3333": [0, 180, 0],
						"0.375": [0, 180, 0],
						"0.4167": [0, 0, 0],
						"0.5": [0, 0, 0],
						"0.5417": [0, 180, 0],
						"0.625": [0, 180, 0],
						"0.6667": [0, 0, 0]
					},
					"position": {
						"0.25": [0, 0, 0],
						"0.6667": [0, 0, 18]
					},
					"scale": {
						"0.25": [1, 1, 1],
						"0.2917": [100, 100, 100],
						"0.5": [100, 100, 100],
						"0.5417": [1, 1, 1],
						"0.625": [100, 100, 100],
						"0.6667": [1, 1, 1]
					}
				},
				"lightning5": {
					"rotation": {
						"0.3333": [0, 0, 0],
						"0.375": [0, 180, 0],
						"0.5417": [0, 180, 0],
						"0.625": [0, 0, 0]
					},
					"position": {
						"0.3333": [0, 0, -9],
						"0.7083": [0, 0, -18]
					},
					"scale": {
						"0.3333": [1, 1, 1],
						"0.375": [100, 100, 100],
						"0.5833": [100, 100, 100],
						"0.625": [1, 1, 1],
						"0.7083": [100, 100, 100],
						"0.75": [1, 1, 1]
					}
				},
				"lightning6": {
					"rotation": {
						"0.375": [0, 0, 0],
						"0.4167": [0, 180, 0],
						"0.5": [0, 180, 0],
						"0.5417": [0, 0, 0],
						"0.625": [0, 0, 0],
						"0.6667": [0, 180, 0],
						"0.7083": [0, 180, 0],
						"0.7917": [0, 0, 0]
					},
					"position": {
						"0.375": [0, 0, 0],
						"0.7917": [0, 0, 12]
					},
					"scale": {
						"0.375": [1, 1, 1],
						"0.4167": [100, 100, 100],
						"0.625": [100, 100, 100],
						"0.6667": [1, 1, 1],
						"0.75": [100, 100, 100],
						"0.7917": [1, 1, 1]
					}
				},
				"lightning7": {
					"rotation": {
						"0.4167": [0, 0, 0],
						"0.5": [0, 180, 0],
						"0.6667": [0, 180, 0],
						"0.7083": [0, 0, 0]
					},
					"position": {
						"0.4167": [0, 0, -9],
						"0.8333": [0, 0, -6]
					},
					"scale": {
						"0.4167": [1, 1, 1],
						"0.4583": [100, 100, 100],
						"0.6667": [100, 100, 100],
						"0.7083": [1, 1, 1],
						"0.7917": [100, 100, 100],
						"0.8333": [1, 1, 1]
					}
				},
				"lightning8": {
					"rotation": {
						"0.5": [0, 0, 0],
						"0.5417": [0, 180, 0],
						"0.625": [0, 180, 0],
						"0.6667": [0, 0, 0],
						"0.7083": [0, 0, 0],
						"0.7917": [0, 180, 0],
						"0.8333": [0, 180, 0],
						"0.9167": [0, 0, 0]
					},
					"position": {
						"0.5": [0, 0, 0],
						"0.9167": [0, 0, 3]
					},
					"scale": {
						"0.5": [1, 1, 1],
						"0.5417": [100, 100, 100],
						"0.75": [100, 100, 100],
						"0.7917": [1, 1, 1],
						"0.875": [100, 100, 100],
						"0.9167": [1, 1, 1]
					}
				},
				"constraint": {
					"rotation": {
						"0.0": [0.1, 0.2, 0.2],
						"0.25": [0, 0, 0]
					},
					"position": {
						"0.0": [0.2, 0.2, 0.35],
						"0.25": [0, 0, 0]
					}
				},
				"camera": {
					"rotation": {
						"0.0": {
							"post": [0, 0, 0],
							"lerp_mode": "catmullrom"
						},
						"0.0417": {
							"post": [0, 0, 3],
							"lerp_mode": "catmullrom"
						},
						"0.0833": {
							"post": [0, 0, -3],
							"lerp_mode": "catmullrom"
						},
						"0.1667": {
							"post": [0, 0, 2],
							"lerp_mode": "catmullrom"
						},
						"0.25": {
							"post": [0, 0, -2],
							"lerp_mode": "catmullrom"
						},
						"0.3333": {
							"post": [0, 0, 0.5],
							"lerp_mode": "catmullrom"
						},
						"0.4167": {
							"post": [0, 0, -0.3],
							"lerp_mode": "catmullrom"
						},
						"0.5": {
							"post": [0, 0, 0],
							"lerp_mode": "catmullrom"
						}
					}
				}
			},
			"sound_effects": {
				"0.0": {
					"effect": "pgp:nekom/nekom_shoot_start"
				},
				"0.7083": {
					"effect": "pgp:nekom/nekom_shoot_over"
				}
			}
		},
		"bolt": {
			"animation_length": 0.75,
			"bones": {
				"EM1_right": {
					"position": {
						"0.1667": [0, 0, 0],
						"0.25": [0, 0, 4],
						"0.5": [0, 0, 4],
						"0.5833": [0, 0, 0]
					}
				},
				"EM1_left": {
					"position": {
						"0.1667": [0, 0, 0],
						"0.25": [0, 0, 4],
						"0.5": [0, 0, 4],
						"0.5833": [0, 0, 0]
					}
				},
				"EM2_right": {
					"position": {
						"0.0833": [0, 0, 0],
						"0.1667": [0, 0, 4],
						"0.5833": [0, 0, 4],
						"0.6667": [0, 0, 0]
					}
				},
				"EM2_left": {
					"position": {
						"0.0833": [0, 0, 0],
						"0.1667": [0, 0, 4],
						"0.5833": [0, 0, 4],
						"0.6667": [0, 0, 0]
					}
				},
				"EM3_right": {
					"position": {
						"0.0": [0, 0, 0],
						"0.0833": [0, 0, 4],
						"0.6667": [0, 0, 4],
						"0.75": [0, 0, 0]
					}
				},
				"EM3_left": {
					"position": {
						"0.0": [0, 0, 0],
						"0.0833": [0, 0, 4],
						"0.6667": [0, 0, 4],
						"0.75": [0, 0, 0]
					}
				}
			}
		},
		"reload_tactical": {
			"animation_length": 3.0667,
			"bones": {
				"root": {
					"rotation": {
						"0.0": {
							"post": [0, 0, 0],
							"lerp_mode": "catmullrom"
						},
						"0.1667": {
							"post": [-1.4, -7, -16],
							"lerp_mode": "catmullrom"
						},
						"0.4": {
							"post": [-30.9, -9.42187, -16],
							"lerp_mode": "catmullrom"
						},
						"0.6": {
							"post": [-31.21562, -11, -16],
							"lerp_mode": "catmullrom"
						},
						"0.9333": {
							"post": [-31.04687, -11, -16],
							"lerp_mode": "catmullrom"
						},
						"1.2333": {
							"post": [-31.04687, -11, -16],
							"lerp_mode": "catmullrom"
						},
						"1.3": {
							"post": [-32.05, -11, -16],
							"lerp_mode": "catmullrom"
						},
						"1.3667": {
							"post": [-31.51875, -11, -16],
							"lerp_mode": "catmullrom"
						},
						"1.4333": {
							"post": [-31.87156, -11, -16],
							"lerp_mode": "catmullrom"
						},
						"1.8333": {
							"post": [-31.87, -11, -16],
							"lerp_mode": "catmullrom"
						},
						"2.2": {
							"post": [-34.77, -11, -16],
							"lerp_mode": "catmullrom"
						},
						"2.4667": {
							"post": [-0.20187, -0.18, -3.04],
							"lerp_mode": "catmullrom"
						},
						"2.6667": {
							"post": [-0.94062, 0.72656, 1.4],
							"lerp_mode": "catmullrom"
						},
						"2.8667": {
							"post": [0.33625, 0.01, -0.72],
							"lerp_mode": "catmullrom"
						},
						"3.2": {
							"post": [0, 0, 0],
							"lerp_mode": "catmullrom"
						}
					},
					"position": {
						"0.0": {
							"post": [0, 0, 0],
							"lerp_mode": "catmullrom"
						},
						"0.1333": {
							"post": [0, 0, 0],
							"lerp_mode": "catmullrom"
						},
						"0.3333": {
							"post": [0, 2, -2],
							"lerp_mode": "catmullrom"
						},
						"0.5": {
							"post": [0, -0.1, -2],
							"lerp_mode": "catmullrom"
						},
						"0.5667": {
							"post": [0.04, -0.07031, -2],
							"lerp_mode": "catmullrom"
						},
						"0.6333": {
							"post": [0, -0.04531, -2.06094],
							"lerp_mode": "catmullrom"
						},
						"0.7333": {
							"post": [0, 0.1, -1.97656],
							"lerp_mode": "catmullrom"
						},
						"1.1333": {
							"post": [0, -0.01, -2.03906],
							"lerp_mode": "catmullrom"
						},
						"1.2667": {
							"post": [0.04, 0, -2],
							"lerp_mode": "catmullrom"
						},
						"1.3333": {
							"post": [0, 0.07031, -2.06094],
							"lerp_mode": "catmullrom"
						},
						"1.4333": {
							"post": [0, 0.05156, -2.04531],
							"lerp_mode": "catmullrom"
						},
						"1.5": {
							"post": [0, 0.07094, -2.06562],
							"lerp_mode": "catmullrom"
						},
						"1.5667": {
							"post": [0, 0.06, -2.05],
							"lerp_mode": "catmullrom"
						},
						"1.8333": {
							"post": [0, 0.06, -2.05],
							"lerp_mode": "catmullrom"
						},
						"1.9": {
							"post": [0, 1.36, -2.05],
							"lerp_mode": "catmullrom"
						},
						"2.0": {
							"post": [0, 0.7725, -2.05],
							"lerp_mode": "catmullrom"
						},
						"2.1": {
							"post": [0, 0.87, -2.05],
							"lerp_mode": "catmullrom"
						},
						"2.2": {
							"post": [0, 1.37, -2.05],
							"lerp_mode": "catmullrom"
						},
						"2.4333": {
							"post": [0, 1.28, -2.13],
							"lerp_mode": "catmullrom"
						},
						"2.5667": {
							"post": [0, 0.6, -2.6],
							"lerp_mode": "catmullrom"
						},
						"2.6667": {
							"post": [0, -0.2, 0.1],
							"lerp_mode": "catmullrom"
						},
						"2.9333": {
							"post": [0, 0, 0],
							"lerp_mode": "catmullrom"
						}
					}
				},
				"mag_and_lefthand": {
					"rotation": {
						"0.2": [0, 0, 0],
						"0.4333": [0, 0, 0],
						"0.5": [-10, 0, 0],
						"0.6": [-10.23772, 12.3071, -2.20462],
						"1.0": [-10.24, 12.31, -2.2],
						"1.4": [-9.39, 5.28, -0.94],
						"1.4667": [-4.5, 1, -0.94],
						"1.5333": {
							"pre": [0, 0, 0],
							"post": [0, 0, 0],
							"lerp_mode": "catmullrom"
						}
					},
					"position": {
						"0.2": [0, 0, 0],
						"0.4333": {
							"pre": [0, 0, 0],
							"post": [0, 0, 0],
							"lerp_mode": "catmullrom"
						},
						"0.6": {
							"post": [0, -2, -1],
							"lerp_mode": "catmullrom"
						},
						"0.7": {
							"post": [5, -7, 6],
							"lerp_mode": "catmullrom"
						},
						"1.0": {
							"post": [5, -7, 6],
							"lerp_mode": "catmullrom"
						},
						"1.2667": [0, -1.6, 0],
						"1.3333": [0, -0.6, 0],
						"1.4333": [0, -0.6, 0],
						"1.8667": [0, -0.6, 0],
						"1.9333": [0, 0, 0]
					}
				},
				"lefthand": {
					"rotation": {
						"0.0": {
							"post": [110.36057, 22.52101, 44.09531],
							"lerp_mode": "catmullrom"
						},
						"0.1333": [117.62021, 12.19837, 68.01417],
						"1.5667": [117.62021, 12.19837, 68.01417],
						"1.7667": [117.62, 12.2, 68.01],
						"1.9333": [117.62021, 12.19837, 68.01417],
						"2.0333": [117.62021, 12.19837, 68.01417],
						"2.2667": {
							"pre": [105.03, 15.89, 59.47],
							"post": [105.03, 15.89, 59.47],
							"lerp_mode": "catmullrom"
						},
						"2.5": {
							"post": [110.36057, 22.52101, 44.09531],
							"lerp_mode": "catmullrom"
						}
					},
					"position": {
						"0.0": {
							"post": [-4, -17, -11],
							"lerp_mode": "catmullrom"
						},
						"0.1333": [-5, -19, -6],
						"1.5667": [-5, -19, -6],
						"1.7667": [-5, -24, -6],
						"1.9333": [-5, -18.4, -6],
						"2.0333": [-5, -18.4, -6],
						"2.2667": {
							"pre": [-1.64, -18.49, -12.79],
							"post": [-1.64, -18.49, -12.79],
							"lerp_mode": "catmullrom"
						},
						"2.5": {
							"post": [-4, -17, -11],
							"lerp_mode": "catmullrom"
						}
					},
					"scale": {
						"0.0": {
							"post": [1, 1.5, 1],
							"lerp_mode": "catmullrom"
						},
						"2.5": {
							"post": [1, 1.5, 1],
							"lerp_mode": "catmullrom"
						}
					}
				},
				"righthand": {
					"rotation": [90, -7.5, 0],
					"position": [5, -17, 3]
				},
				"camera": {
					"rotation": {
						"0.0": {
							"post": [0, 0, 0],
							"lerp_mode": "catmullrom"
						},
						"0.4": {
							"post": [2, 2, 0],
							"lerp_mode": "catmullrom"
						},
						"0.7": {
							"post": [1.9, 1.9, 0],
							"lerp_mode": "catmullrom"
						},
						"1.3": {
							"post": [2, 2, 0],
							"lerp_mode": "catmullrom"
						},
						"1.4333": {
							"post": [1.75, 1.7, 0],
							"lerp_mode": "catmullrom"
						},
						"1.5667": {
							"post": [2.25, 2.2, 0],
							"lerp_mode": "catmullrom"
						},
						"1.7667": {
							"post": [2.95, 2, 0],
							"lerp_mode": "catmullrom"
						},
						"1.9667": {
							"post": [-1.05, 2, 0],
							"lerp_mode": "catmullrom"
						},
						"2.3667": {
							"post": [-1.05, 2, 0],
							"lerp_mode": "catmullrom"
						},
						"2.5667": {
							"post": [1.1, 0.3, 0],
							"lerp_mode": "catmullrom"
						},
						"2.7": {
							"post": [-0.49, 0.08, 0],
							"lerp_mode": "catmullrom"
						},
						"2.8333": {
							"post": [0.32063, 0.06, 0],
							"lerp_mode": "catmullrom"
						},
						"2.9667": {
							"post": [-0.14, 0.03, 0],
							"lerp_mode": "catmullrom"
						},
						"3.1667": {
							"post": [0, 0, 0],
							"lerp_mode": "catmullrom"
						}
					}
				},
				"thirdperson_hand": {
					"rotation": [0, 0, 0]
				}
			},
			"sound_effects": {
				"0.2333": {
					"effect": "pgp:nekom/nekom_grab1"
				},
				"0.4": {
					"effect": "pgp:nekom/nekom_reload_mag_out"
				},
				"1.3": {
					"effect": "pgp:nekom/nekom_grab3"
				},
				"1.5": {
					"effect": "pgp:nekom/nekom_grab2"
				},
				"1.8": {
					"effect": "pgp:nekom/nekom_reload_mag_in"
				},
				"2.6": {
					"effect": "pgp:nekom/nekom_grab1"
				}
			}
		},
		"draw": {
			"animation_length": 1.2048,
			"bones": {
				"root": {
					"rotation": {
						"0.0": {
							"post": [-103.12, 0, 0],
							"lerp_mode": "catmullrom"
						},
						"0.1": {
							"post": [-91.33, -14.34, -0.55],
							"lerp_mode": "catmullrom"
						},
						"0.25": {
							"post": [-76.6, -14.49, -2.98],
							"lerp_mode": "catmullrom"
						},
						"0.35": {
							"post": [-49.98, -8.63, -1.82],
							"lerp_mode": "catmullrom"
						},
						"0.6": {
							"post": [0, 0, 7.5],
							"lerp_mode": "catmullrom"
						},
						"0.7": {
							"post": [3.30992, 0.49018, -1.87167],
							"lerp_mode": "catmullrom"
						},
						"0.85": {
							"post": [0.98628, -0.20008, 1.69645],
							"lerp_mode": "catmullrom"
						},
						"0.95": {
							"post": [0, 0, -0.4],
							"lerp_mode": "catmullrom"
						},
						"1.1": [0, 0, 0]
					},
					"position": {
						"0.0": {
							"post": [-9, -36, 2],
							"lerp_mode": "catmullrom"
						},
						"0.1": {
							"post": [-5.01, -17.52, -3.2],
							"lerp_mode": "catmullrom"
						},
						"0.25": {
							"post": [-2.9, -11.93, -3.99],
							"lerp_mode": "catmullrom"
						},
						"0.4": {
							"post": [-0.25, -2.46, -2.03],
							"lerp_mode": "catmullrom"
						},
						"0.6": {
							"post": [0, -0.6, 0.3],
							"lerp_mode": "catmullrom"
						},
						"0.7": {
							"post": [0, 0.03, 0.4],
							"lerp_mode": "catmullrom"
						},
						"0.85": {
							"post": [0, 0, -0.2],
							"lerp_mode": "catmullrom"
						},
						"0.95": {
							"post": [0, -0.1, -0.18],
							"lerp_mode": "catmullrom"
						},
						"1.15": [0, 0, 0]
					}
				},
				"mag_extended_1": {
					"rotation": [0, 0, 0],
					"position": [0, 0, 0]
				},
				"mag_standard": {
					"rotation": [0, 0, 0],
					"position": [0, 0, 0]
				},
				"lefthand": {
					"rotation": [110.36057, 22.52101, 44.09531],
					"position": [-4, -17, -11],
					"scale": [1, 1.5, 1]
				},
				"righthand": {
					"rotation": [90, -7.5, 0],
					"position": [5, -17, 3],
					"scale": [1, 1.5, 1]
				},
				"constraint": {
					"rotation": [0.2, 0.2, 0.2],
					"position": [0.2, 0.2, 0.2]
				},
				"EM1_right": {
					"position": {
						"0.0": [0, 0, -4],
						"0.5": [0, 0, -4],
						"0.6": [0, 0, 0]
					}
				},
				"EM1_left": {
					"position": {
						"0.0": [0, 0, -4],
						"0.7": [0, 0, -4],
						"0.8": [0, 0, 0]
					}
				},
				"EM2_right": {
					"position": {
						"0.0": [0, 0, -2],
						"0.8": [0, 0, -2],
						"0.85": [0, 0, 0]
					}
				},
				"EM2_left": {
					"position": {
						"0.0": [0, 0, -2],
						"0.8": [0, 0, -2],
						"0.85": [0, 0, 0]
					}
				},
				"EM3_right": {
					"position": {
						"0.0": [0, 0, 4],
						"0.85": [0, 0, 4],
						"0.95": [0, 0, 0]
					}
				},
				"EM3_left": {
					"position": {
						"0.0": [0, 0, 4],
						"0.85": [0, 0, 4],
						"0.95": [0, 0, 0]
					}
				},
				"camera": {
					"rotation": {
						"0.0": {
							"post": [0, 0, 0],
							"lerp_mode": "catmullrom"
						},
						"0.1": {
							"post": [-0.3425, 0.59375, 0],
							"lerp_mode": "catmullrom"
						},
						"0.25": {
							"post": [-0.4325, 0.38125, -0.5625],
							"lerp_mode": "catmullrom"
						},
						"0.35": {
							"post": [0.0775, 0, -0.21875],
							"lerp_mode": "catmullrom"
						},
						"0.55": {
							"post": [0.95, -0.25, -0.5625],
							"lerp_mode": "catmullrom"
						},
						"0.8": {
							"post": [-0.05, -0.2575, -0.3125],
							"lerp_mode": "catmullrom"
						},
						"0.95": {
							"post": [-0.2525, 0.4375, 0.25],
							"lerp_mode": "catmullrom"
						},
						"1.15": {
							"post": [0, 0, 0],
							"lerp_mode": "catmullrom"
						}
					}
				},
				"mag_extended_2": {
					"rotation": [0, 0, 0],
					"position": [0, 0, 0]
				},
				"mag_extended_3": {
					"rotation": [0, 0, 0],
					"position": [0, 0, 0]
				}
			},
			"sound_effects": {
				"0.0": {
					"effect": "pgp:nekom/nekom_draw_start"
				},
				"0.85": {
					"effect": "pgp:nekom/nekom_draw_over"
				}
			}
		},
		"put_away": {
			"animation_length": 1.2048,
			"bones": {
				"root": {
					"rotation": {
						"0.0": {
							"post": [0, 0, 0],
							"lerp_mode": "catmullrom"
						},
						"0.1": {
							"post": [-0.51171, -3.6801, -4.19401],
							"lerp_mode": "catmullrom"
						},
						"0.2": {
							"post": [4.36882, -11.73179, -10.29382],
							"lerp_mode": "catmullrom"
						},
						"0.3": {
							"post": [16.99835, -17.70783, -19.61271],
							"lerp_mode": "catmullrom"
						},
						"0.4": {
							"post": [22.5, -27.4, -9.02],
							"lerp_mode": "catmullrom"
						},
						"0.5": {
							"post": [38.74, -37.82, -13.36],
							"lerp_mode": "catmullrom"
						}
					},
					"position": {
						"0.0": {
							"post": [0, 0, 0],
							"lerp_mode": "catmullrom"
						},
						"0.1": {
							"post": [-0.45, -0.49, 0.28],
							"lerp_mode": "catmullrom"
						},
						"0.2": {
							"post": [-0.67, -1.47, 0.34],
							"lerp_mode": "catmullrom"
						},
						"0.3": {
							"post": [-0.435, -3.245, 0.06],
							"lerp_mode": "catmullrom"
						},
						"0.4": {
							"post": [0.22, -5.38, -0.15],
							"lerp_mode": "catmullrom"
						},
						"0.5": {
							"post": [1.49, -9.585, -0.36],
							"lerp_mode": "catmullrom"
						}
					}
				},
				"mag_extended_1": {
					"rotation": [0, 0, 0],
					"position": [0, 0, 0]
				},
				"mag_standard": {
					"rotation": [0, 0, 0],
					"position": [0, 0, 0]
				},
				"lefthand": {
					"rotation": [110.36057, 22.52101, 44.09531],
					"position": [-4, -17, -11],
					"scale": [1, 1.5, 1]
				},
				"righthand": {
					"rotation": [90, -7.5, 0],
					"position": [5, -17, 3],
					"scale": [1, 1.5, 1]
				},
				"constraint": {
					"rotation": [0.2, 0.2, 0.2],
					"position": [0.2, 0.2, 0.2]
				},
				"camera": {
					"rotation": {
						"0.0": {
							"post": [0, 0, 0],
							"lerp_mode": "catmullrom"
						},
						"0.1": {
							"post": [0.3, 0, -0.125],
							"lerp_mode": "catmullrom"
						},
						"0.3": {
							"post": [0.64, 0, 0.3],
							"lerp_mode": "catmullrom"
						},
						"0.4": {
							"post": [0.5, 0, 0.15],
							"lerp_mode": "catmullrom"
						},
						"0.5": {
							"post": [0, 0, 0],
							"lerp_mode": "catmullrom"
						}
					}
				},
				"mag_extended_2": {
					"rotation": [0, 0, 0],
					"position": [0, 0, 0]
				},
				"mag_extended_3": {
					"rotation": [0, 0, 0],
					"position": [0, 0, 0]
				}
			}
		},
		"inspect": {
			"animation_length": 3.3333,
			"bones": {
				"root": {
					"rotation": {
						"0.0": {
							"post": [0, 0, 0],
							"lerp_mode": "catmullrom"
						},
						"0.25": {
							"post": [-50.13225, -63.06259, 29.15808],
							"lerp_mode": "catmullrom"
						},
						"0.4583": {
							"post": [-49.37293, -59.27432, 27.91057],
							"lerp_mode": "catmullrom"
						},
						"0.625": {
							"post": [-50.3573, -59.27432, 27.91057],
							"lerp_mode": "catmullrom"
						},
						"0.7917": {
							"post": [-50.3573, -59.27432, 27.91057],
							"lerp_mode": "catmullrom"
						},
						"1.0417": {
							"post": [-46.36188, 20.2797, 68.16195],
							"lerp_mode": "catmullrom"
						},
						"1.4167": {
							"post": [-46.76, 22.28, 68.16],
							"lerp_mode": "catmullrom"
						},
						"1.875": {
							"post": [-45.06, 20.28, 66.46],
							"lerp_mode": "catmullrom"
						},
						"2.1667": {
							"post": [-46.36, 20.28, 68.16],
							"lerp_mode": "catmullrom"
						},
						"2.5417": {
							"post": [-12.5, 0, 0],
							"lerp_mode": "catmullrom"
						},
						"2.75": {
							"post": [0, 0, 0],
							"lerp_mode": "catmullrom"
						}
					},
					"position": {
						"0.0": {
							"post": [0, 0, 0],
							"lerp_mode": "catmullrom"
						},
						"0.2083": {
							"post": [0, 0, -6],
							"lerp_mode": "catmullrom"
						},
						"0.75": {
							"post": [0, 0, -5.8],
							"lerp_mode": "catmullrom"
						},
						"1.0833": {
							"post": [0, 0, -6.10937],
							"lerp_mode": "catmullrom"
						},
						"1.875": {
							"post": [0, 0, -5.4],
							"lerp_mode": "catmullrom"
						},
						"2.1667": {
							"post": [0, 0.4, -2.4],
							"lerp_mode": "catmullrom"
						},
						"2.4167": {
							"post": [0, 0.31, -0.94],
							"lerp_mode": "catmullrom"
						},
						"2.6667": {
							"post": [0, -0.36, -0.8],
							"lerp_mode": "catmullrom"
						},
						"2.8333": {
							"post": [0, 0.05313, 0.03125],
							"lerp_mode": "catmullrom"
						},
						"3.0417": {
							"post": [0, 0, 0],
							"lerp_mode": "catmullrom"
						}
					}
				},
				"lefthand": {
					"rotation": [110.36057, 22.52101, 44.09531],
					"position": [-4, -17, -11],
					"scale": [1, 1.5, 1]
				},
				"righthand": {
					"rotation": [90, -7.5, 0],
					"position": [5, -17, 3],
					"scale": [1, 1.5, 1]
				},
				"camera": {
					"rotation": {
						"0.0": {
							"post": [0, 0, 0],
							"lerp_mode": "catmullrom"
						},
						"0.25": {
							"post": [-6, -4, 0],
							"lerp_mode": "catmullrom"
						},
						"0.5833": {
							"post": [-6, -4, 0],
							"lerp_mode": "catmullrom"
						},
						"0.75": {
							"post": [-4, -4, 0],
							"lerp_mode": "catmullrom"
						},
						"0.9583": {
							"post": [0, 1, 0],
							"lerp_mode": "catmullrom"
						},
						"1.25": {
							"post": [1.98, 1.51, 0],
							"lerp_mode": "catmullrom"
						},
						"1.9167": {
							"post": [0.5, -1, 0],
							"lerp_mode": "catmullrom"
						},
						"2.5417": {
							"post": [0, 0, 0],
							"lerp_mode": "catmullrom"
						},
						"2.75": {
							"post": [0, 0, 0],
							"lerp_mode": "catmullrom"
						}
					}
				}
			},
			"sound_effects": {
				"0.0833": {
					"effect": "pgp:nekom/nekom_grab1"
				},
				"0.9167": {
					"effect": "pgp:nekom/nekom_grab2"
				},
				"2.625": {
					"effect": "pgp:nekom/nekom_grab3"
				}
			}
		},
		"inspect_empty": {
			"animation_length": 3.3333,
			"bones": {
				"root": {
					"rotation": {
						"0.0": {
							"post": [0, 0, 0],
							"lerp_mode": "catmullrom"
						},
						"0.25": {
							"post": [-50.13225, -63.06259, 29.15808],
							"lerp_mode": "catmullrom"
						},
						"0.4583": {
							"post": [-49.37293, -59.27432, 27.91057],
							"lerp_mode": "catmullrom"
						},
						"0.625": {
							"post": [-50.3573, -59.27432, 27.91057],
							"lerp_mode": "catmullrom"
						},
						"0.7917": {
							"post": [-50.3573, -59.27432, 27.91057],
							"lerp_mode": "catmullrom"
						},
						"1.0417": {
							"post": [-46.36188, 20.2797, 68.16195],
							"lerp_mode": "catmullrom"
						},
						"1.4167": {
							"post": [-46.76, 22.28, 68.16],
							"lerp_mode": "catmullrom"
						},
						"1.875": {
							"post": [-45.06, 20.28, 66.46],
							"lerp_mode": "catmullrom"
						},
						"2.1667": {
							"post": [-46.36, 20.28, 68.16],
							"lerp_mode": "catmullrom"
						},
						"2.5417": {
							"post": [-12.5, 0, 0],
							"lerp_mode": "catmullrom"
						},
						"2.75": {
							"post": [0, 0, 0],
							"lerp_mode": "catmullrom"
						}
					},
					"position": {
						"0.0": {
							"post": [0, 0, 0],
							"lerp_mode": "catmullrom"
						},
						"0.2083": {
							"post": [0, 0, -6],
							"lerp_mode": "catmullrom"
						},
						"0.75": {
							"post": [0, 0, -5.8],
							"lerp_mode": "catmullrom"
						},
						"1.0833": {
							"post": [0, 0, -6.10937],
							"lerp_mode": "catmullrom"
						},
						"1.875": {
							"post": [0, 0, -5.4],
							"lerp_mode": "catmullrom"
						},
						"2.1667": {
							"post": [0, 0.4, -2.4],
							"lerp_mode": "catmullrom"
						},
						"2.4167": {
							"post": [0, 0.31, -0.94],
							"lerp_mode": "catmullrom"
						},
						"2.6667": {
							"post": [0, -0.36, -0.8],
							"lerp_mode": "catmullrom"
						},
						"2.8333": {
							"post": [0, 0.05313, 0.03125],
							"lerp_mode": "catmullrom"
						},
						"3.0417": {
							"post": [0, 0, 0],
							"lerp_mode": "catmullrom"
						}
					}
				},
				"lefthand": {
					"rotation": [110.36057, 22.52101, 44.09531],
					"position": [-4, -17, -11],
					"scale": [1, 1.5, 1]
				},
				"righthand": {
					"rotation": [90, -7.5, 0],
					"position": [5, -17, 3],
					"scale": [1, 1.5, 1]
				},
				"camera": {
					"rotation": {
						"0.0": {
							"post": [0, 0, 0],
							"lerp_mode": "catmullrom"
						},
						"0.25": {
							"post": [-6, -4, 0],
							"lerp_mode": "catmullrom"
						},
						"0.5833": {
							"post": [-6, -4, 0],
							"lerp_mode": "catmullrom"
						},
						"0.75": {
							"post": [-4, -4, 0],
							"lerp_mode": "catmullrom"
						},
						"0.9583": {
							"post": [0, 1, 0],
							"lerp_mode": "catmullrom"
						},
						"1.25": {
							"post": [1.98, 1.51, 0],
							"lerp_mode": "catmullrom"
						},
						"1.9167": {
							"post": [0.5, -1, 0],
							"lerp_mode": "catmullrom"
						},
						"2.5417": {
							"post": [0, 0, 0],
							"lerp_mode": "catmullrom"
						},
						"2.75": {
							"post": [0, 0, 0],
							"lerp_mode": "catmullrom"
						}
					}
				}
			},
			"sound_effects": {
				"0.0833": {
					"effect": "pgp:nekom/nekom_grab1"
				},
				"0.9167": {
					"effect": "pgp:nekom/nekom_grab2"
				},
				"2.625": {
					"effect": "pgp:nekom/nekom_grab3"
				}
			}
		},
		"reload_empty": {
			"animation_length": 3.0667,
			"bones": {
				"root": {
					"rotation": {
						"0.0": {
							"post": [0, 0, 0],
							"lerp_mode": "catmullrom"
						},
						"0.1667": {
							"post": [-1.4, -7, -16],
							"lerp_mode": "catmullrom"
						},
						"0.4": {
							"post": [-30.9, -9.42187, -16],
							"lerp_mode": "catmullrom"
						},
						"0.6": {
							"post": [-31.21562, -11, -16],
							"lerp_mode": "catmullrom"
						},
						"0.9333": {
							"post": [-31.04687, -11, -16],
							"lerp_mode": "catmullrom"
						},
						"1.2333": {
							"post": [-31.04687, -11, -16],
							"lerp_mode": "catmullrom"
						},
						"1.3": {
							"post": [-32.05, -11, -16],
							"lerp_mode": "catmullrom"
						},
						"1.3667": {
							"post": [-31.51875, -11, -16],
							"lerp_mode": "catmullrom"
						},
						"1.4333": {
							"post": [-31.87156, -11, -16],
							"lerp_mode": "catmullrom"
						},
						"1.8333": {
							"post": [-31.87, -11, -16],
							"lerp_mode": "catmullrom"
						},
						"2.2": {
							"post": [-34.77, -11, -16],
							"lerp_mode": "catmullrom"
						},
						"2.4667": {
							"post": [-0.20187, -0.18, -3.04],
							"lerp_mode": "catmullrom"
						},
						"2.6667": {
							"post": [-0.94062, 0.72656, 1.4],
							"lerp_mode": "catmullrom"
						},
						"2.8667": {
							"post": [0.33625, 0.01, -0.72],
							"lerp_mode": "catmullrom"
						},
						"3.2": {
							"post": [0, 0, 0],
							"lerp_mode": "catmullrom"
						}
					},
					"position": {
						"0.0": {
							"post": [0, 0, 0],
							"lerp_mode": "catmullrom"
						},
						"0.1333": {
							"post": [0, 0, 0],
							"lerp_mode": "catmullrom"
						},
						"0.3333": {
							"post": [0, 2, -2],
							"lerp_mode": "catmullrom"
						},
						"0.5": {
							"post": [0, -0.1, -2],
							"lerp_mode": "catmullrom"
						},
						"0.5667": {
							"post": [0.04, -0.07031, -2],
							"lerp_mode": "catmullrom"
						},
						"0.6333": {
							"post": [0, -0.04531, -2.06094],
							"lerp_mode": "catmullrom"
						},
						"0.7333": {
							"post": [0, 0.1, -1.97656],
							"lerp_mode": "catmullrom"
						},
						"1.1333": {
							"post": [0, -0.01, -2.03906],
							"lerp_mode": "catmullrom"
						},
						"1.2667": {
							"post": [0.04, 0, -2],
							"lerp_mode": "catmullrom"
						},
						"1.3333": {
							"post": [0, 0.07031, -2.06094],
							"lerp_mode": "catmullrom"
						},
						"1.4333": {
							"post": [0, 0.05156, -2.04531],
							"lerp_mode": "catmullrom"
						},
						"1.5": {
							"post": [0, 0.07094, -2.06562],
							"lerp_mode": "catmullrom"
						},
						"1.5667": {
							"post": [0, 0.06, -2.05],
							"lerp_mode": "catmullrom"
						},
						"1.8333": {
							"post": [0, 0.06, -2.05],
							"lerp_mode": "catmullrom"
						},
						"1.9": {
							"post": [0, 1.36, -2.05],
							"lerp_mode": "catmullrom"
						},
						"2.0": {
							"post": [0, 0.7725, -2.05],
							"lerp_mode": "catmullrom"
						},
						"2.1": {
							"post": [0, 0.87, -2.05],
							"lerp_mode": "catmullrom"
						},
						"2.2": {
							"post": [0, 1.37, -2.05],
							"lerp_mode": "catmullrom"
						},
						"2.4333": {
							"post": [0, 1.28, -2.13],
							"lerp_mode": "catmullrom"
						},
						"2.5667": {
							"post": [0, 0.6, -2.6],
							"lerp_mode": "catmullrom"
						},
						"2.6667": {
							"post": [0, -0.2, 0.1],
							"lerp_mode": "catmullrom"
						},
						"2.9333": {
							"post": [0, 0, 0],
							"lerp_mode": "catmullrom"
						}
					}
				},
				"mag_and_lefthand": {
					"rotation": {
						"0.2": [0, 0, 0],
						"0.4333": [0, 0, 0],
						"0.5": [-10, 0, 0],
						"0.6": [-10.23772, 12.3071, -2.20462],
						"1.0": [-10.24, 12.31, -2.2],
						"1.4": [-9.39, 5.28, -0.94],
						"1.4667": [-4.5, 1, -0.94],
						"1.5333": {
							"pre": [0, 0, 0],
							"post": [0, 0, 0],
							"lerp_mode": "catmullrom"
						}
					},
					"position": {
						"0.2": [0, 0, 0],
						"0.4333": {
							"pre": [0, 0, 0],
							"post": [0, 0, 0],
							"lerp_mode": "catmullrom"
						},
						"0.6": {
							"post": [0, -2, -1],
							"lerp_mode": "catmullrom"
						},
						"0.7": {
							"post": [5, -7, 6],
							"lerp_mode": "catmullrom"
						},
						"1.0": {
							"post": [5, -7, 6],
							"lerp_mode": "catmullrom"
						},
						"1.2667": [0, -1.6, 0],
						"1.3333": [0, -0.6, 0],
						"1.4333": [0, -0.6, 0],
						"1.8667": [0, -0.6, 0],
						"1.9333": [0, 0, 0]
					}
				},
				"lefthand": {
					"rotation": {
						"0.0": {
							"post": [110.36057, 22.52101, 44.09531],
							"lerp_mode": "catmullrom"
						},
						"0.1333": [117.62021, 12.19837, 68.01417],
						"1.5667": [117.62021, 12.19837, 68.01417],
						"1.7667": [117.62, 12.2, 68.01],
						"1.9333": [117.62021, 12.19837, 68.01417],
						"2.0333": [117.62021, 12.19837, 68.01417],
						"2.2667": {
							"pre": [105.03, 15.89, 59.47],
							"post": [105.03, 15.89, 59.47],
							"lerp_mode": "catmullrom"
						},
						"2.5": {
							"post": [110.36057, 22.52101, 44.09531],
							"lerp_mode": "catmullrom"
						}
					},
					"position": {
						"0.0": {
							"post": [-4, -17, -11],
							"lerp_mode": "catmullrom"
						},
						"0.1333": [-5, -19, -6],
						"1.5667": [-5, -19, -6],
						"1.7667": [-5, -24, -6],
						"1.9333": [-5, -18.4, -6],
						"2.0333": [-5, -18.4, -6],
						"2.2667": {
							"pre": [-1.64, -18.49, -12.79],
							"post": [-1.64, -18.49, -12.79],
							"lerp_mode": "catmullrom"
						},
						"2.5": {
							"post": [-4, -17, -11],
							"lerp_mode": "catmullrom"
						}
					},
					"scale": {
						"0.0": {
							"post": [1, 1.5, 1],
							"lerp_mode": "catmullrom"
						},
						"2.5": {
							"post": [1, 1.5, 1],
							"lerp_mode": "catmullrom"
						}
					}
				},
				"righthand": {
					"rotation": [90, -7.5, 0],
					"position": [5, -17, 3]
				},
				"camera": {
					"rotation": {
						"0.0": {
							"post": [0, 0, 0],
							"lerp_mode": "catmullrom"
						},
						"0.4": {
							"post": [2, 2, 0],
							"lerp_mode": "catmullrom"
						},
						"0.7": {
							"post": [1.9, 1.9, 0],
							"lerp_mode": "catmullrom"
						},
						"1.3": {
							"post": [2, 2, 0],
							"lerp_mode": "catmullrom"
						},
						"1.4333": {
							"post": [1.75, 1.7, 0],
							"lerp_mode": "catmullrom"
						},
						"1.5667": {
							"post": [2.25, 2.2, 0],
							"lerp_mode": "catmullrom"
						},
						"1.7667": {
							"post": [2.95, 2, 0],
							"lerp_mode": "catmullrom"
						},
						"1.9667": {
							"post": [-1.05, 2, 0],
							"lerp_mode": "catmullrom"
						},
						"2.3667": {
							"post": [-1.05, 2, 0],
							"lerp_mode": "catmullrom"
						},
						"2.5667": {
							"post": [1.1, 0.3, 0],
							"lerp_mode": "catmullrom"
						},
						"2.7": {
							"post": [-0.49, 0.08, 0],
							"lerp_mode": "catmullrom"
						},
						"2.8333": {
							"post": [0.32063, 0.06, 0],
							"lerp_mode": "catmullrom"
						},
						"2.9667": {
							"post": [-0.14, 0.03, 0],
							"lerp_mode": "catmullrom"
						},
						"3.1667": {
							"post": [0, 0, 0],
							"lerp_mode": "catmullrom"
						}
					}
				},
				"thirdperson_hand": {
					"rotation": [0, 0, 0]
				}
			},
			"sound_effects": {
				"0.2333": {
					"effect": "pgp:nekom/nekom_grab1"
				},
				"0.4": {
					"effect": "pgp:nekom/nekom_reload_mag_out"
				},
				"1.3": {
					"effect": "pgp:nekom/nekom_grab3"
				},
				"1.5": {
					"effect": "pgp:nekom/nekom_grab2"
				},
				"1.8": {
					"effect": "pgp:nekom/nekom_reload_mag_in"
				},
				"2.6": {
					"effect": "pgp:nekom/nekom_grab1"
				}
			}
		}
	}
}