{
	"format_version": "1.8.0",
	"animations": {
		"reload_tactical": {
			"animation_length": 2.7083,
			"bones": {
				"root": {
					"rotation": {
						"0.0": {
							"post": [0, 0, 0],
							"lerp_mode": "catmullrom"
						},
						"0.125": {
							"post": [7.5, -3.5, 0],
							"lerp_mode": "catmullrom"
						},
						"0.2917": {
							"post": [-32.5, 2.5, 0],
							"lerp_mode": "catmullrom"
						},
						"0.4583": {
							"post": [-64, 1, 0],
							"lerp_mode": "catmullrom"
						},
						"0.5417": {
							"post": [-62.61, 0.86, 1.375],
							"lerp_mode": "catmullrom"
						},
						"0.6667": {
							"post": [-63.96, -0.11125, -0.6875],
							"lerp_mode": "catmullrom"
						},
						"1.0417": {
							"post": [-62.6, 1, 0],
							"lerp_mode": "catmullrom"
						},
						"1.0833": {
							"post": [-60.1, 1.3, 0],
							"lerp_mode": "catmullrom"
						},
						"1.1667": {
							"post": [-61.6, -0.6, 0],
							"lerp_mode": "catmullrom"
						},
						"1.25": {
							"post": [-62.6, 1, 0],
							"lerp_mode": "catmullrom"
						},
						"1.625": {
							"post": [-62.6, 1, 0],
							"lerp_mode": "catmullrom"
						},
						"1.6667": {
							"post": [-63.62969, 1.6875, 0],
							"lerp_mode": "catmullrom"
						},
						"1.75": {
							"post": [-62.3, 0.3125, 0],
							"lerp_mode": "catmullrom"
						},
						"1.875": {
							"post": [-62.3, 0.3125, 0],
							"lerp_mode": "catmullrom"
						},
						"2.0": {
							"post": [-50.4, 1, 0],
							"lerp_mode": "catmullrom"
						},
						"2.2917": {
							"post": [-2.45926, 0.32176, 0],
							"lerp_mode": "catmullrom"
						},
						"2.4167": {
							"post": [0, 0, 0],
							"lerp_mode": "catmullrom"
						}
					},
					"position": {
						"0.0": {
							"post": [0, 0, 0],
							"lerp_mode": "catmullrom"
						},
						"0.0833": {
							"post": [-0.01, 0.36, 0.04],
							"lerp_mode": "catmullrom"
						},
						"0.125": {
							"post": [-0.01, -0.02, 0.06],
							"lerp_mode": "catmullrom"
						},
						"0.2083": {
							"post": [0, 0, 0],
							"lerp_mode": "catmullrom"
						},
						"0.2917": {
							"post": [0.07, 2.5, -0.56],
							"lerp_mode": "catmullrom"
						},
						"0.375": {
							"post": [0, 2.2, 0],
							"lerp_mode": "catmullrom"
						},
						"0.5": {
							"post": [-1, -2, -6],
							"lerp_mode": "catmullrom"
						},
						"0.5833": {
							"post": [-1, 0, -6],
							"lerp_mode": "catmullrom"
						},
						"0.9167": {
							"post": [-1, 0, -6],
							"lerp_mode": "catmullrom"
						},
						"0.9583": {
							"post": [-1, 0, -7],
							"lerp_mode": "catmullrom"
						},
						"1.0": {
							"post": [-1, -0.6, -6.7],
							"lerp_mode": "catmullrom"
						},
						"1.0833": {
							"post": [-1, 0.3, -7.3],
							"lerp_mode": "catmullrom"
						},
						"1.1667": {
							"post": [-1, 0, -7],
							"lerp_mode": "catmullrom"
						},
						"1.625": {
							"post": [-1, 0, -7],
							"lerp_mode": "catmullrom"
						},
						"1.6667": {
							"post": [-1.01549, -0.61801, -7.88768],
							"lerp_mode": "catmullrom"
						},
						"1.75": {
							"post": [-1, 0, -7],
							"lerp_mode": "catmullrom"
						},
						"1.875": {
							"post": [-1, 0, -7],
							"lerp_mode": "catmullrom"
						},
						"1.9583": {
							"post": [-1, 0.2, -6.1],
							"lerp_mode": "catmullrom"
						},
						"2.0417": {
							"post": [-0.37643, 0.68599, -1.95344],
							"lerp_mode": "catmullrom"
						},
						"2.1667": {
							"post": [0, 1.2, 1.1],
							"lerp_mode": "catmullrom"
						},
						"2.25": {
							"post": [0.03, -0.14, -1.15],
							"lerp_mode": "catmullrom"
						},
						"2.4167": {
							"post": [0.02, -0.15, 0.28],
							"lerp_mode": "catmullrom"
						},
						"2.5833": {
							"post": [0, 0, 0],
							"lerp_mode": "catmullrom"
						}
					}
				},
				"mag_and_lefthand": {
					"rotation": {
						"0.0": {
							"post": [0, 0, 0],
							"lerp_mode": "catmullrom"
						},
						"0.1667": {
							"post": [-0.02639, 16.47918, -0.17193],
							"lerp_mode": "catmullrom"
						},
						"0.2917": {
							"post": [18.86, 14.91, 0],
							"lerp_mode": "catmullrom"
						},
						"0.375": {
							"post": [1.24, 15.39, 0],
							"lerp_mode": "catmullrom"
						},
						"0.4583": {
							"post": [0, 18.98, 0],
							"lerp_mode": "catmullrom"
						},
						"0.5417": {
							"post": [0, 1.2818, 6.22318],
							"lerp_mode": "catmullrom"
						},
						"0.6667": {
							"post": [17.36074, -0.92711, 6.42779],
							"lerp_mode": "catmullrom"
						},
						"0.7917": [12.49796, -0.19928, 0.08769],
						"0.875": [12.49796, -0.19928, 0.08769],
						"1.0": [12.49796, -0.19928, 0.08769],
						"1.0833": [0, 0, 0]
					},
					"position": {
						"0.0": {
							"post": [0, 0, 0],
							"lerp_mode": "catmullrom"
						},
						"0.1667": {
							"post": [4.79509, -2.54439, 0.01353],
							"lerp_mode": "catmullrom"
						},
						"0.2917": {
							"post": [4.94458, -4.77356, 9.23564],
							"lerp_mode": "catmullrom"
						},
						"0.375": {
							"post": [4.70586, -0.72047, 20.93049],
							"lerp_mode": "catmullrom"
						},
						"0.4583": {
							"post": [4.17127, 2.61, 23.87653],
							"lerp_mode": "catmullrom"
						},
						"0.5417": {
							"post": [1.93264, 4.26734, 20.33266],
							"lerp_mode": "catmullrom"
						},
						"0.6667": {
							"post": [0.08737, 4.95769, 14.05916],
							"lerp_mode": "catmullrom"
						},
						"0.7917": [-0.98161, 2.77613, 6.1445],
						"0.875": [0, 0, -1.58348],
						"1.0": [0, 0, -1.58348],
						"1.0833": [0, 0, 0]
					}
				},
				"lefthand": {
					"rotation": {
						"0.0": [81.60102, 20.66904, -12.43437],
						"0.4583": {
							"pre": [80.86869, 30.55304, -14.12217],
							"post": [80.86869, 30.55304, -14.12217],
							"lerp_mode": "catmullrom"
						},
						"0.5": {
							"post": [78.79215, 45.32241, -17.47112],
							"lerp_mode": "catmullrom"
						},
						"1.1667": {
							"post": [78.79215, 45.32241, -17.47112],
							"lerp_mode": "catmullrom"
						},
						"1.25": {
							"post": [89.44846, 45.63773, 11.20352],
							"lerp_mode": "catmullrom"
						},
						"1.3333": {
							"post": [89.21354, 60.63675, 10.91241],
							"lerp_mode": "catmullrom"
						},
						"1.5": {
							"post": [158.65431, 63.79714, 74.85492],
							"lerp_mode": "catmullrom"
						},
						"1.5833": {
							"post": [102.82808, 80.51229, 17.17774],
							"lerp_mode": "catmullrom"
						},
						"1.7083": {
							"post": [102.82808, 80.51229, 17.17774],
							"lerp_mode": "catmullrom"
						},
						"1.8333": {
							"post": [93.5022, 53.19359, 7.32478],
							"lerp_mode": "catmullrom"
						},
						"2.0833": [81.60102, 20.66904, -12.43437]
					},
					"position": {
						"0.0": [-4.26135, -24.1402, -16.95665],
						"0.4583": {
							"pre": [-3.26135, -24.1402, -11.95665],
							"post": [-3.26135, -24.1402, -11.95665],
							"lerp_mode": "catmullrom"
						},
						"0.5": {
							"post": [-4.15941, -18.16851, -9.62926],
							"lerp_mode": "catmullrom"
						},
						"1.1667": {
							"post": [-4.15941, -18.16851, -9.62926],
							"lerp_mode": "catmullrom"
						},
						"1.25": {
							"post": [0.84, -18.17, -9.63],
							"lerp_mode": "catmullrom"
						},
						"1.3333": {
							"post": [0.63896, -13.14956, -9.63673],
							"lerp_mode": "catmullrom"
						},
						"1.4167": {
							"post": [-3.16, -9.17, -9.63],
							"lerp_mode": "catmullrom"
						},
						"1.5": {
							"post": [-5.27972, -7.98158, -7.25987],
							"lerp_mode": "catmullrom"
						},
						"1.625": {
							"post": [-5.52877, -15.62029, -4.86715],
							"lerp_mode": "catmullrom"
						},
						"1.7083": {
							"post": [-3.72877, -15.62029, -4.86715],
							"lerp_mode": "catmullrom"
						},
						"1.8333": {
							"post": [0.97562, -12.13844, -3.89134],
							"lerp_mode": "catmullrom"
						},
						"1.9583": {
							"post": [-0.04368, -25.0909, -3.41423],
							"lerp_mode": "catmullrom"
						},
						"2.0833": [-4.26135, -24.1402, -16.95665]
					},
					"scale": {
						"0.0": [1, 1.5, 1],
						"2.0833": [1, 1.5, 1]
					}
				},
				"righthand": {
					"rotation": [87.22494, -4.91728, 2.28824],
					"position": [4.13309, -16.7306, -5],
					"scale": [1.2, 1, 1]
				},
				"body_top": {
					"rotation": {
						"0.0": {
							"post": [0, 0, 0],
							"lerp_mode": "catmullrom"
						},
						"0.0833": {
							"post": [37.8, 0, 0],
							"lerp_mode": "catmullrom"
						},
						"0.1667": {
							"post": [17.3, 0, 0],
							"lerp_mode": "catmullrom"
						},
						"0.2917": {
							"post": [30, 0, 0],
							"lerp_mode": "catmullrom"
						},
						"0.375": {
							"post": [30, 0, 0],
							"lerp_mode": "catmullrom"
						},
						"0.4583": {
							"post": [20.95, 0, 0],
							"lerp_mode": "catmullrom"
						},
						"0.5417": {
							"post": [30.5, 0, 0],
							"lerp_mode": "catmullrom"
						},
						"0.7083": {
							"post": [30, 0, 0],
							"lerp_mode": "catmullrom"
						},
						"1.0833": {
							"post": [30, 0, 0],
							"lerp_mode": "catmullrom"
						},
						"1.1667": {
							"post": [32.9, 0, 0],
							"lerp_mode": "catmullrom"
						},
						"1.2917": {
							"post": [28.9, 0, 0],
							"lerp_mode": "catmullrom"
						},
						"1.4167": [30, 0, 0],
						"1.4583": [30, 0, 0],
						"1.625": {
							"pre": [0, 0, 0],
							"post": [0, 0, 0],
							"lerp_mode": "catmullrom"
						}
					}
				},
				"additional_magazine": {
					"rotation": {
						"0.0": [0, 0, 0],
						"0.0833": {
							"pre": [3.7, 0, 0],
							"post": [3.7, 0, 0],
							"lerp_mode": "catmullrom"
						},
						"0.1667": [1.56, 0, 0],
						"0.375": [1.56, 0, 0],
						"0.4583": {
							"pre": [12.5, 0, 0],
							"post": [12.5, 0, 0],
							"lerp_mode": "catmullrom"
						}
					},
					"position": {
						"0.0": [0, 0, 0],
						"0.375": [0, 0, 0],
						"0.5": [0, 3.46303, 20]
					},
					"scale": {
						"0.5": [1, 1, 1],
						"0.5833": {
							"pre": [1, 1, 1],
							"post": [0, 0, 0]
						}
					}
				},
				"mag": {
					"scale": {
						"0.0": [0, 0, 0],
						"0.4583": {
							"pre": [0, 0, 0],
							"post": [1, 1, 1]
						}
					}
				},
				"camera": {
					"rotation": {
						"0.0": {
							"post": [0, 0, 0],
							"lerp_mode": "catmullrom"
						},
						"0.1667": {
							"post": [2, 0, 0],
							"lerp_mode": "catmullrom"
						},
						"0.4167": {
							"post": [-1.16406, 0, 0],
							"lerp_mode": "catmullrom"
						},
						"0.5417": {
							"post": [-0.55, 0, 0],
							"lerp_mode": "catmullrom"
						},
						"0.625": {
							"post": [-1.50156, 0, 0],
							"lerp_mode": "catmullrom"
						},
						"0.7083": {
							"post": [-0.95781, 0, 0],
							"lerp_mode": "catmullrom"
						},
						"0.8333": {
							"post": [-1.19, 0, 0],
							"lerp_mode": "catmullrom"
						},
						"0.9583": {
							"post": [-1, 0, 0],
							"lerp_mode": "catmullrom"
						},
						"1.0417": {
							"post": [-1, 0.41094, 0],
							"lerp_mode": "catmullrom"
						},
						"1.0833": {
							"post": [-1, -0.13656, 0],
							"lerp_mode": "catmullrom"
						},
						"1.1667": {
							"post": [-1, 0.09, 0],
							"lerp_mode": "catmullrom"
						},
						"1.5417": {
							"post": [-0.4, 0.09, 0],
							"lerp_mode": "catmullrom"
						},
						"1.625": {
							"post": [0.5, 0.09, 0],
							"lerp_mode": "catmullrom"
						},
						"1.7083": {
							"post": [-0.93, 0.09, 0],
							"lerp_mode": "catmullrom"
						},
						"1.7917": {
							"post": [-0.4, 0.09, 0],
							"lerp_mode": "catmullrom"
						},
						"2.25": {
							"post": [0, 0.09, 0],
							"lerp_mode": "catmullrom"
						},
						"2.375": {
							"post": [0.2, 0.09, 0],
							"lerp_mode": "catmullrom"
						},
						"2.5": {
							"post": [-0.05031, 0.09, 0],
							"lerp_mode": "catmullrom"
						},
						"2.625": {
							"post": [0, 0, 0],
							"lerp_mode": "catmullrom"
						}
					}
				}
			},
			"sound_effects": {
				"0.0": {
					"effect": "pgp:p50/p50_grab1"
				},
				"0.0417": {
					"effect": "pgp:p50/p50_cap1"
				},
				"0.375": {
					"effect": "pgp:p50/p50_mag_out"
				},
				"0.4167": {
					"effect": "pgp:p50/p50_grab2"
				},
				"0.875": {
					"effect": "pgp:p50/p50_mag_in"
				},
				"1.5417": {
					"effect": "pgp:p50/p50_cap_over"
				},
				"2.125": {
					"effect": "pgp:p50/p50_equip3"
				}
			}
		},
		"static_idle": {
			"loop": true,
			"bones": {
				"lefthand": {
					"rotation": [81.60102, 20.66904, -12.43437],
					"position": [-4.26135, -24.1402, -16.95665],
					"scale": [1, 1.5, 1]
				},
				"righthand": {
					"rotation": [87.22494, -4.91728, 2.28824],
					"position": [4.13309, -16.7306, -5],
					"scale": [1.2, 1, 1]
				},
				"constraint": {
					"rotation": [0.2, 0.2, 0.2],
					"position": [0.2, 0.2, 0.2]
				},
				"lightning2": {
					"scale": 0.01
				},
				"lightning4": {
					"scale": 0.01
				},
				"lightning6": {
					"scale": 0.01
				}
			}
		},
		"shoot": {
			"animation_length": 1.4583,
			"bones": {
				"root": {
					"rotation": {
						"0.0": {
							"post": [0, 0, 0],
							"lerp_mode": "catmullrom"
						},
						"0.0417": {
							"post": [-3, 0.5, 0.8],
							"lerp_mode": "catmullrom"
						},
						"0.0833": {
							"post": [0.4, -0.4, -0.2],
							"lerp_mode": "catmullrom"
						},
						"0.1667": {
							"post": [-0.5, 0.3, 0.2],
							"lerp_mode": "catmullrom"
						},
						"0.2917": {
							"post": [0.22, -0.2, -0.11625],
							"lerp_mode": "catmullrom"
						},
						"0.4167": {
							"post": [0, 0, 0],
							"lerp_mode": "catmullrom"
						}
					},
					"position": {
						"0.0": {
							"post": [0, 0, 0],
							"lerp_mode": "catmullrom"
						},
						"0.0417": {
							"post": [0, -0.2, 0.8],
							"lerp_mode": "catmullrom"
						},
						"0.0833": {
							"post": [-0.13281, 0.06563, -0.2],
							"lerp_mode": "catmullrom"
						},
						"0.125": {
							"post": [-0.03906, -0.05, 0.14501],
							"lerp_mode": "catmullrom"
						},
						"0.2083": {
							"post": [0, 0, -0.0375],
							"lerp_mode": "catmullrom"
						},
						"0.2917": {
							"post": [0, 0.0625, 0.02344],
							"lerp_mode": "catmullrom"
						},
						"0.4167": {
							"post": [0, 0, 0],
							"lerp_mode": "catmullrom"
						}
					}
				},
				"lightning1": {
					"rotation": {
						"0.0833": [0, 0, 0],
						"0.125": [0, 180, 0],
						"0.3333": [0, 180, 0],
						"0.375": [0, 0, 0]
					},
					"position": {
						"0.0833": [0, 0, 0],
						"0.5": [0, 0, -15]
					},
					"scale": {
						"0.0833": [1, 1, 1],
						"0.125": [100, 100, 100],
						"0.3333": [100, 100, 100],
						"0.375": [1, 1, 1],
						"0.4583": [100, 100, 100],
						"0.5": [1, 1, 1]
					}
				},
				"lightning3": {
					"rotation": {
						"0.2083": [0, 0, 0],
						"0.25": [0, 180, 0],
						"0.4167": [0, 180, 0],
						"0.5": [0, 0, 0]
					},
					"position": {
						"0.2083": [0, 0, -9],
						"0.625": [0, 0, -18]
					},
					"scale": {
						"0.2083": [1, 1, 1],
						"0.25": [100, 100, 100],
						"0.4583": [100, 100, 100],
						"0.5": [1, 1, 1],
						"0.5833": [100, 100, 100],
						"0.625": [1, 1, 1]
					}
				},
				"constraint": {
					"rotation": {
						"0.0417": [0.2, 0.3, 0.3],
						"0.1667": [0, 0, 0]
					},
					"position": {
						"0.0417": [0.2, 0.2, 0.3],
						"0.1667": [0, 0, 0]
					}
				},
				"lightning2": {
					"rotation": {
						"0.125": [0, 0, 0],
						"0.2083": [0, 180, 0],
						"0.25": [0, 180, 0],
						"0.3333": [0, 0, 0],
						"0.375": [0, 0, 0],
						"0.4167": [0, 180, 0],
						"0.5": [0, 180, 0],
						"0.5417": [0, 0, 0]
					},
					"scale": {
						"0.125": [1, 1, 1],
						"0.1667": [3.2, 3.2, 1],
						"0.375": [3.2, 3.2, 1],
						"0.4167": [1, 1, 1],
						"0.5": [3.2, 3.2, 1],
						"0.5417": [1, 1, 1]
					}
				},
				"lightning4": {
					"rotation": {
						"0.25": [0, 0, 0],
						"0.3333": [0, 180, 0],
						"0.375": [0, 180, 0],
						"0.4167": [0, 0, 0],
						"0.5": [0, 0, 0],
						"0.5417": [0, 180, 0],
						"0.625": [0, 180, 0],
						"0.6667": [0, 0, 0]
					},
					"scale": {
						"0.25": [1, 1, 1],
						"0.2917": [3.2, 3.2, 1],
						"0.5": [3.2, 3.2, 1],
						"0.5417": [1, 1, 1],
						"0.625": [3.2, 3.2, 1],
						"0.6667": [1, 1, 1]
					}
				},
				"lightning6": {
					"rotation": {
						"0.375": [0, 0, 0],
						"0.4167": [0, 180, 0],
						"0.5": [0, 180, 0],
						"0.5417": [0, 0, 0],
						"0.625": [0, 0, 0],
						"0.6667": [0, 180, 0],
						"0.7083": [0, 180, 0],
						"0.7917": [0, 0, 0]
					},
					"scale": {
						"0.375": [1, 1, 1],
						"0.4167": [3.2, 3.2, 1],
						"0.625": [3.2, 3.2, 1],
						"0.6667": [1, 1, 1],
						"0.75": [3.2, 3.2, 1],
						"0.7917": [1, 1, 1]
					}
				},
				"camera": {
					"rotation": {
						"0.0": {
							"post": [0, 0, 0],
							"lerp_mode": "catmullrom"
						},
						"0.0417": {
							"post": [0, 0, 1],
							"lerp_mode": "catmullrom"
						},
						"0.0833": {
							"post": [0, 0, -1],
							"lerp_mode": "catmullrom"
						},
						"0.1667": {
							"post": [0, 0, 0.3],
							"lerp_mode": "catmullrom"
						},
						"0.25": {
							"post": [0, 0, -0.3],
							"lerp_mode": "catmullrom"
						},
						"0.3333": {
							"post": [0, 0, 0.1],
							"lerp_mode": "catmullrom"
						},
						"0.4167": {
							"post": [0, 0, -0.1],
							"lerp_mode": "catmullrom"
						},
						"0.5": {
							"post": [0, 0, 0],
							"lerp_mode": "catmullrom"
						}
					}
				}
			}
		},
		"inspect": {
			"animation_length": 6.4167,
			"bones": {
				"root": {
					"rotation": {
						"0.0": {
							"post": [0, 0, 0],
							"lerp_mode": "catmullrom"
						},
						"0.1667": {
							"post": [-22.5, -10, 0],
							"lerp_mode": "catmullrom"
						},
						"0.375": {
							"post": [-0.4088, -25.72484, -12.04877],
							"lerp_mode": "catmullrom"
						},
						"0.4583": {
							"post": [-8.41, -25.42, -12.05],
							"lerp_mode": "catmullrom"
						},
						"0.5833": [-10.91, -25.72, -12.05],
						"0.75": [-10.91, -25.72, -12.05],
						"1.0": {
							"pre": [-14.0204, -43.3648, -6.77291],
							"post": [-14.0204, -43.3648, -6.77291],
							"lerp_mode": "catmullrom"
						},
						"1.125": {
							"post": [-14.02, -46.18656, -6.77],
							"lerp_mode": "catmullrom"
						},
						"1.2917": {
							"post": [-14.02, -46.36937, -6.77],
							"lerp_mode": "catmullrom"
						},
						"1.4167": {
							"post": [-14.02, -46.36937, -6.77],
							"lerp_mode": "catmullrom"
						},
						"1.625": {
							"post": [-12.94626, -47.03369, -5.8624],
							"lerp_mode": "catmullrom"
						},
						"1.75": {
							"post": [-11.58281, -45.43, -3.16],
							"lerp_mode": "catmullrom"
						},
						"1.875": {
							"post": [-14.93469, -36.44875, 18.44],
							"lerp_mode": "catmullrom"
						},
						"2.0417": {
							"post": [-21.81987, 5.57342, 65.28547],
							"lerp_mode": "catmullrom"
						},
						"2.2083": {
							"post": [-20.82, 8.57, 72.29],
							"lerp_mode": "catmullrom"
						},
						"2.8333": {
							"post": [-21.82, 8.57, 72.29],
							"lerp_mode": "catmullrom"
						},
						"3.125": {
							"post": [-32.82, 9.67156, 71.73531],
							"lerp_mode": "catmullrom"
						},
						"3.75": {
							"post": [-32.82, 9.67156, 71.73531],
							"lerp_mode": "catmullrom"
						},
						"4.2083": {
							"post": [-26.22, 9.81531, 60.19],
							"lerp_mode": "catmullrom"
						},
						"4.5": {
							"post": [-2.5, 0, 5.5],
							"lerp_mode": "catmullrom"
						},
						"4.75": {
							"post": [0, 0, 0],
							"lerp_mode": "catmullrom"
						}
					},
					"position": {
						"0.0": {
							"post": [0, 0, 0],
							"lerp_mode": "catmullrom"
						},
						"0.1667": {
							"post": [-0.05273, 3.74686, 0.29903],
							"lerp_mode": "catmullrom"
						},
						"0.2917": {
							"post": [-0.08456, 3.90301, 1.59014],
							"lerp_mode": "catmullrom"
						},
						"0.4583": {
							"post": [-0.03, 1.82, 1.62],
							"lerp_mode": "catmullrom"
						},
						"0.5833": {
							"post": [-0.03, 1.52, 1.62],
							"lerp_mode": "catmullrom"
						},
						"0.7083": [-0.03, 1.12, 1.62],
						"0.75": [-0.03, 1.12, 1.62],
						"1.0": {
							"pre": [-0.04875, 1.07313, 3.26688],
							"post": [-0.04875, 1.07313, 3.26688],
							"lerp_mode": "catmullrom"
						},
						"1.5417": {
							"post": [-0.05344, 1.12, 3.02],
							"lerp_mode": "catmullrom"
						},
						"1.7083": {
							"post": [-0.05, 1.13656, 2.7],
							"lerp_mode": "catmullrom"
						},
						"1.8333": {
							"post": [-0.0444, 1.16956, 1.141],
							"lerp_mode": "catmullrom"
						},
						"1.9583": {
							"post": [-0.04, 1.18313, 2.14],
							"lerp_mode": "catmullrom"
						},
						"2.0833": {
							"post": [-0.04, 1.20656, 1.54],
							"lerp_mode": "catmullrom"
						},
						"2.375": {
							"post": [-0.04, 1.23, 1.74],
							"lerp_mode": "catmullrom"
						},
						"2.625": {
							"post": [-0.04, 1.23, 2.04],
							"lerp_mode": "catmullrom"
						},
						"2.875": {
							"post": [-0.48913, 0.95224, 2.88919],
							"lerp_mode": "catmullrom"
						},
						"3.125": {
							"post": [-0.44969, 0.93, 2.95],
							"lerp_mode": "catmullrom"
						},
						"3.5": [-0.49, 0.95, 2.89],
						"3.875": [-0.49, 0.95, 2.89],
						"4.1667": {
							"pre": [-0.45875, 0.86563, 2.52906],
							"post": [-0.45875, 0.86563, 2.52906],
							"lerp_mode": "catmullrom"
						},
						"4.375": {
							"post": [0, 0.51, 0.26],
							"lerp_mode": "catmullrom"
						},
						"4.5": {
							"post": [-0.08157, 0.73665, -0.21847],
							"lerp_mode": "catmullrom"
						},
						"4.6667": {
							"post": [0, -0.14687, 0.22031],
							"lerp_mode": "catmullrom"
						},
						"4.8333": {
							"post": [0, -0.11, -0.11375],
							"lerp_mode": "catmullrom"
						},
						"5.0833": {
							"post": [0, 0, 0],
							"lerp_mode": "catmullrom"
						}
					}
				},
				"mag": {
					"scale": 0
				},
				"lefthand": {
					"rotation": {
						"0.0": [81.60102, 20.66904, -12.43437],
						"0.25": {
							"pre": [62.69751, 23.94137, -10.13554],
							"post": [62.69751, 23.94137, -10.13554],
							"lerp_mode": "catmullrom"
						},
						"0.625": {
							"post": [62.69751, 23.94137, -10.13554],
							"lerp_mode": "catmullrom"
						},
						"0.7917": [81.60102, 20.66904, -12.43437],
						"4.1667": [53.40332, 45.31697, -26.13776],
						"4.5": {
							"pre": [80.86869, 30.55304, -14.12217],
							"post": [80.86869, 30.55304, -14.12217],
							"lerp_mode": "catmullrom"
						}
					},
					"position": {
						"0.0": [-4.26135, -24.1402, -16.95665],
						"0.25": {
							"pre": [3.96546, -25.80594, -8.81667],
							"post": [3.96546, -25.80594, -8.81667],
							"lerp_mode": "catmullrom"
						},
						"0.625": {
							"post": [3.96546, -25.80594, -8.81667],
							"lerp_mode": "catmullrom"
						},
						"0.7917": [-4.26135, -24.1402, -16.95665],
						"4.1667": [-3.26135, -24.1402, -11.95665],
						"4.5": {
							"pre": [-3.26135, -24.1402, -11.95665],
							"post": [-3.26135, -24.1402, -11.95665],
							"lerp_mode": "catmullrom"
						}
					},
					"scale": {
						"0.0": [1, 1.5, 1],
						"0.7917": [1, 1.5, 1]
					}
				},
				"righthand": {
					"rotation": {
						"0.0": {
							"post": [87.22494, -4.91728, 2.28824],
							"lerp_mode": "catmullrom"
						}
					},
					"position": {
						"0.0": {
							"post": [4.13309, -16.7306, -5],
							"lerp_mode": "catmullrom"
						}
					},
					"scale": {
						"0.0": {
							"post": [1.2, 1, 1],
							"lerp_mode": "catmullrom"
						}
					}
				},
				"gun": {
					"rotation": {
						"0.0": {
							"post": [0, 0, 0],
							"lerp_mode": "catmullrom"
						},
						"0.4167": [-360, 0, 0],
						"4.5833": [-360, 0, 0],
						"4.875": [-360, 0, 0]
					},
					"position": {
						"0.0": {
							"post": [0, 0, 0],
							"lerp_mode": "catmullrom"
						},
						"0.4167": {
							"post": [0, 0, 0],
							"lerp_mode": "catmullrom"
						},
						"4.5833": {
							"post": [0, 0, 0],
							"lerp_mode": "catmullrom"
						},
						"4.875": {
							"post": [0, 0, 0],
							"lerp_mode": "catmullrom"
						}
					}
				},
				"additional_magazine": {
					"scale": 1
				},
				"camera": {
					"rotation": {
						"0.0": {
							"post": [0, 0, 0],
							"lerp_mode": "catmullrom"
						},
						"0.2917": {
							"post": [6, 4, 0],
							"lerp_mode": "catmullrom"
						},
						"0.5417": {
							"post": [6, 4, 0],
							"lerp_mode": "catmullrom"
						},
						"0.9583": {
							"post": [4.5, 9, 0],
							"lerp_mode": "catmullrom"
						},
						"1.5417": {
							"post": [4.5, 8.4, 0],
							"lerp_mode": "catmullrom"
						},
						"2.0417": {
							"post": [5, -1, 0],
							"lerp_mode": "catmullrom"
						},
						"2.8333": {
							"post": [5, -1.8, 0],
							"lerp_mode": "catmullrom"
						},
						"3.2083": {
							"post": [3.3, -3, 0],
							"lerp_mode": "catmullrom"
						},
						"4.0417": {
							"post": [2.9, -2.5, 0],
							"lerp_mode": "catmullrom"
						},
						"4.2917": {
							"post": [-0.65, 0.52, 0],
							"lerp_mode": "catmullrom"
						},
						"4.5417": {
							"post": [0.44, -0.34, 0],
							"lerp_mode": "catmullrom"
						},
						"4.875": {
							"post": [0, 0, 0],
							"lerp_mode": "catmullrom"
						}
					}
				}
			},
			"sound_effects": {
				"0.0": {
					"effect": "pgp:p50/p50_whirl"
				},
				"0.7083": {
					"effect": "pgp:p50/p50_grab2"
				},
				"1.9167": {
					"effect": "pgp:p50/p50_equip2"
				},
				"2.9167": {
					"effect": "pgp:p50/p50_grab3"
				},
				"4.2917": {
					"effect": "pgp:p50/p50_equip3"
				}
			}
		},
		"draw": {
			"animation_length": 2.0333,
			"bones": {
				"root": {
					"rotation": {
						"0.0": {
							"post": [25, 0, 0],
							"lerp_mode": "catmullrom"
						},
						"0.3": {
							"post": [-40.5, 0, 0],
							"lerp_mode": "catmullrom"
						},
						"0.4667": {
							"post": [-40.5, 0, 0],
							"lerp_mode": "catmullrom"
						},
						"0.6": {
							"post": [-39.5, 0, 0],
							"lerp_mode": "catmullrom"
						},
						"0.7333": {
							"post": [-9.2, 0, 0],
							"lerp_mode": "catmullrom"
						},
						"0.8333": {
							"post": [0.95, 0, 0],
							"lerp_mode": "catmullrom"
						},
						"0.9": {
							"post": [-0.8125, 0, 0],
							"lerp_mode": "catmullrom"
						},
						"1.0333": {
							"post": [0, 0, 0],
							"lerp_mode": "catmullrom"
						}
					},
					"position": {
						"0.0": {
							"post": [0, -9, 0],
							"lerp_mode": "catmullrom"
						},
						"0.2667": {
							"post": [-2, 4.8, 1.6],
							"lerp_mode": "catmullrom"
						},
						"0.4333": {
							"post": [-2, 5.5, 0.7],
							"lerp_mode": "catmullrom"
						},
						"0.5333": {
							"post": [-2, 6, 1],
							"lerp_mode": "catmullrom"
						},
						"0.6667": {
							"post": [-2, 6, 1],
							"lerp_mode": "catmullrom"
						},
						"0.7667": {
							"post": [0, 0.19219, -0.4],
							"lerp_mode": "catmullrom"
						},
						"0.8667": {
							"post": [0, 0.3, 0.21094],
							"lerp_mode": "catmullrom"
						},
						"0.9667": {
							"post": [0, 0, 0],
							"lerp_mode": "catmullrom"
						}
					}
				},
				"mag": {
					"scale": 0
				},
				"lefthand": {
					"rotation": {
						"0.0": [81.60102, 20.66904, -12.43437],
						"0.5333": {
							"pre": [81.72889, 18.19545, -12.05011],
							"post": [81.72889, 18.19545, -12.05011],
							"lerp_mode": "catmullrom"
						},
						"0.7667": [81.60102, 20.66904, -12.43437]
					},
					"position": {
						"0.0": [-4.26135, -24.1402, -16.95665],
						"0.5333": {
							"pre": [8.74, -24.14, -4.96],
							"post": [8.74, -24.14, -4.96],
							"lerp_mode": "catmullrom"
						},
						"0.7667": [-4.26135, -24.1402, -16.95665]
					},
					"scale": {
						"0.0": [1, 1.5, 1],
						"0.7667": [1, 1.5, 1]
					}
				},
				"righthand": {
					"rotation": [87.22494, -4.91728, 2.28824],
					"position": [4.13309, -16.7306, -5],
					"scale": [1.2, 1, 1]
				},
				"gun": {
					"rotation": {
						"0.0": {
							"post": [0, 0, 0],
							"lerp_mode": "catmullrom"
						},
						"0.3667": {
							"post": [-360, 0, 0],
							"lerp_mode": "catmullrom"
						}
					},
					"position": {
						"0.0": {
							"post": [1, 0, 0],
							"lerp_mode": "catmullrom"
						},
						"0.3667": {
							"post": [0, 0, 0],
							"lerp_mode": "catmullrom"
						}
					}
				},
				"additional_magazine": {
					"scale": 1
				},
				"camera": {
					"rotation": {
						"0.0": {
							"post": [0, 0, 0],
							"lerp_mode": "catmullrom"
						},
						"0.2333": {
							"post": [-2.8, 0, 0],
							"lerp_mode": "catmullrom"
						},
						"0.4667": {
							"post": [0.59, 0, 0],
							"lerp_mode": "catmullrom"
						},
						"0.6333": {
							"post": [-0.33, 0, 0],
							"lerp_mode": "catmullrom"
						},
						"0.7667": {
							"post": [0.33, 0, 0],
							"lerp_mode": "catmullrom"
						},
						"0.9": {
							"post": [-0.4, 0, 0],
							"lerp_mode": "catmullrom"
						},
						"1.0": {
							"post": [0.05, 0, 0],
							"lerp_mode": "catmullrom"
						},
						"1.1333": {
							"post": [0, 0, 0],
							"lerp_mode": "catmullrom"
						}
					}
				}
			},
			"sound_effects": {
				"0.0667": {
					"effect": "pgp:p50/p50_draw_start"
				}
			}
		},
		"inspect_empty": {
			"animation_length": 6.4167,
			"bones": {
				"root": {
					"rotation": {
						"0.0": {
							"post": [0, 0, 0],
							"lerp_mode": "catmullrom"
						},
						"0.1667": {
							"post": [-22.5, -10, 0],
							"lerp_mode": "catmullrom"
						},
						"0.375": {
							"post": [-0.4088, -25.72484, -12.04877],
							"lerp_mode": "catmullrom"
						},
						"0.4583": {
							"post": [-8.41, -25.42, -12.05],
							"lerp_mode": "catmullrom"
						},
						"0.5833": [-10.91, -25.72, -12.05],
						"0.75": [-10.91, -25.72, -12.05],
						"1.0": {
							"pre": [-14.0204, -43.3648, -6.77291],
							"post": [-14.0204, -43.3648, -6.77291],
							"lerp_mode": "catmullrom"
						},
						"1.125": {
							"post": [-14.02, -46.18656, -6.77],
							"lerp_mode": "catmullrom"
						},
						"1.2917": {
							"post": [-14.02, -46.36937, -6.77],
							"lerp_mode": "catmullrom"
						},
						"1.4167": {
							"post": [-14.02, -46.36937, -6.77],
							"lerp_mode": "catmullrom"
						},
						"1.625": {
							"post": [-12.94626, -47.03369, -5.8624],
							"lerp_mode": "catmullrom"
						},
						"1.75": {
							"post": [-11.58281, -45.43, -3.16],
							"lerp_mode": "catmullrom"
						},
						"1.875": {
							"post": [-14.93469, -36.44875, 18.44],
							"lerp_mode": "catmullrom"
						},
						"2.0417": {
							"post": [-21.81987, 5.57342, 65.28547],
							"lerp_mode": "catmullrom"
						},
						"2.2083": {
							"post": [-20.82, 8.57, 72.29],
							"lerp_mode": "catmullrom"
						},
						"2.8333": {
							"post": [-21.82, 8.57, 72.29],
							"lerp_mode": "catmullrom"
						},
						"3.125": {
							"post": [-32.82, 9.67156, 71.73531],
							"lerp_mode": "catmullrom"
						},
						"3.75": {
							"post": [-32.82, 9.67156, 71.73531],
							"lerp_mode": "catmullrom"
						},
						"4.2083": {
							"post": [-26.22, 9.81531, 60.19],
							"lerp_mode": "catmullrom"
						},
						"4.5": {
							"post": [-2.5, 0, 5.5],
							"lerp_mode": "catmullrom"
						},
						"4.75": {
							"post": [0, 0, 0],
							"lerp_mode": "catmullrom"
						}
					},
					"position": {
						"0.0": {
							"post": [0, 0, 0],
							"lerp_mode": "catmullrom"
						},
						"0.1667": {
							"post": [-0.05273, 3.74686, 0.29903],
							"lerp_mode": "catmullrom"
						},
						"0.2917": {
							"post": [-0.08456, 3.90301, 1.59014],
							"lerp_mode": "catmullrom"
						},
						"0.4583": {
							"post": [-0.03, 1.82, 1.62],
							"lerp_mode": "catmullrom"
						},
						"0.5833": {
							"post": [-0.03, 1.52, 1.62],
							"lerp_mode": "catmullrom"
						},
						"0.7083": [-0.03, 1.12, 1.62],
						"0.75": [-0.03, 1.12, 1.62],
						"1.0": {
							"pre": [-0.04875, 1.07313, 3.26688],
							"post": [-0.04875, 1.07313, 3.26688],
							"lerp_mode": "catmullrom"
						},
						"1.5417": {
							"post": [-0.05344, 1.12, 3.02],
							"lerp_mode": "catmullrom"
						},
						"1.7083": {
							"post": [-0.05, 1.13656, 2.7],
							"lerp_mode": "catmullrom"
						},
						"1.8333": {
							"post": [-0.0444, 1.16956, 1.141],
							"lerp_mode": "catmullrom"
						},
						"1.9583": {
							"post": [-0.04, 1.18313, 2.14],
							"lerp_mode": "catmullrom"
						},
						"2.0833": {
							"post": [-0.04, 1.20656, 1.54],
							"lerp_mode": "catmullrom"
						},
						"2.375": {
							"post": [-0.04, 1.23, 1.74],
							"lerp_mode": "catmullrom"
						},
						"2.625": {
							"post": [-0.04, 1.23, 2.04],
							"lerp_mode": "catmullrom"
						},
						"2.875": {
							"post": [-0.48913, 0.95224, 2.88919],
							"lerp_mode": "catmullrom"
						},
						"3.125": {
							"post": [-0.44969, 0.93, 2.95],
							"lerp_mode": "catmullrom"
						},
						"3.5": [-0.49, 0.95, 2.89],
						"3.875": [-0.49, 0.95, 2.89],
						"4.1667": {
							"pre": [-0.45875, 0.86563, 2.52906],
							"post": [-0.45875, 0.86563, 2.52906],
							"lerp_mode": "catmullrom"
						},
						"4.375": {
							"post": [0, 0.51, 0.26],
							"lerp_mode": "catmullrom"
						},
						"4.5": {
							"post": [-0.08157, 0.73665, -0.21847],
							"lerp_mode": "catmullrom"
						},
						"4.6667": {
							"post": [0, -0.14687, 0.22031],
							"lerp_mode": "catmullrom"
						},
						"4.8333": {
							"post": [0, -0.11, -0.11375],
							"lerp_mode": "catmullrom"
						},
						"5.0833": {
							"post": [0, 0, 0],
							"lerp_mode": "catmullrom"
						}
					}
				},
				"mag": {
					"scale": 0
				},
				"lefthand": {
					"rotation": {
						"0.0": [81.60102, 20.66904, -12.43437],
						"0.25": {
							"pre": [62.69751, 23.94137, -10.13554],
							"post": [62.69751, 23.94137, -10.13554],
							"lerp_mode": "catmullrom"
						},
						"0.625": {
							"post": [62.69751, 23.94137, -10.13554],
							"lerp_mode": "catmullrom"
						},
						"0.7917": [81.60102, 20.66904, -12.43437],
						"4.1667": [53.40332, 45.31697, -26.13776],
						"4.5": {
							"pre": [80.86869, 30.55304, -14.12217],
							"post": [80.86869, 30.55304, -14.12217],
							"lerp_mode": "catmullrom"
						}
					},
					"position": {
						"0.0": [-4.26135, -24.1402, -16.95665],
						"0.25": {
							"pre": [3.96546, -25.80594, -8.81667],
							"post": [3.96546, -25.80594, -8.81667],
							"lerp_mode": "catmullrom"
						},
						"0.625": {
							"post": [3.96546, -25.80594, -8.81667],
							"lerp_mode": "catmullrom"
						},
						"0.7917": [-4.26135, -24.1402, -16.95665],
						"4.1667": [-3.26135, -24.1402, -11.95665],
						"4.5": {
							"pre": [-3.26135, -24.1402, -11.95665],
							"post": [-3.26135, -24.1402, -11.95665],
							"lerp_mode": "catmullrom"
						}
					},
					"scale": {
						"0.0": [1, 1.5, 1],
						"0.7917": [1, 1.5, 1]
					}
				},
				"righthand": {
					"rotation": {
						"0.0": {
							"post": [87.22494, -4.91728, 2.28824],
							"lerp_mode": "catmullrom"
						}
					},
					"position": {
						"0.0": {
							"post": [4.13309, -16.7306, -5],
							"lerp_mode": "catmullrom"
						}
					},
					"scale": {
						"0.0": {
							"post": [1.2, 1, 1],
							"lerp_mode": "catmullrom"
						}
					}
				},
				"gun": {
					"rotation": {
						"0.0": {
							"post": [0, 0, 0],
							"lerp_mode": "catmullrom"
						},
						"0.4167": [-360, 0, 0],
						"4.5833": [-360, 0, 0],
						"4.875": [-360, 0, 0]
					},
					"position": {
						"0.0": {
							"post": [0, 0, 0],
							"lerp_mode": "catmullrom"
						},
						"0.4167": {
							"post": [0, 0, 0],
							"lerp_mode": "catmullrom"
						},
						"4.5833": {
							"post": [0, 0, 0],
							"lerp_mode": "catmullrom"
						},
						"4.875": {
							"post": [0, 0, 0],
							"lerp_mode": "catmullrom"
						}
					}
				},
				"additional_magazine": {
					"scale": 1
				},
				"camera": {
					"rotation": {
						"0.0": {
							"post": [0, 0, 0],
							"lerp_mode": "catmullrom"
						},
						"0.2917": {
							"post": [6, 4, 0],
							"lerp_mode": "catmullrom"
						},
						"0.5417": {
							"post": [6, 4, 0],
							"lerp_mode": "catmullrom"
						},
						"0.9583": {
							"post": [4.5, 9, 0],
							"lerp_mode": "catmullrom"
						},
						"1.5417": {
							"post": [4.5, 8.4, 0],
							"lerp_mode": "catmullrom"
						},
						"2.0417": {
							"post": [5, -1, 0],
							"lerp_mode": "catmullrom"
						},
						"2.8333": {
							"post": [5, -1.8, 0],
							"lerp_mode": "catmullrom"
						},
						"3.2083": {
							"post": [3.3, -3, 0],
							"lerp_mode": "catmullrom"
						},
						"4.0417": {
							"post": [2.9, -2.5, 0],
							"lerp_mode": "catmullrom"
						},
						"4.2917": {
							"post": [-0.65, 0.52, 0],
							"lerp_mode": "catmullrom"
						},
						"4.5417": {
							"post": [0.44, -0.34, 0],
							"lerp_mode": "catmullrom"
						},
						"4.875": {
							"post": [0, 0, 0],
							"lerp_mode": "catmullrom"
						}
					}
				}
			},
			"sound_effects": {
				"0.0": {
					"effect": "pgp:p50/p50_whirl"
				},
				"0.7083": {
					"effect": "pgp:p50/p50_grab2"
				},
				"1.9167": {
					"effect": "pgp:p50/p50_equip2"
				},
				"2.9167": {
					"effect": "pgp:p50/p50_grab3"
				},
				"4.2917": {
					"effect": "pgp:p50/p50_equip3"
				}
			}
		},
		"reload_empty": {
			"animation_length": 2.7083,
			"bones": {
				"root": {
					"rotation": {
						"0.0": {
							"post": [0, 0, 0],
							"lerp_mode": "catmullrom"
						},
						"0.125": {
							"post": [7.5, -3.5, 0],
							"lerp_mode": "catmullrom"
						},
						"0.2917": {
							"post": [-32.5, 2.5, 0],
							"lerp_mode": "catmullrom"
						},
						"0.4583": {
							"post": [-64, 1, 0],
							"lerp_mode": "catmullrom"
						},
						"0.5417": {
							"post": [-62.61, 0.86, 1.375],
							"lerp_mode": "catmullrom"
						},
						"0.6667": {
							"post": [-63.96, -0.11125, -0.6875],
							"lerp_mode": "catmullrom"
						},
						"1.0417": {
							"post": [-62.6, 1, 0],
							"lerp_mode": "catmullrom"
						},
						"1.0833": {
							"post": [-60.1, 1.3, 0],
							"lerp_mode": "catmullrom"
						},
						"1.1667": {
							"post": [-61.6, -0.6, 0],
							"lerp_mode": "catmullrom"
						},
						"1.25": {
							"post": [-62.6, 1, 0],
							"lerp_mode": "catmullrom"
						},
						"1.625": {
							"post": [-62.6, 1, 0],
							"lerp_mode": "catmullrom"
						},
						"1.6667": {
							"post": [-63.62969, 1.6875, 0],
							"lerp_mode": "catmullrom"
						},
						"1.75": {
							"post": [-62.3, 0.3125, 0],
							"lerp_mode": "catmullrom"
						},
						"1.875": {
							"post": [-62.3, 0.3125, 0],
							"lerp_mode": "catmullrom"
						},
						"2.0": {
							"post": [-50.4, 1, 0],
							"lerp_mode": "catmullrom"
						},
						"2.2917": {
							"post": [-2.45926, 0.32176, 0],
							"lerp_mode": "catmullrom"
						},
						"2.4167": {
							"post": [0, 0, 0],
							"lerp_mode": "catmullrom"
						}
					},
					"position": {
						"0.0": {
							"post": [0, 0, 0],
							"lerp_mode": "catmullrom"
						},
						"0.0833": {
							"post": [-0.01, 0.36, 0.04],
							"lerp_mode": "catmullrom"
						},
						"0.125": {
							"post": [-0.01, -0.02, 0.06],
							"lerp_mode": "catmullrom"
						},
						"0.2083": {
							"post": [0, 0, 0],
							"lerp_mode": "catmullrom"
						},
						"0.2917": {
							"post": [0.07, 2.5, -0.56],
							"lerp_mode": "catmullrom"
						},
						"0.375": {
							"post": [0, 2.2, 0],
							"lerp_mode": "catmullrom"
						},
						"0.5": {
							"post": [-1, -2, -6],
							"lerp_mode": "catmullrom"
						},
						"0.5833": {
							"post": [-1, 0, -6],
							"lerp_mode": "catmullrom"
						},
						"0.9167": {
							"post": [-1, 0, -6],
							"lerp_mode": "catmullrom"
						},
						"0.9583": {
							"post": [-1, 0, -7],
							"lerp_mode": "catmullrom"
						},
						"1.0": {
							"post": [-1, -0.6, -6.7],
							"lerp_mode": "catmullrom"
						},
						"1.0833": {
							"post": [-1, 0.3, -7.3],
							"lerp_mode": "catmullrom"
						},
						"1.1667": {
							"post": [-1, 0, -7],
							"lerp_mode": "catmullrom"
						},
						"1.625": {
							"post": [-1, 0, -7],
							"lerp_mode": "catmullrom"
						},
						"1.6667": {
							"post": [-1.01549, -0.61801, -7.88768],
							"lerp_mode": "catmullrom"
						},
						"1.75": {
							"post": [-1, 0, -7],
							"lerp_mode": "catmullrom"
						},
						"1.875": {
							"post": [-1, 0, -7],
							"lerp_mode": "catmullrom"
						},
						"1.9583": {
							"post": [-1, 0.2, -6.1],
							"lerp_mode": "catmullrom"
						},
						"2.0417": {
							"post": [-0.37643, 0.68599, -1.95344],
							"lerp_mode": "catmullrom"
						},
						"2.1667": {
							"post": [0, 1.2, 1.1],
							"lerp_mode": "catmullrom"
						},
						"2.25": {
							"post": [0.03, -0.14, -1.15],
							"lerp_mode": "catmullrom"
						},
						"2.4167": {
							"post": [0.02, -0.15, 0.28],
							"lerp_mode": "catmullrom"
						},
						"2.5833": {
							"post": [0, 0, 0],
							"lerp_mode": "catmullrom"
						}
					}
				},
				"mag_and_lefthand": {
					"rotation": {
						"0.0": {
							"post": [0, 0, 0],
							"lerp_mode": "catmullrom"
						},
						"0.1667": {
							"post": [-0.02639, 16.47918, -0.17193],
							"lerp_mode": "catmullrom"
						},
						"0.2917": {
							"post": [18.86, 14.91, 0],
							"lerp_mode": "catmullrom"
						},
						"0.375": {
							"post": [1.24, 15.39, 0],
							"lerp_mode": "catmullrom"
						},
						"0.4583": {
							"post": [0, 18.98, 0],
							"lerp_mode": "catmullrom"
						},
						"0.5417": {
							"post": [0, 1.2818, 6.22318],
							"lerp_mode": "catmullrom"
						},
						"0.6667": {
							"post": [17.36074, -0.92711, 6.42779],
							"lerp_mode": "catmullrom"
						},
						"0.7917": [12.49796, -0.19928, 0.08769],
						"0.875": [12.49796, -0.19928, 0.08769],
						"1.0": [12.49796, -0.19928, 0.08769],
						"1.0833": [0, 0, 0]
					},
					"position": {
						"0.0": {
							"post": [0, 0, 0],
							"lerp_mode": "catmullrom"
						},
						"0.1667": {
							"post": [4.79509, -2.54439, 0.01353],
							"lerp_mode": "catmullrom"
						},
						"0.2917": {
							"post": [4.94458, -4.77356, 9.23564],
							"lerp_mode": "catmullrom"
						},
						"0.375": {
							"post": [4.70586, -0.72047, 20.93049],
							"lerp_mode": "catmullrom"
						},
						"0.4583": {
							"post": [4.17127, 2.61, 23.87653],
							"lerp_mode": "catmullrom"
						},
						"0.5417": {
							"post": [1.93264, 4.26734, 20.33266],
							"lerp_mode": "catmullrom"
						},
						"0.6667": {
							"post": [0.08737, 4.95769, 14.05916],
							"lerp_mode": "catmullrom"
						},
						"0.7917": [-0.98161, 2.77613, 6.1445],
						"0.875": [0, 0, -1.58348],
						"1.0": [0, 0, -1.58348],
						"1.0833": [0, 0, 0]
					}
				},
				"lefthand": {
					"rotation": {
						"0.0": [81.60102, 20.66904, -12.43437],
						"0.4583": {
							"pre": [80.86869, 30.55304, -14.12217],
							"post": [80.86869, 30.55304, -14.12217],
							"lerp_mode": "catmullrom"
						},
						"0.5": {
							"post": [78.79215, 45.32241, -17.47112],
							"lerp_mode": "catmullrom"
						},
						"1.1667": {
							"post": [78.79215, 45.32241, -17.47112],
							"lerp_mode": "catmullrom"
						},
						"1.25": {
							"post": [89.44846, 45.63773, 11.20352],
							"lerp_mode": "catmullrom"
						},
						"1.3333": {
							"post": [89.21354, 60.63675, 10.91241],
							"lerp_mode": "catmullrom"
						},
						"1.5": {
							"post": [158.65431, 63.79714, 74.85492],
							"lerp_mode": "catmullrom"
						},
						"1.5833": {
							"post": [102.82808, 80.51229, 17.17774],
							"lerp_mode": "catmullrom"
						},
						"1.7083": {
							"post": [102.82808, 80.51229, 17.17774],
							"lerp_mode": "catmullrom"
						},
						"1.8333": {
							"post": [93.5022, 53.19359, 7.32478],
							"lerp_mode": "catmullrom"
						},
						"2.0833": [81.60102, 20.66904, -12.43437]
					},
					"position": {
						"0.0": [-4.26135, -24.1402, -16.95665],
						"0.4583": {
							"pre": [-3.26135, -24.1402, -11.95665],
							"post": [-3.26135, -24.1402, -11.95665],
							"lerp_mode": "catmullrom"
						},
						"0.5": {
							"post": [-4.15941, -18.16851, -9.62926],
							"lerp_mode": "catmullrom"
						},
						"1.1667": {
							"post": [-4.15941, -18.16851, -9.62926],
							"lerp_mode": "catmullrom"
						},
						"1.25": {
							"post": [0.84, -18.17, -9.63],
							"lerp_mode": "catmullrom"
						},
						"1.3333": {
							"post": [0.63896, -13.14956, -9.63673],
							"lerp_mode": "catmullrom"
						},
						"1.4167": {
							"post": [-3.16, -9.17, -9.63],
							"lerp_mode": "catmullrom"
						},
						"1.5": {
							"post": [-5.27972, -7.98158, -7.25987],
							"lerp_mode": "catmullrom"
						},
						"1.625": {
							"post": [-5.52877, -15.62029, -4.86715],
							"lerp_mode": "catmullrom"
						},
						"1.7083": {
							"post": [-3.72877, -15.62029, -4.86715],
							"lerp_mode": "catmullrom"
						},
						"1.8333": {
							"post": [0.97562, -12.13844, -3.89134],
							"lerp_mode": "catmullrom"
						},
						"1.9583": {
							"post": [-0.04368, -25.0909, -3.41423],
							"lerp_mode": "catmullrom"
						},
						"2.0833": [-4.26135, -24.1402, -16.95665]
					},
					"scale": {
						"0.0": [1, 1.5, 1],
						"2.0833": [1, 1.5, 1]
					}
				},
				"righthand": {
					"rotation": [87.22494, -4.91728, 2.28824],
					"position": [4.13309, -16.7306, -5],
					"scale": [1.2, 1, 1]
				},
				"body_top": {
					"rotation": {
						"0.0": {
							"post": [0, 0, 0],
							"lerp_mode": "catmullrom"
						},
						"0.0833": {
							"post": [37.8, 0, 0],
							"lerp_mode": "catmullrom"
						},
						"0.1667": {
							"post": [17.3, 0, 0],
							"lerp_mode": "catmullrom"
						},
						"0.2917": {
							"post": [30, 0, 0],
							"lerp_mode": "catmullrom"
						},
						"0.375": {
							"post": [30, 0, 0],
							"lerp_mode": "catmullrom"
						},
						"0.4583": {
							"post": [20.95, 0, 0],
							"lerp_mode": "catmullrom"
						},
						"0.5417": {
							"post": [30.5, 0, 0],
							"lerp_mode": "catmullrom"
						},
						"0.7083": {
							"post": [30, 0, 0],
							"lerp_mode": "catmullrom"
						},
						"1.0833": {
							"post": [30, 0, 0],
							"lerp_mode": "catmullrom"
						},
						"1.1667": {
							"post": [32.9, 0, 0],
							"lerp_mode": "catmullrom"
						},
						"1.2917": {
							"post": [28.9, 0, 0],
							"lerp_mode": "catmullrom"
						},
						"1.4167": [30, 0, 0],
						"1.4583": [30, 0, 0],
						"1.625": {
							"pre": [0, 0, 0],
							"post": [0, 0, 0],
							"lerp_mode": "catmullrom"
						}
					}
				},
				"additional_magazine": {
					"rotation": {
						"0.0": [0, 0, 0],
						"0.0833": {
							"pre": [3.7, 0, 0],
							"post": [3.7, 0, 0],
							"lerp_mode": "catmullrom"
						},
						"0.1667": [1.56, 0, 0],
						"0.375": [1.56, 0, 0],
						"0.4583": {
							"pre": [12.5, 0, 0],
							"post": [12.5, 0, 0],
							"lerp_mode": "catmullrom"
						}
					},
					"position": {
						"0.0": [0, 0, 0],
						"0.375": [0, 0, 0],
						"0.5": [0, 3.46303, 20]
					},
					"scale": {
						"0.5": [1, 1, 1],
						"0.5833": {
							"pre": [1, 1, 1],
							"post": [0, 0, 0]
						}
					}
				},
				"mag": {
					"scale": {
						"0.0": [0, 0, 0],
						"0.5": {
							"pre": [0, 0, 0],
							"post": [1, 1, 1]
						}
					}
				},
				"camera": {
					"rotation": {
						"0.0": {
							"post": [0, 0, 0],
							"lerp_mode": "catmullrom"
						},
						"0.1667": {
							"post": [2, 0, 0],
							"lerp_mode": "catmullrom"
						},
						"0.4167": {
							"post": [-1.16406, 0, 0],
							"lerp_mode": "catmullrom"
						},
						"0.5417": {
							"post": [-0.55, 0, 0],
							"lerp_mode": "catmullrom"
						},
						"0.625": {
							"post": [-1.50156, 0, 0],
							"lerp_mode": "catmullrom"
						},
						"0.7083": {
							"post": [-0.95781, 0, 0],
							"lerp_mode": "catmullrom"
						},
						"0.8333": {
							"post": [-1.19, 0, 0],
							"lerp_mode": "catmullrom"
						},
						"0.9583": {
							"post": [-1, 0, 0],
							"lerp_mode": "catmullrom"
						},
						"1.0417": {
							"post": [-1, 0.41094, 0],
							"lerp_mode": "catmullrom"
						},
						"1.0833": {
							"post": [-1, -0.13656, 0],
							"lerp_mode": "catmullrom"
						},
						"1.1667": {
							"post": [-1, 0.09, 0],
							"lerp_mode": "catmullrom"
						},
						"1.5417": {
							"post": [-0.4, 0.09, 0],
							"lerp_mode": "catmullrom"
						},
						"1.625": {
							"post": [0.5, 0.09, 0],
							"lerp_mode": "catmullrom"
						},
						"1.7083": {
							"post": [-0.93, 0.09, 0],
							"lerp_mode": "catmullrom"
						},
						"1.7917": {
							"post": [-0.4, 0.09, 0],
							"lerp_mode": "catmullrom"
						},
						"2.25": {
							"post": [0, 0.09, 0],
							"lerp_mode": "catmullrom"
						},
						"2.375": {
							"post": [0.2, 0.09, 0],
							"lerp_mode": "catmullrom"
						},
						"2.5": {
							"post": [-0.05031, 0.09, 0],
							"lerp_mode": "catmullrom"
						},
						"2.625": {
							"post": [0, 0, 0],
							"lerp_mode": "catmullrom"
						}
					}
				}
			},
			"sound_effects": {
				"0.0": {
					"effect": "pgp:p50/p50_grab1"
				},
				"0.0417": {
					"effect": "pgp:p50/p50_cap1"
				},
				"0.375": {
					"effect": "pgp:p50/p50_mag_out"
				},
				"0.4167": {
					"effect": "pgp:p50/p50_grab2"
				},
				"0.875": {
					"effect": "pgp:p50/p50_mag_in"
				},
				"1.5417": {
					"effect": "pgp:p50/p50_cap_over"
				},
				"2.125": {
					"effect": "pgp:p50/p50_equip3"
				}
			}
		}
	}
}