{
	"format_version": "1.8.0",
	"animations": {
		"static_idle": {
			"loop": "hold_on_last_frame",
			"bones": {
				"righthand": {
					"rotation": {
						"0.0": {
							"post": [104.51412, 18.52942, 57.9506],
							"lerp_mode": "catmullrom"
						}
					},
					"position": {
						"0.0": {
							"post": [-4, -13, -17],
							"lerp_mode": "catmullrom"
						}
					},
					"scale": {
						"0.0": {
							"post": [1, 1.5, 1],
							"lerp_mode": "catmullrom"
						}
					}
				},
				"lefthand": {
					"rotation": {
						"0.0": {
							"post": [90, -10, 0],
							"lerp_mode": "catmullrom"
						}
					},
					"position": {
						"0.0": {
							"post": [4.68124, -13.1, -7.07163],
							"lerp_mode": "catmullrom"
						}
					},
					"scale": [1, 1.5, 1]
				},
				"constraint": {
					"rotation": [0.2, 0.2, 0.2],
					"position": [0.2, 0.2, 0.4]
				}
			}
		},
		"inspect": {
			"loop": "hold_on_last_frame",
			"animation_length": 5.6667,
			"bones": {
				"root": {
					"rotation": {
						"0.0": {
							"post": [0, 0, 0],
							"lerp_mode": "catmullrom"
						},
						"0.125": {
							"post": [-10.61932, -4.1056, -13.76786],
							"lerp_mode": "catmullrom"
						},
						"0.2917": {
							"post": [-16.96615, -19.59475, -28.841],
							"lerp_mode": "catmullrom"
						},
						"0.4167": {
							"post": [-18.79391, -20.89471, -30.79757],
							"lerp_mode": "catmullrom"
						},
						"0.5417": {
							"post": [-18.27, -23.33, -35.24],
							"lerp_mode": "catmullrom"
						},
						"0.875": {
							"post": [-19.63266, -23.91069, -33.42433],
							"lerp_mode": "catmullrom"
						},
						"1.0417": {
							"post": [-18.50176, -24.9345, -31.42986],
							"lerp_mode": "catmullrom"
						},
						"1.25": {
							"post": [-18.0768, -21.70218, -24.45286],
							"lerp_mode": "catmullrom"
						},
						"1.375": {
							"post": [-18.02781, -15.43937, -11.02124],
							"lerp_mode": "catmullrom"
						},
						"1.5417": {
							"post": [-18.2, -5.17937, 15.49],
							"lerp_mode": "catmullrom"
						},
						"1.625": {
							"post": [-18.7233, 2.30231, 31.88097],
							"lerp_mode": "catmullrom"
						},
						"1.75": {
							"post": [-20.34851, 8.59585, 49.07919],
							"lerp_mode": "catmullrom"
						},
						"1.9167": {
							"post": [-21.5329, 6.06863, 52.0498],
							"lerp_mode": "catmullrom"
						},
						"2.0833": {
							"post": [-23.86462, 13.23926, 47.44154],
							"lerp_mode": "catmullrom"
						},
						"2.1667": {
							"post": [-23.34059, 12.75155, 44.95785],
							"lerp_mode": "catmullrom"
						},
						"2.25": {
							"post": [-23.11418, 10.41941, 51.4352],
							"lerp_mode": "catmullrom"
						},
						"2.3333": {
							"post": [-23.56463, 12.76686, 44.4486],
							"lerp_mode": "catmullrom"
						},
						"2.4583": {
							"post": [-22.94111, 5.95209, 49.76818],
							"lerp_mode": "catmullrom"
						},
						"2.625": {
							"post": [-22.81, 6.0425, 48.64],
							"lerp_mode": "catmullrom"
						},
						"2.875": {
							"post": [-23.45198, 10.50376, 47.60291],
							"lerp_mode": "catmullrom"
						},
						"3.0417": {
							"post": [-23.80296, 10.38355, 45.85473],
							"lerp_mode": "catmullrom"
						},
						"3.2083": {
							"post": [-23.70183, 9.43978, 46.19268],
							"lerp_mode": "catmullrom"
						},
						"3.375": {
							"post": [-23.32724, 14.28313, 47.63928],
							"lerp_mode": "catmullrom"
						},
						"3.5417": {
							"post": [-22.84846, 15.07727, 49.49833],
							"lerp_mode": "catmullrom"
						},
						"3.7917": {
							"post": [-22.92233, 10.6205, 49.30603],
							"lerp_mode": "catmullrom"
						},
						"4.0417": {
							"post": [-20.00718, 12.86166, 55.25348],
							"lerp_mode": "catmullrom"
						},
						"4.1667": {
							"post": [-9.61875, 14.39822, 68.08401],
							"lerp_mode": "catmullrom"
						},
						"4.2917": {
							"post": [-15.55538, 14.8202, 66.1173],
							"lerp_mode": "catmullrom"
						},
						"4.3333": {
							"post": [-17.64334, 5.83447, 57.71754],
							"lerp_mode": "catmullrom"
						},
						"4.375": {
							"post": [-16.42044, 9.72904, 63.26022],
							"lerp_mode": "catmullrom"
						},
						"4.4583": {
							"post": [-16.7529, 13.41137, 52.47831],
							"lerp_mode": "catmullrom"
						},
						"4.5833": {
							"post": [-15.6875, 14.14063, 52.99251],
							"lerp_mode": "catmullrom"
						},
						"4.7917": {
							"post": [-13.42525, -0.52264, 39.14009],
							"lerp_mode": "catmullrom"
						},
						"5.0": {
							"post": [2.72, 0, 10.12],
							"lerp_mode": "catmullrom"
						},
						"5.1667": {
							"post": [0, 0, 0],
							"lerp_mode": "catmullrom"
						},
						"5.6667": {
							"post": [0, 0, 0],
							"lerp_mode": "catmullrom"
						}
					},
					"position": {
						"0.0": {
							"post": [0, 0, 0],
							"lerp_mode": "catmullrom"
						},
						"0.1667": {
							"post": [-0.05963, 2.44771, -3.9073],
							"lerp_mode": "catmullrom"
						},
						"0.3333": {
							"post": [-0.39086, 2.09428, -1.62802],
							"lerp_mode": "catmullrom"
						},
						"0.5": {
							"post": [-0.31457, 2.52286, -2.06599],
							"lerp_mode": "catmullrom"
						},
						"0.6667": {
							"post": [-0.40797, 2.53963, -2.02596],
							"lerp_mode": "catmullrom"
						},
						"0.9583": {
							"post": [-0.49588, 2.57168, -2.04509],
							"lerp_mode": "catmullrom"
						},
						"1.125": {
							"post": [-0.51, 2.56063, -2.1],
							"lerp_mode": "catmullrom"
						},
						"1.25": {
							"post": [0.04481, 2.24161, -2.06599],
							"lerp_mode": "catmullrom"
						},
						"1.4583": {
							"post": [1.18813, 1.55, -2.05],
							"lerp_mode": "catmullrom"
						},
						"1.625": {
							"post": [3.19986, 0.43809, -1.29151],
							"lerp_mode": "catmullrom"
						},
						"1.75": {
							"post": [3.7457, -0.38907, 0.24137],
							"lerp_mode": "catmullrom"
						},
						"1.875": {
							"post": [4.00791, -0.1122, -0.04733],
							"lerp_mode": "catmullrom"
						},
						"2.0833": {
							"post": [3.87207, -0.17734, -0.08871],
							"lerp_mode": "catmullrom"
						},
						"2.2083": {
							"post": [3.99686, -0.16726, -0.03198],
							"lerp_mode": "catmullrom"
						},
						"2.3333": {
							"post": [4.35923, 0.07899, 0.11143],
							"lerp_mode": "catmullrom"
						},
						"2.4583": {
							"post": [3.66735, -0.14672, -0.77416],
							"lerp_mode": "catmullrom"
						},
						"2.625": {
							"post": [3.78276, 0.10875, -0.19845],
							"lerp_mode": "catmullrom"
						},
						"2.8333": {
							"post": [3.81688, 0.05, -0.1],
							"lerp_mode": "catmullrom"
						},
						"3.1667": {
							"post": [3.88023, 0.00706, -0.07641],
							"lerp_mode": "catmullrom"
						},
						"3.3333": {
							"post": [3.95175, -0.19086, -0.13881],
							"lerp_mode": "catmullrom"
						},
						"3.5833": {
							"post": [3.89522, -0.02582, -0.06792],
							"lerp_mode": "catmullrom"
						},
						"3.875": {
							"post": [4.13204, -0.24889, -0.0909],
							"lerp_mode": "catmullrom"
						},
						"4.125": {
							"post": [4, 0, 0],
							"lerp_mode": "catmullrom"
						},
						"4.2083": {
							"post": [4.07969, 0.10156, 0.11719],
							"lerp_mode": "catmullrom"
						},
						"4.2917": {
							"post": [3.58713, -0.24772, -0.29395],
							"lerp_mode": "catmullrom"
						},
						"4.3333": {
							"post": [3.42206, -0.72386, -0.37075],
							"lerp_mode": "catmullrom"
						},
						"4.4167": {
							"post": [3.41133, -0.16899, -0.01231],
							"lerp_mode": "catmullrom"
						},
						"4.5833": {
							"post": [3.50938, 0, -0.32031],
							"lerp_mode": "catmullrom"
						},
						"5.0": {
							"post": [0.24, -0.85625, -2.81],
							"lerp_mode": "catmullrom"
						},
						"5.2083": {
							"post": [0.1, -0.20312, 0.7],
							"lerp_mode": "catmullrom"
						},
						"5.375": {
							"post": [0, 0.04688, 0],
							"lerp_mode": "catmullrom"
						},
						"5.6667": {
							"post": [0, 0, 0],
							"lerp_mode": "catmullrom"
						}
					}
				},
				"left": {
					"rotation": {
						"0.0": [0, 0, 0],
						"2.4583": [0, 0, 0],
						"2.5833": {
							"pre": [0, 0, -0.61562],
							"post": [0, 0, -0.61562],
							"lerp_mode": "catmullrom"
						},
						"2.7083": {
							"post": [2.26603, 1.05627, -8.24161],
							"lerp_mode": "catmullrom"
						},
						"2.9583": {
							"post": [2.23231, 0.12572, -10.02954],
							"lerp_mode": "catmullrom"
						},
						"3.25": {
							"post": [2.16371, -9.18835, -25.45559],
							"lerp_mode": "catmullrom"
						},
						"3.4167": {
							"post": [25.93531, -20.07949, -64.71395],
							"lerp_mode": "catmullrom"
						},
						"3.875": {
							"post": [25.93531, -20.07949, -64.71395],
							"lerp_mode": "catmullrom"
						},
						"4.0833": [5.16537, -11.13525, 6.30672],
						"4.2083": [2.26603, 1.05627, -8.24161],
						"4.3333": {
							"pre": [0, 0, 5.4],
							"post": [0, 0, 5.4],
							"lerp_mode": "catmullrom"
						},
						"4.4583": {
							"post": [0, 0, 0],
							"lerp_mode": "catmullrom"
						}
					},
					"position": {
						"0.0": [0, 0, 0],
						"2.4583": [0, 0, 0],
						"2.625": {
							"pre": [-3.07982, -1.63721, -5.3749],
							"post": [-3.07982, -1.63721, -5.3749],
							"lerp_mode": "catmullrom"
						},
						"2.7917": {
							"post": [-3.72146, 0.65649, -7.82663],
							"lerp_mode": "catmullrom"
						},
						"3.0417": {
							"post": [-3.74458, 0.86959, -8.32259],
							"lerp_mode": "catmullrom"
						},
						"3.2083": {
							"post": [-4.16981, 0.49807, -8.34446],
							"lerp_mode": "catmullrom"
						},
						"3.375": {
							"post": [-6.79057, 0.66949, -8.14366],
							"lerp_mode": "catmullrom"
						},
						"3.7917": {
							"post": [-6.79057, 0.66949, -7.73741],
							"lerp_mode": "catmullrom"
						},
						"3.9583": {
							"post": [-3.1241, -0.83405, -6.4],
							"lerp_mode": "catmullrom"
						},
						"4.0833": {
							"post": [-0.24966, -1.58151, -0.11201],
							"lerp_mode": "catmullrom"
						},
						"4.2083": {
							"post": [0, 0, 0],
							"lerp_mode": "catmullrom"
						}
					}
				},
				"lefthand": {
					"rotation": {
						"0.0": {
							"post": [90, -10, 0],
							"lerp_mode": "catmullrom"
						},
						"1.5417": {
							"post": [90, -10, 0],
							"lerp_mode": "catmullrom"
						},
						"1.875": {
							"post": [90, -10, 0],
							"lerp_mode": "catmullrom"
						},
						"2.1667": {
							"post": [82.5, -10, 0],
							"lerp_mode": "catmullrom"
						},
						"4.625": {
							"post": [67.5, -10, 0],
							"lerp_mode": "catmullrom"
						},
						"4.9167": {
							"post": [90, -10, 0],
							"lerp_mode": "catmullrom"
						}
					},
					"position": {
						"0.0": {
							"post": [4.68124, -13.1, -7.07163],
							"lerp_mode": "catmullrom"
						},
						"1.5417": {
							"post": [4.68124, -13.1, -7.07163],
							"lerp_mode": "catmullrom"
						},
						"1.875": {
							"post": [5, -14.1, -6],
							"lerp_mode": "catmullrom"
						},
						"2.0": {
							"post": [3.34, -14.87, -2.17],
							"lerp_mode": "catmullrom"
						},
						"2.0833": {
							"post": [6.0875, -15.41, 0.54],
							"lerp_mode": "catmullrom"
						},
						"2.2083": {
							"post": [5, -16.1, 3],
							"lerp_mode": "catmullrom"
						},
						"4.5833": {
							"post": [5, -16.1, 3],
							"lerp_mode": "catmullrom"
						},
						"4.7083": {
							"post": [2.9, -15.41, 0.54],
							"lerp_mode": "catmullrom"
						},
						"4.7917": {
							"post": [3.34, -14.87, -2.17],
							"lerp_mode": "catmullrom"
						},
						"4.9167": {
							"post": [4.68124, -13.1, -7.07163],
							"lerp_mode": "catmullrom"
						}
					},
					"scale": [1, 1.5, 1]
				},
				"righthand": {
					"rotation": {
						"0.0": {
							"post": [104.51412, 18.52942, 57.9506],
							"lerp_mode": "catmullrom"
						},
						"0.2917": {
							"post": [110.85396, 10.81227, 82.56601],
							"lerp_mode": "catmullrom"
						},
						"1.2917": {
							"post": [110.85396, 10.81227, 82.56601],
							"lerp_mode": "catmullrom"
						},
						"1.625": {
							"post": [104.51412, 18.52942, 57.9506],
							"lerp_mode": "catmullrom"
						}
					},
					"position": {
						"0.0": {
							"post": [-4, -13, -17],
							"lerp_mode": "catmullrom"
						},
						"0.2083": {
							"post": [-1.99087, -15.3633, -1.55198],
							"lerp_mode": "catmullrom"
						},
						"0.375": {
							"post": [-4.55862, -16.5479, 2.34473],
							"lerp_mode": "catmullrom"
						},
						"1.2083": {
							"post": [-4.55862, -16.5479, 2.34473],
							"lerp_mode": "catmullrom"
						},
						"1.375": {
							"post": [-1.99087, -15.3633, -1.55198],
							"lerp_mode": "catmullrom"
						},
						"1.625": {
							"post": [-4, -13, -17],
							"lerp_mode": "catmullrom"
						}
					},
					"scale": {
						"0.0": {
							"post": [1, 1.5, 1],
							"lerp_mode": "catmullrom"
						}
					}
				},
				"camera": {
					"rotation": {
						"0.0": {
							"post": [0, 0, 0],
							"lerp_mode": "catmullrom"
						},
						"0.3333": {
							"post": [-9, 0, 0],
							"lerp_mode": "catmullrom"
						},
						"0.5417": {
							"post": [-9, 0, 0],
							"lerp_mode": "catmullrom"
						},
						"1.4167": {
							"post": [-6.8, 0, 0],
							"lerp_mode": "catmullrom"
						},
						"1.5833": {
							"post": [-4.4, 0, -0.8],
							"lerp_mode": "catmullrom"
						},
						"1.75": {
							"post": [0.5, 0, 0.2],
							"lerp_mode": "catmullrom"
						},
						"1.9167": {
							"post": [0, 0, 0],
							"lerp_mode": "catmullrom"
						},
						"2.0417": {
							"post": [-0.1, 0, -0.1],
							"lerp_mode": "catmullrom"
						},
						"2.25": {
							"post": [-2.2, 0.5, -1.8],
							"lerp_mode": "catmullrom"
						},
						"2.375": {
							"post": [0.4, -0.5, -0.5],
							"lerp_mode": "catmullrom"
						},
						"2.5417": {
							"post": [-0.88281, 0, -0.87812],
							"lerp_mode": "catmullrom"
						},
						"4.0833": {
							"post": [0.42, -1.2, -0.58],
							"lerp_mode": "catmullrom"
						},
						"4.25": {
							"post": [2, -0.5, 0.3],
							"lerp_mode": "catmullrom"
						},
						"4.4167": {
							"post": [-0.68281, 0, -0.07812],
							"lerp_mode": "catmullrom"
						},
						"4.625": {
							"post": [0.8, -1.1, 0.7],
							"lerp_mode": "catmullrom"
						},
						"4.9167": {
							"post": [-1, 0, 0],
							"lerp_mode": "catmullrom"
						},
						"5.0833": {
							"post": [-1, 0, 0],
							"lerp_mode": "catmullrom"
						},
						"5.2083": {
							"post": [-0.31719, -0.19531, 0.64063],
							"lerp_mode": "catmullrom"
						},
						"5.3333": {
							"post": [-1, 0.10156, -0.19531],
							"lerp_mode": "catmullrom"
						},
						"5.625": {
							"post": [0, 0, 0],
							"lerp_mode": "catmullrom"
						}
					}
				},
				"right": {
					"rotation": {
						"2.3333": {
							"pre": [0, 0, 0],
							"post": [0, 0, 0],
							"lerp_mode": "catmullrom"
						},
						"2.5417": {
							"post": [0.75026, 1.49987, 0.51964],
							"lerp_mode": "catmullrom"
						},
						"3.0417": {
							"post": [0.73056, 1.50956, -0.23056],
							"lerp_mode": "catmullrom"
						},
						"3.7083": {
							"post": [0.75026, 1.49987, 0.51964],
							"lerp_mode": "catmullrom"
						},
						"4.0833": {
							"post": [0, 0, 0],
							"lerp_mode": "catmullrom"
						}
					},
					"position": {
						"2.3333": {
							"pre": [0, 0, 0],
							"post": [0, 0, 0],
							"lerp_mode": "catmullrom"
						},
						"2.5417": {
							"post": [0.00395, 0.45307, -0.00593],
							"lerp_mode": "catmullrom"
						},
						"3.0417": {
							"post": [0.17181, 0.44844, -0.0145],
							"lerp_mode": "catmullrom"
						},
						"3.7083": {
							"post": [0.00395, 0.45307, -0.00593],
							"lerp_mode": "catmullrom"
						},
						"4.0833": {
							"post": [0, 0, 0],
							"lerp_mode": "catmullrom"
						}
					}
				}
			},
			"sound_effects": {
				"0.0": {
					"effect": "pgp:all/equip3"
				},
				"1.4167": {
					"effect": "pgp:all/equip2"
				},
				"2.4167": {
					"effect": "pgp:ak117/ak117_mag_out"
				},
				"4.3333": {
					"effect": "pgp:ak117/ak117_mag_in"
				},
				"5.0833": {
					"effect": "pgp:all/grab2"
				}
			}
		},
		"inspect_empty": {
			"loop": "hold_on_last_frame",
			"animation_length": 5.6667,
			"bones": {
				"root": {
					"rotation": {
						"0.0": {
							"post": [0, 0, 0],
							"lerp_mode": "catmullrom"
						},
						"0.125": {
							"post": [-10.61932, -4.1056, -13.76786],
							"lerp_mode": "catmullrom"
						},
						"0.2917": {
							"post": [-16.96615, -19.59475, -28.841],
							"lerp_mode": "catmullrom"
						},
						"0.4167": {
							"post": [-18.79391, -20.89471, -30.79757],
							"lerp_mode": "catmullrom"
						},
						"0.5417": {
							"post": [-18.27, -23.33, -35.24],
							"lerp_mode": "catmullrom"
						},
						"0.875": {
							"post": [-19.63266, -23.91069, -33.42433],
							"lerp_mode": "catmullrom"
						},
						"1.0417": {
							"post": [-18.50176, -24.9345, -31.42986],
							"lerp_mode": "catmullrom"
						},
						"1.25": {
							"post": [-18.0768, -21.70218, -24.45286],
							"lerp_mode": "catmullrom"
						},
						"1.375": {
							"post": [-18.02781, -15.43937, -11.02124],
							"lerp_mode": "catmullrom"
						},
						"1.5417": {
							"post": [-18.2, -5.17937, 15.49],
							"lerp_mode": "catmullrom"
						},
						"1.625": {
							"post": [-18.7233, 2.30231, 31.88097],
							"lerp_mode": "catmullrom"
						},
						"1.75": {
							"post": [-20.34851, 8.59585, 49.07919],
							"lerp_mode": "catmullrom"
						},
						"1.9167": {
							"post": [-21.5329, 6.06863, 52.0498],
							"lerp_mode": "catmullrom"
						},
						"2.0833": {
							"post": [-23.86462, 13.23926, 47.44154],
							"lerp_mode": "catmullrom"
						},
						"2.1667": {
							"post": [-23.34059, 12.75155, 44.95785],
							"lerp_mode": "catmullrom"
						},
						"2.25": {
							"post": [-23.11418, 10.41941, 51.4352],
							"lerp_mode": "catmullrom"
						},
						"2.3333": {
							"post": [-23.56463, 12.76686, 44.4486],
							"lerp_mode": "catmullrom"
						},
						"2.4583": {
							"post": [-22.94111, 5.95209, 49.76818],
							"lerp_mode": "catmullrom"
						},
						"2.625": {
							"post": [-22.81, 6.0425, 48.64],
							"lerp_mode": "catmullrom"
						},
						"2.875": {
							"post": [-23.45198, 10.50376, 47.60291],
							"lerp_mode": "catmullrom"
						},
						"3.0417": {
							"post": [-23.80296, 10.38355, 45.85473],
							"lerp_mode": "catmullrom"
						},
						"3.2083": {
							"post": [-23.70183, 9.43978, 46.19268],
							"lerp_mode": "catmullrom"
						},
						"3.375": {
							"post": [-23.32724, 14.28313, 47.63928],
							"lerp_mode": "catmullrom"
						},
						"3.5417": {
							"post": [-22.84846, 15.07727, 49.49833],
							"lerp_mode": "catmullrom"
						},
						"3.7917": {
							"post": [-22.92233, 10.6205, 49.30603],
							"lerp_mode": "catmullrom"
						},
						"4.0417": {
							"post": [-20.00718, 12.86166, 55.25348],
							"lerp_mode": "catmullrom"
						},
						"4.1667": {
							"post": [-9.61875, 14.39822, 68.08401],
							"lerp_mode": "catmullrom"
						},
						"4.2917": {
							"post": [-15.55538, 14.8202, 66.1173],
							"lerp_mode": "catmullrom"
						},
						"4.3333": {
							"post": [-17.64334, 5.83447, 57.71754],
							"lerp_mode": "catmullrom"
						},
						"4.375": {
							"post": [-16.42044, 9.72904, 63.26022],
							"lerp_mode": "catmullrom"
						},
						"4.4583": {
							"post": [-16.7529, 13.41137, 52.47831],
							"lerp_mode": "catmullrom"
						},
						"4.5833": {
							"post": [-15.6875, 14.14063, 52.99251],
							"lerp_mode": "catmullrom"
						},
						"4.7917": {
							"post": [-13.42525, -0.52264, 39.14009],
							"lerp_mode": "catmullrom"
						},
						"5.0": {
							"post": [2.72, 0, 10.12],
							"lerp_mode": "catmullrom"
						},
						"5.1667": {
							"post": [0, 0, 0],
							"lerp_mode": "catmullrom"
						},
						"5.6667": {
							"post": [0, 0, 0],
							"lerp_mode": "catmullrom"
						}
					},
					"position": {
						"0.0": {
							"post": [0, 0, 0],
							"lerp_mode": "catmullrom"
						},
						"0.1667": {
							"post": [-0.05963, 2.44771, -3.9073],
							"lerp_mode": "catmullrom"
						},
						"0.3333": {
							"post": [-0.39086, 2.09428, -1.62802],
							"lerp_mode": "catmullrom"
						},
						"0.5": {
							"post": [-0.31457, 2.52286, -2.06599],
							"lerp_mode": "catmullrom"
						},
						"0.6667": {
							"post": [-0.40797, 2.53963, -2.02596],
							"lerp_mode": "catmullrom"
						},
						"0.9583": {
							"post": [-0.49588, 2.57168, -2.04509],
							"lerp_mode": "catmullrom"
						},
						"1.125": {
							"post": [-0.51, 2.56063, -2.1],
							"lerp_mode": "catmullrom"
						},
						"1.25": {
							"post": [0.04481, 2.24161, -2.06599],
							"lerp_mode": "catmullrom"
						},
						"1.4583": {
							"post": [1.18813, 1.55, -2.05],
							"lerp_mode": "catmullrom"
						},
						"1.625": {
							"post": [3.19986, 0.43809, -1.29151],
							"lerp_mode": "catmullrom"
						},
						"1.75": {
							"post": [3.7457, -0.38907, 0.24137],
							"lerp_mode": "catmullrom"
						},
						"1.875": {
							"post": [4.00791, -0.1122, -0.04733],
							"lerp_mode": "catmullrom"
						},
						"2.0833": {
							"post": [3.87207, -0.17734, -0.08871],
							"lerp_mode": "catmullrom"
						},
						"2.2083": {
							"post": [3.99686, -0.16726, -0.03198],
							"lerp_mode": "catmullrom"
						},
						"2.3333": {
							"post": [4.35923, 0.07899, 0.11143],
							"lerp_mode": "catmullrom"
						},
						"2.4583": {
							"post": [3.66735, -0.14672, -0.77416],
							"lerp_mode": "catmullrom"
						},
						"2.625": {
							"post": [3.78276, 0.10875, -0.19845],
							"lerp_mode": "catmullrom"
						},
						"2.8333": {
							"post": [3.81688, 0.05, -0.1],
							"lerp_mode": "catmullrom"
						},
						"3.1667": {
							"post": [3.88023, 0.00706, -0.07641],
							"lerp_mode": "catmullrom"
						},
						"3.3333": {
							"post": [3.95175, -0.19086, -0.13881],
							"lerp_mode": "catmullrom"
						},
						"3.5833": {
							"post": [3.89522, -0.02582, -0.06792],
							"lerp_mode": "catmullrom"
						},
						"3.875": {
							"post": [4.13204, -0.24889, -0.0909],
							"lerp_mode": "catmullrom"
						},
						"4.125": {
							"post": [4, 0, 0],
							"lerp_mode": "catmullrom"
						},
						"4.2083": {
							"post": [4.07969, 0.10156, 0.11719],
							"lerp_mode": "catmullrom"
						},
						"4.2917": {
							"post": [3.58713, -0.24772, -0.29395],
							"lerp_mode": "catmullrom"
						},
						"4.3333": {
							"post": [3.42206, -0.72386, -0.37075],
							"lerp_mode": "catmullrom"
						},
						"4.4167": {
							"post": [3.41133, -0.16899, -0.01231],
							"lerp_mode": "catmullrom"
						},
						"4.5833": {
							"post": [3.50938, 0, -0.32031],
							"lerp_mode": "catmullrom"
						},
						"5.0": {
							"post": [0.24, -0.85625, -2.81],
							"lerp_mode": "catmullrom"
						},
						"5.2083": {
							"post": [0.1, -0.20312, 0.7],
							"lerp_mode": "catmullrom"
						},
						"5.375": {
							"post": [0, 0.04688, 0],
							"lerp_mode": "catmullrom"
						},
						"5.6667": {
							"post": [0, 0, 0],
							"lerp_mode": "catmullrom"
						}
					}
				},
				"left": {
					"rotation": {
						"0.0": [0, 0, 0],
						"2.4583": [0, 0, 0],
						"2.5833": {
							"pre": [0, 0, -0.61562],
							"post": [0, 0, -0.61562],
							"lerp_mode": "catmullrom"
						},
						"2.7083": {
							"post": [2.26603, 1.05627, -8.24161],
							"lerp_mode": "catmullrom"
						},
						"2.9583": {
							"post": [2.23231, 0.12572, -10.02954],
							"lerp_mode": "catmullrom"
						},
						"3.25": {
							"post": [2.16371, -9.18835, -25.45559],
							"lerp_mode": "catmullrom"
						},
						"3.4167": {
							"post": [25.93531, -20.07949, -64.71395],
							"lerp_mode": "catmullrom"
						},
						"3.875": {
							"post": [25.93531, -20.07949, -64.71395],
							"lerp_mode": "catmullrom"
						},
						"4.0833": [5.16537, -11.13525, 6.30672],
						"4.2083": [2.26603, 1.05627, -8.24161],
						"4.3333": {
							"pre": [0, 0, 5.4],
							"post": [0, 0, 5.4],
							"lerp_mode": "catmullrom"
						},
						"4.4583": {
							"post": [0, 0, 0],
							"lerp_mode": "catmullrom"
						}
					},
					"position": {
						"0.0": [0, 0, 0],
						"2.4583": [0, 0, 0],
						"2.625": {
							"pre": [-3.07982, -1.63721, -5.3749],
							"post": [-3.07982, -1.63721, -5.3749],
							"lerp_mode": "catmullrom"
						},
						"2.7917": {
							"post": [-3.72146, 0.65649, -7.82663],
							"lerp_mode": "catmullrom"
						},
						"3.0417": {
							"post": [-3.74458, 0.86959, -8.32259],
							"lerp_mode": "catmullrom"
						},
						"3.2083": {
							"post": [-4.16981, 0.49807, -8.34446],
							"lerp_mode": "catmullrom"
						},
						"3.375": {
							"post": [-6.79057, 0.66949, -8.14366],
							"lerp_mode": "catmullrom"
						},
						"3.7917": {
							"post": [-6.79057, 0.66949, -7.73741],
							"lerp_mode": "catmullrom"
						},
						"3.9583": {
							"post": [-3.1241, -0.83405, -6.4],
							"lerp_mode": "catmullrom"
						},
						"4.0833": {
							"post": [-0.24966, -1.58151, -0.11201],
							"lerp_mode": "catmullrom"
						},
						"4.2083": {
							"post": [0, 0, 0],
							"lerp_mode": "catmullrom"
						}
					}
				},
				"lefthand": {
					"rotation": {
						"0.0": {
							"post": [90, -10, 0],
							"lerp_mode": "catmullrom"
						},
						"1.5417": {
							"post": [90, -10, 0],
							"lerp_mode": "catmullrom"
						},
						"1.875": {
							"post": [90, -10, 0],
							"lerp_mode": "catmullrom"
						},
						"2.1667": {
							"post": [82.5, -10, 0],
							"lerp_mode": "catmullrom"
						},
						"4.625": {
							"post": [67.5, -10, 0],
							"lerp_mode": "catmullrom"
						},
						"4.9167": {
							"post": [90, -10, 0],
							"lerp_mode": "catmullrom"
						}
					},
					"position": {
						"0.0": {
							"post": [4.68124, -13.1, -7.07163],
							"lerp_mode": "catmullrom"
						},
						"1.5417": {
							"post": [4.68124, -13.1, -7.07163],
							"lerp_mode": "catmullrom"
						},
						"1.875": {
							"post": [5, -14.1, -6],
							"lerp_mode": "catmullrom"
						},
						"2.0": {
							"post": [3.34, -14.87, -2.17],
							"lerp_mode": "catmullrom"
						},
						"2.0833": {
							"post": [6.0875, -15.41, 0.54],
							"lerp_mode": "catmullrom"
						},
						"2.2083": {
							"post": [5, -16.1, 3],
							"lerp_mode": "catmullrom"
						},
						"4.5833": {
							"post": [5, -16.1, 3],
							"lerp_mode": "catmullrom"
						},
						"4.7083": {
							"post": [2.9, -15.41, 0.54],
							"lerp_mode": "catmullrom"
						},
						"4.7917": {
							"post": [3.34, -14.87, -2.17],
							"lerp_mode": "catmullrom"
						},
						"4.9167": {
							"post": [4.68124, -13.1, -7.07163],
							"lerp_mode": "catmullrom"
						}
					},
					"scale": [1, 1.5, 1]
				},
				"righthand": {
					"rotation": {
						"0.0": {
							"post": [104.51412, 18.52942, 57.9506],
							"lerp_mode": "catmullrom"
						},
						"0.2917": {
							"post": [110.85396, 10.81227, 82.56601],
							"lerp_mode": "catmullrom"
						},
						"1.2917": {
							"post": [110.85396, 10.81227, 82.56601],
							"lerp_mode": "catmullrom"
						},
						"1.625": {
							"post": [104.51412, 18.52942, 57.9506],
							"lerp_mode": "catmullrom"
						}
					},
					"position": {
						"0.0": {
							"post": [-4, -13, -17],
							"lerp_mode": "catmullrom"
						},
						"0.2083": {
							"post": [-1.99087, -15.3633, -1.55198],
							"lerp_mode": "catmullrom"
						},
						"0.375": {
							"post": [-4.55862, -16.5479, 2.34473],
							"lerp_mode": "catmullrom"
						},
						"1.2083": {
							"post": [-4.55862, -16.5479, 2.34473],
							"lerp_mode": "catmullrom"
						},
						"1.375": {
							"post": [-1.99087, -15.3633, -1.55198],
							"lerp_mode": "catmullrom"
						},
						"1.625": {
							"post": [-4, -13, -17],
							"lerp_mode": "catmullrom"
						}
					},
					"scale": {
						"0.0": {
							"post": [1, 1.5, 1],
							"lerp_mode": "catmullrom"
						}
					}
				},
				"camera": {
					"rotation": {
						"0.0": {
							"post": [0, 0, 0],
							"lerp_mode": "catmullrom"
						},
						"0.3333": {
							"post": [-9, 0, 0],
							"lerp_mode": "catmullrom"
						},
						"0.5417": {
							"post": [-9, 0, 0],
							"lerp_mode": "catmullrom"
						},
						"1.4167": {
							"post": [-6.8, 0, 0],
							"lerp_mode": "catmullrom"
						},
						"1.5833": {
							"post": [-4.4, 0, -0.8],
							"lerp_mode": "catmullrom"
						},
						"1.75": {
							"post": [0.5, 0, 0.2],
							"lerp_mode": "catmullrom"
						},
						"1.9167": {
							"post": [0, 0, 0],
							"lerp_mode": "catmullrom"
						},
						"2.0417": {
							"post": [-0.1, 0, -0.1],
							"lerp_mode": "catmullrom"
						},
						"2.25": {
							"post": [-2.2, 0.5, -1.8],
							"lerp_mode": "catmullrom"
						},
						"2.375": {
							"post": [0.4, -0.5, -0.5],
							"lerp_mode": "catmullrom"
						},
						"2.5417": {
							"post": [-0.88281, 0, -0.87812],
							"lerp_mode": "catmullrom"
						},
						"4.0833": {
							"post": [0.42, -1.2, -0.58],
							"lerp_mode": "catmullrom"
						},
						"4.25": {
							"post": [2, -0.5, 0.3],
							"lerp_mode": "catmullrom"
						},
						"4.4167": {
							"post": [-0.68281, 0, -0.07812],
							"lerp_mode": "catmullrom"
						},
						"4.625": {
							"post": [0.8, -1.1, 0.7],
							"lerp_mode": "catmullrom"
						},
						"4.9167": {
							"post": [-1, 0, 0],
							"lerp_mode": "catmullrom"
						},
						"5.0833": {
							"post": [-1, 0, 0],
							"lerp_mode": "catmullrom"
						},
						"5.2083": {
							"post": [-0.31719, -0.19531, 0.64063],
							"lerp_mode": "catmullrom"
						},
						"5.3333": {
							"post": [-1, 0.10156, -0.19531],
							"lerp_mode": "catmullrom"
						},
						"5.625": {
							"post": [0, 0, 0],
							"lerp_mode": "catmullrom"
						}
					}
				},
				"right": {
					"rotation": {
						"2.3333": {
							"pre": [0, 0, 0],
							"post": [0, 0, 0],
							"lerp_mode": "catmullrom"
						},
						"2.5417": {
							"post": [0.75026, 1.49987, 0.51964],
							"lerp_mode": "catmullrom"
						},
						"3.0417": {
							"post": [0.73056, 1.50956, -0.23056],
							"lerp_mode": "catmullrom"
						},
						"3.7083": {
							"post": [0.75026, 1.49987, 0.51964],
							"lerp_mode": "catmullrom"
						},
						"4.0833": {
							"post": [0, 0, 0],
							"lerp_mode": "catmullrom"
						}
					},
					"position": {
						"2.3333": {
							"pre": [0, 0, 0],
							"post": [0, 0, 0],
							"lerp_mode": "catmullrom"
						},
						"2.5417": {
							"post": [0.00395, 0.45307, -0.00593],
							"lerp_mode": "catmullrom"
						},
						"3.0417": {
							"post": [0.17181, 0.44844, -0.0145],
							"lerp_mode": "catmullrom"
						},
						"3.7083": {
							"post": [0.00395, 0.45307, -0.00593],
							"lerp_mode": "catmullrom"
						},
						"4.0833": {
							"post": [0, 0, 0],
							"lerp_mode": "catmullrom"
						}
					}
				}
			},
			"sound_effects": {
				"0.0": {
					"effect": "pgp:all/equip3"
				},
				"1.4167": {
					"effect": "pgp:all/equip2"
				},
				"2.4167": {
					"effect": "pgp:ak117/ak117_mag_out"
				},
				"4.3333": {
					"effect": "pgp:ak117/ak117_mag_in"
				},
				"5.0833": {
					"effect": "pgp:all/grab2"
				}
			}
		},
		"shoot": {
			"loop": "hold_on_last_frame",
			"animation_length": 1,
			"bones": {
				"1": {
					"position": {
						"0.0": {
							"post": [0, 0, 0],
							"lerp_mode": "catmullrom"
						},
						"0.05": {
							"post": [0, 0, 2],
							"lerp_mode": "catmullrom"
						},
						"0.1": {
							"post": [0, 0, 0],
							"lerp_mode": "catmullrom"
						}
					}
				},
				"root": {
					"rotation": {
						"0.0": {
							"post": [0, 0, 0],
							"lerp_mode": "catmullrom"
						},
						"0.05": {
							"post": [-0.6, 0.40625, 0.5],
							"lerp_mode": "catmullrom"
						},
						"0.1": {
							"post": [0.2, -0.25938, -0.3],
							"lerp_mode": "catmullrom"
						},
						"0.2": {
							"post": [-0.1, 0.2, 0.2],
							"lerp_mode": "catmullrom"
						},
						"0.35": {
							"post": [0.06688, -0.2, -0.06312],
							"lerp_mode": "catmullrom"
						},
						"0.5": {
							"post": [0, 0, 0],
							"lerp_mode": "catmullrom"
						}
					},
					"position": {
						"0.0": {
							"post": [0, 0, 0],
							"lerp_mode": "catmullrom"
						},
						"0.05": {
							"post": [0, -0.1, 1.2],
							"lerp_mode": "catmullrom"
						},
						"0.15": {
							"post": [-0.13281, 0.06406, -0.4],
							"lerp_mode": "catmullrom"
						},
						"0.25": {
							"post": [-0.03906, -0.05, 0.09032],
							"lerp_mode": "catmullrom"
						},
						"0.4": {
							"post": [0, 0, -0.06093],
							"lerp_mode": "catmullrom"
						},
						"0.55": {
							"post": [0, 0.0625, 0.04531],
							"lerp_mode": "catmullrom"
						},
						"0.75": {
							"post": [0, 0, 0],
							"lerp_mode": "catmullrom"
						}
					}
				},
				"lightning1": {
					"rotation": {
						"0.1": [0, 0, 0],
						"0.15": [0, 180, 0],
						"0.4": [0, 180, 0],
						"0.45": [0, 0, 0]
					},
					"position": {
						"0.1": [0, 0, 0],
						"0.6": [0, 0, -15]
					},
					"scale": {
						"0.1": [1, 1, 1],
						"0.15": [100, 100, 100],
						"0.4": [100, 100, 100],
						"0.45": [1, 1, 1],
						"0.55": [100, 100, 100],
						"0.6": [1, 1, 1]
					}
				},
				"lightning3": {
					"rotation": {
						"0.25": [0, 0, 0],
						"0.3": [0, 180, 0],
						"0.5": [0, 180, 0],
						"0.6": [0, 0, 0]
					},
					"position": {
						"0.25": [0, 0, -9],
						"0.75": [0, 0, -18]
					},
					"scale": {
						"0.25": [1, 1, 1],
						"0.3": [100, 100, 100],
						"0.55": [100, 100, 100],
						"0.6": [1, 1, 1],
						"0.7": [100, 100, 100],
						"0.75": [1, 1, 1]
					}
				},
				"lightning2": {
					"rotation": {
						"0.15": [0, 0, 0],
						"0.25": [0, 180, 0],
						"0.3": [0, 180, 0],
						"0.4": [0, 0, 0],
						"0.45": [0, 0, 0],
						"0.5": [0, 180, 0],
						"0.6": [0, 180, 0],
						"0.65": [0, 0, 0]
					},
					"scale": {
						"0.15": [1, 1, 1],
						"0.2": [3.2, 3.2, 1],
						"0.45": [3.2, 3.2, 1],
						"0.5": [1, 1, 1],
						"0.6": [3.2, 3.2, 1],
						"0.65": [1, 1, 1]
					}
				},
				"lightning4": {
					"rotation": {
						"0.3": [0, 0, 0],
						"0.4": [0, 180, 0],
						"0.45": [0, 180, 0],
						"0.5": [0, 0, 0],
						"0.6": [0, 0, 0],
						"0.65": [0, 180, 0],
						"0.75": [0, 180, 0],
						"0.8": [0, 0, 0]
					},
					"scale": {
						"0.3": [1, 1, 1],
						"0.35": [3.2, 3.2, 1],
						"0.6": [3.2, 3.2, 1],
						"0.65": [1, 1, 1],
						"0.75": [3.2, 3.2, 1],
						"0.8": [1, 1, 1]
					}
				},
				"lightning6": {
					"rotation": {
						"0.45": [0, 0, 0],
						"0.5": [0, 180, 0],
						"0.6": [0, 180, 0],
						"0.65": [0, 0, 0],
						"0.75": [0, 0, 0],
						"0.8": [0, 180, 0],
						"0.85": [0, 180, 0],
						"0.95": [0, 0, 0]
					},
					"scale": {
						"0.45": [1, 1, 1],
						"0.5": [3.2, 3.2, 1],
						"0.75": [3.2, 3.2, 1],
						"0.8": [1, 1, 1],
						"0.9": [3.2, 3.2, 1],
						"0.95": [1, 1, 1]
					}
				},
				"constraint": {
					"rotation": {
						"0.0": [0.2, 0.3, 0.3],
						"0.2": [0, 0, 0]
					},
					"position": {
						"0.0": [0.2, 0.2, 0.8],
						"0.2": [0, 0, 0]
					}
				},
				"camera": {
					"rotation": {
						"0.0": {
							"post": [0, 0, 0],
							"lerp_mode": "catmullrom"
						},
						"0.05": {
							"post": [0, 0, 1],
							"lerp_mode": "catmullrom"
						},
						"0.1": {
							"post": [0, 0, -0.7],
							"lerp_mode": "catmullrom"
						},
						"0.2": {
							"post": [0, 0, 0.3],
							"lerp_mode": "catmullrom"
						},
						"0.3": {
							"post": [0, 0, -0.2],
							"lerp_mode": "catmullrom"
						},
						"0.4": {
							"post": [0, 0, 0.1],
							"lerp_mode": "catmullrom"
						},
						"0.5": {
							"post": [0, 0, -0.1],
							"lerp_mode": "catmullrom"
						},
						"0.6": {
							"post": [0, 0, 0],
							"lerp_mode": "catmullrom"
						}
					}
				}
			}
		},
		"draw": {
			"loop": "hold_on_last_frame",
			"animation_length": 1.2048,
			"bones": {
				"root": {
					"rotation": {
						"0.0": {
							"post": [-103.12, 0, 0],
							"lerp_mode": "catmullrom"
						},
						"0.1": {
							"post": [-91.33, -14.34, -0.55],
							"lerp_mode": "catmullrom"
						},
						"0.25": {
							"post": [-76.6, -14.49, -2.98],
							"lerp_mode": "catmullrom"
						},
						"0.35": {
							"post": [-49.98, -8.63, -1.82],
							"lerp_mode": "catmullrom"
						},
						"0.6": {
							"post": [0, 0, 7.5],
							"lerp_mode": "catmullrom"
						},
						"0.7": {
							"post": [3.30992, 0.49018, -1.87167],
							"lerp_mode": "catmullrom"
						},
						"0.85": {
							"post": [0.98628, -0.20008, 1.69645],
							"lerp_mode": "catmullrom"
						},
						"0.95": {
							"post": [0, 0, -0.4],
							"lerp_mode": "catmullrom"
						},
						"1.1": [0, 0, 0]
					},
					"position": {
						"0.0": {
							"post": [-9, -36, 2],
							"lerp_mode": "catmullrom"
						},
						"0.1": {
							"post": [-5.01, -17.52, -3.2],
							"lerp_mode": "catmullrom"
						},
						"0.25": {
							"post": [-2.9, -7.18, -3.99],
							"lerp_mode": "catmullrom"
						},
						"0.4": {
							"post": [-0.25, -2.46, -2.03],
							"lerp_mode": "catmullrom"
						},
						"0.6": {
							"post": [0, -0.6, 0.3],
							"lerp_mode": "catmullrom"
						},
						"0.7": {
							"post": [0, 0.03, 0.4],
							"lerp_mode": "catmullrom"
						},
						"0.85": {
							"post": [0, 0, -0.2],
							"lerp_mode": "catmullrom"
						},
						"0.95": {
							"post": [0, -0.1, -0.18],
							"lerp_mode": "catmullrom"
						},
						"1.15": [0, 0, 0]
					}
				},
				"righthand": {
					"rotation": {
						"0.0": {
							"post": [104.51412, 18.52942, 57.9506],
							"lerp_mode": "catmullrom"
						}
					},
					"position": {
						"0.0": {
							"post": [-4, -13, -17],
							"lerp_mode": "catmullrom"
						}
					},
					"scale": {
						"0.0": {
							"post": [1, 1.5, 1],
							"lerp_mode": "catmullrom"
						}
					}
				},
				"mag_extended_2": {
					"rotation": [0, 0, 0],
					"position": [0, 0, 0]
				},
				"mag_extended_3": {
					"rotation": [0, 0, 0],
					"position": [0, 0, 0]
				},
				"mag_extended_1": {
					"rotation": [0, 0, 0],
					"position": [0, 0, 0]
				},
				"mag_and_bullet": {
					"rotation": [0, 0, 0],
					"position": [0, 0, 0]
				},
				"lefthand": {
					"rotation": {
						"0.0": {
							"post": [90, -10, 0],
							"lerp_mode": "catmullrom"
						}
					},
					"position": {
						"0.0": {
							"post": [4.68124, -13.1, -7.07163],
							"lerp_mode": "catmullrom"
						}
					},
					"scale": [1, 1.5, 1]
				},
				"camera": {
					"rotation": {
						"0.0": {
							"post": [0, 0, 0],
							"lerp_mode": "catmullrom"
						},
						"0.1": {
							"post": [-0.3425, 0.59375, 0],
							"lerp_mode": "catmullrom"
						},
						"0.25": {
							"post": [-0.4325, 0.38125, -0.5625],
							"lerp_mode": "catmullrom"
						},
						"0.35": {
							"post": [0.0775, 0, -0.21875],
							"lerp_mode": "catmullrom"
						},
						"0.55": {
							"post": [0.95, -0.25, -0.5625],
							"lerp_mode": "catmullrom"
						},
						"0.8": {
							"post": [-0.05, -0.2575, -0.3125],
							"lerp_mode": "catmullrom"
						},
						"0.95": {
							"post": [-0.2525, 0.4375, 0.25],
							"lerp_mode": "catmullrom"
						},
						"1.15": {
							"post": [0, 0, 0],
							"lerp_mode": "catmullrom"
						}
					}
				}
			},
			"sound_effects": {
				"0.0": {
					"effect": "pgp:all/draw2"
				}
			}
		},
		"reload_tactical": {
			"loop": "hold_on_last_frame",
			"animation_length": 3.875,
			"bones": {
				"root": {
					"rotation": {
						"0.0": {
							"post": [0, 0, 0],
							"lerp_mode": "catmullrom"
						},
						"0.1667": {
							"post": [4.61835, -0.09509, 7.69561],
							"lerp_mode": "catmullrom"
						},
						"0.3333": {
							"post": [-10.33716, -3.07885, 25.69278],
							"lerp_mode": "catmullrom"
						},
						"0.4583": {
							"post": [-25.23332, -5.5874, 45.52107],
							"lerp_mode": "catmullrom"
						},
						"0.5833": {
							"post": [-29.5329, -9.93137, 65.81542],
							"lerp_mode": "catmullrom"
						},
						"0.7083": {
							"post": [-35.44478, -9.19486, 61.9967],
							"lerp_mode": "catmullrom"
						},
						"0.8333": {
							"post": [-31.86462, -4.19824, 58.44154],
							"lerp_mode": "catmullrom"
						},
						"0.9167": {
							"post": [-30.81, -6.77, 59.64],
							"lerp_mode": "catmullrom"
						},
						"0.9583": {
							"post": [-33.28211, -6.83856, 59.15483],
							"lerp_mode": "catmullrom"
						},
						"1.0": {
							"post": [-31.35958, -2.60491, 62.02421],
							"lerp_mode": "catmullrom"
						},
						"1.0833": {
							"post": [-28.49157, -3.3167, 58.81467],
							"lerp_mode": "catmullrom"
						},
						"1.2083": {
							"post": [-25.74554, -3.24366, 65.51711],
							"lerp_mode": "catmullrom"
						},
						"1.3333": {
							"post": [-26.7674, -2.75189, 69.39596],
							"lerp_mode": "catmullrom"
						},
						"1.4167": {
							"post": [-30.5574, -4.26678, 63.42878],
							"lerp_mode": "catmullrom"
						},
						"1.4583": {
							"post": [-29.89781, -4.05011, 63.51952],
							"lerp_mode": "catmullrom"
						},
						"1.5417": {
							"post": [-28.41278, -5.68762, 64.78679],
							"lerp_mode": "catmullrom"
						},
						"1.6667": {
							"post": [-27.91187, -6.89, 59.00031],
							"lerp_mode": "catmullrom"
						},
						"1.875": {
							"post": [-29.03772, -8.24188, 50.09392],
							"lerp_mode": "catmullrom"
						},
						"2.0": {
							"post": [-30.15662, -9.07763, 53.08414],
							"lerp_mode": "catmullrom"
						},
						"2.2083": {
							"post": [-30.46113, -5.09965, 69.80088],
							"lerp_mode": "catmullrom"
						},
						"2.3333": {
							"post": [-30.62128, 0.00873, 77.33323],
							"lerp_mode": "catmullrom"
						},
						"2.4167": {
							"post": [-32.04267, 0.88952, 77.43713],
							"lerp_mode": "catmullrom"
						},
						"2.4583": {
							"post": [-31.63076, 0.18148, 73.56815],
							"lerp_mode": "catmullrom"
						},
						"2.5833": {
							"post": [-33.1, 0, 73.67375],
							"lerp_mode": "catmullrom"
						},
						"2.6667": {
							"post": [-30.22937, -0.51625, 73.79188],
							"lerp_mode": "catmullrom"
						},
						"2.7083": {
							"post": [-33.12402, 1.22105, 68.09713],
							"lerp_mode": "catmullrom"
						},
						"2.75": {
							"post": [-30.55643, -2.53243, 62.30228],
							"lerp_mode": "catmullrom"
						},
						"2.7917": {
							"post": [-19.77656, 5.11093, 69.56718],
							"lerp_mode": "catmullrom"
						},
						"2.9167": {
							"post": [-27.33437, 0, 69.70501],
							"lerp_mode": "catmullrom"
						},
						"3.0833": {
							"post": [-24.44375, -13.5625, 55.68938],
							"lerp_mode": "catmullrom"
						},
						"3.2917": {
							"post": [-10.33861, -16.15347, 23.35008],
							"lerp_mode": "catmullrom"
						},
						"3.5": {
							"post": [2.72, 0, 5.41688],
							"lerp_mode": "catmullrom"
						},
						"3.6667": {
							"post": [0, 0, 0],
							"lerp_mode": "catmullrom"
						},
						"3.875": {
							"post": [0, 0, 0],
							"lerp_mode": "catmullrom"
						}
					},
					"position": {
						"0.0": {
							"post": [0, 0, 0],
							"lerp_mode": "catmullrom"
						},
						"0.2083": {
							"post": [2.25444, -2.47537, -8.69209],
							"lerp_mode": "catmullrom"
						},
						"0.3333": {
							"post": [5.19518, -0.36011, -6.07786],
							"lerp_mode": "catmullrom"
						},
						"0.4583": {
							"post": [7.9957, 0.98593, -2.53988],
							"lerp_mode": "catmullrom"
						},
						"0.5833": {
							"post": [8.25791, 1.2628, -3.35983],
							"lerp_mode": "catmullrom"
						},
						"0.8333": {
							"post": [8.12207, 1.19766, -3.40121],
							"lerp_mode": "catmullrom"
						},
						"0.9167": {
							"post": [8.03276, 1.48375, -3.51095],
							"lerp_mode": "catmullrom"
						},
						"0.9583": {
							"post": [7.80356, 1.31506, -3.59046],
							"lerp_mode": "catmullrom"
						},
						"1.0": {
							"post": [8.90067, 2.16914, -3.92636],
							"lerp_mode": "catmullrom"
						},
						"1.0833": {
							"post": [8.49163, 1.96523, -3.87297],
							"lerp_mode": "catmullrom"
						},
						"1.125": {
							"post": [8.53879, 1.80769, -3.73159],
							"lerp_mode": "catmullrom"
						},
						"1.2917": {
							"post": [7.75709, 1.55936, -3.45367],
							"lerp_mode": "catmullrom"
						},
						"1.4167": {
							"post": [8.38541, 0.86312, -3.25826],
							"lerp_mode": "catmullrom"
						},
						"1.5417": {
							"post": [8.76384, 0.49781, -3.14273],
							"lerp_mode": "catmullrom"
						},
						"1.7083": {
							"post": [8.80752, 0.36428, -3.14103],
							"lerp_mode": "catmullrom"
						},
						"1.875": {
							"post": [8.64234, 0.41574, -3.21009],
							"lerp_mode": "catmullrom"
						},
						"2.0833": {
							"post": [8.31275, 1.28785, -3.21736],
							"lerp_mode": "catmullrom"
						},
						"2.375": {
							"post": [8.04688, 2.0625, -3.3125],
							"lerp_mode": "catmullrom"
						},
						"2.5": {
							"post": [8.20313, 2.0625, -3.35156],
							"lerp_mode": "catmullrom"
						},
						"2.625": {
							"post": [8.25, 2.0625, -3.3125],
							"lerp_mode": "catmullrom"
						},
						"2.7083": {
							"post": [8.32969, 2.16406, -3.19531],
							"lerp_mode": "catmullrom"
						},
						"2.75": {
							"post": [8.62879, 2.28392, -3.10811],
							"lerp_mode": "catmullrom"
						},
						"2.8333": {
							"post": [7.73713, 1.71478, -3.80645],
							"lerp_mode": "catmullrom"
						},
						"2.9167": {
							"post": [8.46126, 2.46226, -3.0084],
							"lerp_mode": "catmullrom"
						},
						"3.0833": {
							"post": [6.47878, 0.7672, -4.17997],
							"lerp_mode": "catmullrom"
						},
						"3.5": {
							"post": [0.24, -0.85625, -2.81],
							"lerp_mode": "catmullrom"
						},
						"3.7083": {
							"post": [0.1, -0.20312, 0.7],
							"lerp_mode": "catmullrom"
						},
						"3.875": {
							"post": [0, 0, 0],
							"lerp_mode": "catmullrom"
						}
					}
				},
				"left": {
					"rotation": {
						"0.0": {
							"post": [0, 0, 0],
							"lerp_mode": "catmullrom"
						},
						"0.6667": {
							"post": [0, 0, 0],
							"lerp_mode": "catmullrom"
						},
						"0.8333": [-10.1, 0, 0],
						"0.875": [-4.7, 0, 0],
						"1.0": [-6.63, 0, 0],
						"1.125": [-31.72451, 1.26309, 15.46912],
						"1.25": [-49.43745, 2.30644, 27.41063],
						"1.375": [-33.57567, -1.85038, 19.83377],
						"2.0833": [-20.74293, 14.10723, 73.97324],
						"2.2917": [-5, 0, 0],
						"2.4167": [-3.23, 0, 0],
						"2.5417": [-6.2, 0, 0],
						"2.5833": [-2.1, 0, 0],
						"2.75": {
							"pre": [0, 0, 0],
							"post": [0, 0, 0],
							"lerp_mode": "catmullrom"
						}
					},
					"position": {
						"0.0": {
							"post": [0, 0, 0],
							"lerp_mode": "catmullrom"
						},
						"0.6667": [0, 0, 0],
						"0.9583": [0, 0, 0],
						"1.0833": {
							"pre": [-1.54687, -4.73, 0.57],
							"post": [-1.54687, -4.73, 0.57],
							"lerp_mode": "catmullrom"
						},
						"1.2083": [-5.75, -2.03655, 4.57299],
						"1.3333": [-6.1, -2.78312, 4.26],
						"1.4583": {
							"pre": [7.73008, -10.84673, 5.78286],
							"post": [7.73008, -10.84673, 5.78286],
							"lerp_mode": "catmullrom"
						},
						"2.0833": {
							"post": [7.73008, -10.92486, 5.78286],
							"lerp_mode": "catmullrom"
						},
						"2.25": {
							"post": [0.05515, -9.64537, 0.89483],
							"lerp_mode": "catmullrom"
						},
						"2.4583": [0, -0.79564, -0.08344],
						"2.6667": [0, -0.79564, -0.08344],
						"2.7917": [0, 0, 0]
					}
				},
				"lefthand": {
					"rotation": {
						"0.0": {
							"post": [90, -10, 0],
							"lerp_mode": "catmullrom"
						},
						"0.3333": {
							"post": [90, -10, 0],
							"lerp_mode": "catmullrom"
						},
						"0.625": {
							"post": [67.5, -10, 0],
							"lerp_mode": "catmullrom"
						},
						"3.0417": {
							"post": [67.5, -10, 0],
							"lerp_mode": "catmullrom"
						},
						"3.3333": {
							"post": [90, -10, 0],
							"lerp_mode": "catmullrom"
						}
					},
					"position": {
						"0.0": {
							"post": [4.68124, -13.1, -7.07163],
							"lerp_mode": "catmullrom"
						},
						"0.3333": {
							"post": [5, -14.1, -6],
							"lerp_mode": "catmullrom"
						},
						"0.4583": {
							"post": [3.34, -14.87, -2.17],
							"lerp_mode": "catmullrom"
						},
						"0.5417": {
							"post": [2.9, -15.41, 0.54],
							"lerp_mode": "catmullrom"
						},
						"0.6667": {
							"post": [5, -16.1, 3],
							"lerp_mode": "catmullrom"
						},
						"3.0": {
							"post": [5, -16.1, 3],
							"lerp_mode": "catmullrom"
						},
						"3.125": {
							"post": [2.9, -15.41, 0.54],
							"lerp_mode": "catmullrom"
						},
						"3.2083": {
							"post": [3.34, -14.87, -2.17],
							"lerp_mode": "catmullrom"
						},
						"3.3333": {
							"post": [4.68124, -13.1, -7.07163],
							"lerp_mode": "catmullrom"
						}
					},
					"scale": [1, 1.5, 1]
				},
				"mag_and_bullet": {
					"rotation": {
						"1.0": [0, 0, 0],
						"1.1667": [5.12076, 12.45167, 71.10693],
						"1.5833": [5.12076, 12.45167, 71.10693],
						"1.625": [0, 0, 0]
					},
					"position": {
						"1.0": [0, 0, 0],
						"1.1667": [1.55044, 0.56432, -0.14435],
						"1.5833": [1.55044, 0.56432, -0.14435],
						"1.625": [0, 0, 0]
					}
				},
				"righthand": {
					"rotation": {
						"0.0": {
							"post": [104.51412, 18.52942, 57.9506],
							"lerp_mode": "catmullrom"
						}
					},
					"position": {
						"0.0": {
							"post": [-4, -13, -17],
							"lerp_mode": "catmullrom"
						}
					},
					"scale": {
						"0.0": {
							"post": [1, 1.5, 1],
							"lerp_mode": "catmullrom"
						}
					}
				},
				"camera": {
					"rotation": {
						"0.0": {
							"post": [0, 0, 0],
							"lerp_mode": "catmullrom"
						},
						"0.2917": {
							"post": [3.4, -3.4, 1.5],
							"lerp_mode": "catmullrom"
						},
						"0.4583": {
							"post": [1.44375, -1.86719, -0.7],
							"lerp_mode": "catmullrom"
						},
						"0.5833": {
							"post": [2.2, -2.3, 0.2],
							"lerp_mode": "catmullrom"
						},
						"0.75": {
							"post": [2.2, -2.3, 0.2],
							"lerp_mode": "catmullrom"
						},
						"0.9583": {
							"post": [0.1, -0.7, -1.5],
							"lerp_mode": "catmullrom"
						},
						"1.0833": {
							"post": [2.7, -1.7, -0.2],
							"lerp_mode": "catmullrom"
						},
						"1.25": {
							"post": [1.41719, -1.2, -0.57812],
							"lerp_mode": "catmullrom"
						},
						"2.5417": {
							"post": [1.42, -1.2, -0.58],
							"lerp_mode": "catmullrom"
						},
						"2.7083": {
							"post": [3, -0.5, 0.3],
							"lerp_mode": "catmullrom"
						},
						"2.875": {
							"post": [0.31719, 0, -0.07812],
							"lerp_mode": "catmullrom"
						},
						"3.0833": {
							"post": [1.8, -1.1, 0.7],
							"lerp_mode": "catmullrom"
						},
						"3.375": {
							"post": [0, 0, 0],
							"lerp_mode": "catmullrom"
						},
						"3.5417": {
							"post": [0, 0, 0],
							"lerp_mode": "catmullrom"
						},
						"3.6667": {
							"post": [0.68281, -0.19531, 0.64063],
							"lerp_mode": "catmullrom"
						},
						"3.7917": {
							"post": [0, 0.10156, -0.19531],
							"lerp_mode": "catmullrom"
						},
						"4.0833": {
							"post": [0, 0, 0],
							"lerp_mode": "catmullrom"
						}
					}
				}
			},
			"sound_effects": {
				"0.0": {
					"effect": "pgp:all/equip3"
				},
				"0.6667": {
					"effect": "pgp:ak117/ak117_mag_out"
				},
				"1.2917": {
					"effect": "aug_inspect_raise"
				},
				"2.5": {
					"effect": "pgp:ak117/ak117_mag_in"
				},
				"3.375": {
					"effect": "pgp:all/grab3"
				}
			}
		},
		"reload_empty": {
			"loop": "hold_on_last_frame",
			"animation_length": 3.875,
			"bones": {
				"root": {
					"rotation": {
						"0.0": {
							"post": [0, 0, 0],
							"lerp_mode": "catmullrom"
						},
						"0.1667": {
							"post": [4.61835, -0.09509, 7.69561],
							"lerp_mode": "catmullrom"
						},
						"0.3333": {
							"post": [-10.33716, -3.07885, 25.69278],
							"lerp_mode": "catmullrom"
						},
						"0.4583": {
							"post": [-25.23332, -5.5874, 45.52107],
							"lerp_mode": "catmullrom"
						},
						"0.5833": {
							"post": [-29.5329, -9.93137, 65.81542],
							"lerp_mode": "catmullrom"
						},
						"0.7083": {
							"post": [-35.44478, -9.19486, 61.9967],
							"lerp_mode": "catmullrom"
						},
						"0.8333": {
							"post": [-31.86462, -4.19824, 58.44154],
							"lerp_mode": "catmullrom"
						},
						"0.9167": {
							"post": [-30.81, -6.77, 59.64],
							"lerp_mode": "catmullrom"
						},
						"0.9583": {
							"post": [-33.28211, -6.83856, 59.15483],
							"lerp_mode": "catmullrom"
						},
						"1.0": {
							"post": [-31.35958, -2.60491, 62.02421],
							"lerp_mode": "catmullrom"
						},
						"1.0833": {
							"post": [-28.49157, -3.3167, 58.81467],
							"lerp_mode": "catmullrom"
						},
						"1.2083": {
							"post": [-24.98002, -1.6676, 59.21875],
							"lerp_mode": "catmullrom"
						},
						"1.4167": {
							"post": [-30.5574, -4.26678, 63.42878],
							"lerp_mode": "catmullrom"
						},
						"1.5417": {
							"post": [-28.41278, -5.68762, 64.78679],
							"lerp_mode": "catmullrom"
						},
						"1.6667": {
							"post": [-27.91187, -6.89, 59.00031],
							"lerp_mode": "catmullrom"
						},
						"1.875": {
							"post": [-29.03772, -8.24188, 50.09392],
							"lerp_mode": "catmullrom"
						},
						"2.0": {
							"post": [-30.15662, -9.07763, 53.08414],
							"lerp_mode": "catmullrom"
						},
						"2.2083": {
							"post": [-30.46113, -5.09965, 69.80088],
							"lerp_mode": "catmullrom"
						},
						"2.3333": {
							"post": [-30.62128, 0.00873, 77.33323],
							"lerp_mode": "catmullrom"
						},
						"2.4167": {
							"post": [-32.04267, 0.88952, 77.43713],
							"lerp_mode": "catmullrom"
						},
						"2.4583": {
							"post": [-31.63076, 0.18148, 73.56815],
							"lerp_mode": "catmullrom"
						},
						"2.5833": {
							"post": [-33.1, 0, 73.67375],
							"lerp_mode": "catmullrom"
						},
						"2.6667": {
							"post": [-30.22937, -0.51625, 73.79188],
							"lerp_mode": "catmullrom"
						},
						"2.7083": {
							"post": [-33.12402, 1.22105, 68.09713],
							"lerp_mode": "catmullrom"
						},
						"2.75": {
							"post": [-30.55643, -2.53243, 62.30228],
							"lerp_mode": "catmullrom"
						},
						"2.7917": {
							"post": [-19.77656, 5.11093, 69.56718],
							"lerp_mode": "catmullrom"
						},
						"2.9167": {
							"post": [-27.33437, 0, 69.70501],
							"lerp_mode": "catmullrom"
						},
						"3.0833": {
							"post": [-24.44375, -13.5625, 55.68938],
							"lerp_mode": "catmullrom"
						},
						"3.2917": {
							"post": [-10.33861, -16.15347, 23.35008],
							"lerp_mode": "catmullrom"
						},
						"3.5": {
							"post": [2.72, 0, 5.41688],
							"lerp_mode": "catmullrom"
						},
						"3.6667": {
							"post": [0, 0, 0],
							"lerp_mode": "catmullrom"
						},
						"3.875": {
							"post": [0, 0, 0],
							"lerp_mode": "catmullrom"
						}
					},
					"position": {
						"0.0": {
							"post": [0, 0, 0],
							"lerp_mode": "catmullrom"
						},
						"0.2083": {
							"post": [2.25444, -2.47537, -8.69209],
							"lerp_mode": "catmullrom"
						},
						"0.3333": {
							"post": [5.19518, -0.36011, -6.07786],
							"lerp_mode": "catmullrom"
						},
						"0.4583": {
							"post": [7.9957, 0.98593, -2.53988],
							"lerp_mode": "catmullrom"
						},
						"0.5833": {
							"post": [8.25791, 1.2628, -3.35983],
							"lerp_mode": "catmullrom"
						},
						"0.8333": {
							"post": [8.12207, 1.19766, -3.40121],
							"lerp_mode": "catmullrom"
						},
						"0.9167": {
							"post": [8.03276, 1.48375, -3.51095],
							"lerp_mode": "catmullrom"
						},
						"0.9583": {
							"post": [7.80356, 1.31506, -3.59046],
							"lerp_mode": "catmullrom"
						},
						"1.0": {
							"post": [8.90067, 2.16914, -3.92636],
							"lerp_mode": "catmullrom"
						},
						"1.0833": {
							"post": [8.49163, 1.96523, -3.87297],
							"lerp_mode": "catmullrom"
						},
						"1.2917": {
							"post": [8.63958, 1.19539, -3.37298],
							"lerp_mode": "catmullrom"
						},
						"1.5417": {
							"post": [8.76384, 0.49781, -3.14273],
							"lerp_mode": "catmullrom"
						},
						"1.7083": {
							"post": [8.80752, 0.36428, -3.14103],
							"lerp_mode": "catmullrom"
						},
						"1.875": {
							"post": [8.64234, 0.41574, -3.21009],
							"lerp_mode": "catmullrom"
						},
						"2.0833": {
							"post": [8.31275, 1.28785, -3.21736],
							"lerp_mode": "catmullrom"
						},
						"2.375": {
							"post": [8.04688, 2.0625, -3.3125],
							"lerp_mode": "catmullrom"
						},
						"2.5": {
							"post": [8.20313, 2.0625, -3.35156],
							"lerp_mode": "catmullrom"
						},
						"2.625": {
							"post": [8.25, 2.0625, -3.3125],
							"lerp_mode": "catmullrom"
						},
						"2.7083": {
							"post": [8.32969, 2.16406, -3.19531],
							"lerp_mode": "catmullrom"
						},
						"2.75": {
							"post": [8.62879, 2.28392, -3.10811],
							"lerp_mode": "catmullrom"
						},
						"2.8333": {
							"post": [7.73713, 1.71478, -3.80645],
							"lerp_mode": "catmullrom"
						},
						"2.9167": {
							"post": [8.46126, 2.46226, -3.0084],
							"lerp_mode": "catmullrom"
						},
						"3.0833": {
							"post": [6.47878, 0.7672, -4.17997],
							"lerp_mode": "catmullrom"
						},
						"3.5": {
							"post": [0.24, -0.85625, -2.81],
							"lerp_mode": "catmullrom"
						},
						"3.7083": {
							"post": [0.1, -0.20312, 0.7],
							"lerp_mode": "catmullrom"
						},
						"3.875": {
							"post": [0, 0, 0],
							"lerp_mode": "catmullrom"
						}
					}
				},
				"left": {
					"rotation": {
						"0.0": {
							"post": [0, 0, 0],
							"lerp_mode": "catmullrom"
						},
						"0.6667": {
							"post": [0, 0, 0],
							"lerp_mode": "catmullrom"
						},
						"0.8333": [-10.1, 0, 0],
						"0.875": [-4.7, 0, 0],
						"1.0": [-6.63, 0, 0],
						"1.125": [-8.20017, 36.1283, 57.84075],
						"1.25": [17.70444, 30.22806, 74.21959],
						"2.0833": [-20.74293, 14.10723, 73.97324],
						"2.2917": [-5, 0, 0],
						"2.4167": [-3.23, 0, 0],
						"2.5417": [-6.2, 0, 0],
						"2.5833": [-2.1, 0, 0],
						"2.75": {
							"pre": [0, 0, 0],
							"post": [0, 0, 0],
							"lerp_mode": "catmullrom"
						}
					},
					"position": {
						"0.0": {
							"post": [0, 0, 0],
							"lerp_mode": "catmullrom"
						},
						"0.6667": [0, 0, 0],
						"0.9583": [0, 0, 0],
						"1.0833": {
							"pre": [-1.54687, -4.73, 0.57],
							"post": [-1.54687, -4.73, 0.57],
							"lerp_mode": "catmullrom"
						},
						"1.25": {
							"post": [-2.89121, -6.903, 2.029],
							"lerp_mode": "catmullrom"
						},
						"1.4167": {
							"post": [0.93549, -8.9346, 4.82358],
							"lerp_mode": "catmullrom"
						},
						"2.0833": {
							"post": [7.73008, -10.92486, 5.78286],
							"lerp_mode": "catmullrom"
						},
						"2.25": {
							"post": [0.05515, -9.64537, 0.89483],
							"lerp_mode": "catmullrom"
						},
						"2.4583": [0, -0.79564, -0.08344],
						"2.6667": [0, -0.79564, -0.08344],
						"2.7917": [0, 0, 0]
					}
				},
				"lefthand": {
					"rotation": {
						"0.0": {
							"post": [90, -10, 0],
							"lerp_mode": "catmullrom"
						},
						"0.3333": {
							"post": [90, -10, 0],
							"lerp_mode": "catmullrom"
						},
						"0.625": {
							"post": [67.5, -10, 0],
							"lerp_mode": "catmullrom"
						},
						"0.875": {
							"post": [67.5, -10, 0],
							"lerp_mode": "catmullrom"
						},
						"1.0417": {
							"post": [84.8675, -10, 0],
							"lerp_mode": "catmullrom"
						},
						"1.125": [129.66306, -10, 0],
						"1.2083": [154.98751, -10, 0],
						"2.125": {
							"pre": [67.5, -10, 0],
							"post": [67.5, -10, 0],
							"lerp_mode": "catmullrom"
						},
						"3.0417": {
							"post": [67.5, -10, 0],
							"lerp_mode": "catmullrom"
						},
						"3.3333": {
							"post": [90, -10, 0],
							"lerp_mode": "catmullrom"
						}
					},
					"position": {
						"0.0": {
							"post": [4.68124, -13.1, -7.07163],
							"lerp_mode": "catmullrom"
						},
						"0.3333": {
							"post": [5, -14.1, -6],
							"lerp_mode": "catmullrom"
						},
						"0.4583": {
							"post": [3.34, -14.87, -2.17],
							"lerp_mode": "catmullrom"
						},
						"0.5417": {
							"post": [2.9, -15.41, 0.54],
							"lerp_mode": "catmullrom"
						},
						"0.6667": {
							"post": [5, -16.1, 3],
							"lerp_mode": "catmullrom"
						},
						"0.7917": {
							"post": [5, -16.1, 3],
							"lerp_mode": "catmullrom"
						},
						"1.0417": {
							"post": [4.9162, -16.18547, 3.54195],
							"lerp_mode": "catmullrom"
						},
						"1.125": [4.76224, -14.8469, 4.43469],
						"1.25": [4.92937, -12.33474, 3.53619],
						"2.0833": {
							"pre": [5, -16.1, 3],
							"post": [5, -16.1, 3],
							"lerp_mode": "catmullrom"
						},
						"3.0": {
							"post": [5, -16.1, 3],
							"lerp_mode": "catmullrom"
						},
						"3.125": {
							"post": [2.9, -15.41, 0.54],
							"lerp_mode": "catmullrom"
						},
						"3.2083": {
							"post": [3.34, -14.87, -2.17],
							"lerp_mode": "catmullrom"
						},
						"3.3333": {
							"post": [4.68124, -13.1, -7.07163],
							"lerp_mode": "catmullrom"
						}
					},
					"scale": [1, 1.5, 1]
				},
				"mag_and_bullet": {
					"rotation": {
						"1.0833": [0, 0, 0],
						"1.125": [50, 0, 0],
						"1.2083": [127.5, 0, 0],
						"1.2917": [175, 0, 0],
						"2.125": [175, 0, 0],
						"2.1667": [0, 0, 0]
					},
					"position": {
						"1.0833": [0, 0, 0],
						"1.125": [0, -2.82083, 0.5906],
						"1.2083": [3.57813, -5.49757, 2.64457],
						"1.2917": [3.58, -8.97282, 6.83767],
						"2.125": [3.58, -8.97282, 6.83767],
						"2.1667": [0, 0, 0]
					}
				},
				"righthand": {
					"rotation": {
						"0.0": {
							"post": [104.51412, 18.52942, 57.9506],
							"lerp_mode": "catmullrom"
						}
					},
					"position": {
						"0.0": {
							"post": [-4, -13, -17],
							"lerp_mode": "catmullrom"
						}
					},
					"scale": {
						"0.0": {
							"post": [1, 1.5, 1],
							"lerp_mode": "catmullrom"
						}
					}
				},
				"camera": {
					"rotation": {
						"0.0": {
							"post": [0, 0, 0],
							"lerp_mode": "catmullrom"
						},
						"0.2917": {
							"post": [3.4, -3.4, 1.5],
							"lerp_mode": "catmullrom"
						},
						"0.4583": {
							"post": [1.44375, -1.86719, -0.7],
							"lerp_mode": "catmullrom"
						},
						"0.5833": {
							"post": [2.2, -2.3, 0.2],
							"lerp_mode": "catmullrom"
						},
						"0.75": {
							"post": [2.2, -2.3, 0.2],
							"lerp_mode": "catmullrom"
						},
						"0.9583": {
							"post": [0.1, -0.7, -1.5],
							"lerp_mode": "catmullrom"
						},
						"1.0833": {
							"post": [2.7, -1.7, -0.2],
							"lerp_mode": "catmullrom"
						},
						"1.25": {
							"post": [1.41719, -1.2, -0.57812],
							"lerp_mode": "catmullrom"
						},
						"2.5417": {
							"post": [1.42, -1.2, -0.58],
							"lerp_mode": "catmullrom"
						},
						"2.7083": {
							"post": [3, -0.5, 0.3],
							"lerp_mode": "catmullrom"
						},
						"2.875": {
							"post": [0.31719, 0, -0.07812],
							"lerp_mode": "catmullrom"
						},
						"3.0833": {
							"post": [1.8, -1.1, 0.7],
							"lerp_mode": "catmullrom"
						},
						"3.375": {
							"post": [0, 0, 0],
							"lerp_mode": "catmullrom"
						},
						"3.5417": {
							"post": [0, 0, 0],
							"lerp_mode": "catmullrom"
						},
						"3.6667": {
							"post": [0.68281, -0.19531, 0.64063],
							"lerp_mode": "catmullrom"
						},
						"3.7917": {
							"post": [0, 0.10156, -0.19531],
							"lerp_mode": "catmullrom"
						},
						"4.0833": {
							"post": [0, 0, 0],
							"lerp_mode": "catmullrom"
						}
					}
				}
			},
			"sound_effects": {
				"0.0": {
					"effect": "pgp:all/equip3"
				},
				"0.6667": {
					"effect": "pgp:ak117/ak117_mag_out"
				},
				"1.2917": {
					"effect": "aug_inspect_raise"
				},
				"2.5": {
					"effect": "pgp:ak117/ak117_mag_in"
				},
				"3.375": {
					"effect": "pgp:all/grab3"
				}
			}
		},
		"put_away": {
			"loop": "hold_on_last_frame",
			"animation_length": 0.4167,
			"bones": {
				"root": {
					"rotation": {
						"0.0": {
							"post": [0, 0, 0],
							"lerp_mode": "catmullrom"
						},
						"0.0833": {
							"post": [-0.51171, -3.6801, -4.19401],
							"lerp_mode": "catmullrom"
						},
						"0.1667": {
							"post": [4.36882, -11.73179, -10.29382],
							"lerp_mode": "catmullrom"
						},
						"0.25": {
							"post": [16.99835, -17.70783, -19.61271],
							"lerp_mode": "catmullrom"
						},
						"0.3333": {
							"post": [22.5, -27.4, -9.02],
							"lerp_mode": "catmullrom"
						},
						"0.4167": {
							"post": [38.74, -37.82, -13.36],
							"lerp_mode": "catmullrom"
						}
					},
					"position": {
						"0.0": {
							"post": [0, 0, 0],
							"lerp_mode": "catmullrom"
						},
						"0.0833": {
							"post": [-0.45, -0.49, 0.28],
							"lerp_mode": "catmullrom"
						},
						"0.1667": {
							"post": [-0.67, -1.47, 0.34],
							"lerp_mode": "catmullrom"
						},
						"0.25": {
							"post": [-0.435, -3.245, 0.06],
							"lerp_mode": "catmullrom"
						},
						"0.3333": {
							"post": [0.22, -5.38, -0.15],
							"lerp_mode": "catmullrom"
						},
						"0.4167": {
							"post": [1.49, -9.585, -0.36],
							"lerp_mode": "catmullrom"
						}
					}
				},
				"lefthand": {
					"rotation": {
						"0.0": {
							"post": [90, -10, 0],
							"lerp_mode": "catmullrom"
						}
					},
					"position": {
						"0.0": {
							"post": [4.68124, -13.1, -7.07163],
							"lerp_mode": "catmullrom"
						}
					},
					"scale": [1, 1.5, 1]
				},
				"righthand_pos": {
					"scale": 1
				},
				"righthand": {
					"rotation": {
						"0.0": {
							"post": [104.51412, 18.52942, 57.9506],
							"lerp_mode": "catmullrom"
						}
					},
					"position": {
						"0.0": {
							"post": [-4, -13, -17],
							"lerp_mode": "catmullrom"
						}
					},
					"scale": {
						"0.0": {
							"post": [1, 1.5, 1],
							"lerp_mode": "catmullrom"
						}
					}
				},
				"constraint": {
					"rotation": [0.2, 0.2, 0.2],
					"position": [0.2, 0.2, 0.2]
				},
				"camera": {
					"rotation": {
						"0.0": {
							"post": [0, 0, 0],
							"lerp_mode": "catmullrom"
						},
						"0.0833": {
							"post": [0.3, 0, -0.125],
							"lerp_mode": "catmullrom"
						},
						"0.25": {
							"post": [0.64, 0, 0.3],
							"lerp_mode": "catmullrom"
						},
						"0.3333": {
							"post": [0.5, 0, 0.15],
							"lerp_mode": "catmullrom"
						},
						"0.4167": {
							"post": [0, 0, 0],
							"lerp_mode": "catmullrom"
						}
					}
				}
			},
			"sound_effects": {
				"0.0": {
					"effect": "aug_put_away"
				}
			}
		}
	}
}