{
	"format_version": "1.8.0",
	"animations": {
		"draw": {
			"animation_length": 1.2048,
			"bones": {
				"mag_extended_1": {
					"rotation": [0, 0, 0],
					"position": [0, 0, 0]
				},
				"mag_": {
					"rotation": [0, 0, 0],
					"position": [0, 0, 0]
				},
				"EM1_right": {
					"position": {
						"0.0": [0, 0, -4],
						"0.5": [0, 0, -4],
						"0.6": [0, 0, 0]
					}
				},
				"EM1_left": {
					"position": {
						"0.0": [0, 0, -4],
						"0.7": [0, 0, -4],
						"0.8": [0, 0, 0]
					}
				},
				"EM2_right": {
					"position": {
						"0.0": [0, 0, -2],
						"0.8": [0, 0, -2],
						"0.85": [0, 0, 0]
					}
				},
				"EM2_left": {
					"position": {
						"0.0": [0, 0, -2],
						"0.8": [0, 0, -2],
						"0.85": [0, 0, 0]
					}
				},
				"EM3_right": {
					"position": {
						"0.0": [0, 0, 4],
						"0.85": [0, 0, 4],
						"0.95": [0, 0, 0]
					}
				},
				"EM3_left": {
					"position": {
						"0.0": [0, 0, 4],
						"0.85": [0, 0, 4],
						"0.95": [0, 0, 0]
					}
				},
				"mag_extended_2": {
					"rotation": [0, 0, 0],
					"position": [0, 0, 0]
				},
				"mag_extended_3": {
					"rotation": [0, 0, 0],
					"position": [0, 0, 0]
				},
				"root": {
					"rotation": {
						"0.0": {
							"post": [-103.12, 0, 0],
							"lerp_mode": "catmullrom"
						},
						"0.1": {
							"post": [-91.33, -14.34, -0.55],
							"lerp_mode": "catmullrom"
						},
						"0.25": {
							"post": [-76.6, -14.49, -2.98],
							"lerp_mode": "catmullrom"
						},
						"0.35": {
							"post": [-49.98, -8.63, -1.82],
							"lerp_mode": "catmullrom"
						},
						"0.6": {
							"post": [0, 0, 7.5],
							"lerp_mode": "catmullrom"
						},
						"0.7": {
							"post": [3.30992, 0.49018, -1.87167],
							"lerp_mode": "catmullrom"
						},
						"0.85": {
							"post": [0.98628, -0.20008, 1.69645],
							"lerp_mode": "catmullrom"
						},
						"0.95": {
							"post": [0, 0, -0.4],
							"lerp_mode": "catmullrom"
						},
						"1.1": [0, 0, 0]
					},
					"position": {
						"0.0": {
							"post": [-9, -36, 2],
							"lerp_mode": "catmullrom"
						},
						"0.1": {
							"post": [-5.01, -17.52, -3.2],
							"lerp_mode": "catmullrom"
						},
						"0.25": {
							"post": [-2.9, -11.93, -3.99],
							"lerp_mode": "catmullrom"
						},
						"0.4": {
							"post": [-0.25, -2.46, -2.03],
							"lerp_mode": "catmullrom"
						},
						"0.6": {
							"post": [0, -0.6, 0.3],
							"lerp_mode": "catmullrom"
						},
						"0.7": {
							"post": [0, 0.03, 0.4],
							"lerp_mode": "catmullrom"
						},
						"0.85": {
							"post": [0, 0, -0.2],
							"lerp_mode": "catmullrom"
						},
						"0.95": {
							"post": [0, -0.1, -0.18],
							"lerp_mode": "catmullrom"
						},
						"1.15": [0, 0, 0]
					}
				},
				"lefthand": {
					"rotation": [80.76244, 15.36778, 38.07444],
					"position": [-3, -14, -16],
					"scale": [1, 1.5, 1]
				},
				"righthand": {
					"rotation": [90, -5, 0],
					"position": [3.5, -15, 0]
				},
				"constraint": {
					"rotation": [0.2, 0.2, 0.2],
					"position": [0.2, 0.2, 0.2]
				},
				"camera": {
					"rotation": {
						"0.0": {
							"post": [0, 0, 0],
							"lerp_mode": "catmullrom"
						},
						"0.1": {
							"post": [-0.3425, 0.59375, 0],
							"lerp_mode": "catmullrom"
						},
						"0.25": {
							"post": [-0.4325, 0.38125, -0.5625],
							"lerp_mode": "catmullrom"
						},
						"0.35": {
							"post": [0.0775, 0, -0.21875],
							"lerp_mode": "catmullrom"
						},
						"0.55": {
							"post": [0.95, -0.25, -0.5625],
							"lerp_mode": "catmullrom"
						},
						"0.8": {
							"post": [-0.05, -0.2575, -0.3125],
							"lerp_mode": "catmullrom"
						},
						"0.95": {
							"post": [-0.2525, 0.4375, 0.25],
							"lerp_mode": "catmullrom"
						},
						"1.15": {
							"post": [0, 0, 0],
							"lerp_mode": "catmullrom"
						}
					}
				}
			},
			"sound_effects": {
				"0.0": {
					"effect": "pgp:nekom/nekom_draw_start"
				}
			}
		},
		"static_idle": {
			"loop": true,
			"bones": {
				"lefthand": {
					"rotation": [80.76244, 15.36778, 38.07444],
					"position": [-3, -14, -16],
					"scale": [1, 1.5, 1]
				},
				"righthand": {
					"rotation": [90, -5, 0],
					"position": [3.5, -15, 0]
				},
				"constraint": {
					"rotation": [0.1, 0.1, 0.1],
					"position": [0.1, 0.1, 0.1]
				}
			}
		},
		"reload_tactical": {
			"animation_length": 2.55,
			"bones": {
				"root": {
					"rotation": {
						"0.0": {
							"post": [0, 0, 0],
							"lerp_mode": "catmullrom"
						},
						"0.1": {
							"post": [-4.01321, -0.61271, 2.49979],
							"lerp_mode": "catmullrom"
						},
						"0.2": {
							"post": [0.30334, -1.27694, -5.97444],
							"lerp_mode": "catmullrom"
						},
						"0.35": {
							"post": [-13.185, -4.26, -29.99],
							"lerp_mode": "catmullrom"
						},
						"0.5": [-15.79254, -11.38649, -37.82536],
						"0.6": [-15.2225, -7.97, -28.14],
						"0.75": [-15.415, -11.19, -38.2],
						"0.9": [-17.57594, -11.63739, -38.07783],
						"1.1": [-24.295, -11.12, -26.25],
						"1.3": {
							"pre": [-24.735, -17.71, -40.3275],
							"post": [-24.735, -17.71, -40.3275],
							"lerp_mode": "catmullrom"
						},
						"1.55": {
							"post": [-22.11, -17.71, -40.3275],
							"lerp_mode": "catmullrom"
						},
						"1.6": {
							"post": [-17.0325, -11.2525, -32.74],
							"lerp_mode": "catmullrom"
						},
						"1.65": [-20.125, -12.74, -37.4225],
						"1.7": [-15.1575, -12.31, -35.57],
						"1.8": [-12.53, -11.705, -32.9625],
						"1.95": {
							"pre": [2, -1, -1.4625],
							"post": [2, -1, -1.4625],
							"lerp_mode": "catmullrom"
						},
						"2.1": [4.0275, 0.3325, -0.905],
						"2.2": [1.9375, 0, 0.7],
						"2.3": {
							"pre": [0, 0, 0],
							"post": [0, 0, 0],
							"lerp_mode": "catmullrom"
						}
					},
					"position": {
						"0.0": {
							"post": [0, 0, 0],
							"lerp_mode": "catmullrom"
						},
						"0.1": {
							"post": [0.1, 0.125, 0.1],
							"lerp_mode": "catmullrom"
						},
						"0.25": {
							"post": [0.06, -0.66, -0.2],
							"lerp_mode": "catmullrom"
						},
						"0.4": [0.06, 1.12, -0.44],
						"0.65": [-0.08, 1.1275, -0.41],
						"0.85": {
							"pre": [-0.1, 1.075, -0.45],
							"post": [-0.1, 1.075, -0.45],
							"lerp_mode": "catmullrom"
						},
						"1.05": [0.01, 0.45, -0.45],
						"1.2": [-0.32, 0.4075, -0.45],
						"1.35": [-0.3, 1.18, -0.69],
						"1.5": [-0.43, 1.26, -0.54],
						"1.65": [-0.44, 1.285, -0.54],
						"1.7": [-0.37, 0.97, -0.6],
						"1.85": [0.12, -1.16, -0.98],
						"2.0": [-0.045, -1.175, -1.005],
						"2.1": {
							"pre": [-0.04, -0.2, 0.05],
							"post": [-0.04, -0.2, 0.05],
							"lerp_mode": "catmullrom"
						},
						"2.2": [0.01, 0.125, -0.005],
						"2.35": [0, 0, 0]
					}
				},
				"righthand": {
					"rotation": [90, -5, 0],
					"position": [3.5, -15, 0],
					"scale": [1, 1.5, 1]
				},
				"left": {
					"rotation": {
						"0.45": {
							"pre": [0, 0, 0],
							"post": [0, 0, 0],
							"lerp_mode": "catmullrom"
						},
						"0.55": {
							"post": [0, 0, 0],
							"lerp_mode": "catmullrom"
						},
						"0.65": {
							"post": [0, 0, -25],
							"lerp_mode": "catmullrom"
						},
						"0.8": [0, 0, -35.5],
						"0.95": [0, 0, -46],
						"1.05": [0, 0, -46],
						"1.1": [0, 0, -35.5],
						"1.2": [0, 0, -25],
						"1.25": [2.25, 0, -15.71],
						"1.3": [0, 0, -8.33],
						"1.6": [0, 0, 0]
					},
					"position": {
						"0.45": [0, 0, 0],
						"0.55": [0, -2.3, 0],
						"0.65": [1.7, -9.3, 0],
						"0.8": [3.18, -20.5, 0],
						"0.95": [4.66, -31.7, 0],
						"1.05": [4.66, -31.7, 0],
						"1.1": [3.18, -20.5, 0],
						"1.2": {
							"pre": [1.7, -9.3, 0],
							"post": [1.7, -9.3, 0],
							"lerp_mode": "catmullrom"
						},
						"1.25": {
							"post": [0.57, -4.76, 0.02],
							"lerp_mode": "catmullrom"
						},
						"1.3": [0.57, -3.1, 0],
						"1.35": [0.38, -2.03, 0],
						"1.4": [0.19, -2.07, 0],
						"1.45": [0.19, -1.3825, 0],
						"1.55": [0.19, -1.07, 0],
						"1.6": [0, 0, 0]
					}
				},
				"lefthand": {
					"rotation": {
						"0.0": [80.76244, 15.36778, 38.07444],
						"0.1": [80.68, 15.41, 38.28],
						"0.25": [90.09538, 12.00579, 81.37665],
						"0.4": [97.87794, 12.83428, 66.29375],
						"1.1": [97.87794, 12.83428, 66.29375],
						"1.2": [101.18846, -14.99695, 61.76032],
						"1.3": [98.54877, 2.87639, 65.15692],
						"1.6": [97.87794, 12.83428, 66.29375],
						"1.75": [86.27776, 4.38767, 70.06189],
						"1.9": [80.76244, 15.36778, 38.07444]
					},
					"position": {
						"0.0": [-3, -14, -16],
						"0.1": {
							"pre": [-3.07, -14.15, -15.6],
							"post": [-3.07, -14.15, -15.6],
							"lerp_mode": "catmullrom"
						},
						"0.25": {
							"post": [-2.33, -18.29, -11],
							"lerp_mode": "catmullrom"
						},
						"0.35": [-4.43, -14.85, -7.34],
						"1.6": [-4.43, -14.85, -7.34],
						"1.75": [-3.8, -16.52, -13.19],
						"1.9": [-3, -14, -16]
					},
					"scale": [1, 1.5, 1]
				},
				"constraint": {
					"rotation": [0.05, 0.05, 0.1],
					"position": [0.01, 0.02, 0.05]
				},
				"camera": {
					"rotation": {
						"0.0": {
							"post": [0, 0, 0],
							"lerp_mode": "catmullrom"
						},
						"0.15": {
							"post": [1, 0.25, -0.5],
							"lerp_mode": "catmullrom"
						},
						"0.25": {
							"post": [1, -0.1875, 0.5],
							"lerp_mode": "catmullrom"
						},
						"0.35": {
							"post": [-1.25, -0.1875, 0.625],
							"lerp_mode": "catmullrom"
						},
						"0.5": {
							"post": [-1.25, 0.25, 0.5],
							"lerp_mode": "catmullrom"
						},
						"0.6": {
							"post": [1.25, 0.25, -1],
							"lerp_mode": "catmullrom"
						},
						"0.75": {
							"post": [0.75, 0.25, 0],
							"lerp_mode": "catmullrom"
						},
						"0.9": {
							"post": [1.25, -0.25, 0],
							"lerp_mode": "catmullrom"
						},
						"1.05": {
							"post": [1.25, -0.25, 0],
							"lerp_mode": "catmullrom"
						},
						"1.2": {
							"post": [1.25, 0.25, 1],
							"lerp_mode": "catmullrom"
						},
						"1.4": {
							"post": [1.25, 0.25, 1],
							"lerp_mode": "catmullrom"
						},
						"1.5": {
							"post": [0, 0, 0],
							"lerp_mode": "catmullrom"
						},
						"1.55": {
							"post": [1, -0.75, 1.25],
							"lerp_mode": "catmullrom"
						},
						"1.65": {
							"post": [-0.25, 0.25, -0.5],
							"lerp_mode": "catmullrom"
						},
						"1.75": {
							"post": [-0.25, 0, 0.25],
							"lerp_mode": "catmullrom"
						},
						"1.85": {
							"post": [1, -0.25, 0.25],
							"lerp_mode": "catmullrom"
						},
						"2.0": {
							"post": [1, -0.25, -0.5],
							"lerp_mode": "catmullrom"
						},
						"2.1": {
							"post": [-0.5, 0, 0.25],
							"lerp_mode": "catmullrom"
						},
						"2.2": {
							"post": [-0.5, 0.25, -0.125],
							"lerp_mode": "catmullrom"
						},
						"2.3": {
							"post": [0.125, 0, 0],
							"lerp_mode": "catmullrom"
						},
						"2.4": {
							"post": [0, 0, 0],
							"lerp_mode": "catmullrom"
						},
						"2.5": {
							"post": [0, 0, 0],
							"lerp_mode": "catmullrom"
						}
					}
				}
			},
			"sound_effects": {
				"0.0": {
					"effect": "pgp:all/equip2"
				},
				"0.45": {
					"effect": "pgp:sn10/sn10_mag_out"
				},
				"1.35": {
					"effect": "pgp:sn10/sn10_mag_in"
				},
				"1.5": {
					"effect": "pgp:sn10/sn10_mag_in2"
				},
				"2.1": {
					"effect": "pgp:all/grab3"
				}
			}
		},
		"reload_empty": {
			"animation_length": 2.55,
			"bones": {
				"root": {
					"rotation": {
						"0.0": {
							"post": [0, 0, 0],
							"lerp_mode": "catmullrom"
						},
						"0.1": {
							"post": [-4.01321, -0.61271, 2.49979],
							"lerp_mode": "catmullrom"
						},
						"0.2": {
							"post": [0.30334, -1.27694, -5.97444],
							"lerp_mode": "catmullrom"
						},
						"0.35": {
							"post": [-13.185, -4.26, -29.99],
							"lerp_mode": "catmullrom"
						},
						"0.5": [-15.79254, -11.38649, -37.82536],
						"0.6": [-15.2225, -7.97, -28.14],
						"0.75": [-15.415, -11.19, -38.2],
						"0.9": [-17.57594, -11.63739, -38.07783],
						"1.1": [-24.295, -11.12, -26.25],
						"1.3": {
							"pre": [-24.735, -17.71, -40.3275],
							"post": [-24.735, -17.71, -40.3275],
							"lerp_mode": "catmullrom"
						},
						"1.55": {
							"post": [-22.11, -17.71, -40.3275],
							"lerp_mode": "catmullrom"
						},
						"1.6": {
							"post": [-17.0325, -11.2525, -32.74],
							"lerp_mode": "catmullrom"
						},
						"1.65": [-20.125, -12.74, -37.4225],
						"1.7": [-15.1575, -12.31, -35.57],
						"1.8": [-12.53, -11.705, -32.9625],
						"1.95": {
							"pre": [2, -1, -1.4625],
							"post": [2, -1, -1.4625],
							"lerp_mode": "catmullrom"
						},
						"2.1": [4.0275, 0.3325, -0.905],
						"2.2": [1.9375, 0, 0.7],
						"2.3": {
							"pre": [0, 0, 0],
							"post": [0, 0, 0],
							"lerp_mode": "catmullrom"
						}
					},
					"position": {
						"0.0": {
							"post": [0, 0, 0],
							"lerp_mode": "catmullrom"
						},
						"0.1": {
							"post": [0.1, 0.125, 0.1],
							"lerp_mode": "catmullrom"
						},
						"0.25": {
							"post": [0.06, -0.66, -0.2],
							"lerp_mode": "catmullrom"
						},
						"0.4": [0.06, 1.12, -0.44],
						"0.65": [-0.08, 1.1275, -0.41],
						"0.85": {
							"pre": [-0.1, 1.075, -0.45],
							"post": [-0.1, 1.075, -0.45],
							"lerp_mode": "catmullrom"
						},
						"1.05": [0.01, 0.45, -0.45],
						"1.2": [-0.32, 0.4075, -0.45],
						"1.35": [-0.3, 1.18, -0.69],
						"1.5": [-0.43, 1.26, -0.54],
						"1.65": [-0.44, 1.285, -0.54],
						"1.7": [-0.37, 0.97, -0.6],
						"1.85": [0.12, -1.16, -0.98],
						"2.0": [-0.045, -1.175, -1.005],
						"2.1": {
							"pre": [-0.04, -0.2, 0.05],
							"post": [-0.04, -0.2, 0.05],
							"lerp_mode": "catmullrom"
						},
						"2.2": [0.01, 0.125, -0.005],
						"2.35": [0, 0, 0]
					}
				},
				"righthand": {
					"rotation": [90, -5, 0],
					"position": [3.5, -15, 0],
					"scale": [1, 1.5, 1]
				},
				"left": {
					"rotation": {
						"0.45": {
							"pre": [0, 0, 0],
							"post": [0, 0, 0],
							"lerp_mode": "catmullrom"
						},
						"0.55": {
							"post": [0, 0, 0],
							"lerp_mode": "catmullrom"
						},
						"0.65": {
							"post": [0, 0, -25],
							"lerp_mode": "catmullrom"
						},
						"0.8": [0, 0, -35.5],
						"0.95": [0, 0, -46],
						"1.05": [0, 0, -46],
						"1.1": [0, 0, -35.5],
						"1.2": [0, 0, -25],
						"1.25": [2.25, 0, -15.71],
						"1.3": [0, 0, -8.33],
						"1.6": [0, 0, 0]
					},
					"position": {
						"0.45": [0, 0, 0],
						"0.55": [0, -2.3, 0],
						"0.65": [1.7, -9.3, 0],
						"0.8": [3.18, -20.5, 0],
						"0.95": [4.66, -31.7, 0],
						"1.05": [4.66, -31.7, 0],
						"1.1": [3.18, -20.5, 0],
						"1.2": {
							"pre": [1.7, -9.3, 0],
							"post": [1.7, -9.3, 0],
							"lerp_mode": "catmullrom"
						},
						"1.25": {
							"post": [0.57, -4.76, 0.02],
							"lerp_mode": "catmullrom"
						},
						"1.3": [0.57, -3.1, 0],
						"1.35": [0.38, -2.03, 0],
						"1.4": [0.19, -2.07, 0],
						"1.45": [0.19, -1.3825, 0],
						"1.55": [0.19, -1.07, 0],
						"1.6": [0, 0, 0]
					}
				},
				"lefthand": {
					"rotation": {
						"0.0": [80.76244, 15.36778, 38.07444],
						"0.1": [80.68, 15.41, 38.28],
						"0.25": [90.09538, 12.00579, 81.37665],
						"0.4": [97.87794, 12.83428, 66.29375],
						"1.1": [97.87794, 12.83428, 66.29375],
						"1.2": [101.18846, -14.99695, 61.76032],
						"1.3": [98.54877, 2.87639, 65.15692],
						"1.6": [97.87794, 12.83428, 66.29375],
						"1.75": [86.27776, 4.38767, 70.06189],
						"1.9": [80.76244, 15.36778, 38.07444]
					},
					"position": {
						"0.0": [-3, -14, -16],
						"0.1": {
							"pre": [-3.07, -14.15, -15.6],
							"post": [-3.07, -14.15, -15.6],
							"lerp_mode": "catmullrom"
						},
						"0.25": {
							"post": [-2.33, -18.29, -11],
							"lerp_mode": "catmullrom"
						},
						"0.35": [-4.43, -14.85, -7.34],
						"1.6": [-4.43, -14.85, -7.34],
						"1.75": [-3.8, -16.52, -13.19],
						"1.9": [-3, -14, -16]
					},
					"scale": [1, 1.5, 1]
				},
				"camera": {
					"rotation": {
						"0.0": {
							"post": [0, 0, 0],
							"lerp_mode": "catmullrom"
						},
						"0.15": {
							"post": [1, 0.25, -0.5],
							"lerp_mode": "catmullrom"
						},
						"0.25": {
							"post": [1, -0.1875, 0.5],
							"lerp_mode": "catmullrom"
						},
						"0.35": {
							"post": [-1.25, -0.1875, 0.625],
							"lerp_mode": "catmullrom"
						},
						"0.5": {
							"post": [-1.25, 0.25, 0.5],
							"lerp_mode": "catmullrom"
						},
						"0.6": {
							"post": [1.25, 0.25, -1],
							"lerp_mode": "catmullrom"
						},
						"0.75": {
							"post": [0.75, 0.25, 0],
							"lerp_mode": "catmullrom"
						},
						"0.9": {
							"post": [1.25, -0.25, 0],
							"lerp_mode": "catmullrom"
						},
						"1.05": {
							"post": [1.25, -0.25, 0],
							"lerp_mode": "catmullrom"
						},
						"1.2": {
							"post": [1.25, 0.25, 1],
							"lerp_mode": "catmullrom"
						},
						"1.4": {
							"post": [1.25, 0.25, 1],
							"lerp_mode": "catmullrom"
						},
						"1.5": {
							"post": [0, 0, 0],
							"lerp_mode": "catmullrom"
						},
						"1.55": {
							"post": [1, -0.75, 1.25],
							"lerp_mode": "catmullrom"
						},
						"1.65": {
							"post": [-0.25, 0.25, -0.5],
							"lerp_mode": "catmullrom"
						},
						"1.75": {
							"post": [-0.25, 0, 0.25],
							"lerp_mode": "catmullrom"
						},
						"1.85": {
							"post": [1, -0.25, 0.25],
							"lerp_mode": "catmullrom"
						},
						"2.0": {
							"post": [1, -0.25, -0.5],
							"lerp_mode": "catmullrom"
						},
						"2.1": {
							"post": [-0.5, 0, 0.25],
							"lerp_mode": "catmullrom"
						},
						"2.2": {
							"post": [-0.5, 0.25, -0.125],
							"lerp_mode": "catmullrom"
						},
						"2.3": {
							"post": [0.125, 0, 0],
							"lerp_mode": "catmullrom"
						},
						"2.4": {
							"post": [0, 0, 0],
							"lerp_mode": "catmullrom"
						},
						"2.5": {
							"post": [0, 0, 0],
							"lerp_mode": "catmullrom"
						}
					}
				},
				"constraint": {
					"rotation": [0.05, 0.05, 0.1],
					"position": [0.01, 0.02, 0.05]
				}
			},
			"sound_effects": {
				"0.0": {
					"effect": "pgp:all/equip2"
				},
				"0.45": {
					"effect": "pgp:sn10/sn10_mag_out"
				},
				"1.35": {
					"effect": "pgp:sn10/sn10_mag_in"
				},
				"1.5": {
					"effect": "pgp:sn10/sn10_mag_in2"
				},
				"2.1": {
					"effect": "pgp:all/grab3"
				}
			}
		},
		"inspect": {
			"animation_length": 4.95,
			"bones": {
				"root": {
					"rotation": {
						"0.0": {
							"post": [0, 0, 0],
							"lerp_mode": "catmullrom"
						},
						"0.2": {
							"post": [-15.30902, -2.26482, -10.8535],
							"lerp_mode": "catmullrom"
						},
						"0.3": {
							"post": [-19.87196, -3.17785, -17.95906],
							"lerp_mode": "catmullrom"
						},
						"0.4": {
							"post": [-21.02, -3.65, -14.43],
							"lerp_mode": "catmullrom"
						},
						"0.5": {
							"post": [-22.61825, -4.52968, -16.70733],
							"lerp_mode": "catmullrom"
						},
						"0.65": {
							"post": [-22.75, -4.41, -17.665],
							"lerp_mode": "catmullrom"
						},
						"0.85": {
							"post": [-22.62, -4.53, -17.96],
							"lerp_mode": "catmullrom"
						},
						"1.05": {
							"post": [-21.83419, -7.56045, -25.65573],
							"lerp_mode": "catmullrom"
						},
						"1.25": {
							"post": [-21.78, -7.76, -26.34],
							"lerp_mode": "catmullrom"
						},
						"1.5": {
							"post": [-21.78, -7.74, -26.81],
							"lerp_mode": "catmullrom"
						},
						"1.7": {
							"post": [-21.8, -7.68, -27.385],
							"lerp_mode": "catmullrom"
						},
						"2.0": {
							"post": [-21.83419, -7.56045, -25.65573],
							"lerp_mode": "catmullrom"
						},
						"2.1": {
							"post": [-21.83419, -7.56045, -14.65573],
							"lerp_mode": "catmullrom"
						},
						"2.3": {
							"post": [-24.9445, 7.90002, 66.95984],
							"lerp_mode": "catmullrom"
						},
						"2.4": {
							"post": [-24.9445, 7.90002, 83.45984],
							"lerp_mode": "catmullrom"
						},
						"2.55": {
							"post": [-24.95, 7.88, 85.27],
							"lerp_mode": "catmullrom"
						},
						"2.65": {
							"post": [-24.96, 7.86, 84.79],
							"lerp_mode": "catmullrom"
						},
						"2.9": {
							"post": [-25, 7.75, 85.57],
							"lerp_mode": "catmullrom"
						},
						"3.15": {
							"post": [-24.9445, 7.90002, 85.45984],
							"lerp_mode": "catmullrom"
						},
						"3.35": {
							"post": [-24.22873, 9.9815, 94.5622],
							"lerp_mode": "catmullrom"
						},
						"3.6": {
							"post": [-24.16, 10.35, 95.42],
							"lerp_mode": "catmullrom"
						},
						"3.85": {
							"post": [-23.86, 10.06, 93.89],
							"lerp_mode": "catmullrom"
						},
						"4.0": {
							"post": [-21.22873, 8.4815, 84.0622],
							"lerp_mode": "catmullrom"
						},
						"4.15": {
							"post": [-2.67436, -2.84081, 26.11685],
							"lerp_mode": "catmullrom"
						},
						"4.3": {
							"post": [2.37, -2.9, 0.4],
							"lerp_mode": "catmullrom"
						},
						"4.4": {
							"post": [0, 0, 1.25],
							"lerp_mode": "catmullrom"
						},
						"4.5": {
							"post": [0, 0, 0.5],
							"lerp_mode": "catmullrom"
						},
						"4.6": {
							"post": [0, 0, 0],
							"lerp_mode": "catmullrom"
						}
					},
					"position": {
						"0.0": {
							"post": [0, 0, 0],
							"lerp_mode": "catmullrom"
						},
						"0.2": {
							"post": [0.34, 0.6, -1.65],
							"lerp_mode": "catmullrom"
						},
						"0.3": {
							"post": [0.67385, 0.3, -0.8],
							"lerp_mode": "catmullrom"
						},
						"0.45": {
							"post": [0.67385, 0.4, -1],
							"lerp_mode": "catmullrom"
						},
						"2.05": {
							"post": [0.67385, 0.39886, -0.7],
							"lerp_mode": "catmullrom"
						},
						"2.4": {
							"post": [-1.07086, -0.9546, -1.4],
							"lerp_mode": "catmullrom"
						},
						"3.95": {
							"post": [-1.07086, -0.9546, -1.4],
							"lerp_mode": "catmullrom"
						},
						"4.3": {
							"post": [0, -0.425, -0.7],
							"lerp_mode": "catmullrom"
						},
						"4.45": {
							"post": [0.1, 0, 0.3],
							"lerp_mode": "catmullrom"
						},
						"4.55": {
							"post": [0, 0, 0],
							"lerp_mode": "catmullrom"
						}
					}
				},
				"righthand": {
					"rotation": {
						"0.0": [90, -5, 0],
						"4.5": [90, -5, 0]
					},
					"position": {
						"0.0": [3.5, -15, 0],
						"4.5": [3.5, -15, 0]
					}
				},
				"lefthand": {
					"rotation": {
						"0.0": [80.76244, 15.36778, 38.07444],
						"0.25": [64.31957, 14.64419, 27.79169],
						"0.85": [64.31957, 14.64419, 27.79169],
						"1.1": [66.88922, 16.49145, 33.19982],
						"2.0": {
							"pre": [66.88922, 16.49145, 31.49982],
							"post": [66.88922, 16.49145, 31.49982],
							"lerp_mode": "catmullrom"
						},
						"2.15": {
							"post": [66.08922, 16.49145, 20.79982],
							"lerp_mode": "catmullrom"
						},
						"2.35": {
							"post": [63.4647, 13.86744, -36.45422],
							"lerp_mode": "catmullrom"
						},
						"2.45": [63.0647, 13.86744, -45.25422],
						"3.9": {
							"pre": [63.0647, 13.86744, -45.15422],
							"post": [63.0647, 13.86744, -45.15422],
							"lerp_mode": "catmullrom"
						},
						"4.15": {
							"post": [74.84965, 17.28658, -24.9397],
							"lerp_mode": "catmullrom"
						},
						"4.5": [80.76244, 15.36778, 38.07444]
					},
					"position": {
						"0.0": [-3, -14, -16],
						"0.15": [-3.02, -14, -16.06],
						"0.3": [-3.56, -13.9, -11.41],
						"2.0": [-3.56, -13.9, -11.41],
						"2.2": [-2.29082, -14.04188, -14.36018],
						"2.35": [-2.27772, -12.51198, -16.62911],
						"3.85": [-2.27772, -12.51198, -16.62911],
						"4.15": [-3.185, -13.9, -18.81],
						"4.5": [-3, -14, -16]
					},
					"scale": {
						"0.0": [1, 1.5, 1],
						"4.5": [1, 1.5, 1]
					}
				},
				"camera": {
					"rotation": {
						"0.0": {
							"post": [0, 0, 0],
							"lerp_mode": "catmullrom"
						},
						"0.1": {
							"post": [0.2525, 0, 0],
							"lerp_mode": "catmullrom"
						},
						"0.3": {
							"post": [-1.875, 0, 0],
							"lerp_mode": "catmullrom"
						},
						"0.7": {
							"post": [-2.3775, 0, 0],
							"lerp_mode": "catmullrom"
						},
						"1.05": {
							"post": [-3.8025, 0.9075, 0.02],
							"lerp_mode": "catmullrom"
						},
						"2.2": {
							"post": [-3.25, 0.8125, 0],
							"lerp_mode": "catmullrom"
						},
						"2.5": {
							"post": [0, 4.3125, -1],
							"lerp_mode": "catmullrom"
						},
						"3.0": {
							"post": [-0.0175, 5, -1.14],
							"lerp_mode": "catmullrom"
						},
						"3.25": {
							"post": [3.9875, 4.97, -1.13],
							"lerp_mode": "catmullrom"
						},
						"4.15": {
							"post": [4.125, 4.3175, -1],
							"lerp_mode": "catmullrom"
						},
						"4.4": {
							"post": [0.1825, -0.8675, 0.0625],
							"lerp_mode": "catmullrom"
						},
						"4.6": {
							"post": [0, 0, 0],
							"lerp_mode": "catmullrom"
						}
					}
				}
			},
			"sound_effects": {
				"0.0": {
					"effect": "pgp:all/equip2"
				},
				"2.1": {
					"effect": "pgp:all/equip3"
				},
				"4.2": {
					"effect": "pgp:all/unequip2"
				}
			}
		},
		"shoot": {
			"animation_length": 0.7,
			"bones": {
				"root": {
					"rotation": {
						"0.0": {
							"post": [0, 0, 0],
							"lerp_mode": "catmullrom"
						},
						"0.0333": {
							"post": [-4.855, 2.35156, 5],
							"lerp_mode": "catmullrom"
						},
						"0.1": {
							"post": [-3.275, -1.79, -3.18],
							"lerp_mode": "catmullrom"
						},
						"0.1667": {
							"post": [-3.94, 0.89, 0.8875],
							"lerp_mode": "catmullrom"
						},
						"0.2667": {
							"post": [-3.105, -0.4, 1.85],
							"lerp_mode": "catmullrom"
						},
						"0.4667": {
							"post": [0.63844, 0.2275, -0.02844],
							"lerp_mode": "catmullrom"
						},
						"0.6333": {
							"post": [0.125, 0, 0],
							"lerp_mode": "catmullrom"
						},
						"0.9667": {
							"post": [0, 0, 0],
							"lerp_mode": "catmullrom"
						}
					},
					"position": {
						"0.0": {
							"post": [0, 0, 0],
							"lerp_mode": "catmullrom"
						},
						"0.0333": [-0.625, -0.3675, 1.4375],
						"0.0667": [0.375, -0.3425, 1.9375],
						"0.1": [-0.25, 0.2775, 1.95],
						"0.1333": [0.265, 0.2525, 1.795],
						"0.2": {
							"pre": [-0.09, -0.01, 1.2675],
							"post": [-0.09, -0.01, 1.2675],
							"lerp_mode": "catmullrom"
						},
						"0.3": {
							"post": [0, -0.1625, 0.02],
							"lerp_mode": "catmullrom"
						},
						"0.5333": {
							"post": [0, 0, 0],
							"lerp_mode": "catmullrom"
						}
					}
				},
				"constraint": {
					"rotation": {
						"0.0": [0.33, 0.75, 0.9375],
						"0.1333": [0.33, 0.75, 0.9],
						"0.4": [0, 0, 0]
					},
					"position": {
						"0.0": [0.625, 0.2, 0.5],
						"0.0667": [0.625, 0.2, 0.5],
						"0.3333": [0.6, 0.2, 0],
						"0.5": [0, 0, 0]
					}
				},
				"iron_view": {
					"position": [0, 0, 0]
				},
				"camera": {
					"rotation": {
						"0.0": {
							"post": [0, 0, 0],
							"lerp_mode": "catmullrom"
						},
						"0.0333": {
							"post": [0, -2.5, 1.5],
							"lerp_mode": "catmullrom"
						},
						"0.0667": {
							"post": [0, 1.75, -1.35],
							"lerp_mode": "catmullrom"
						},
						"0.1333": {
							"post": [0, -0.75, 0.8],
							"lerp_mode": "catmullrom"
						},
						"0.2": {
							"post": [0, 0.5, -0.625],
							"lerp_mode": "catmullrom"
						},
						"0.3333": {
							"post": [0, 0, 0.2],
							"lerp_mode": "catmullrom"
						},
						"0.4667": {
							"post": [0, 0, 0],
							"lerp_mode": "catmullrom"
						}
					}
				}
			}
		},
		"inspect_empty": {
			"animation_length": 4.95,
			"bones": {
				"root": {
					"rotation": {
						"0.0": {
							"post": [0, 0, 0],
							"lerp_mode": "catmullrom"
						},
						"0.2": {
							"post": [-15.30902, -2.26482, -10.8535],
							"lerp_mode": "catmullrom"
						},
						"0.3": {
							"post": [-19.87196, -3.17785, -17.95906],
							"lerp_mode": "catmullrom"
						},
						"0.4": {
							"post": [-21.02, -3.65, -14.43],
							"lerp_mode": "catmullrom"
						},
						"0.5": {
							"post": [-22.61825, -4.52968, -16.70733],
							"lerp_mode": "catmullrom"
						},
						"0.65": {
							"post": [-22.75, -4.41, -17.665],
							"lerp_mode": "catmullrom"
						},
						"0.85": {
							"post": [-22.62, -4.53, -17.96],
							"lerp_mode": "catmullrom"
						},
						"1.05": {
							"post": [-21.83419, -7.56045, -25.65573],
							"lerp_mode": "catmullrom"
						},
						"1.25": {
							"post": [-21.78, -7.76, -26.34],
							"lerp_mode": "catmullrom"
						},
						"1.5": {
							"post": [-21.78, -7.74, -26.81],
							"lerp_mode": "catmullrom"
						},
						"1.7": {
							"post": [-21.8, -7.68, -27.385],
							"lerp_mode": "catmullrom"
						},
						"2.0": {
							"post": [-21.83419, -7.56045, -25.65573],
							"lerp_mode": "catmullrom"
						},
						"2.1": {
							"post": [-21.83419, -7.56045, -14.65573],
							"lerp_mode": "catmullrom"
						},
						"2.3": {
							"post": [-24.9445, 7.90002, 66.95984],
							"lerp_mode": "catmullrom"
						},
						"2.4": {
							"post": [-24.9445, 7.90002, 83.45984],
							"lerp_mode": "catmullrom"
						},
						"2.55": {
							"post": [-24.95, 7.88, 85.27],
							"lerp_mode": "catmullrom"
						},
						"2.65": {
							"post": [-24.96, 7.86, 84.79],
							"lerp_mode": "catmullrom"
						},
						"2.9": {
							"post": [-25, 7.75, 85.57],
							"lerp_mode": "catmullrom"
						},
						"3.15": {
							"post": [-24.9445, 7.90002, 85.45984],
							"lerp_mode": "catmullrom"
						},
						"3.35": {
							"post": [-24.22873, 9.9815, 94.5622],
							"lerp_mode": "catmullrom"
						},
						"3.6": {
							"post": [-24.16, 10.35, 95.42],
							"lerp_mode": "catmullrom"
						},
						"3.85": {
							"post": [-23.86, 10.06, 93.89],
							"lerp_mode": "catmullrom"
						},
						"4.0": {
							"post": [-21.22873, 8.4815, 84.0622],
							"lerp_mode": "catmullrom"
						},
						"4.15": {
							"post": [-2.67436, -2.84081, 26.11685],
							"lerp_mode": "catmullrom"
						},
						"4.3": {
							"post": [2.37, -2.9, 0.4],
							"lerp_mode": "catmullrom"
						},
						"4.4": {
							"post": [0, 0, 1.25],
							"lerp_mode": "catmullrom"
						},
						"4.5": {
							"post": [0, 0, 0.5],
							"lerp_mode": "catmullrom"
						},
						"4.6": {
							"post": [0, 0, 0],
							"lerp_mode": "catmullrom"
						}
					},
					"position": {
						"0.0": {
							"post": [0, 0, 0],
							"lerp_mode": "catmullrom"
						},
						"0.2": {
							"post": [0.34, 0.6, -1.65],
							"lerp_mode": "catmullrom"
						},
						"0.3": {
							"post": [0.67385, 0.3, -0.8],
							"lerp_mode": "catmullrom"
						},
						"0.45": {
							"post": [0.67385, 0.4, -1],
							"lerp_mode": "catmullrom"
						},
						"2.05": {
							"post": [0.67385, 0.39886, -0.7],
							"lerp_mode": "catmullrom"
						},
						"2.4": {
							"post": [-1.07086, -0.9546, -1.4],
							"lerp_mode": "catmullrom"
						},
						"3.95": {
							"post": [-1.07086, -0.9546, -1.4],
							"lerp_mode": "catmullrom"
						},
						"4.3": {
							"post": [0, -0.425, -0.7],
							"lerp_mode": "catmullrom"
						},
						"4.45": {
							"post": [0.1, 0, 0.3],
							"lerp_mode": "catmullrom"
						},
						"4.55": {
							"post": [0, 0, 0],
							"lerp_mode": "catmullrom"
						}
					}
				},
				"righthand": {
					"rotation": {
						"0.0": [90, -5, 0],
						"4.5": [90, -5, 0]
					},
					"position": {
						"0.0": [3.5, -15, 0],
						"4.5": [3.5, -15, 0]
					}
				},
				"lefthand": {
					"rotation": {
						"0.0": [80.76244, 15.36778, 38.07444],
						"0.25": [64.31957, 14.64419, 27.79169],
						"0.85": [64.31957, 14.64419, 27.79169],
						"1.1": [66.88922, 16.49145, 33.19982],
						"2.0": {
							"pre": [66.88922, 16.49145, 31.49982],
							"post": [66.88922, 16.49145, 31.49982],
							"lerp_mode": "catmullrom"
						},
						"2.15": {
							"post": [66.08922, 16.49145, 20.79982],
							"lerp_mode": "catmullrom"
						},
						"2.35": {
							"post": [63.4647, 13.86744, -36.45422],
							"lerp_mode": "catmullrom"
						},
						"2.45": [63.0647, 13.86744, -45.25422],
						"3.9": {
							"pre": [63.0647, 13.86744, -45.15422],
							"post": [63.0647, 13.86744, -45.15422],
							"lerp_mode": "catmullrom"
						},
						"4.15": {
							"post": [74.84965, 17.28658, -24.9397],
							"lerp_mode": "catmullrom"
						},
						"4.5": [80.76244, 15.36778, 38.07444]
					},
					"position": {
						"0.0": [-3, -14, -16],
						"0.15": [-3.02, -14, -16.06],
						"0.3": [-3.56, -13.9, -11.41],
						"2.0": [-3.56, -13.9, -11.41],
						"2.2": [-2.29082, -14.04188, -14.36018],
						"2.35": [-2.27772, -12.51198, -16.62911],
						"3.85": [-2.27772, -12.51198, -16.62911],
						"4.15": [-3.185, -13.9, -18.81],
						"4.5": [-3, -14, -16]
					},
					"scale": {
						"0.0": [1, 1.5, 1],
						"4.5": [1, 1.5, 1]
					}
				},
				"camera": {
					"rotation": {
						"0.0": {
							"post": [0, 0, 0],
							"lerp_mode": "catmullrom"
						},
						"0.1": {
							"post": [0.2525, 0, 0],
							"lerp_mode": "catmullrom"
						},
						"0.3": {
							"post": [-1.875, 0, 0],
							"lerp_mode": "catmullrom"
						},
						"0.7": {
							"post": [-2.3775, 0, 0],
							"lerp_mode": "catmullrom"
						},
						"1.05": {
							"post": [-3.8025, 0.9075, 0.02],
							"lerp_mode": "catmullrom"
						},
						"2.2": {
							"post": [-3.25, 0.8125, 0],
							"lerp_mode": "catmullrom"
						},
						"2.5": {
							"post": [0, 4.3125, -1],
							"lerp_mode": "catmullrom"
						},
						"3.0": {
							"post": [-0.0175, 5, -1.14],
							"lerp_mode": "catmullrom"
						},
						"3.25": {
							"post": [3.9875, 4.97, -1.13],
							"lerp_mode": "catmullrom"
						},
						"4.15": {
							"post": [4.125, 4.3175, -1],
							"lerp_mode": "catmullrom"
						},
						"4.4": {
							"post": [0.1825, -0.8675, 0.0625],
							"lerp_mode": "catmullrom"
						},
						"4.6": {
							"post": [0, 0, 0],
							"lerp_mode": "catmullrom"
						}
					}
				}
			},
			"sound_effects": {
				"0.0": {
					"effect": "pgp:all/equip2"
				},
				"2.1": {
					"effect": "pgp:all/equip3"
				},
				"4.2": {
					"effect": "pgp:all/unequip2"
				}
			}
		}
	}
}