{
	"format_version": "1.8.0",
	"animations": {
		"static_idle": {
			"loop": true,
			"bones": {
				"lefthand": {
					"rotation": [96.32093, 25.63382, 51.76259],
					"position": [-3.55801, -14.29185, -12.56738],
					"scale": [1, 1.5, 1]
				},
				"righthand": {
					"rotation": [90, -5, 0],
					"position": [5.19619, -14, -6.91284],
					"scale": [1, 1.6, 1]
				},
				"constraint": {
					"rotation": [0.2, 0.2, 0.2],
					"position": [0.2, 0.2, 0.2]
				}
			}
		},
		"put_away": {
			"animation_length": 0.875,
			"bones": {
				"lefthand": {
					"rotation": [96.32093, 25.63382, 51.76259],
					"position": [-3.55801, -14.29185, -12.56738],
					"scale": [1, 1.5, 1]
				},
				"righthand": {
					"rotation": [90, -5, 0],
					"position": [5.19619, -14, -6.91284],
					"scale": [1, 1.6, 1]
				},
				"constraint": {
					"rotation": [0.2, 0.2, 0.2],
					"position": [0.2, 0.2, 0.2]
				},
				"root": {
					"rotation": {
						"0.0": {
							"post": [0, 0, 0],
							"lerp_mode": "catmullrom"
						},
						"0.1667": {
							"post": [-4.53, -1.25, -1.42],
							"lerp_mode": "catmullrom"
						},
						"0.3333": {
							"post": [-27.15, -7.52, -8.53],
							"lerp_mode": "catmullrom"
						},
						"0.4167": {
							"post": [-40.73045, -11.28181, -12.80042],
							"lerp_mode": "catmullrom"
						},
						"0.5417": {
							"post": [-51.25268, -7.98916, -16.98839],
							"lerp_mode": "catmullrom"
						},
						"0.6667": {
							"post": [-59.1046, 20.10068, 0.608],
							"lerp_mode": "catmullrom"
						},
						"0.75": {
							"post": [-67.12, 33.68, 8.77],
							"lerp_mode": "catmullrom"
						},
						"0.875": {
							"post": [-74.38, 35.33, 10.02],
							"lerp_mode": "catmullrom"
						}
					},
					"position": {
						"0.0": {
							"post": [0, 0, 0],
							"lerp_mode": "catmullrom"
						},
						"0.0833": {
							"post": [0.01313, 0.07563, 0.05],
							"lerp_mode": "catmullrom"
						},
						"0.1667": {
							"post": [-0.77062, -0.10875, 0.09],
							"lerp_mode": "catmullrom"
						},
						"0.25": {
							"post": [-2.0175, -0.44812, 0.08],
							"lerp_mode": "catmullrom"
						},
						"0.3333": {
							"post": [-4.10625, -1.10937, 0.28],
							"lerp_mode": "catmullrom"
						},
						"0.4167": {
							"post": [-6.30937, -2.50937, 1.95],
							"lerp_mode": "catmullrom"
						},
						"0.5417": {
							"post": [-9.325, -5.94562, 4.37],
							"lerp_mode": "catmullrom"
						},
						"0.7083": {
							"post": [-10.6375, -18.6675, 7.94],
							"lerp_mode": "catmullrom"
						},
						"0.875": {
							"post": [-10.6375, -46.67, 9.94],
							"lerp_mode": "catmullrom"
						}
					}
				},
				"camera": {
					"rotation": {
						"0.0": {
							"post": [0, 0, 0],
							"lerp_mode": "catmullrom"
						},
						"0.125": {
							"post": [-0.225, 0, -0.125],
							"lerp_mode": "catmullrom"
						},
						"0.375": {
							"post": [0.725, 0, 0.175],
							"lerp_mode": "catmullrom"
						},
						"0.5": {
							"post": [1.125, 0, 1.575],
							"lerp_mode": "catmullrom"
						},
						"0.75": {
							"post": [0.275, 0, 1.5],
							"lerp_mode": "catmullrom"
						},
						"0.875": {
							"post": [0, 0, 0],
							"lerp_mode": "catmullrom"
						}
					}
				}
			}
		},
		"draw": {
			"animation_length": 1.0833,
			"bones": {
				"lefthand": {
					"rotation": [96.32093, 25.63382, 51.76259],
					"position": [-3.55801, -14.29185, -12.56738],
					"scale": [1, 1.5, 1]
				},
				"righthand": {
					"rotation": [90, -5, 0],
					"position": [5.19619, -14, -6.91284],
					"scale": [1, 1.6, 1]
				},
				"constraint": {
					"rotation": [0.2, 0.2, 0.2],
					"position": [0.2, 0.2, 0.2]
				},
				"root": {
					"rotation": {
						"0.0": [-106.51189, -22.48392, 9.41779],
						"0.1667": [-52.59389, -13.40941, -2.66565],
						"0.25": [-35.13359, -5.12707, 0.31771],
						"0.3333": [-12.90997, -6.50028, -7.19254],
						"0.4583": {
							"pre": [-0.94724, -3.20987, 0.9386],
							"post": [-0.94724, -3.20987, 0.9386],
							"lerp_mode": "catmullrom"
						},
						"0.5833": {
							"post": [-1.95, -0.44, -1.31],
							"lerp_mode": "catmullrom"
						},
						"0.7083": {
							"post": [-2.0016, 0.01741, -1.49817],
							"lerp_mode": "catmullrom"
						},
						"0.8333": [0.78, -0.17, -3.2],
						"0.875": [0.3889, 0.15987, 0.62995],
						"0.9583": [0.00175, -0.19999, -0.5],
						"1.0833": [0, 0, 0]
					},
					"position": {
						"0.0": [-17, -31, 15],
						"0.125": [-6.05, -11.1, 4.67],
						"0.25": {
							"pre": [-0.5, -2.7, 1.9],
							"post": [-0.5, -2.7, 1.9],
							"lerp_mode": "catmullrom"
						},
						"0.4583": {
							"post": [-0.02, -3.15, 1.76],
							"lerp_mode": "catmullrom"
						},
						"0.5833": {
							"post": [0, -1.01, -0.25],
							"lerp_mode": "catmullrom"
						},
						"0.7083": {
							"post": [-0.165, -0.5175, -2.7875],
							"lerp_mode": "catmullrom"
						},
						"0.8333": [0, -0.15, 0.375],
						"0.9167": [0, -0.025, -0.04375],
						"1.0": [0, 0, 0.025],
						"1.0833": [0, 0, 0]
					}
				},
				"camera": {
					"rotation": {
						"0.0": {
							"post": [0, 0, 0],
							"lerp_mode": "catmullrom"
						},
						"0.1667": {
							"post": [-1.175, 0.325, -0.7],
							"lerp_mode": "catmullrom"
						},
						"0.4167": {
							"post": [0.88, -0.025, -0.925],
							"lerp_mode": "catmullrom"
						},
						"0.6667": {
							"post": [-0.245, 0.025, 0.175],
							"lerp_mode": "catmullrom"
						},
						"0.75": {
							"post": [0.15, 0, -0.2],
							"lerp_mode": "catmullrom"
						},
						"0.8333": {
							"post": [0.02, 0, -0.08],
							"lerp_mode": "catmullrom"
						},
						"0.9167": {
							"post": [-0.15, 0, 0.3],
							"lerp_mode": "catmullrom"
						},
						"1.0": {
							"post": [-0.06, 0, -0.205],
							"lerp_mode": "catmullrom"
						},
						"1.0833": {
							"post": [0, 0, 0],
							"lerp_mode": "catmullrom"
						}
					}
				}
			},
			"sound_effects": {
				"0.0": {
					"effect": "pgp:all/unequip2"
				},
				"0.7083": {
					"effect": "pgp:all/grab3"
				}
			}
		},
		"reload_tactical": {
			"animation_length": 2.9167,
			"bones": {
				"lefthand": {
					"rotation": {
						"0.0": [96.32093, 25.63382, 51.76259],
						"0.125": [37.22495, 58.6551, 21.41896],
						"0.2917": [38.66535, 16.36002, 0.70037],
						"2.0": [38.66535, 16.36002, 0.70037],
						"2.2917": [96.32093, 25.63382, 51.76259]
					},
					"position": {
						"0.0": [-3.55801, -14.29185, -12.56738],
						"0.125": [-2.18125, -19.15, -7.06562],
						"0.2917": [-4.54, -15.5, 2.29],
						"2.0": [-4.54, -15.5, 2.29],
						"2.2917": [-3.55801, -14.29185, -12.56738]
					},
					"scale": {
						"0.0": [1, 1.5, 1],
						"2.2917": [1, 1.5, 1]
					}
				},
				"righthand": {
					"rotation": {
						"0.0": [90, -5, 0],
						"2.2917": [90, -5, 0]
					},
					"position": {
						"0.0": [5.19619, -14, -6.91284],
						"2.2917": [5.19619, -14, -6.91284]
					},
					"scale": {
						"0.0": [1, 1.6, 1],
						"2.2917": [1, 1.6, 1]
					}
				},
				"constraint": {
					"rotation": [0.2, 0.2, 0.2],
					"position": [0.2, 0.2, 0.2]
				},
				"root": {
					"rotation": {
						"0.0": {
							"post": [0, 0, 0],
							"lerp_mode": "catmullrom"
						},
						"0.125": {
							"post": [-8.31693, -6.99606, -14.19281],
							"lerp_mode": "catmullrom"
						},
						"0.2917": {
							"post": [-19.557, -11.55878, -36.11113],
							"lerp_mode": "catmullrom"
						},
						"0.4167": {
							"post": [-21.7415, -12.43465, -27.86226],
							"lerp_mode": "catmullrom"
						},
						"0.5": {
							"post": [-20.99805, -12.86973, -28.35605],
							"lerp_mode": "catmullrom"
						},
						"0.6667": {
							"post": [-19.557, -12.98066, -28.98613],
							"lerp_mode": "catmullrom"
						},
						"0.7083": {
							"post": [-21.63257, -12.23747, -23.90406],
							"lerp_mode": "catmullrom"
						},
						"0.7917": {
							"post": [-19.817, -13.21873, -27.04041],
							"lerp_mode": "catmullrom"
						},
						"0.9167": {
							"post": [-19.78, -12.9, -26.9675],
							"lerp_mode": "catmullrom"
						},
						"1.0": {
							"post": [-19.557, -13.38691, -28.98613],
							"lerp_mode": "catmullrom"
						},
						"1.0833": {
							"post": [-16.64, -15.99, -37.69],
							"lerp_mode": "catmullrom"
						},
						"1.25": {
							"post": [-13.71104, -18.24998, -46.51349],
							"lerp_mode": "catmullrom"
						},
						"1.375": {
							"post": [-12.82062, -19.35, -49.48],
							"lerp_mode": "catmullrom"
						},
						"1.4583": {
							"post": [-12.49229, -19.87498, -48.68536],
							"lerp_mode": "catmullrom"
						},
						"1.5833": {
							"post": [-13.71104, -19.06248, -46.40411],
							"lerp_mode": "catmullrom"
						},
						"1.6667": {
							"post": [-17.02832, -19.8998, -40.39508],
							"lerp_mode": "catmullrom"
						},
						"1.75": {
							"post": [-12.53937, -17.28937, -50.16437],
							"lerp_mode": "catmullrom"
						},
						"1.8333": {
							"post": [-14.71, -20.26, -46.02187],
							"lerp_mode": "catmullrom"
						},
						"1.9167": {
							"post": [-15.2625, -20.7525, -44.92],
							"lerp_mode": "catmullrom"
						},
						"2.0417": {
							"post": [-10.95, -15.73, -36.41312],
							"lerp_mode": "catmullrom"
						},
						"2.125": {
							"post": [-7.96, -12.11, -25.72312],
							"lerp_mode": "catmullrom"
						},
						"2.2083": {
							"post": [-5.05, -8.6, -9.7],
							"lerp_mode": "catmullrom"
						},
						"2.25": {
							"post": [-2.3, -5.27, 0.13],
							"lerp_mode": "catmullrom"
						},
						"2.2917": {
							"post": [0.10261, -2.48125, 7.93565],
							"lerp_mode": "catmullrom"
						},
						"2.4583": {
							"post": [0.25183, -3.25976, 2.12967],
							"lerp_mode": "catmullrom"
						},
						"2.5417": [-0.00274, -0.34214, 0.80421],
						"2.625": [0, 0.08125, -0.775],
						"2.75": [0, 0, 0.25],
						"2.9167": [0, 0, 0]
					},
					"position": {
						"0.0": {
							"post": [0, 0, 0],
							"lerp_mode": "catmullrom"
						},
						"0.125": {
							"post": [0, 0.9475, -0.58875],
							"lerp_mode": "catmullrom"
						},
						"0.2917": {
							"post": [0, 4.6875, 1.125],
							"lerp_mode": "catmullrom"
						},
						"0.4583": {
							"post": [0.02, 4.11063, 0.57688],
							"lerp_mode": "catmullrom"
						},
						"0.625": {
							"post": [-0.18875, 4.49875, 0.77],
							"lerp_mode": "catmullrom"
						},
						"0.6667": {
							"post": [-0.3125, 4.48438, 0.75],
							"lerp_mode": "catmullrom"
						},
						"0.7083": {
							"post": [0.15625, 4.065, 0.75],
							"lerp_mode": "catmullrom"
						},
						"0.8333": {
							"post": [-0.14062, 4.2525, 0.70313],
							"lerp_mode": "catmullrom"
						},
						"1.0": {
							"post": [-0.21875, 4.125, 0.75],
							"lerp_mode": "catmullrom"
						},
						"1.25": {
							"post": [-0.26562, 3.95563, 0.75],
							"lerp_mode": "catmullrom"
						},
						"1.4583": {
							"post": [-0.25, 3.79938, 0.75],
							"lerp_mode": "catmullrom"
						},
						"1.5833": {
							"post": [-0.40625, 3.86188, 0.75],
							"lerp_mode": "catmullrom"
						},
						"1.625": {
							"post": [-0.88562, 3.5225, 0.75],
							"lerp_mode": "catmullrom"
						},
						"1.6667": {
							"post": [0, 4.2575, 0.75],
							"lerp_mode": "catmullrom"
						},
						"1.75": {
							"post": [0.29563, 4.10625, 0.77],
							"lerp_mode": "catmullrom"
						},
						"1.8333": {
							"post": [0.20188, 4.10625, 0.77],
							"lerp_mode": "catmullrom"
						},
						"1.9167": {
							"post": [0.18625, 3.8875, 0.67625],
							"lerp_mode": "catmullrom"
						},
						"2.0": {
							"post": [0.125, 2.90875, 0.34375],
							"lerp_mode": "catmullrom"
						},
						"2.0417": {
							"post": [0.14, 1.7, 0.08],
							"lerp_mode": "catmullrom"
						},
						"2.125": {
							"post": [0.19, 0.31, -0.22],
							"lerp_mode": "catmullrom"
						},
						"2.2083": {
							"post": [0.24, -1.02, -0.5],
							"lerp_mode": "catmullrom"
						},
						"2.25": {
							"post": [0.2725, -1.54187, -0.78125],
							"lerp_mode": "catmullrom"
						},
						"2.3333": {
							"post": [0.20063, -1.53187, -1.0975],
							"lerp_mode": "catmullrom"
						},
						"2.375": {
							"post": [0.095, -0.88, -0.59],
							"lerp_mode": "catmullrom"
						},
						"2.4583": {
							"post": [0, 0.46563, 0.6],
							"lerp_mode": "catmullrom"
						},
						"2.5833": [0, -0.125, -0.15],
						"2.6667": [0, 0, 0.15],
						"2.7917": [0, 0, 0]
					}
				},
				"mag_and_lefthand": {
					"rotation": [0, 0, 0],
					"position": {
						"0.625": [0, 0, 0],
						"0.7083": [0, -9.375, 0],
						"0.7917": [0, -9.37, 2.95313],
						"1.25": [0, -9.37, 2.95313],
						"1.3333": [0, -9.375, 0],
						"1.4583": [0, -2.1925, 0],
						"1.5833": [0, -2.22125, 0],
						"1.625": [0, -2.1925, 0],
						"1.6667": [0, 0, 0]
					}
				},
				"camera": {
					"rotation": {
						"0.0": {
							"post": [0, 0, 0],
							"lerp_mode": "catmullrom"
						},
						"0.2083": {
							"post": [0.01512, 1.31524, 0.02214],
							"lerp_mode": "catmullrom"
						},
						"0.4167": {
							"post": [0.47996, 0.83107, -0.46837],
							"lerp_mode": "catmullrom"
						},
						"0.625": {
							"post": [1.38736, 0.13219, 0.03368],
							"lerp_mode": "catmullrom"
						},
						"0.7083": {
							"post": [1.9375, 0.125, 0],
							"lerp_mode": "catmullrom"
						},
						"0.75": {
							"post": [-0.54687, -0.09375, 0.75],
							"lerp_mode": "catmullrom"
						},
						"0.8333": {
							"post": [0.12217, 0.09156, -0.85824],
							"lerp_mode": "catmullrom"
						},
						"0.9167": {
							"post": [0.30368, -0.24671, -0.28264],
							"lerp_mode": "catmullrom"
						},
						"1.0417": {
							"post": [0.2, -0.55, -0.18],
							"lerp_mode": "catmullrom"
						},
						"1.125": {
							"post": [0.1, -0.66437, -0.16],
							"lerp_mode": "catmullrom"
						},
						"1.2083": {
							"post": [0.02, -0.71812, -0.14],
							"lerp_mode": "catmullrom"
						},
						"1.2917": {
							"post": [-0.08, -0.68687, -0.11],
							"lerp_mode": "catmullrom"
						},
						"1.375": {
							"post": [-0.16, -0.47437, -0.09],
							"lerp_mode": "catmullrom"
						},
						"1.4583": {
							"post": [-0.26136, -0.14611, -0.07572],
							"lerp_mode": "catmullrom"
						},
						"1.5833": {
							"post": [-0.4981, 0.04178, -0.08594],
							"lerp_mode": "catmullrom"
						},
						"1.625": {
							"post": [-0.4981, 0.04178, -0.08594],
							"lerp_mode": "catmullrom"
						},
						"1.6667": {
							"post": [-0.99723, 0.02658, -1.83587],
							"lerp_mode": "catmullrom"
						},
						"1.75": {
							"post": [-0.49783, 0.0527, -0.3361],
							"lerp_mode": "catmullrom"
						},
						"1.9583": {
							"post": [0.02, -0.71812, -0.14],
							"lerp_mode": "catmullrom"
						},
						"2.1667": {
							"post": [-0.94663, 0.4398, 0.90202],
							"lerp_mode": "catmullrom"
						},
						"2.2917": {
							"post": [0, 0.42188, 1],
							"lerp_mode": "catmullrom"
						},
						"2.4167": {
							"post": [0.915, 0, 0.52],
							"lerp_mode": "catmullrom"
						},
						"2.5417": {
							"post": [-0.3, 0, -0.13437],
							"lerp_mode": "catmullrom"
						},
						"2.6667": [0.25, 0, 0.05],
						"2.875": [0, 0, 0]
					}
				}
			},
			"sound_effects": {
				"0.0": {
					"effect": "pgp:all/grab7"
				},
				"0.6667": {
					"effect": "pgp:all/mag_out6"
				},
				"1.5833": {
					"effect": "pgp:all/mag_in3"
				},
				"2.4167": {
					"effect": "pgp:all/grab5"
				}
			}
		},
		"reload_empty": {
			"animation_length": 2.9167,
			"bones": {
				"lefthand": {
					"rotation": {
						"0.0": [96.32093, 25.63382, 51.76259],
						"0.125": [37.22495, 58.6551, 21.41896],
						"0.2917": [38.66535, 16.36002, 0.70037],
						"2.0": [38.66535, 16.36002, 0.70037],
						"2.2917": [96.32093, 25.63382, 51.76259]
					},
					"position": {
						"0.0": [-3.55801, -14.29185, -12.56738],
						"0.125": [-2.18125, -19.15, -7.06562],
						"0.2917": [-4.54, -15.5, 2.29],
						"2.0": [-4.54, -15.5, 2.29],
						"2.2917": [-3.55801, -14.29185, -12.56738]
					},
					"scale": {
						"0.0": [1, 1.5, 1],
						"2.2917": [1, 1.5, 1]
					}
				},
				"righthand": {
					"rotation": {
						"0.0": [90, -5, 0],
						"2.2917": [90, -5, 0]
					},
					"position": {
						"0.0": [5.19619, -14, -6.91284],
						"2.2917": [5.19619, -14, -6.91284]
					},
					"scale": {
						"0.0": [1, 1.6, 1],
						"2.2917": [1, 1.6, 1]
					}
				},
				"constraint": {
					"rotation": [0.2, 0.2, 0.2],
					"position": [0.2, 0.2, 0.2]
				},
				"root": {
					"rotation": {
						"0.0": {
							"post": [0, 0, 0],
							"lerp_mode": "catmullrom"
						},
						"0.125": {
							"post": [-8.31693, -6.99606, -14.19281],
							"lerp_mode": "catmullrom"
						},
						"0.2917": {
							"post": [-19.557, -11.55878, -36.11113],
							"lerp_mode": "catmullrom"
						},
						"0.4167": {
							"post": [-21.7415, -12.43465, -27.86226],
							"lerp_mode": "catmullrom"
						},
						"0.5": {
							"post": [-20.99805, -12.86973, -28.35605],
							"lerp_mode": "catmullrom"
						},
						"0.6667": {
							"post": [-19.557, -12.98066, -28.98613],
							"lerp_mode": "catmullrom"
						},
						"0.7083": {
							"post": [-21.63257, -12.23747, -23.90406],
							"lerp_mode": "catmullrom"
						},
						"0.7917": {
							"post": [-19.817, -13.21873, -27.04041],
							"lerp_mode": "catmullrom"
						},
						"0.9167": {
							"post": [-19.78, -12.9, -26.9675],
							"lerp_mode": "catmullrom"
						},
						"1.0": {
							"post": [-19.557, -13.38691, -28.98613],
							"lerp_mode": "catmullrom"
						},
						"1.0833": {
							"post": [-16.64, -15.99, -37.69],
							"lerp_mode": "catmullrom"
						},
						"1.25": {
							"post": [-13.71104, -18.24998, -46.51349],
							"lerp_mode": "catmullrom"
						},
						"1.375": {
							"post": [-12.82062, -19.35, -49.48],
							"lerp_mode": "catmullrom"
						},
						"1.4583": {
							"post": [-12.49229, -19.87498, -48.68536],
							"lerp_mode": "catmullrom"
						},
						"1.5833": {
							"post": [-13.71104, -19.06248, -46.40411],
							"lerp_mode": "catmullrom"
						},
						"1.6667": {
							"post": [-17.02832, -19.8998, -40.39508],
							"lerp_mode": "catmullrom"
						},
						"1.75": {
							"post": [-12.53937, -17.28937, -50.16437],
							"lerp_mode": "catmullrom"
						},
						"1.8333": {
							"post": [-14.71, -20.26, -46.02187],
							"lerp_mode": "catmullrom"
						},
						"1.9167": {
							"post": [-15.2625, -20.7525, -44.92],
							"lerp_mode": "catmullrom"
						},
						"2.0417": {
							"post": [-10.95, -15.73, -36.41312],
							"lerp_mode": "catmullrom"
						},
						"2.125": {
							"post": [-7.96, -12.11, -25.72312],
							"lerp_mode": "catmullrom"
						},
						"2.2083": {
							"post": [-5.05, -8.6, -9.7],
							"lerp_mode": "catmullrom"
						},
						"2.25": {
							"post": [-2.3, -5.27, 0.13],
							"lerp_mode": "catmullrom"
						},
						"2.2917": {
							"post": [0.10261, -2.48125, 7.93565],
							"lerp_mode": "catmullrom"
						},
						"2.4583": {
							"post": [0.25183, -3.25976, 2.12967],
							"lerp_mode": "catmullrom"
						},
						"2.5417": [-0.00274, -0.34214, 0.80421],
						"2.625": [0, 0.08125, -0.775],
						"2.75": [0, 0, 0.25],
						"2.9167": [0, 0, 0]
					},
					"position": {
						"0.0": {
							"post": [0, 0, 0],
							"lerp_mode": "catmullrom"
						},
						"0.125": {
							"post": [0, 0.9475, -0.58875],
							"lerp_mode": "catmullrom"
						},
						"0.2917": {
							"post": [0, 4.6875, 1.125],
							"lerp_mode": "catmullrom"
						},
						"0.4583": {
							"post": [0.02, 4.11063, 0.57688],
							"lerp_mode": "catmullrom"
						},
						"0.625": {
							"post": [-0.18875, 4.49875, 0.77],
							"lerp_mode": "catmullrom"
						},
						"0.6667": {
							"post": [-0.3125, 4.48438, 0.75],
							"lerp_mode": "catmullrom"
						},
						"0.7083": {
							"post": [0.15625, 4.065, 0.75],
							"lerp_mode": "catmullrom"
						},
						"0.8333": {
							"post": [-0.14062, 4.2525, 0.70313],
							"lerp_mode": "catmullrom"
						},
						"1.0": {
							"post": [-0.21875, 4.125, 0.75],
							"lerp_mode": "catmullrom"
						},
						"1.25": {
							"post": [-0.26562, 3.95563, 0.75],
							"lerp_mode": "catmullrom"
						},
						"1.4583": {
							"post": [-0.25, 3.79938, 0.75],
							"lerp_mode": "catmullrom"
						},
						"1.5833": {
							"post": [-0.40625, 3.86188, 0.75],
							"lerp_mode": "catmullrom"
						},
						"1.625": {
							"post": [-0.88562, 3.5225, 0.75],
							"lerp_mode": "catmullrom"
						},
						"1.6667": {
							"post": [0, 4.2575, 0.75],
							"lerp_mode": "catmullrom"
						},
						"1.75": {
							"post": [0.29563, 4.10625, 0.77],
							"lerp_mode": "catmullrom"
						},
						"1.8333": {
							"post": [0.20188, 4.10625, 0.77],
							"lerp_mode": "catmullrom"
						},
						"1.9167": {
							"post": [0.18625, 3.8875, 0.67625],
							"lerp_mode": "catmullrom"
						},
						"2.0": {
							"post": [0.125, 2.90875, 0.34375],
							"lerp_mode": "catmullrom"
						},
						"2.0417": {
							"post": [0.14, 1.7, 0.08],
							"lerp_mode": "catmullrom"
						},
						"2.125": {
							"post": [0.19, 0.31, -0.22],
							"lerp_mode": "catmullrom"
						},
						"2.2083": {
							"post": [0.24, -1.02, -0.5],
							"lerp_mode": "catmullrom"
						},
						"2.25": {
							"post": [0.2725, -1.54187, -0.78125],
							"lerp_mode": "catmullrom"
						},
						"2.3333": {
							"post": [0.20063, -1.53187, -1.0975],
							"lerp_mode": "catmullrom"
						},
						"2.375": {
							"post": [0.095, -0.88, -0.59],
							"lerp_mode": "catmullrom"
						},
						"2.4583": {
							"post": [0, 0.46563, 0.6],
							"lerp_mode": "catmullrom"
						},
						"2.5833": [0, -0.125, -0.15],
						"2.6667": [0, 0, 0.15],
						"2.7917": [0, 0, 0]
					}
				},
				"mag_and_lefthand": {
					"rotation": [0, 0, 0],
					"position": {
						"0.625": [0, 0, 0],
						"0.7083": [0, -9.375, 0],
						"0.7917": [0, -9.37, 2.95313],
						"1.25": [0, -9.37, 2.95313],
						"1.3333": [0, -9.375, 0],
						"1.4583": [0, -2.1925, 0],
						"1.5833": [0, -2.22125, 0],
						"1.625": [0, -2.1925, 0],
						"1.6667": [0, 0, 0]
					}
				},
				"camera": {
					"rotation": {
						"0.0": {
							"post": [0, 0, 0],
							"lerp_mode": "catmullrom"
						},
						"0.2083": {
							"post": [0.01512, 1.31524, 0.02214],
							"lerp_mode": "catmullrom"
						},
						"0.4167": {
							"post": [0.47996, 0.83107, -0.46837],
							"lerp_mode": "catmullrom"
						},
						"0.625": {
							"post": [1.38736, 0.13219, 0.03368],
							"lerp_mode": "catmullrom"
						},
						"0.7083": {
							"post": [1.9375, 0.125, 0],
							"lerp_mode": "catmullrom"
						},
						"0.75": {
							"post": [-0.54687, -0.09375, 0.75],
							"lerp_mode": "catmullrom"
						},
						"0.8333": {
							"post": [0.12217, 0.09156, -0.85824],
							"lerp_mode": "catmullrom"
						},
						"0.9167": {
							"post": [0.30368, -0.24671, -0.28264],
							"lerp_mode": "catmullrom"
						},
						"1.0417": {
							"post": [0.2, -0.55, -0.18],
							"lerp_mode": "catmullrom"
						},
						"1.125": {
							"post": [0.1, -0.66437, -0.16],
							"lerp_mode": "catmullrom"
						},
						"1.2083": {
							"post": [0.02, -0.71812, -0.14],
							"lerp_mode": "catmullrom"
						},
						"1.2917": {
							"post": [-0.08, -0.68687, -0.11],
							"lerp_mode": "catmullrom"
						},
						"1.375": {
							"post": [-0.16, -0.47437, -0.09],
							"lerp_mode": "catmullrom"
						},
						"1.4583": {
							"post": [-0.26136, -0.14611, -0.07572],
							"lerp_mode": "catmullrom"
						},
						"1.5833": {
							"post": [-0.4981, 0.04178, -0.08594],
							"lerp_mode": "catmullrom"
						},
						"1.625": {
							"post": [-0.4981, 0.04178, -0.08594],
							"lerp_mode": "catmullrom"
						},
						"1.6667": {
							"post": [-0.99723, 0.02658, -1.83587],
							"lerp_mode": "catmullrom"
						},
						"1.75": {
							"post": [-0.49783, 0.0527, -0.3361],
							"lerp_mode": "catmullrom"
						},
						"1.9583": {
							"post": [0.02, -0.71812, -0.14],
							"lerp_mode": "catmullrom"
						},
						"2.1667": {
							"post": [-0.94663, 0.4398, 0.90202],
							"lerp_mode": "catmullrom"
						},
						"2.2917": {
							"post": [0, 0.42188, 1],
							"lerp_mode": "catmullrom"
						},
						"2.4167": {
							"post": [0.915, 0, 0.52],
							"lerp_mode": "catmullrom"
						},
						"2.5417": {
							"post": [-0.3, 0, -0.13437],
							"lerp_mode": "catmullrom"
						},
						"2.6667": [0.25, 0, 0.05],
						"2.875": [0, 0, 0]
					}
				}
			},
			"sound_effects": {
				"0.0": {
					"effect": "pgp:all/grab7"
				},
				"0.6667": {
					"effect": "pgp:all/mag_out6"
				},
				"1.5833": {
					"effect": "pgp:all/mag_in3"
				},
				"2.4167": {
					"effect": "pgp:all/grab5"
				}
			}
		},
		"inspect": {
			"animation_length": 10.75,
			"bones": {
				"lefthand": {
					"rotation": {
						"0.0": [96.32093, 25.63382, 51.76259],
						"0.2917": [102.50485, 62.71383, 60.16935],
						"0.5833": [144.61915, 32.94506, 114.72285],
						"1.125": [144.61915, 32.94506, 114.72285],
						"1.6667": [144.61915, 32.94506, 114.72285],
						"2.0833": [126.69727, 32.94506, 114.72285],
						"2.4583": [124.36915, 32.94506, 114.72285],
						"2.7917": [112.72852, 32.94506, 114.72285],
						"3.0": [37.22495, 58.6551, 21.41896],
						"3.125": [38.66535, 16.36002, 0.70037],
						"5.0417": [38.66535, 16.36002, 0.70037],
						"5.25": [51.70113, 29.33128, -21.97155],
						"7.5": [51.70113, 29.33128, -21.97155],
						"7.875": [113.02548, 16.75996, 38.49086],
						"9.5833": [113.02548, 16.75996, 38.49086],
						"10.0": [96.32093, 25.63382, 51.76259]
					},
					"position": {
						"0.0": [-3.55801, -14.29185, -12.56738],
						"0.2917": [-6.0625, -15.25, -15.4375],
						"0.5833": [-6.0625, -15.25, -15.4375],
						"1.125": [-6.0625, -15.25, -15.4375],
						"1.875": [-6.0625, -15.25, -15.4375],
						"2.5": [-6.06, -15.25, -15.44],
						"2.7917": [-6.0625, -15.25, -13.78125],
						"3.0": [-2.18125, -19.15, -7.06562],
						"3.125": [-4.54437, -15.5, -1.28375],
						"3.2083": [-4.54, -15.5, 2.29],
						"5.0417": [-4.54437, -15.5, 2.29438],
						"5.1667": [-4.54, -17.1525, 2.29],
						"5.25": [-4.54, -17.3125, 2.29],
						"7.5": [-4.54, -17.3125, 2.29],
						"7.875": [-3, -15, -13],
						"9.5833": [-3, -15, -13],
						"10.0": [-3.55801, -14.29185, -12.56738]
					},
					"scale": {
						"0.0": [1, 1.5, 1],
						"10.0": [1, 1.5, 1]
					}
				},
				"righthand": {
					"rotation": {
						"0.0": [90, -5, 0],
						"0.2917": [90, -5, 0],
						"0.5833": [72.41824, -7.38379, 0.75783],
						"2.75": [72.41824, -7.38379, 0.75783],
						"3.1667": [90, -5, 0],
						"10.0": [90, -5, 0]
					},
					"position": {
						"0.0": [5.19619, -14, -6.91284],
						"0.2917": [4.2, -14, -7],
						"0.5833": [4.2, -14, -7],
						"2.75": [4.2, -14, -7],
						"3.1667": [4.2, -14, -7],
						"10.0": [5.19619, -14, -6.91284]
					},
					"scale": {
						"0.0": [1, 1.6, 1],
						"10.0": [1, 1.6, 1]
					}
				},
				"constraint": {
					"rotation": [0.2, 0.2, 0.2],
					"position": [0.2, 0.2, 0.2]
				},
				"root": {
					"rotation": {
						"0.0": {
							"post": [0, 0, 0],
							"lerp_mode": "catmullrom"
						},
						"0.1667": {
							"post": [-0.37312, -14.29187, -3.26812],
							"lerp_mode": "catmullrom"
						},
						"0.3333": {
							"post": [9.24862, -26.9582, -17.53893],
							"lerp_mode": "catmullrom"
						},
						"0.4583": {
							"post": [33.49063, -34.52625, -44.71],
							"lerp_mode": "catmullrom"
						},
						"0.5833": {
							"post": [57.17119, -41.81456, -65.37665],
							"lerp_mode": "catmullrom"
						},
						"0.7083": {
							"post": [67.49313, -34.245, -75.11062],
							"lerp_mode": "catmullrom"
						},
						"0.8333": {
							"post": [68.5575, -38.97, -78.19],
							"lerp_mode": "catmullrom"
						},
						"1.0": {
							"post": [68.9325, -40.02, -78.51],
							"lerp_mode": "catmullrom"
						},
						"1.125": {
							"post": [68.68681, -40.84581, -78.50165],
							"lerp_mode": "catmullrom"
						},
						"1.3333": {
							"post": [67.88563, -42.12, -76.9],
							"lerp_mode": "catmullrom"
						},
						"1.5417": {
							"post": [67.31438, -43.49, -74.89],
							"lerp_mode": "catmullrom"
						},
						"1.7083": {
							"post": [63.99375, -44.68, -73.11],
							"lerp_mode": "catmullrom"
						},
						"1.875": {
							"post": [59.60405, -43.95332, -74.13293],
							"lerp_mode": "catmullrom"
						},
						"2.0833": {
							"post": [55.905, -45.01187, -79.56125],
							"lerp_mode": "catmullrom"
						},
						"2.3333": {
							"post": [53.98688, -45.61625, -79.63125],
							"lerp_mode": "catmullrom"
						},
						"2.5": {
							"post": [53.50688, -46.79625, -79.70125],
							"lerp_mode": "catmullrom"
						},
						"2.6667": {
							"post": [50.95188, -48.06625, -79.79125],
							"lerp_mode": "catmullrom"
						},
						"2.8333": {
							"post": [42.32438, -45.45308, -75.22107],
							"lerp_mode": "catmullrom"
						},
						"2.9583": {
							"post": [30.59438, -37.53625, -65.91062],
							"lerp_mode": "catmullrom"
						},
						"3.0833": {
							"post": [11.81, -31.03, -47.23937],
							"lerp_mode": "catmullrom"
						},
						"3.25": {
							"post": [-6.33611, -18.61781, -29.28676],
							"lerp_mode": "catmullrom"
						},
						"3.375": {
							"post": [-7.42, -17.88, -28.37],
							"lerp_mode": "catmullrom"
						},
						"3.5833": {
							"post": [-7.42, -21.63, -28.37],
							"lerp_mode": "catmullrom"
						},
						"3.625": {
							"post": [-7.42, -22.5675, -28.37],
							"lerp_mode": "catmullrom"
						},
						"3.6667": {
							"post": [-12.0724, -12.10216, -22.78609],
							"lerp_mode": "catmullrom"
						},
						"3.7917": {
							"post": [-8.24453, -18.24451, -32.0687],
							"lerp_mode": "catmullrom"
						},
						"3.9583": {
							"post": [-6.33611, -21.43031, -29.28676],
							"lerp_mode": "catmullrom"
						},
						"4.1667": {
							"post": [-6.33611, -18.61781, -29.28676],
							"lerp_mode": "catmullrom"
						},
						"4.2917": {
							"post": [-6.33611, -17.68031, -29.28676],
							"lerp_mode": "catmullrom"
						},
						"4.5417": {
							"post": [-4.92986, -18.61781, -29.28676],
							"lerp_mode": "catmullrom"
						},
						"4.8333": {
							"post": [-4.04999, -19.97726, -29.93807],
							"lerp_mode": "catmullrom"
						},
						"5.0833": {
							"post": [-4.29736, -18.52623, -30.27428],
							"lerp_mode": "catmullrom"
						},
						"5.25": {
							"post": [-4.94269, -18.74272, -30.57513],
							"lerp_mode": "catmullrom"
						},
						"5.5": {
							"post": [-6.81346, -18.59284, -29.28796],
							"lerp_mode": "catmullrom"
						},
						"5.7917": {
							"post": [-6.66068, -18.47569, -28.24491],
							"lerp_mode": "catmullrom"
						},
						"6.1667": {
							"post": [-7.10426, -18.51451, -28.789],
							"lerp_mode": "catmullrom"
						},
						"6.5": {
							"post": [-8.33611, -18.61781, -29.28676],
							"lerp_mode": "catmullrom"
						},
						"6.75": {
							"post": [-10.87141, -18.9545, -32.03044],
							"lerp_mode": "catmullrom"
						},
						"6.9167": {
							"post": [-1.62967, -20.90665, -42.52565],
							"lerp_mode": "catmullrom"
						},
						"7.0833": {
							"post": [0.32673, -21.28517, -44.58831],
							"lerp_mode": "catmullrom"
						},
						"7.1667": {
							"post": [-0.71943, -21.30468, -44.28108],
							"lerp_mode": "catmullrom"
						},
						"7.2083": {
							"post": [-3.73761, -20.95203, -38.3593],
							"lerp_mode": "catmullrom"
						},
						"7.2917": {
							"post": [-7.85573, -20.9931, -35.75029],
							"lerp_mode": "catmullrom"
						},
						"7.375": {
							"post": [-6.18257, -21.56467, -38.37226],
							"lerp_mode": "catmullrom"
						},
						"7.5": {
							"post": [-6.33611, -18.61781, -29.28676],
							"lerp_mode": "catmullrom"
						},
						"7.5833": {
							"post": [-10.38, -13.92, -8.1],
							"lerp_mode": "catmullrom"
						},
						"7.6667": {
							"post": [-12.66217, -5.75343, 14.70401],
							"lerp_mode": "catmullrom"
						},
						"7.7917": {
							"post": [-14.40141, 2.35395, 36.77617],
							"lerp_mode": "catmullrom"
						},
						"7.9583": {
							"post": [-14.87243, 7.19398, 49.50546],
							"lerp_mode": "catmullrom"
						},
						"8.1667": {
							"post": [-15, 9.58, 53.19],
							"lerp_mode": "catmullrom"
						},
						"8.2917": {
							"post": [-15.15, 9.67, 53.7],
							"lerp_mode": "catmullrom"
						},
						"8.4167": {
							"post": [-15.28, 9.65, 54.08],
							"lerp_mode": "catmullrom"
						},
						"8.5833": {
							"post": [-15.31, 9.63, 54.15],
							"lerp_mode": "catmullrom"
						},
						"8.7083": {
							"post": [-15.43, 9.63, 54.5],
							"lerp_mode": "catmullrom"
						},
						"8.875": {
							"post": [-15.62, 9.64, 54.74063],
							"lerp_mode": "catmullrom"
						},
						"9.0417": {
							"post": [-15.88, 9.66, 54.84313],
							"lerp_mode": "catmullrom"
						},
						"9.2083": {
							"post": [-16.11, 9.67, 54.85563],
							"lerp_mode": "catmullrom"
						},
						"9.3333": {
							"post": [-16.19, 9.66, 53.705],
							"lerp_mode": "catmullrom"
						},
						"9.4583": {
							"post": [-14.39, 9.65, 52.22688],
							"lerp_mode": "catmullrom"
						},
						"9.5833": {
							"post": [-11.27868, 9.03773, 49.31796],
							"lerp_mode": "catmullrom"
						},
						"9.7083": {
							"post": [-5.80375, 7.73313, 44.5175],
							"lerp_mode": "catmullrom"
						},
						"9.8333": {
							"post": [-1.73875, 6.11688, 34.08813],
							"lerp_mode": "catmullrom"
						},
						"9.9167": {
							"post": [0.09625, 2.63875, 25.28438],
							"lerp_mode": "catmullrom"
						},
						"10.0833": {
							"post": [0.10261, -2.48125, 7.93565],
							"lerp_mode": "catmullrom"
						},
						"10.25": {
							"post": [0.25183, -3.25976, 2.12967],
							"lerp_mode": "catmullrom"
						},
						"10.3333": [-0.00274, -0.34214, 0.80421],
						"10.4167": [0, 0.08125, -0.775],
						"10.5417": [0, 0, 0.25],
						"10.7083": [0, 0, 0]
					},
					"position": {
						"0.0": {
							"post": [0, 0, 0],
							"lerp_mode": "catmullrom"
						},
						"0.0833": {
							"post": [0.02625, -0.17, 0.01],
							"lerp_mode": "catmullrom"
						},
						"0.1667": {
							"post": [0.14063, -0.14062, 0],
							"lerp_mode": "catmullrom"
						},
						"0.25": {
							"post": [0.29063, 0.09, -0.1],
							"lerp_mode": "catmullrom"
						},
						"0.3333": {
							"post": [0.57813, 0.60938, -0.26562],
							"lerp_mode": "catmullrom"
						},
						"0.4583": {
							"post": [1, 1.77063, -0.73],
							"lerp_mode": "catmullrom"
						},
						"0.5833": {
							"post": [1.28313, 2.62813, -1.10937],
							"lerp_mode": "catmullrom"
						},
						"0.7083": {
							"post": [1.37, 2.20375, -1.26],
							"lerp_mode": "catmullrom"
						},
						"0.8333": {
							"post": [1.41875, 1.89, -1.36],
							"lerp_mode": "catmullrom"
						},
						"0.9583": {
							"post": [1.43, 1.75375, -1.4],
							"lerp_mode": "catmullrom"
						},
						"1.125": {
							"post": [1.3925, 1.69063, -1.4375],
							"lerp_mode": "catmullrom"
						},
						"1.3333": {
							"post": [1.38438, 1.74, -1.48],
							"lerp_mode": "catmullrom"
						},
						"1.5417": {
							"post": [1.38438, 1.78, -1.5],
							"lerp_mode": "catmullrom"
						},
						"1.8333": {
							"post": [1.31625, 1.84, -1.53],
							"lerp_mode": "catmullrom"
						},
						"2.0833": {
							"post": [1.20687, 1.9, -1.56],
							"lerp_mode": "catmullrom"
						},
						"2.375": {
							"post": [0.94125, 1.97, -1.59],
							"lerp_mode": "catmullrom"
						},
						"2.6667": {
							"post": [0.67125, 2.04, -1.61],
							"lerp_mode": "catmullrom"
						},
						"2.8333": {
							"post": [0.37438, 2.14375, -1.44],
							"lerp_mode": "catmullrom"
						},
						"3.0": {
							"post": [-0.16312, 2.42, -0.86],
							"lerp_mode": "catmullrom"
						},
						"3.125": {
							"post": [-0.85625, 2.66, -0.35],
							"lerp_mode": "catmullrom"
						},
						"3.25": {
							"post": [-1.09438, 2.75813, 0.09125],
							"lerp_mode": "catmullrom"
						},
						"3.375": {
							"post": [-1.22, 2.68, 0.18],
							"lerp_mode": "catmullrom"
						},
						"3.5": {
							"post": [-1.25, 2.6275, 0.2],
							"lerp_mode": "catmullrom"
						},
						"3.5833": {
							"post": [-1.31937, 2.685, 0.17],
							"lerp_mode": "catmullrom"
						},
						"3.625": {
							"post": [-1.6475, 3.16938, 0.17],
							"lerp_mode": "catmullrom"
						},
						"3.7083": {
							"post": [-1.76, 3.61063, 0.15],
							"lerp_mode": "catmullrom"
						},
						"3.7917": {
							"post": [-1.81125, 3.65875, 0.13],
							"lerp_mode": "catmullrom"
						},
						"3.875": {
							"post": [-1.8, 3.65375, 0.11],
							"lerp_mode": "catmullrom"
						},
						"3.9583": {
							"post": [-1.71937, 3.6175, 0.09125],
							"lerp_mode": "catmullrom"
						},
						"4.0417": {
							"post": [-1.55, 3.54375, 0.09],
							"lerp_mode": "catmullrom"
						},
						"4.1667": {
							"post": [-1.26625, 3.47688, 0.09125],
							"lerp_mode": "catmullrom"
						},
						"4.2917": {
							"post": [-1.09438, 3.43, 0.09125],
							"lerp_mode": "catmullrom"
						},
						"4.4167": {
							"post": [-1.08, 3.43063, 0.09],
							"lerp_mode": "catmullrom"
						},
						"4.5417": {
							"post": [-1.09438, 3.43, 0.09125],
							"lerp_mode": "catmullrom"
						},
						"4.875": {
							"post": [-1.16813, 3.18, 0.09],
							"lerp_mode": "catmullrom"
						},
						"5.1667": {
							"post": [-1.16, 2.9575, 0.09],
							"lerp_mode": "catmullrom"
						},
						"5.375": {
							"post": [-1.14937, 3.205, 0.09],
							"lerp_mode": "catmullrom"
						},
						"5.6667": {
							"post": [-1.14937, 3.27313, 0.09],
							"lerp_mode": "catmullrom"
						},
						"6.1667": {
							"post": [-1.05, 3.17125, 0.09],
							"lerp_mode": "catmullrom"
						},
						"6.5833": {
							"post": [-1.09438, 2.9925, 0.09125],
							"lerp_mode": "catmullrom"
						},
						"6.9167": {
							"post": [-1.38, 3.23188, 0.15],
							"lerp_mode": "catmullrom"
						},
						"7.0417": {
							"post": [-1.71125, 3.54813, 0.16],
							"lerp_mode": "catmullrom"
						},
						"7.1667": {
							"post": [-1.87625, 3.65813, 0.17],
							"lerp_mode": "catmullrom"
						},
						"7.2083": {
							"post": [-1.36, 1.82625, 0.17],
							"lerp_mode": "catmullrom"
						},
						"7.2917": {
							"post": [-1.52937, 2.5375, 0.18],
							"lerp_mode": "catmullrom"
						},
						"7.375": {
							"post": [-1.54187, 3.10063, 0.2],
							"lerp_mode": "catmullrom"
						},
						"7.5": {
							"post": [-1.09438, 3.08625, 0.09125],
							"lerp_mode": "catmullrom"
						},
						"7.5833": {
							"post": [-0.13, 2.7925, -0.23],
							"lerp_mode": "catmullrom"
						},
						"7.7083": {
							"post": [1.63, 2.06, -1.46],
							"lerp_mode": "catmullrom"
						},
						"7.7917": {
							"post": [2.94, 1.92688, -2.90437],
							"lerp_mode": "catmullrom"
						},
						"7.875": {
							"post": [3.6225, 2.28, -3.13375],
							"lerp_mode": "catmullrom"
						},
						"7.9583": {
							"post": [3.87, 2.57, -2.52],
							"lerp_mode": "catmullrom"
						},
						"8.0417": {
							"post": [4.03, 2.805, -1.08937],
							"lerp_mode": "catmullrom"
						},
						"8.1667": {
							"post": [4.05, 2.95, -1.65625],
							"lerp_mode": "catmullrom"
						},
						"8.2917": {
							"post": [4.08, 2.98, -1.52],
							"lerp_mode": "catmullrom"
						},
						"8.4167": {
							"post": [4.11, 3.01, -1.53],
							"lerp_mode": "catmullrom"
						},
						"8.5833": {
							"post": [4.13, 3.03, -1.54],
							"lerp_mode": "catmullrom"
						},
						"8.7083": {
							"post": [4.15, 3.06, -1.55],
							"lerp_mode": "catmullrom"
						},
						"8.875": {
							"post": [4.18875, 3.09313, -1.58],
							"lerp_mode": "catmullrom"
						},
						"9.0417": {
							"post": [4.21063, 3.04688, -1.63],
							"lerp_mode": "catmullrom"
						},
						"9.2083": {
							"post": [4.17563, 2.89688, -1.57625],
							"lerp_mode": "catmullrom"
						},
						"9.3333": {
							"post": [4.1375, 2.7025, -1.58062],
							"lerp_mode": "catmullrom"
						},
						"9.4583": {
							"post": [3.91375, 2.35938, -1.51062],
							"lerp_mode": "catmullrom"
						},
						"9.5833": {
							"post": [3.4675, 1.69563, -1.105],
							"lerp_mode": "catmullrom"
						},
						"9.6667": {
							"post": [2.48375, 0.59, -0.48],
							"lerp_mode": "catmullrom"
						},
						"9.7083": {
							"post": [1.70313, -0.51, 0.1],
							"lerp_mode": "catmullrom"
						},
						"9.75": {
							"post": [1.05125, -1.34625, 0.37],
							"lerp_mode": "catmullrom"
						},
						"9.8333": {
							"post": [0.50063, -2, 0.46],
							"lerp_mode": "catmullrom"
						},
						"9.9167": {
							"post": [0.27125, -2.27437, 0.07],
							"lerp_mode": "catmullrom"
						},
						"10.0417": {
							"post": [0.2725, -2.10437, -0.78125],
							"lerp_mode": "catmullrom"
						},
						"10.125": {
							"post": [0.20063, -1.53187, -1.0975],
							"lerp_mode": "catmullrom"
						},
						"10.1667": {
							"post": [0.095, -0.88, -0.59],
							"lerp_mode": "catmullrom"
						},
						"10.25": {
							"post": [0, 0.46563, 0.6],
							"lerp_mode": "catmullrom"
						},
						"10.375": [0, -0.125, -0.15],
						"10.4583": [0, 0, 0.15],
						"10.5833": [0, 0, 0]
					}
				},
				"mag_and_lefthand": {
					"rotation": {
						"3.5833": [0, 0, 0],
						"3.625": [0, 0, 0],
						"3.75": [-1.33592, 1.73563, -9.29078],
						"3.9583": {
							"pre": [-0.25, 0, -1.75],
							"post": [-0.25, 0, -1.75],
							"lerp_mode": "catmullrom"
						},
						"4.25": {
							"post": [-0.21448, -1.56933, 0.09718],
							"lerp_mode": "catmullrom"
						},
						"4.7083": {
							"post": [-0.38532, -2.61088, -0.14675],
							"lerp_mode": "catmullrom"
						},
						"5.0417": {
							"post": [-0.24786, 0.03263, 8.81243],
							"lerp_mode": "catmullrom"
						},
						"5.1667": {
							"post": [0.10889, -8.75214, 11.6108],
							"lerp_mode": "catmullrom"
						},
						"5.2917": {
							"post": [0.78233, -19.64514, 10.18025],
							"lerp_mode": "catmullrom"
						},
						"5.4167": {
							"post": [4.32571, -23.79506, 1.90238],
							"lerp_mode": "catmullrom"
						},
						"5.625": {
							"post": [4.57, -25.02, 1.31],
							"lerp_mode": "catmullrom"
						},
						"5.75": {
							"post": [4.48, -25.02, 1.51],
							"lerp_mode": "catmullrom"
						},
						"5.9167": {
							"post": [4.32571, -25.13881, 1.90238],
							"lerp_mode": "catmullrom"
						},
						"6.1667": {
							"post": [4.47, -26, 1.97],
							"lerp_mode": "catmullrom"
						},
						"6.4167": {
							"post": [3.69125, -25.59437, 2.05],
							"lerp_mode": "catmullrom"
						},
						"6.5833": {
							"post": [-0.35437, -24.62, 2.03],
							"lerp_mode": "catmullrom"
						},
						"6.7083": {
							"post": [-7.15866, -19.32631, 1.90238],
							"lerp_mode": "catmullrom"
						},
						"6.7917": {
							"post": [-7.00062, -11.51, 0.94],
							"lerp_mode": "catmullrom"
						},
						"6.9167": [0, 0, 0],
						"7.1667": [0, 0, 0],
						"7.2083": [0, 0, 0]
					},
					"position": {
						"3.5833": [0, 0, 0],
						"3.625": [0, -2.59375, 0],
						"3.75": [2.67688, -3.45812, -0.97625],
						"3.8333": [4.11, -3.56, -3.56],
						"3.9583": {
							"pre": [6.07813, -3.5625, -7.89062],
							"post": [6.07813, -3.5625, -7.89062],
							"lerp_mode": "catmullrom"
						},
						"4.125": {
							"post": [6.8, -3.62, -9.79],
							"lerp_mode": "catmullrom"
						},
						"4.25": {
							"post": [7.0025, -3.64, -10.51875],
							"lerp_mode": "catmullrom"
						},
						"4.4583": {
							"post": [7.07, -3.54, -10.71],
							"lerp_mode": "catmullrom"
						},
						"4.5833": {
							"post": [7.05, -3.51, -10.63],
							"lerp_mode": "catmullrom"
						},
						"4.7083": {
							"post": [7.0025, -3.64, -10.51875],
							"lerp_mode": "catmullrom"
						},
						"4.875": {
							"post": [6.86, -4.85, -10.47],
							"lerp_mode": "catmullrom"
						},
						"4.9583": {
							"post": [6.83, -5.76, -10.41],
							"lerp_mode": "catmullrom"
						},
						"5.0417": {
							"post": [6.875, -7.45312, -10.3125],
							"lerp_mode": "catmullrom"
						},
						"5.0833": {
							"post": [7.31, -5.15, -9.99],
							"lerp_mode": "catmullrom"
						},
						"5.125": {
							"post": [7.8, -2.49, -9.67],
							"lerp_mode": "catmullrom"
						},
						"5.1667": {
							"post": [8.20438, -0.46375, -9.46625],
							"lerp_mode": "catmullrom"
						},
						"5.25": {
							"post": [8.3, -1.46, -10.06],
							"lerp_mode": "catmullrom"
						},
						"5.3333": {
							"post": [8.36688, -3.6175, -10.79437],
							"lerp_mode": "catmullrom"
						},
						"5.4583": {
							"post": [8.19438, -2.95, -11.03],
							"lerp_mode": "catmullrom"
						},
						"5.5833": {
							"post": [8.00688, -2.27, -11.0825],
							"lerp_mode": "catmullrom"
						},
						"5.7917": {
							"post": [7.89563, -2.28, -10.89625],
							"lerp_mode": "catmullrom"
						},
						"5.9167": {
							"post": [7.99563, -2.28, -10.74062],
							"lerp_mode": "catmullrom"
						},
						"6.0833": {
							"post": [8.06938, -2.28, -10.6225],
							"lerp_mode": "catmullrom"
						},
						"6.2083": {
							"post": [8.11938, -2.28, -10.61312],
							"lerp_mode": "catmullrom"
						},
						"6.2917": {
							"post": [8.11563, -2.28, -10.5525],
							"lerp_mode": "catmullrom"
						},
						"6.375": {
							"post": [8.01938, -2.28, -10.2],
							"lerp_mode": "catmullrom"
						},
						"6.4583": {
							"post": [7.8825, -2.28, -9.73437],
							"lerp_mode": "catmullrom"
						},
						"6.5417": {
							"post": [7.56938, -2.26, -8.81],
							"lerp_mode": "catmullrom"
						},
						"6.625": {
							"post": [7.1325, -2.47688, -7.76312],
							"lerp_mode": "catmullrom"
						},
						"6.7083": {
							"post": [5.27, -3.37375, -5.95],
							"lerp_mode": "catmullrom"
						},
						"6.75": {
							"post": [3.96, -3.87562, -4.44],
							"lerp_mode": "catmullrom"
						},
						"6.7917": {
							"post": [2.49, -4.3825, -3.20625],
							"lerp_mode": "catmullrom"
						},
						"6.8333": {
							"post": [1.64, -3.715, -1.85],
							"lerp_mode": "catmullrom"
						},
						"6.9167": [0, -2.73437, 0],
						"7.1667": [0, -2.73437, 0],
						"7.2083": [0, 0, 0]
					}
				},
				"mag": {
					"rotation": {
						"5.0417": [0, 0, 0],
						"5.25": [0, 0, 0]
					},
					"position": {
						"5.0417": [0, 0, 0],
						"5.1667": [0, 1, 0],
						"5.25": [0, 0, 0]
					}
				},
				"gun_and_righthand": {
					"rotation": {
						"3.6667": {
							"pre": [0, 0, 0],
							"post": [0, 0, 0],
							"lerp_mode": "catmullrom"
						},
						"3.7917": {
							"post": [-0.51562, 0, 3.21875],
							"lerp_mode": "catmullrom"
						},
						"4.0": {
							"post": [-3.04687, 0, 5.54688],
							"lerp_mode": "catmullrom"
						},
						"4.2083": {
							"post": [-4.72783, 0.49234, 6.13584],
							"lerp_mode": "catmullrom"
						},
						"4.4167": {
							"post": [-5.32749, 0.85608, 6.44551],
							"lerp_mode": "catmullrom"
						},
						"4.6667": {
							"post": [-5.73778, 1.15574, 6.67713],
							"lerp_mode": "catmullrom"
						},
						"4.875": {
							"post": [-6.11432, 1.24636, 6.60864],
							"lerp_mode": "catmullrom"
						},
						"5.0833": {
							"post": [-6.55054, 1.46155, 6.35169],
							"lerp_mode": "catmullrom"
						},
						"5.4167": {
							"post": [-5.83327, 1.6233, 6.161],
							"lerp_mode": "catmullrom"
						},
						"5.6667": {
							"post": [-5.23932, 1.71511, 6.60864],
							"lerp_mode": "catmullrom"
						},
						"5.8333": {
							"post": [-5.29, 1.75, 6.82],
							"lerp_mode": "catmullrom"
						},
						"6.0833": {
							"post": [-5.49, 1.77, 7.02],
							"lerp_mode": "catmullrom"
						},
						"6.2917": {
							"post": [-5.57625, 1.6325, 6.70438],
							"lerp_mode": "catmullrom"
						},
						"6.4583": {
							"post": [-5.14, 1.34, 6.00438],
							"lerp_mode": "catmullrom"
						},
						"6.5833": {
							"post": [-4.00495, 0.91823, 4.74926],
							"lerp_mode": "catmullrom"
						},
						"6.6667": {
							"post": [-2.59, 0.58562, 3.27],
							"lerp_mode": "catmullrom"
						},
						"6.75": {
							"post": [0, 0, 0],
							"lerp_mode": "catmullrom"
						}
					},
					"position": {
						"3.6667": {
							"pre": [0, 0, 0],
							"post": [0, 0, 0],
							"lerp_mode": "catmullrom"
						},
						"3.7917": {
							"post": [-0.07812, 0.04688, 0.125],
							"lerp_mode": "catmullrom"
						},
						"4.0833": {
							"post": [-0.25187, 0.09438, 0.255],
							"lerp_mode": "catmullrom"
						},
						"4.3333": {
							"post": [-0.3725, 0.13125, 0.29],
							"lerp_mode": "catmullrom"
						},
						"4.5833": {
							"post": [-0.44062, 0.13688, 0.30688],
							"lerp_mode": "catmullrom"
						},
						"4.875": {
							"post": [-0.47187, 0.12125, 0.34125],
							"lerp_mode": "catmullrom"
						},
						"5.1667": {
							"post": [-0.4875, 0.12375, 0.34125],
							"lerp_mode": "catmullrom"
						},
						"5.375": {
							"post": [-0.4875, 0.12625, 0.33],
							"lerp_mode": "catmullrom"
						},
						"5.6667": {
							"post": [-0.4875, 0.1525, 0.31],
							"lerp_mode": "catmullrom"
						},
						"5.9167": {
							"post": [-0.5, 0.16, 0.32],
							"lerp_mode": "catmullrom"
						},
						"6.1667": {
							"post": [-0.52, 0.16, 0.33],
							"lerp_mode": "catmullrom"
						},
						"6.375": {
							"post": [-0.49312, 0.13875, 0.34],
							"lerp_mode": "catmullrom"
						},
						"6.5833": {
							"post": [-0.34687, 0.07438, 0.2475],
							"lerp_mode": "catmullrom"
						},
						"6.75": {
							"post": [0, 0, 0],
							"lerp_mode": "catmullrom"
						}
					}
				},
				"camera": {
					"rotation": {
						"0.0": {
							"post": [0, 0, 0],
							"lerp_mode": "catmullrom"
						},
						"0.3333": {
							"post": [-1.4588, -3.56454, -1.14367],
							"lerp_mode": "catmullrom"
						},
						"0.7083": {
							"post": [-0.11468, -5.99611, 1.1894],
							"lerp_mode": "catmullrom"
						},
						"1.0417": {
							"post": [-1.00963, -5.99719, 0.1839],
							"lerp_mode": "catmullrom"
						},
						"1.5417": {
							"post": [-1.01164, -6.99704, 0.20166],
							"lerp_mode": "catmullrom"
						},
						"2.375": {
							"post": [-1.50769, -5.24745, 0.16406],
							"lerp_mode": "catmullrom"
						},
						"2.875": {
							"post": [-2.25654, -4.74762, 0.15086],
							"lerp_mode": "catmullrom"
						},
						"3.125": {
							"post": [-1.4588, -3.56454, -1.14367],
							"lerp_mode": "catmullrom"
						},
						"3.3333": {
							"post": [0, -0.89062, 0],
							"lerp_mode": "catmullrom"
						},
						"3.5": {
							"post": [0.18423, 0.13219, 0.03368],
							"lerp_mode": "catmullrom"
						},
						"3.5833": {
							"post": [1.14063, 0, 0],
							"lerp_mode": "catmullrom"
						},
						"3.625": {
							"post": [-1.32812, 0, 0.75],
							"lerp_mode": "catmullrom"
						},
						"3.7083": {
							"post": [0.30967, 0.09156, -0.85824],
							"lerp_mode": "catmullrom"
						},
						"3.7917": {
							"post": [0.30368, -0.71546, -0.28264],
							"lerp_mode": "catmullrom"
						},
						"3.9583": {
							"post": [0.10765, -1.44768, -0.68901],
							"lerp_mode": "catmullrom"
						},
						"4.125": {
							"post": [0.08184, -2.12737, -1.03175],
							"lerp_mode": "catmullrom"
						},
						"4.3333": {
							"post": [0.03897, -3.06054, -0.46858],
							"lerp_mode": "catmullrom"
						},
						"4.75": {
							"post": [1.28897, -3.06054, -0.46858],
							"lerp_mode": "catmullrom"
						},
						"4.9583": {
							"post": [2.52616, -2.8372, -1.10226],
							"lerp_mode": "catmullrom"
						},
						"5.1667": {
							"post": [1.51645, -2.74907, -1.81947],
							"lerp_mode": "catmullrom"
						},
						"5.2917": {
							"post": [2.41379, -3.3929, -1.7449],
							"lerp_mode": "catmullrom"
						},
						"5.5833": {
							"post": [2.52616, -2.8372, -1.10226],
							"lerp_mode": "catmullrom"
						},
						"6.0833": {
							"post": [1.28897, -3.06054, -0.51545],
							"lerp_mode": "catmullrom"
						},
						"6.5833": {
							"post": [0.84556, -1.63417, -0.12956],
							"lerp_mode": "catmullrom"
						},
						"7.0": {
							"post": [-0.26136, 0.96326, -0.07572],
							"lerp_mode": "catmullrom"
						},
						"7.125": {
							"post": [-0.4981, 1.97928, -0.08594],
							"lerp_mode": "catmullrom"
						},
						"7.1667": {
							"post": [-0.4981, 1.97928, -0.08594],
							"lerp_mode": "catmullrom"
						},
						"7.2083": {
							"post": [-0.99723, 1.96408, -1.83587],
							"lerp_mode": "catmullrom"
						},
						"7.2917": {
							"post": [-0.49783, 1.9902, -0.3361],
							"lerp_mode": "catmullrom"
						},
						"7.375": {
							"post": [-0.905, 1.94, -0.64812],
							"lerp_mode": "catmullrom"
						},
						"7.5833": {
							"post": [-0.26136, 0.96326, -0.07572],
							"lerp_mode": "catmullrom"
						},
						"7.7083": {
							"post": [0.98851, 0.21337, -0.08866],
							"lerp_mode": "catmullrom"
						},
						"7.875": {
							"post": [0.03278, 0.19469, -0.61684],
							"lerp_mode": "catmullrom"
						},
						"7.9583": {
							"post": [0.98563, 0.22629, -0.83855],
							"lerp_mode": "catmullrom"
						},
						"8.0833": {
							"post": [1.23563, 0.22629, -0.83855],
							"lerp_mode": "catmullrom"
						},
						"8.2917": {
							"post": [1.23563, 0.22629, -0.83855],
							"lerp_mode": "catmullrom"
						},
						"8.625": {
							"post": [1.98257, 0.24245, -1.58838],
							"lerp_mode": "catmullrom"
						},
						"9.0417": {
							"post": [1.51408, 0.19263, 1.21512],
							"lerp_mode": "catmullrom"
						},
						"9.375": {
							"post": [1.23563, 0.22629, -0.01043],
							"lerp_mode": "catmullrom"
						},
						"9.7917": {
							"post": [2.75072, 0.36018, 0.48713],
							"lerp_mode": "catmullrom"
						},
						"10.0417": {
							"post": [-0.94663, 0.4398, 0.90202],
							"lerp_mode": "catmullrom"
						},
						"10.1667": {
							"post": [0, 0.42188, 1],
							"lerp_mode": "catmullrom"
						},
						"10.2917": {
							"post": [0.915, 0, 0.52],
							"lerp_mode": "catmullrom"
						},
						"10.4167": {
							"post": [-0.3, 0, -0.13437],
							"lerp_mode": "catmullrom"
						},
						"10.5417": [0.25, 0, 0.05],
						"10.75": [0, 0, 0]
					}
				}
			},
			"sound_effects": {
				"0.0": {
					"effect": "pgp:all/grab11"
				},
				"2.9583": {
					"effect": "pgp:all/grab4"
				},
				"3.375": {
					"effect": "pgp:all/mag_out6"
				},
				"4.9167": {
					"effect": "pgp:all/grab6"
				},
				"7.125": {
					"effect": "pgp:all/mag_in3"
				},
				"7.75": {
					"effect": "pgp:all/grab9"
				},
				"10.1667": {
					"effect": "pgp:all/grab5"
				}
			}
		},
		"inspect_empty": {
			"animation_length": 10.75,
			"bones": {
				"lefthand": {
					"rotation": {
						"0.0": [96.32093, 25.63382, 51.76259],
						"0.2917": [102.50485, 62.71383, 60.16935],
						"0.5833": [144.61915, 32.94506, 114.72285],
						"1.125": [144.61915, 32.94506, 114.72285],
						"1.6667": [144.61915, 32.94506, 114.72285],
						"2.0833": [126.69727, 32.94506, 114.72285],
						"2.4583": [124.36915, 32.94506, 114.72285],
						"2.7917": [112.72852, 32.94506, 114.72285],
						"3.0": [37.22495, 58.6551, 21.41896],
						"3.125": [38.66535, 16.36002, 0.70037],
						"5.0417": [38.66535, 16.36002, 0.70037],
						"5.25": [51.70113, 29.33128, -21.97155],
						"7.5": [51.70113, 29.33128, -21.97155],
						"7.875": [113.02548, 16.75996, 38.49086],
						"9.5833": [113.02548, 16.75996, 38.49086],
						"10.0": [96.32093, 25.63382, 51.76259]
					},
					"position": {
						"0.0": [-3, -15, -13],
						"0.2917": [-6.0625, -15.25, -15.4375],
						"0.5833": [-6.0625, -15.25, -15.4375],
						"1.125": [-6.0625, -15.25, -15.4375],
						"1.875": [-6.0625, -15.25, -15.4375],
						"2.5": [-6.06, -15.25, -15.44],
						"2.7917": [-6.0625, -15.25, -13.78125],
						"3.0": [-2.18125, -19.15, -7.06562],
						"3.125": [-4.54437, -15.5, -1.28375],
						"3.2083": [-4.54, -15.5, 2.29],
						"5.0417": [-4.54437, -15.5, 2.29438],
						"5.1667": [-4.54, -17.1525, 2.29],
						"5.25": [-4.54, -17.3125, 2.29],
						"7.5": [-4.54, -17.3125, 2.29],
						"7.875": [-3, -15, -13],
						"9.5833": [-3, -15, -13],
						"10.0": [-3.55801, -14.29185, -12.56738]
					},
					"scale": {
						"0.0": [1, 1.5, 1],
						"10.0": [1, 1.5, 1]
					}
				},
				"righthand": {
					"rotation": {
						"0.0": [90, -5, 0],
						"0.2917": [90, -5, 0],
						"0.5833": [72.41824, -7.38379, 0.75783],
						"2.75": [72.41824, -7.38379, 0.75783],
						"3.1667": [90, -5, 0],
						"10.0": [90, -5, 0]
					},
					"position": {
						"0.0": [5.19619, -14, -6.91284],
						"0.2917": [4.2, -14, -7],
						"0.5833": [4.2, -14, -7],
						"2.75": [4.2, -14, -7],
						"3.1667": [4.2, -14, -7],
						"10.0": [5.19619, -14, -6.91284]
					},
					"scale": {
						"0.0": [1, 1.6, 1],
						"10.0": [1, 1.6, 1]
					}
				},
				"constraint": {
					"rotation": [0.2, 0.2, 0.2],
					"position": [0.2, 0.2, 0.2]
				},
				"root": {
					"rotation": {
						"0.0": {
							"post": [0, 0, 0],
							"lerp_mode": "catmullrom"
						},
						"0.1667": {
							"post": [-0.37312, -14.29187, -3.26812],
							"lerp_mode": "catmullrom"
						},
						"0.3333": {
							"post": [9.24862, -26.9582, -17.53893],
							"lerp_mode": "catmullrom"
						},
						"0.4583": {
							"post": [33.49063, -34.52625, -44.71],
							"lerp_mode": "catmullrom"
						},
						"0.5833": {
							"post": [57.17119, -41.81456, -65.37665],
							"lerp_mode": "catmullrom"
						},
						"0.7083": {
							"post": [67.49313, -34.245, -75.11062],
							"lerp_mode": "catmullrom"
						},
						"0.8333": {
							"post": [68.5575, -38.97, -78.19],
							"lerp_mode": "catmullrom"
						},
						"1.0": {
							"post": [68.9325, -40.02, -78.51],
							"lerp_mode": "catmullrom"
						},
						"1.125": {
							"post": [68.68681, -40.84581, -78.50165],
							"lerp_mode": "catmullrom"
						},
						"1.3333": {
							"post": [67.88563, -42.12, -76.9],
							"lerp_mode": "catmullrom"
						},
						"1.5417": {
							"post": [67.31438, -43.49, -74.89],
							"lerp_mode": "catmullrom"
						},
						"1.7083": {
							"post": [63.99375, -44.68, -73.11],
							"lerp_mode": "catmullrom"
						},
						"1.875": {
							"post": [59.60405, -43.95332, -74.13293],
							"lerp_mode": "catmullrom"
						},
						"2.0833": {
							"post": [55.905, -45.01187, -79.56125],
							"lerp_mode": "catmullrom"
						},
						"2.3333": {
							"post": [53.98688, -45.61625, -79.63125],
							"lerp_mode": "catmullrom"
						},
						"2.5": {
							"post": [53.50688, -46.79625, -79.70125],
							"lerp_mode": "catmullrom"
						},
						"2.6667": {
							"post": [50.95188, -48.06625, -79.79125],
							"lerp_mode": "catmullrom"
						},
						"2.8333": {
							"post": [42.32438, -45.45308, -75.22107],
							"lerp_mode": "catmullrom"
						},
						"2.9583": {
							"post": [30.59438, -37.53625, -65.91062],
							"lerp_mode": "catmullrom"
						},
						"3.0833": {
							"post": [11.81, -31.03, -47.23937],
							"lerp_mode": "catmullrom"
						},
						"3.25": {
							"post": [-6.33611, -18.61781, -29.28676],
							"lerp_mode": "catmullrom"
						},
						"3.375": {
							"post": [-7.42, -17.88, -28.37],
							"lerp_mode": "catmullrom"
						},
						"3.5833": {
							"post": [-7.42, -21.63, -28.37],
							"lerp_mode": "catmullrom"
						},
						"3.625": {
							"post": [-7.42, -22.5675, -28.37],
							"lerp_mode": "catmullrom"
						},
						"3.6667": {
							"post": [-12.0724, -12.10216, -22.78609],
							"lerp_mode": "catmullrom"
						},
						"3.7917": {
							"post": [-8.24453, -18.24451, -32.0687],
							"lerp_mode": "catmullrom"
						},
						"3.9583": {
							"post": [-6.33611, -21.43031, -29.28676],
							"lerp_mode": "catmullrom"
						},
						"4.1667": {
							"post": [-6.33611, -18.61781, -29.28676],
							"lerp_mode": "catmullrom"
						},
						"4.2917": {
							"post": [-6.33611, -17.68031, -29.28676],
							"lerp_mode": "catmullrom"
						},
						"4.5417": {
							"post": [-4.92986, -18.61781, -29.28676],
							"lerp_mode": "catmullrom"
						},
						"4.8333": {
							"post": [-4.04999, -19.97726, -29.93807],
							"lerp_mode": "catmullrom"
						},
						"5.0833": {
							"post": [-4.29736, -18.52623, -30.27428],
							"lerp_mode": "catmullrom"
						},
						"5.25": {
							"post": [-4.94269, -18.74272, -30.57513],
							"lerp_mode": "catmullrom"
						},
						"5.5": {
							"post": [-6.81346, -18.59284, -29.28796],
							"lerp_mode": "catmullrom"
						},
						"5.7917": {
							"post": [-6.66068, -18.47569, -28.24491],
							"lerp_mode": "catmullrom"
						},
						"6.1667": {
							"post": [-7.10426, -18.51451, -28.789],
							"lerp_mode": "catmullrom"
						},
						"6.5": {
							"post": [-8.33611, -18.61781, -29.28676],
							"lerp_mode": "catmullrom"
						},
						"6.75": {
							"post": [-10.87141, -18.9545, -32.03044],
							"lerp_mode": "catmullrom"
						},
						"6.9167": {
							"post": [-1.62967, -20.90665, -42.52565],
							"lerp_mode": "catmullrom"
						},
						"7.0833": {
							"post": [0.32673, -21.28517, -44.58831],
							"lerp_mode": "catmullrom"
						},
						"7.1667": {
							"post": [-0.71943, -21.30468, -44.28108],
							"lerp_mode": "catmullrom"
						},
						"7.2083": {
							"post": [-3.73761, -20.95203, -38.3593],
							"lerp_mode": "catmullrom"
						},
						"7.2917": {
							"post": [-7.85573, -20.9931, -35.75029],
							"lerp_mode": "catmullrom"
						},
						"7.375": {
							"post": [-6.18257, -21.56467, -38.37226],
							"lerp_mode": "catmullrom"
						},
						"7.5": {
							"post": [-6.33611, -18.61781, -29.28676],
							"lerp_mode": "catmullrom"
						},
						"7.5833": {
							"post": [-10.38, -13.92, -8.1],
							"lerp_mode": "catmullrom"
						},
						"7.6667": {
							"post": [-12.66217, -5.75343, 14.70401],
							"lerp_mode": "catmullrom"
						},
						"7.7917": {
							"post": [-14.40141, 2.35395, 36.77617],
							"lerp_mode": "catmullrom"
						},
						"7.9583": {
							"post": [-14.87243, 7.19398, 49.50546],
							"lerp_mode": "catmullrom"
						},
						"8.1667": {
							"post": [-15, 9.58, 53.19],
							"lerp_mode": "catmullrom"
						},
						"8.2917": {
							"post": [-15.15, 9.67, 53.7],
							"lerp_mode": "catmullrom"
						},
						"8.4167": {
							"post": [-15.28, 9.65, 54.08],
							"lerp_mode": "catmullrom"
						},
						"8.5833": {
							"post": [-15.31, 9.63, 54.15],
							"lerp_mode": "catmullrom"
						},
						"8.7083": {
							"post": [-15.43, 9.63, 54.5],
							"lerp_mode": "catmullrom"
						},
						"8.875": {
							"post": [-15.62, 9.64, 54.74063],
							"lerp_mode": "catmullrom"
						},
						"9.0417": {
							"post": [-15.88, 9.66, 54.84313],
							"lerp_mode": "catmullrom"
						},
						"9.2083": {
							"post": [-16.11, 9.67, 54.85563],
							"lerp_mode": "catmullrom"
						},
						"9.3333": {
							"post": [-16.19, 9.66, 53.705],
							"lerp_mode": "catmullrom"
						},
						"9.4583": {
							"post": [-14.39, 9.65, 52.22688],
							"lerp_mode": "catmullrom"
						},
						"9.5833": {
							"post": [-11.27868, 9.03773, 49.31796],
							"lerp_mode": "catmullrom"
						},
						"9.7083": {
							"post": [-5.80375, 7.73313, 44.5175],
							"lerp_mode": "catmullrom"
						},
						"9.8333": {
							"post": [-1.73875, 6.11688, 34.08813],
							"lerp_mode": "catmullrom"
						},
						"9.9167": {
							"post": [0.09625, 2.63875, 25.28438],
							"lerp_mode": "catmullrom"
						},
						"10.0833": {
							"post": [0.10261, -2.48125, 7.93565],
							"lerp_mode": "catmullrom"
						},
						"10.25": {
							"post": [0.25183, -3.25976, 2.12967],
							"lerp_mode": "catmullrom"
						},
						"10.3333": [-0.00274, -0.34214, 0.80421],
						"10.4167": [0, 0.08125, -0.775],
						"10.5417": [0, 0, 0.25],
						"10.7083": [0, 0, 0]
					},
					"position": {
						"0.0": {
							"post": [0, 0, 0],
							"lerp_mode": "catmullrom"
						},
						"0.0833": {
							"post": [0.02625, -0.17, 0.01],
							"lerp_mode": "catmullrom"
						},
						"0.1667": {
							"post": [0.14063, -0.14062, 0],
							"lerp_mode": "catmullrom"
						},
						"0.25": {
							"post": [0.29063, 0.09, -0.1],
							"lerp_mode": "catmullrom"
						},
						"0.3333": {
							"post": [0.57813, 0.60938, -0.26562],
							"lerp_mode": "catmullrom"
						},
						"0.4583": {
							"post": [1, 1.77063, -0.73],
							"lerp_mode": "catmullrom"
						},
						"0.5833": {
							"post": [1.28313, 2.62813, -1.10937],
							"lerp_mode": "catmullrom"
						},
						"0.7083": {
							"post": [1.37, 2.20375, -1.26],
							"lerp_mode": "catmullrom"
						},
						"0.8333": {
							"post": [1.41875, 1.89, -1.36],
							"lerp_mode": "catmullrom"
						},
						"0.9583": {
							"post": [1.43, 1.75375, -1.4],
							"lerp_mode": "catmullrom"
						},
						"1.125": {
							"post": [1.3925, 1.69063, -1.4375],
							"lerp_mode": "catmullrom"
						},
						"1.3333": {
							"post": [1.38438, 1.74, -1.48],
							"lerp_mode": "catmullrom"
						},
						"1.5417": {
							"post": [1.38438, 1.78, -1.5],
							"lerp_mode": "catmullrom"
						},
						"1.8333": {
							"post": [1.31625, 1.84, -1.53],
							"lerp_mode": "catmullrom"
						},
						"2.0833": {
							"post": [1.20687, 1.9, -1.56],
							"lerp_mode": "catmullrom"
						},
						"2.375": {
							"post": [0.94125, 1.97, -1.59],
							"lerp_mode": "catmullrom"
						},
						"2.6667": {
							"post": [0.67125, 2.04, -1.61],
							"lerp_mode": "catmullrom"
						},
						"2.8333": {
							"post": [0.37438, 2.14375, -1.44],
							"lerp_mode": "catmullrom"
						},
						"3.0": {
							"post": [-0.16312, 2.42, -0.86],
							"lerp_mode": "catmullrom"
						},
						"3.125": {
							"post": [-0.85625, 2.66, -0.35],
							"lerp_mode": "catmullrom"
						},
						"3.25": {
							"post": [-1.09438, 2.75813, 0.09125],
							"lerp_mode": "catmullrom"
						},
						"3.375": {
							"post": [-1.22, 2.68, 0.18],
							"lerp_mode": "catmullrom"
						},
						"3.5": {
							"post": [-1.25, 2.6275, 0.2],
							"lerp_mode": "catmullrom"
						},
						"3.5833": {
							"post": [-1.31937, 2.685, 0.17],
							"lerp_mode": "catmullrom"
						},
						"3.625": {
							"post": [-1.6475, 3.16938, 0.17],
							"lerp_mode": "catmullrom"
						},
						"3.7083": {
							"post": [-1.76, 3.61063, 0.15],
							"lerp_mode": "catmullrom"
						},
						"3.7917": {
							"post": [-1.81125, 3.65875, 0.13],
							"lerp_mode": "catmullrom"
						},
						"3.875": {
							"post": [-1.8, 3.65375, 0.11],
							"lerp_mode": "catmullrom"
						},
						"3.9583": {
							"post": [-1.71937, 3.6175, 0.09125],
							"lerp_mode": "catmullrom"
						},
						"4.0417": {
							"post": [-1.55, 3.54375, 0.09],
							"lerp_mode": "catmullrom"
						},
						"4.1667": {
							"post": [-1.26625, 3.47688, 0.09125],
							"lerp_mode": "catmullrom"
						},
						"4.2917": {
							"post": [-1.09438, 3.43, 0.09125],
							"lerp_mode": "catmullrom"
						},
						"4.4167": {
							"post": [-1.08, 3.43063, 0.09],
							"lerp_mode": "catmullrom"
						},
						"4.5417": {
							"post": [-1.09438, 3.43, 0.09125],
							"lerp_mode": "catmullrom"
						},
						"4.875": {
							"post": [-1.16813, 3.18, 0.09],
							"lerp_mode": "catmullrom"
						},
						"5.1667": {
							"post": [-1.16, 2.9575, 0.09],
							"lerp_mode": "catmullrom"
						},
						"5.375": {
							"post": [-1.14937, 3.205, 0.09],
							"lerp_mode": "catmullrom"
						},
						"5.6667": {
							"post": [-1.14937, 3.27313, 0.09],
							"lerp_mode": "catmullrom"
						},
						"6.1667": {
							"post": [-1.05, 3.17125, 0.09],
							"lerp_mode": "catmullrom"
						},
						"6.5833": {
							"post": [-1.09438, 2.9925, 0.09125],
							"lerp_mode": "catmullrom"
						},
						"6.9167": {
							"post": [-1.38, 3.23188, 0.15],
							"lerp_mode": "catmullrom"
						},
						"7.0417": {
							"post": [-1.71125, 3.54813, 0.16],
							"lerp_mode": "catmullrom"
						},
						"7.1667": {
							"post": [-1.87625, 3.65813, 0.17],
							"lerp_mode": "catmullrom"
						},
						"7.2083": {
							"post": [-1.36, 1.82625, 0.17],
							"lerp_mode": "catmullrom"
						},
						"7.2917": {
							"post": [-1.52937, 2.5375, 0.18],
							"lerp_mode": "catmullrom"
						},
						"7.375": {
							"post": [-1.54187, 3.10063, 0.2],
							"lerp_mode": "catmullrom"
						},
						"7.5": {
							"post": [-1.09438, 3.08625, 0.09125],
							"lerp_mode": "catmullrom"
						},
						"7.5833": {
							"post": [-0.13, 2.7925, -0.23],
							"lerp_mode": "catmullrom"
						},
						"7.7083": {
							"post": [1.63, 2.06, -1.46],
							"lerp_mode": "catmullrom"
						},
						"7.7917": {
							"post": [2.94, 1.92688, -2.90437],
							"lerp_mode": "catmullrom"
						},
						"7.875": {
							"post": [3.6225, 2.28, -3.13375],
							"lerp_mode": "catmullrom"
						},
						"7.9583": {
							"post": [3.87, 2.57, -2.52],
							"lerp_mode": "catmullrom"
						},
						"8.0417": {
							"post": [4.03, 2.805, -1.08937],
							"lerp_mode": "catmullrom"
						},
						"8.1667": {
							"post": [4.05, 2.95, -1.65625],
							"lerp_mode": "catmullrom"
						},
						"8.2917": {
							"post": [4.08, 2.98, -1.52],
							"lerp_mode": "catmullrom"
						},
						"8.4167": {
							"post": [4.11, 3.01, -1.53],
							"lerp_mode": "catmullrom"
						},
						"8.5833": {
							"post": [4.13, 3.03, -1.54],
							"lerp_mode": "catmullrom"
						},
						"8.7083": {
							"post": [4.15, 3.06, -1.55],
							"lerp_mode": "catmullrom"
						},
						"8.875": {
							"post": [4.18875, 3.09313, -1.58],
							"lerp_mode": "catmullrom"
						},
						"9.0417": {
							"post": [4.21063, 3.04688, -1.63],
							"lerp_mode": "catmullrom"
						},
						"9.2083": {
							"post": [4.17563, 2.89688, -1.57625],
							"lerp_mode": "catmullrom"
						},
						"9.3333": {
							"post": [4.1375, 2.7025, -1.58062],
							"lerp_mode": "catmullrom"
						},
						"9.4583": {
							"post": [3.91375, 2.35938, -1.51062],
							"lerp_mode": "catmullrom"
						},
						"9.5833": {
							"post": [3.4675, 1.69563, -1.105],
							"lerp_mode": "catmullrom"
						},
						"9.6667": {
							"post": [2.48375, 0.59, -0.48],
							"lerp_mode": "catmullrom"
						},
						"9.7083": {
							"post": [1.70313, -0.51, 0.1],
							"lerp_mode": "catmullrom"
						},
						"9.75": {
							"post": [1.05125, -1.34625, 0.37],
							"lerp_mode": "catmullrom"
						},
						"9.8333": {
							"post": [0.50063, -2, 0.46],
							"lerp_mode": "catmullrom"
						},
						"9.9167": {
							"post": [0.27125, -2.27437, 0.07],
							"lerp_mode": "catmullrom"
						},
						"10.0417": {
							"post": [0.2725, -2.10437, -0.78125],
							"lerp_mode": "catmullrom"
						},
						"10.125": {
							"post": [0.20063, -1.53187, -1.0975],
							"lerp_mode": "catmullrom"
						},
						"10.1667": {
							"post": [0.095, -0.88, -0.59],
							"lerp_mode": "catmullrom"
						},
						"10.25": {
							"post": [0, 0.46563, 0.6],
							"lerp_mode": "catmullrom"
						},
						"10.375": [0, -0.125, -0.15],
						"10.4583": [0, 0, 0.15],
						"10.5833": [0, 0, 0]
					}
				},
				"mag_and_lefthand": {
					"rotation": {
						"3.5833": [0, 0, 0],
						"3.625": [0, 0, 0],
						"3.75": [-1.33592, 1.73563, -9.29078],
						"3.9583": {
							"pre": [-0.25, 0, -1.75],
							"post": [-0.25, 0, -1.75],
							"lerp_mode": "catmullrom"
						},
						"4.25": {
							"post": [-0.21448, -1.56933, 0.09718],
							"lerp_mode": "catmullrom"
						},
						"4.7083": {
							"post": [-0.38532, -2.61088, -0.14675],
							"lerp_mode": "catmullrom"
						},
						"5.0417": {
							"post": [-0.24786, 0.03263, 8.81243],
							"lerp_mode": "catmullrom"
						},
						"5.1667": {
							"post": [0.10889, -8.75214, 11.6108],
							"lerp_mode": "catmullrom"
						},
						"5.2917": {
							"post": [0.78233, -19.64514, 10.18025],
							"lerp_mode": "catmullrom"
						},
						"5.4167": {
							"post": [4.32571, -23.79506, 1.90238],
							"lerp_mode": "catmullrom"
						},
						"5.625": {
							"post": [4.57, -25.02, 1.31],
							"lerp_mode": "catmullrom"
						},
						"5.75": {
							"post": [4.48, -25.02, 1.51],
							"lerp_mode": "catmullrom"
						},
						"5.9167": {
							"post": [4.32571, -25.13881, 1.90238],
							"lerp_mode": "catmullrom"
						},
						"6.1667": {
							"post": [4.47, -26, 1.97],
							"lerp_mode": "catmullrom"
						},
						"6.4167": {
							"post": [3.69125, -25.59437, 2.05],
							"lerp_mode": "catmullrom"
						},
						"6.5833": {
							"post": [-0.35437, -24.62, 2.03],
							"lerp_mode": "catmullrom"
						},
						"6.7083": {
							"post": [-7.15866, -19.32631, 1.90238],
							"lerp_mode": "catmullrom"
						},
						"6.7917": {
							"post": [-7.00062, -11.51, 0.94],
							"lerp_mode": "catmullrom"
						},
						"6.9167": [0, 0, 0],
						"7.1667": [0, 0, 0],
						"7.2083": [0, 0, 0]
					},
					"position": {
						"3.5833": [0, 0, 0],
						"3.625": [0, -2.59375, 0],
						"3.75": [2.67688, -3.45812, -0.97625],
						"3.8333": [4.11, -3.56, -3.56],
						"3.9583": {
							"pre": [6.07813, -3.5625, -7.89062],
							"post": [6.07813, -3.5625, -7.89062],
							"lerp_mode": "catmullrom"
						},
						"4.125": {
							"post": [6.8, -3.62, -9.79],
							"lerp_mode": "catmullrom"
						},
						"4.25": {
							"post": [7.0025, -3.64, -10.51875],
							"lerp_mode": "catmullrom"
						},
						"4.4583": {
							"post": [7.07, -3.54, -10.71],
							"lerp_mode": "catmullrom"
						},
						"4.5833": {
							"post": [7.05, -3.51, -10.63],
							"lerp_mode": "catmullrom"
						},
						"4.7083": {
							"post": [7.0025, -3.64, -10.51875],
							"lerp_mode": "catmullrom"
						},
						"4.875": {
							"post": [6.86, -4.85, -10.47],
							"lerp_mode": "catmullrom"
						},
						"4.9583": {
							"post": [6.83, -5.76, -10.41],
							"lerp_mode": "catmullrom"
						},
						"5.0417": {
							"post": [6.875, -7.45312, -10.3125],
							"lerp_mode": "catmullrom"
						},
						"5.0833": {
							"post": [7.31, -5.15, -9.99],
							"lerp_mode": "catmullrom"
						},
						"5.125": {
							"post": [7.8, -2.49, -9.67],
							"lerp_mode": "catmullrom"
						},
						"5.1667": {
							"post": [8.20438, -0.46375, -9.46625],
							"lerp_mode": "catmullrom"
						},
						"5.25": {
							"post": [8.3, -1.46, -10.06],
							"lerp_mode": "catmullrom"
						},
						"5.3333": {
							"post": [8.36688, -3.6175, -10.79437],
							"lerp_mode": "catmullrom"
						},
						"5.4583": {
							"post": [8.19438, -2.95, -11.03],
							"lerp_mode": "catmullrom"
						},
						"5.5833": {
							"post": [8.00688, -2.27, -11.0825],
							"lerp_mode": "catmullrom"
						},
						"5.7917": {
							"post": [7.89563, -2.28, -10.89625],
							"lerp_mode": "catmullrom"
						},
						"5.9167": {
							"post": [7.99563, -2.28, -10.74062],
							"lerp_mode": "catmullrom"
						},
						"6.0833": {
							"post": [8.06938, -2.28, -10.6225],
							"lerp_mode": "catmullrom"
						},
						"6.2083": {
							"post": [8.11938, -2.28, -10.61312],
							"lerp_mode": "catmullrom"
						},
						"6.2917": {
							"post": [8.11563, -2.28, -10.5525],
							"lerp_mode": "catmullrom"
						},
						"6.375": {
							"post": [8.01938, -2.28, -10.2],
							"lerp_mode": "catmullrom"
						},
						"6.4583": {
							"post": [7.8825, -2.28, -9.73437],
							"lerp_mode": "catmullrom"
						},
						"6.5417": {
							"post": [7.56938, -2.26, -8.81],
							"lerp_mode": "catmullrom"
						},
						"6.625": {
							"post": [7.1325, -2.47688, -7.76312],
							"lerp_mode": "catmullrom"
						},
						"6.7083": {
							"post": [5.27, -3.37375, -5.95],
							"lerp_mode": "catmullrom"
						},
						"6.75": {
							"post": [3.96, -3.87562, -4.44],
							"lerp_mode": "catmullrom"
						},
						"6.7917": {
							"post": [2.49, -4.3825, -3.20625],
							"lerp_mode": "catmullrom"
						},
						"6.8333": {
							"post": [1.64, -3.715, -1.85],
							"lerp_mode": "catmullrom"
						},
						"6.9167": [0, -2.73437, 0],
						"7.1667": [0, -2.73437, 0],
						"7.2083": [0, 0, 0]
					}
				},
				"mag": {
					"rotation": {
						"5.0417": [0, 0, 0],
						"5.25": [0, 0, 0]
					},
					"position": {
						"5.0417": [0, 0, 0],
						"5.1667": [0, 1, 0],
						"5.25": [0, 0, 0]
					}
				},
				"gun_and_righthand": {
					"rotation": {
						"3.6667": {
							"pre": [0, 0, 0],
							"post": [0, 0, 0],
							"lerp_mode": "catmullrom"
						},
						"3.7917": {
							"post": [-0.51562, 0, 3.21875],
							"lerp_mode": "catmullrom"
						},
						"4.0": {
							"post": [-3.04687, 0, 5.54688],
							"lerp_mode": "catmullrom"
						},
						"4.2083": {
							"post": [-4.72783, 0.49234, 6.13584],
							"lerp_mode": "catmullrom"
						},
						"4.4167": {
							"post": [-5.32749, 0.85608, 6.44551],
							"lerp_mode": "catmullrom"
						},
						"4.6667": {
							"post": [-5.73778, 1.15574, 6.67713],
							"lerp_mode": "catmullrom"
						},
						"4.875": {
							"post": [-6.11432, 1.24636, 6.60864],
							"lerp_mode": "catmullrom"
						},
						"5.0833": {
							"post": [-6.55054, 1.46155, 6.35169],
							"lerp_mode": "catmullrom"
						},
						"5.4167": {
							"post": [-5.83327, 1.6233, 6.161],
							"lerp_mode": "catmullrom"
						},
						"5.6667": {
							"post": [-5.23932, 1.71511, 6.60864],
							"lerp_mode": "catmullrom"
						},
						"5.8333": {
							"post": [-5.29, 1.75, 6.82],
							"lerp_mode": "catmullrom"
						},
						"6.0833": {
							"post": [-5.49, 1.77, 7.02],
							"lerp_mode": "catmullrom"
						},
						"6.2917": {
							"post": [-5.57625, 1.6325, 6.70438],
							"lerp_mode": "catmullrom"
						},
						"6.4583": {
							"post": [-5.14, 1.34, 6.00438],
							"lerp_mode": "catmullrom"
						},
						"6.5833": {
							"post": [-4.00495, 0.91823, 4.74926],
							"lerp_mode": "catmullrom"
						},
						"6.6667": {
							"post": [-2.59, 0.58562, 3.27],
							"lerp_mode": "catmullrom"
						},
						"6.75": {
							"post": [0, 0, 0],
							"lerp_mode": "catmullrom"
						}
					},
					"position": {
						"3.6667": {
							"pre": [0, 0, 0],
							"post": [0, 0, 0],
							"lerp_mode": "catmullrom"
						},
						"3.7917": {
							"post": [-0.07812, 0.04688, 0.125],
							"lerp_mode": "catmullrom"
						},
						"4.0833": {
							"post": [-0.25187, 0.09438, 0.255],
							"lerp_mode": "catmullrom"
						},
						"4.3333": {
							"post": [-0.3725, 0.13125, 0.29],
							"lerp_mode": "catmullrom"
						},
						"4.5833": {
							"post": [-0.44062, 0.13688, 0.30688],
							"lerp_mode": "catmullrom"
						},
						"4.875": {
							"post": [-0.47187, 0.12125, 0.34125],
							"lerp_mode": "catmullrom"
						},
						"5.1667": {
							"post": [-0.4875, 0.12375, 0.34125],
							"lerp_mode": "catmullrom"
						},
						"5.375": {
							"post": [-0.4875, 0.12625, 0.33],
							"lerp_mode": "catmullrom"
						},
						"5.6667": {
							"post": [-0.4875, 0.1525, 0.31],
							"lerp_mode": "catmullrom"
						},
						"5.9167": {
							"post": [-0.5, 0.16, 0.32],
							"lerp_mode": "catmullrom"
						},
						"6.1667": {
							"post": [-0.52, 0.16, 0.33],
							"lerp_mode": "catmullrom"
						},
						"6.375": {
							"post": [-0.49312, 0.13875, 0.34],
							"lerp_mode": "catmullrom"
						},
						"6.5833": {
							"post": [-0.34687, 0.07438, 0.2475],
							"lerp_mode": "catmullrom"
						},
						"6.75": {
							"post": [0, 0, 0],
							"lerp_mode": "catmullrom"
						}
					}
				},
				"camera": {
					"rotation": {
						"0.0": {
							"post": [0, 0, 0],
							"lerp_mode": "catmullrom"
						},
						"0.3333": {
							"post": [-1.4588, -3.56454, -1.14367],
							"lerp_mode": "catmullrom"
						},
						"0.7083": {
							"post": [-0.11468, -5.99611, 1.1894],
							"lerp_mode": "catmullrom"
						},
						"1.0417": {
							"post": [-1.00963, -5.99719, 0.1839],
							"lerp_mode": "catmullrom"
						},
						"1.5417": {
							"post": [-1.01164, -6.99704, 0.20166],
							"lerp_mode": "catmullrom"
						},
						"2.375": {
							"post": [-1.50769, -5.24745, 0.16406],
							"lerp_mode": "catmullrom"
						},
						"2.875": {
							"post": [-2.25654, -4.74762, 0.15086],
							"lerp_mode": "catmullrom"
						},
						"3.125": {
							"post": [-1.4588, -3.56454, -1.14367],
							"lerp_mode": "catmullrom"
						},
						"3.3333": {
							"post": [0, -0.89062, 0],
							"lerp_mode": "catmullrom"
						},
						"3.5": {
							"post": [0.18423, 0.13219, 0.03368],
							"lerp_mode": "catmullrom"
						},
						"3.5833": {
							"post": [1.14063, 0, 0],
							"lerp_mode": "catmullrom"
						},
						"3.625": {
							"post": [-1.32812, 0, 0.75],
							"lerp_mode": "catmullrom"
						},
						"3.7083": {
							"post": [0.30967, 0.09156, -0.85824],
							"lerp_mode": "catmullrom"
						},
						"3.7917": {
							"post": [0.30368, -0.71546, -0.28264],
							"lerp_mode": "catmullrom"
						},
						"3.9583": {
							"post": [0.10765, -1.44768, -0.68901],
							"lerp_mode": "catmullrom"
						},
						"4.125": {
							"post": [0.08184, -2.12737, -1.03175],
							"lerp_mode": "catmullrom"
						},
						"4.3333": {
							"post": [0.03897, -3.06054, -0.46858],
							"lerp_mode": "catmullrom"
						},
						"4.75": {
							"post": [1.28897, -3.06054, -0.46858],
							"lerp_mode": "catmullrom"
						},
						"4.9583": {
							"post": [2.52616, -2.8372, -1.10226],
							"lerp_mode": "catmullrom"
						},
						"5.1667": {
							"post": [1.51645, -2.74907, -1.81947],
							"lerp_mode": "catmullrom"
						},
						"5.2917": {
							"post": [2.41379, -3.3929, -1.7449],
							"lerp_mode": "catmullrom"
						},
						"5.5833": {
							"post": [2.52616, -2.8372, -1.10226],
							"lerp_mode": "catmullrom"
						},
						"6.0833": {
							"post": [1.28897, -3.06054, -0.51545],
							"lerp_mode": "catmullrom"
						},
						"6.5833": {
							"post": [0.84556, -1.63417, -0.12956],
							"lerp_mode": "catmullrom"
						},
						"7.0": {
							"post": [-0.26136, 0.96326, -0.07572],
							"lerp_mode": "catmullrom"
						},
						"7.125": {
							"post": [-0.4981, 1.97928, -0.08594],
							"lerp_mode": "catmullrom"
						},
						"7.1667": {
							"post": [-0.4981, 1.97928, -0.08594],
							"lerp_mode": "catmullrom"
						},
						"7.2083": {
							"post": [-0.99723, 1.96408, -1.83587],
							"lerp_mode": "catmullrom"
						},
						"7.2917": {
							"post": [-0.49783, 1.9902, -0.3361],
							"lerp_mode": "catmullrom"
						},
						"7.375": {
							"post": [-0.905, 1.94, -0.64812],
							"lerp_mode": "catmullrom"
						},
						"7.5833": {
							"post": [-0.26136, 0.96326, -0.07572],
							"lerp_mode": "catmullrom"
						},
						"7.7083": {
							"post": [0.98851, 0.21337, -0.08866],
							"lerp_mode": "catmullrom"
						},
						"7.875": {
							"post": [0.03278, 0.19469, -0.61684],
							"lerp_mode": "catmullrom"
						},
						"7.9583": {
							"post": [0.98563, 0.22629, -0.83855],
							"lerp_mode": "catmullrom"
						},
						"8.0833": {
							"post": [1.23563, 0.22629, -0.83855],
							"lerp_mode": "catmullrom"
						},
						"8.2917": {
							"post": [1.23563, 0.22629, -0.83855],
							"lerp_mode": "catmullrom"
						},
						"8.625": {
							"post": [1.98257, 0.24245, -1.58838],
							"lerp_mode": "catmullrom"
						},
						"9.0417": {
							"post": [1.51408, 0.19263, 1.21512],
							"lerp_mode": "catmullrom"
						},
						"9.375": {
							"post": [1.23563, 0.22629, -0.01043],
							"lerp_mode": "catmullrom"
						},
						"9.7917": {
							"post": [2.75072, 0.36018, 0.48713],
							"lerp_mode": "catmullrom"
						},
						"10.0417": {
							"post": [-0.94663, 0.4398, 0.90202],
							"lerp_mode": "catmullrom"
						},
						"10.1667": {
							"post": [0, 0.42188, 1],
							"lerp_mode": "catmullrom"
						},
						"10.2917": {
							"post": [0.915, 0, 0.52],
							"lerp_mode": "catmullrom"
						},
						"10.4167": {
							"post": [-0.3, 0, -0.13437],
							"lerp_mode": "catmullrom"
						},
						"10.5417": [0.25, 0, 0.05],
						"10.75": [0, 0, 0]
					}
				}
			}
		},
		"蓄力1": {
			"animation_length": 0.4167,
			"bones": {
				"barrel": {
					"rotation": {
						"0.0": {
							"post": [0, 0, 0],
							"lerp_mode": "catmullrom"
						},
						"0.0417": {
							"post": [0, 0, -7.28375],
							"lerp_mode": "catmullrom"
						},
						"0.0833": {
							"post": [0, 0, -23.24875],
							"lerp_mode": "catmullrom"
						},
						"0.125": {
							"post": [0, 0, -46.17687],
							"lerp_mode": "catmullrom"
						},
						"0.1667": {
							"post": [0, 0, -84.09],
							"lerp_mode": "catmullrom"
						},
						"0.2083": {
							"post": [0, 0, -136.12813],
							"lerp_mode": "catmullrom"
						},
						"0.25": {
							"post": [0, 0, -193.43],
							"lerp_mode": "catmullrom"
						},
						"0.2917": {
							"post": [0, 0, -237.57],
							"lerp_mode": "catmullrom"
						},
						"0.3333": {
							"post": [0, 0, -286],
							"lerp_mode": "catmullrom"
						},
						"0.375": {
							"post": [0, 0, -326.03],
							"lerp_mode": "catmullrom"
						},
						"0.4167": {
							"post": [0, 0, -360],
							"lerp_mode": "catmullrom"
						}
					}
				}
			}
		},
		"蓄力2": {
			"loop": true,
			"animation_length": 0.4167,
			"bones": {
				"barrel": {
					"rotation": {
						"0.0": [0, 0, 0],
						"0.4167": [0, 0, -360]
					}
				}
			}
		},
		"shoot": {
			"animation_length": 0.875,
			"bones": {
				"root": {
					"rotation": {
						"0.0": {
							"post": [0, 0, 0],
							"lerp_mode": "catmullrom"
						},
						"0.0167": {
							"post": [-1.74688, 0, -1.125],
							"lerp_mode": "catmullrom"
						},
						"0.05": {
							"post": [-1.46953, 0, 1.3],
							"lerp_mode": "catmullrom"
						},
						"0.1333": {
							"post": [0.13047, 0, -0.815],
							"lerp_mode": "catmullrom"
						},
						"0.1833": {
							"post": [-0.125, 0, 0.48281],
							"lerp_mode": "catmullrom"
						},
						"0.25": {
							"post": [0.01641, 0.00036, -0.76172],
							"lerp_mode": "catmullrom"
						},
						"0.35": {
							"post": [0.3, 0, 0.175],
							"lerp_mode": "catmullrom"
						},
						"0.45": {
							"post": [0.37485, -0.36189, -0.1543],
							"lerp_mode": "catmullrom"
						},
						"0.5667": {
							"post": [0.24996, -0.05436, 0.27499],
							"lerp_mode": "catmullrom"
						},
						"0.7167": [-0.01, 0, -0.03],
						"0.8333": [0, 0, 0]
					},
					"position": {
						"0.0": {
							"post": [0, 0, 0],
							"lerp_mode": "catmullrom"
						},
						"0.0167": {
							"post": [0, -0.06875, 1.55234],
							"lerp_mode": "catmullrom"
						},
						"0.1167": {
							"post": [0, -0.05469, 1.39406],
							"lerp_mode": "catmullrom"
						},
						"0.1833": {
							"post": [0, -0.15156, -0.09609],
							"lerp_mode": "catmullrom"
						},
						"0.3": {
							"post": [0, -0.075, 0.05703],
							"lerp_mode": "catmullrom"
						},
						"0.4": {
							"post": [0, -0.06, 0.02],
							"lerp_mode": "catmullrom"
						},
						"0.5167": {
							"post": [0, 0, 0],
							"lerp_mode": "catmullrom"
						},
						"0.6333": [0, 0, 0],
						"0.7667": [0, 0, 0]
					}
				},
				"barrel": {
					"rotation": {
						"0.0": {
							"post": [0, 0, 0],
							"lerp_mode": "catmullrom"
						},
						"0.05": {
							"post": [0, 0, -81.7525],
							"lerp_mode": "catmullrom"
						},
						"0.0833": {
							"post": [0, 0, -182.29562],
							"lerp_mode": "catmullrom"
						},
						"0.1333": {
							"post": [0, 0, -253.1925],
							"lerp_mode": "catmullrom"
						},
						"0.1667": {
							"post": [0, 0, -293.60562],
							"lerp_mode": "catmullrom"
						},
						"0.2": {
							"post": [0, 0, -321.675],
							"lerp_mode": "catmullrom"
						},
						"0.25": {
							"post": [0, 0, -334.78937],
							"lerp_mode": "catmullrom"
						},
						"0.3": {
							"post": [0, 0, -344.85125],
							"lerp_mode": "catmullrom"
						},
						"0.3333": {
							"post": [0, 0, -351.64062],
							"lerp_mode": "catmullrom"
						},
						"0.3833": {
							"post": [0, 0, -357.57687],
							"lerp_mode": "catmullrom"
						},
						"0.4167": {
							"post": [0, 0, -360],
							"lerp_mode": "catmullrom"
						}
					}
				},
				"camera": {
					"rotation": {
						"0.0": {
							"post": [0, 0, 0],
							"lerp_mode": "catmullrom"
						},
						"0.0167": {
							"post": [0, 0, 0],
							"lerp_mode": "catmullrom"
						},
						"0.0333": {
							"post": [0, 0, 1.025],
							"lerp_mode": "catmullrom"
						},
						"0.05": {
							"post": [0, 0, -0.7],
							"lerp_mode": "catmullrom"
						},
						"0.0833": {
							"post": [0, 0, 0.6],
							"lerp_mode": "catmullrom"
						},
						"0.1333": {
							"post": [0, 0, -0.3],
							"lerp_mode": "catmullrom"
						},
						"0.2": {
							"post": [0, 0, 0.35],
							"lerp_mode": "catmullrom"
						},
						"0.2833": {
							"post": [0, 0, -0.15],
							"lerp_mode": "catmullrom"
						},
						"0.3833": {
							"post": [0, 0, 0],
							"lerp_mode": "catmullrom"
						}
					}
				}
			}
		},
		"static_bolt_caught": {
			"loop": true
		}
	}
}