{
	"format_version": "1.12.0",
	"minecraft:geometry": [
		{
			"description": {
				"identifier": "geometry.unknown",
				"texture_width": 128,
				"texture_height": 128,
				"visible_bounds_width": 7,
				"visible_bounds_height": 3.5,
				"visible_bounds_offset": [0, 1.25, 0]
			},
			"bones": [
				{
					"name": "scope_body",
					"pivot": [0, 0, 0],
					"rotation": [90, 0, 0],
					"cubes": [
						{
							"origin": [-2.87, 13.37095, -16.87248],
							"size": [0.156, 0.563, 0.303],
							"pivot": [0, 13.65245, -1.98961],
							"rotation": [90, 90, 0],
							"uv": {
								"north": {"uv": [28, 0], "uv_size": [0.125, 0.625]},
								"east": {"uv": [24, 24], "uv_size": [0.25, 0.625]},
								"south": {"uv": [1, 28], "uv_size": [0.125, 0.625]},
								"west": {"uv": [0, 25], "uv_size": [0.25, 0.625]},
								"up": {"uv": [29, 23], "uv_size": [0.125, 0.25]},
								"down": {"uv": [24, 29.25], "uv_size": [0.125, -0.25]}
							}
						},
						{
							"origin": [-3.31, 12.96095, -16.70248],
							"size": [0.025, 0.118, 3.615],
							"inflate": 0.001,
							"pivot": [0, 13.65245, -1.98961],
							"rotation": [90, 90, 0],
							"uv": {
								"down": {"uv": [0, 22.625], "uv_size": [0.125, -3.625]}
							}
						},
						{
							"origin": [-3.335, 12.96095, -14.80248],
							"size": [0.05, 0.118, 3.215],
							"inflate": 0.001,
							"pivot": [0, 13.65245, -1.98961],
							"rotation": [90, 90, 0],
							"uv": {
								"down": {"uv": [0, 22.625], "uv_size": [0.125, -3.625]}
							}
						},
						{
							"origin": [3.285, 12.96095, -16.70248],
							"size": [0.025, 0.118, 3.615],
							"inflate": 0.001,
							"pivot": [0, 13.65245, -1.98961],
							"rotation": [90, -90, 0],
							"uv": {
								"down": {"uv": [11, 22.625], "uv_size": [0.125, -3.625]}
							}
						},
						{
							"origin": [3.285, 12.96095, -14.80248],
							"size": [0.05, 0.118, 3.215],
							"inflate": 0.001,
							"pivot": [0, 13.65245, -1.98961],
							"rotation": [90, -90, 0],
							"uv": {
								"down": {"uv": [11, 22.625], "uv_size": [0.125, -3.625]}
							}
						},
						{
							"origin": [-2.802, 12.96095, -14.64048],
							"size": [0.106, 0.118, 1.453],
							"pivot": [0, 13.65245, -1.98961],
							"rotation": [90, 90, 0],
							"uv": {
								"north": {"uv": [22, 31], "uv_size": [0.125, 0.125]},
								"east": {"uv": [11, 24], "uv_size": [1.5, 0.125]},
								"south": {"uv": [31, 22], "uv_size": [0.125, 0.125]},
								"west": {"uv": [24, 12], "uv_size": [1.5, 0.125]},
								"up": {"uv": [13, 24], "uv_size": [0.125, 1.5]},
								"down": {"uv": [14, 25.5], "uv_size": [0.125, -1.5]}
							}
						},
						{
							"origin": [1.39533, 27.49432, 0.35041],
							"size": [0.038, 0.45, 0.201],
							"pivot": [0, 13.65245, -1.98961],
							"rotation": [0, -44.555, 180],
							"uv": {
								"north": {"uv": [28, 8], "uv_size": [0.125, 0.5]},
								"east": {"uv": [26, 19], "uv_size": [0.25, 0.5]},
								"south": {"uv": [9, 28], "uv_size": [0.125, 0.5]},
								"west": {"uv": [20, 26], "uv_size": [0.25, 0.5]}
							}
						},
						{
							"origin": [-0.7235, 27.49432, 0.64039],
							"size": [0.037, 0.45, 0.202],
							"pivot": [0, 13.65245, -1.98961],
							"rotation": [0, 0, 180],
							"uv": {
								"north": {"uv": [28, 9], "uv_size": [0.125, 0.5]},
								"east": {"uv": [26, 20], "uv_size": [0.25, 0.5]},
								"south": {"uv": [10, 28], "uv_size": [0.125, 0.5]},
								"west": {"uv": [21, 26], "uv_size": [0.25, 0.5]}
							}
						},
						{
							"origin": [-2.749, 27.49432, -2.79511],
							"size": [0.038, 0.45, 0.199],
							"pivot": [0, 13.65245, -1.98961],
							"rotation": [180, 90, 0],
							"uv": {
								"north": {"uv": [28, 10], "uv_size": [0.125, 0.5]},
								"east": {"uv": [26, 21], "uv_size": [0.25, 0.5]},
								"south": {"uv": [11, 28], "uv_size": [0.125, 0.5]},
								"west": {"uv": [22, 26], "uv_size": [0.25, 0.5]}
							}
						},
						{
							"origin": [-2.43678, 27.49432, -0.63953],
							"size": [0.038, 0.45, 0.201],
							"pivot": [0, 13.65245, -1.98961],
							"rotation": [0, 44.555, 180],
							"uv": {
								"north": {"uv": [28, 11], "uv_size": [0.125, 0.5]},
								"east": {"uv": [26, 22], "uv_size": [0.25, 0.5]},
								"south": {"uv": [12, 28], "uv_size": [0.125, 0.5]},
								"west": {"uv": [26, 23], "uv_size": [0.25, 0.5]}
							}
						},
						{
							"origin": [1.38633, 27.91532, 0.30641],
							"size": [0.054, 0.236, 0.289],
							"pivot": [0, 13.65245, -1.98961],
							"rotation": [0, -44.555, 180],
							"uv": {
								"north": {"uv": [29, 24], "uv_size": [0.125, 0.25]},
								"east": {"uv": [28, 12], "uv_size": [0.25, 0.25]},
								"south": {"uv": [25, 29], "uv_size": [0.125, 0.25]},
								"west": {"uv": [13, 28], "uv_size": [0.25, 0.25]},
								"up": {"uv": [29, 25], "uv_size": [0.125, 0.25]},
								"down": {"uv": [26, 29.25], "uv_size": [0.125, -0.25]}
							}
						},
						{
							"origin": [-0.7315, 27.91532, 0.59539],
							"size": [0.054, 0.236, 0.29],
							"pivot": [0, 13.65245, -1.98961],
							"rotation": [0, 0, 180],
							"uv": {
								"north": {"uv": [29, 26], "uv_size": [0.125, 0.25]},
								"east": {"uv": [28, 13], "uv_size": [0.25, 0.25]},
								"south": {"uv": [27, 29], "uv_size": [0.125, 0.25]},
								"west": {"uv": [14, 28], "uv_size": [0.25, 0.25]},
								"up": {"uv": [29, 27], "uv_size": [0.125, 0.25]},
								"down": {"uv": [28, 29.25], "uv_size": [0.125, -0.25]}
							}
						},
						{
							"origin": [-2.758, 27.91532, -2.83811],
							"size": [0.054, 0.236, 0.286],
							"pivot": [0, 13.65245, -1.98961],
							"rotation": [180, 90, 0],
							"uv": {
								"north": {"uv": [29, 28], "uv_size": [0.125, 0.25]},
								"east": {"uv": [28, 14], "uv_size": [0.25, 0.25]},
								"south": {"uv": [29, 29], "uv_size": [0.125, 0.25]},
								"west": {"uv": [15, 28], "uv_size": [0.25, 0.25]},
								"up": {"uv": [0, 30], "uv_size": [0.125, 0.25]},
								"down": {"uv": [30, 0.25], "uv_size": [0.125, -0.25]}
							}
						},
						{
							"origin": [-2.44578, 27.91532, -0.68353],
							"size": [0.054, 0.236, 0.289],
							"pivot": [0, 13.65245, -1.98961],
							"rotation": [0, 44.555, 180],
							"uv": {
								"north": {"uv": [1, 30], "uv_size": [0.125, 0.25]},
								"east": {"uv": [28, 15], "uv_size": [0.25, 0.25]},
								"south": {"uv": [30, 1], "uv_size": [0.125, 0.25]},
								"west": {"uv": [16, 28], "uv_size": [0.25, 0.25]},
								"up": {"uv": [2, 30], "uv_size": [0.125, 0.25]},
								"down": {"uv": [30, 2.25], "uv_size": [0.125, -0.25]}
							}
						},
						{
							"origin": [1.38633, 26.77632, 0.30641],
							"size": [0.054, 1.093, 0.289],
							"pivot": [0, 13.65245, -1.98961],
							"rotation": [0, -44.555, 180],
							"uv": {
								"north": {"uv": [25, 7], "uv_size": [0.125, 1.125]},
								"east": {"uv": [20, 15], "uv_size": [0.25, 1.125]},
								"south": {"uv": [8, 25], "uv_size": [0.125, 1.125]},
								"west": {"uv": [16, 20], "uv_size": [0.25, 1.125]},
								"up": {"uv": [3, 30], "uv_size": [0.125, 0.25]},
								"down": {"uv": [30, 3.25], "uv_size": [0.125, -0.25]}
							}
						},
						{
							"origin": [-0.7315, 26.77632, 0.59539],
							"size": [0.054, 1.093, 0.29],
							"pivot": [0, 13.65245, -1.98961],
							"rotation": [0, 0, 180],
							"uv": {
								"north": {"uv": [9, 25], "uv_size": [0.125, 1.125]},
								"east": {"uv": [20, 18], "uv_size": [0.25, 1.125]},
								"south": {"uv": [25, 10], "uv_size": [0.125, 1.125]},
								"west": {"uv": [19, 20], "uv_size": [0.25, 1.125]},
								"up": {"uv": [4, 30], "uv_size": [0.125, 0.25]},
								"down": {"uv": [30, 4.25], "uv_size": [0.125, -0.25]}
							}
						},
						{
							"origin": [-2.758, 26.77632, -2.83811],
							"size": [0.054, 1.093, 0.286],
							"pivot": [0, 13.65245, -1.98961],
							"rotation": [180, 90, 0],
							"uv": {
								"north": {"uv": [11, 25], "uv_size": [0.125, 1.125]},
								"east": {"uv": [20, 20], "uv_size": [0.25, 1.125]},
								"south": {"uv": [12, 25], "uv_size": [0.125, 1.125]},
								"west": {"uv": [3, 21], "uv_size": [0.25, 1.125]},
								"up": {"uv": [5, 30], "uv_size": [0.125, 0.25]},
								"down": {"uv": [30, 5.25], "uv_size": [0.125, -0.25]}
							}
						},
						{
							"origin": [-2.44578, 26.77632, -0.68353],
							"size": [0.054, 1.093, 0.289],
							"pivot": [0, 13.65245, -1.98961],
							"rotation": [0, 44.555, 180],
							"uv": {
								"north": {"uv": [25, 14], "uv_size": [0.125, 1.125]},
								"east": {"uv": [4, 21], "uv_size": [0.25, 1.125]},
								"south": {"uv": [15, 25], "uv_size": [0.125, 1.125]},
								"west": {"uv": [21, 4], "uv_size": [0.25, 1.125]},
								"up": {"uv": [6, 30], "uv_size": [0.125, 0.25]},
								"down": {"uv": [30, 6.25], "uv_size": [0.125, -0.25]}
							}
						},
						{
							"origin": [-2.38303, 14.95003, -16.20548],
							"size": [0.114, 0.118, 1.021],
							"pivot": [0, 13.65245, -1.98961],
							"rotation": [90, 135, 0],
							"uv": {
								"north": {"uv": [24, 31], "uv_size": [0.125, 0.125]},
								"east": {"uv": [26, 24], "uv_size": [1, 0.125]},
								"south": {"uv": [31, 24], "uv_size": [0.125, 0.125]},
								"west": {"uv": [25, 26], "uv_size": [1, 0.125]},
								"up": {"uv": [26, 25], "uv_size": [0.125, 1]},
								"down": {"uv": [26, 27], "uv_size": [0.125, -1]}
							}
						},
						{
							"origin": [-2.15322, 15.17984, -16.20548],
							"size": [0.114, 0.118, 1.021],
							"pivot": [0, 13.65245, -1.98961],
							"rotation": [90, 135, 0],
							"uv": {
								"north": {"uv": [25, 31], "uv_size": [0.125, 0.125]},
								"east": {"uv": [27, 0], "uv_size": [1, 0.125]},
								"south": {"uv": [31, 25], "uv_size": [0.125, 0.125]},
								"west": {"uv": [27, 1], "uv_size": [1, 0.125]},
								"up": {"uv": [27, 2], "uv_size": [0.125, 1]},
								"down": {"uv": [3, 28], "uv_size": [0.125, -1]}
							}
						},
						{
							"origin": [-2.90939, 15.64331, -17.10348],
							"size": [0.11357, 0.17135, 6.287],
							"pivot": [0, 13.65245, -1.98961],
							"rotation": [90, 135, 0],
							"uv": {
								"north": {"uv": [26, 31], "uv_size": [0.125, 0.125]},
								"east": {"uv": [12, 6], "uv_size": [6.25, 0.125]},
								"south": {"uv": [31, 26], "uv_size": [0.125, 0.125]},
								"west": {"uv": [13, 7], "uv_size": [6.25, 0.125]},
								"up": {"uv": [6, 13], "uv_size": [0.125, 6.25]},
								"down": {"uv": [13, 14.25], "uv_size": [0.125, -6.25]}
							}
						},
						{
							"origin": [-2.894, 24.57932, -2.40511],
							"size": [0.053, 4.287, 0],
							"pivot": [0, 13.65245, -1.98961],
							"rotation": [180, 90, 0],
							"uv": {
								"north": {"uv": [7, 18], "uv_size": [0.125, 4.25]},
								"south": {"uv": [8, 18], "uv_size": [0.125, 4.25]}
							}
						},
						{
							"origin": [2.79582, 15.6426, -17.10348],
							"size": [0.11286, 0.17206, 6.288],
							"pivot": [0, 13.65245, -1.98961],
							"rotation": [90, -135, 0],
							"uv": {
								"north": {"uv": [27, 31], "uv_size": [0.125, 0.125]},
								"east": {"uv": [14, 4], "uv_size": [6.25, 0.125]},
								"south": {"uv": [31, 27], "uv_size": [0.125, 0.125]},
								"west": {"uv": [14, 5], "uv_size": [6.25, 0.125]},
								"up": {"uv": [9, 13], "uv_size": [0.125, 6.25]},
								"down": {"uv": [14, 14.25], "uv_size": [0.125, -6.25]}
							}
						},
						{
							"origin": [-2.59848, 15.33304, -17.10348],
							"size": [0.297, 0.111, 6.287],
							"pivot": [0, 13.65245, -1.98961],
							"rotation": [90, 135, 0],
							"uv": {
								"north": {"uv": [7, 30], "uv_size": [0.25, 0.125]},
								"east": {"uv": [15, 8], "uv_size": [6.25, 0.125]},
								"south": {"uv": [30, 7], "uv_size": [0.25, 0.125]},
								"west": {"uv": [15, 9], "uv_size": [6.25, 0.125]},
								"up": {"uv": [9, 6], "uv_size": [0.25, 6.25]},
								"down": {"uv": [10, 6.25], "uv_size": [0.25, -6.25]}
							}
						},
						{
							"origin": [-3.465, 13.00295, -17.10348],
							"size": [0.439, 0.111, 6.287],
							"pivot": [0, 13.65245, -1.98961],
							"rotation": [90, 90, 0],
							"uv": {
								"north": {"uv": [28, 16], "uv_size": [0.5, 0.125]},
								"east": {"uv": [15, 10], "uv_size": [6.25, 0.125]},
								"south": {"uv": [17, 28], "uv_size": [0.5, 0.125]},
								"west": {"uv": [15, 11], "uv_size": [6.25, 0.125]},
								"up": {"uv": [0, 6], "uv_size": [0.5, 6.25]},
								"down": {"uv": [6, 6.25], "uv_size": [0.5, -6.25]}
							}
						},
						{
							"origin": [-2.894, 13.36995, -15.60448],
							"size": [0.549, 0.563, 2.036],
							"pivot": [0, 13.65245, -1.98961],
							"rotation": [90, 90, 0],
							"uv": {
								"north": {"uv": [12, 20], "uv_size": [0.5, 0.625]},
								"east": {"uv": [12, 4], "uv_size": [2, 0.625]},
								"south": {"uv": [13, 20], "uv_size": [0.5, 0.625]},
								"west": {"uv": [12, 5], "uv_size": [2, 0.625]},
								"up": {"uv": [4, 13], "uv_size": [0.5, 2]},
								"down": {"uv": [5, 15], "uv_size": [0.5, -2]}
							}
						},
						{
							"origin": [-3.02, 13.53537, -15.97609],
							"size": [0.125, 0.563, 2.036],
							"pivot": [-0.001, 13.81787, -2.36122],
							"rotation": [90, 90, 0],
							"uv": {
								"north": {"uv": [28, 1], "uv_size": [0.125, 0.625]},
								"east": {"uv": [24, 2], "uv_size": [2, 0.625]},
								"south": {"uv": [2, 28], "uv_size": [0.125, 0.625]},
								"west": {"uv": [3, 24], "uv_size": [2, 0.625]},
								"up": {"uv": [24, 3], "uv_size": [0.125, 2]},
								"down": {"uv": [5, 26], "uv_size": [0.125, -2]}
							}
						},
						{
							"origin": [-2.725, 13.37095, -16.11548],
							"size": [0.331, 0.563, 0.881],
							"pivot": [0, 13.65245, -1.98961],
							"rotation": [90, 90, 0],
							"uv": {
								"north": {"uv": [11, 23], "uv_size": [0.375, 0.625]},
								"east": {"uv": [11, 15], "uv_size": [0.875, 0.625]},
								"south": {"uv": [23, 11], "uv_size": [0.375, 0.625]},
								"west": {"uv": [11, 16], "uv_size": [0.875, 0.625]},
								"up": {"uv": [9, 20], "uv_size": [0.375, 0.875]},
								"down": {"uv": [10, 20.875], "uv_size": [0.375, -0.875]}
							}
						},
						{
							"origin": [-2.826, 13.37095, -16.70648],
							"size": [0.346, 0.563, 0.646],
							"pivot": [0, 13.65245, -1.98961],
							"rotation": [90, 90, 0],
							"uv": {
								"north": {"uv": [12, 23], "uv_size": [0.375, 0.625]},
								"east": {"uv": [12, 19], "uv_size": [0.625, 0.625]},
								"south": {"uv": [23, 12], "uv_size": [0.375, 0.625]},
								"west": {"uv": [13, 19], "uv_size": [0.625, 0.625]},
								"up": {"uv": [13, 23], "uv_size": [0.375, 0.625]},
								"down": {"uv": [23, 13.625], "uv_size": [0.375, -0.625]}
							}
						},
						{
							"origin": [-2.851, 13.37095, -16.78948],
							"size": [0.262, 0.563, 0.646],
							"pivot": [0, 13.65245, -1.98961],
							"rotation": [90, 90, 0],
							"uv": {
								"north": {"uv": [25, 0], "uv_size": [0.25, 0.625]},
								"east": {"uv": [14, 19], "uv_size": [0.625, 0.625]},
								"south": {"uv": [1, 25], "uv_size": [0.25, 0.625]},
								"west": {"uv": [15, 19], "uv_size": [0.625, 0.625]},
								"up": {"uv": [25, 1], "uv_size": [0.25, 0.625]},
								"down": {"uv": [2, 25.625], "uv_size": [0.25, -0.625]}
							}
						},
						{
							"origin": [-2.822, 13.03395, 10.03226],
							"size": [0.126, 1.238, 2.194],
							"pivot": [0, 13.65245, -1.98961],
							"rotation": [-90, 90, 0],
							"uv": {
								"north": {"uv": [3, 25], "uv_size": [0.125, 1.25]},
								"east": {"uv": [7, 0], "uv_size": [2.25, 1.25]},
								"south": {"uv": [25, 3], "uv_size": [0.125, 1.25]},
								"west": {"uv": [7, 2], "uv_size": [2.25, 1.25]},
								"up": {"uv": [5, 21], "uv_size": [0.125, 2.25]},
								"down": {"uv": [9, 23.25], "uv_size": [0.125, -2.25]}
							}
						},
						{
							"origin": [2.69088, -0.64142, -1.60285],
							"size": [0.2, 0.45, 0.044],
							"pivot": [0, 13.65245, -1.98961],
							"rotation": [0, -67.183, 0],
							"uv": {
								"north": {"uv": [27, 3], "uv_size": [0.25, 0.5]},
								"east": {"uv": [28, 17], "uv_size": [0.125, 0.5]},
								"south": {"uv": [4, 27], "uv_size": [0.25, 0.5]},
								"west": {"uv": [18, 28], "uv_size": [0.125, 0.5]}
							}
						},
						{
							"origin": [-0.47705, -0.64142, 0.7826],
							"size": [0.198, 0.45, 0.044],
							"pivot": [0, 13.65245, -1.98961],
							"rotation": [0, 22.187, 0],
							"uv": {
								"north": {"uv": [27, 4], "uv_size": [0.25, 0.5]},
								"east": {"uv": [28, 18], "uv_size": [0.125, 0.5]},
								"south": {"uv": [27, 5], "uv_size": [0.25, 0.5]},
								"west": {"uv": [19, 28], "uv_size": [0.125, 0.5]}
							}
						},
						{
							"origin": [2.14371, -0.64142, -3.72095],
							"size": [0.2, 0.45, 0.044],
							"pivot": [0, 13.65245, -1.98961],
							"rotation": [0, -112.817, 0],
							"uv": {
								"north": {"uv": [6, 27], "uv_size": [0.25, 0.5]},
								"east": {"uv": [28, 19], "uv_size": [0.125, 0.5]},
								"south": {"uv": [27, 6], "uv_size": [0.25, 0.5]},
								"west": {"uv": [20, 28], "uv_size": [0.125, 0.5]}
							}
						},
						{
							"origin": [1.58557, -0.64142, 0.24976],
							"size": [0.198, 0.45, 0.044],
							"pivot": [0, 13.65245, -1.98961],
							"rotation": [0, -22.187, 0],
							"uv": {
								"north": {"uv": [27, 7], "uv_size": [0.25, 0.5]},
								"east": {"uv": [28, 20], "uv_size": [0.125, 0.5]},
								"south": {"uv": [8, 27], "uv_size": [0.25, 0.5]},
								"west": {"uv": [21, 28], "uv_size": [0.125, 0.5]}
							}
						},
						{
							"origin": [2.64688, -0.84642, -1.61285],
							"size": [0.288, 0.236, 0.063],
							"pivot": [0, 13.65245, -1.98961],
							"rotation": [0, -67.183, 0],
							"uv": {
								"north": {"uv": [28, 21], "uv_size": [0.25, 0.25]},
								"east": {"uv": [8, 30], "uv_size": [0.125, 0.25]},
								"south": {"uv": [22, 28], "uv_size": [0.25, 0.25]},
								"west": {"uv": [30, 8], "uv_size": [0.125, 0.25]},
								"up": {"uv": [9, 30], "uv_size": [0.25, 0.125]},
								"down": {"uv": [30, 9.125], "uv_size": [0.25, -0.125]}
							}
						},
						{
							"origin": [-0.52005, -0.84642, 0.7736],
							"size": [0.285, 0.236, 0.064],
							"pivot": [0, 13.65245, -1.98961],
							"rotation": [0, 22.187, 0],
							"uv": {
								"north": {"uv": [28, 22], "uv_size": [0.25, 0.25]},
								"east": {"uv": [10, 30], "uv_size": [0.125, 0.25]},
								"south": {"uv": [23, 28], "uv_size": [0.25, 0.25]},
								"west": {"uv": [30, 10], "uv_size": [0.125, 0.25]},
								"up": {"uv": [11, 30], "uv_size": [0.25, 0.125]},
								"down": {"uv": [30, 11.125], "uv_size": [0.25, -0.125]}
							}
						},
						{
							"origin": [2.09971, -0.84642, -3.73095],
							"size": [0.288, 0.236, 0.063],
							"pivot": [0, 13.65245, -1.98961],
							"rotation": [0, -112.817, 0],
							"uv": {
								"north": {"uv": [28, 23], "uv_size": [0.25, 0.25]},
								"east": {"uv": [12, 30], "uv_size": [0.125, 0.25]},
								"south": {"uv": [24, 28], "uv_size": [0.25, 0.25]},
								"west": {"uv": [30, 12], "uv_size": [0.125, 0.25]},
								"up": {"uv": [13, 30], "uv_size": [0.25, 0.125]},
								"down": {"uv": [30, 13.125], "uv_size": [0.25, -0.125]}
							}
						},
						{
							"origin": [1.54257, -0.84642, 0.24076],
							"size": [0.285, 0.236, 0.064],
							"pivot": [0, 13.65245, -1.98961],
							"rotation": [0, -22.187, 0],
							"uv": {
								"north": {"uv": [28, 24], "uv_size": [0.25, 0.25]},
								"east": {"uv": [14, 30], "uv_size": [0.125, 0.25]},
								"south": {"uv": [25, 28], "uv_size": [0.25, 0.25]},
								"west": {"uv": [30, 14], "uv_size": [0.125, 0.25]},
								"up": {"uv": [15, 30], "uv_size": [0.25, 0.125]},
								"down": {"uv": [30, 15.125], "uv_size": [0.25, -0.125]}
							}
						},
						{
							"origin": [2.64688, -0.56342, -1.61285],
							"size": [0.288, 1.093, 0.063],
							"pivot": [0, 13.65245, -1.98961],
							"rotation": [0, -67.183, 0],
							"uv": {
								"north": {"uv": [21, 6], "uv_size": [0.25, 1.125]},
								"east": {"uv": [16, 25], "uv_size": [0.125, 1.125]},
								"south": {"uv": [10, 21], "uv_size": [0.25, 1.125]},
								"west": {"uv": [18, 25], "uv_size": [0.125, 1.125]},
								"up": {"uv": [16, 30], "uv_size": [0.25, 0.125]},
								"down": {"uv": [30, 16.125], "uv_size": [0.25, -0.125]}
							}
						},
						{
							"origin": [-0.52005, -0.56342, 0.7736],
							"size": [0.285, 1.093, 0.064],
							"pivot": [0, 13.65245, -1.98961],
							"rotation": [0, 22.187, 0],
							"uv": {
								"north": {"uv": [12, 21], "uv_size": [0.25, 1.125]},
								"east": {"uv": [19, 25], "uv_size": [0.125, 1.125]},
								"south": {"uv": [13, 21], "uv_size": [0.25, 1.125]},
								"west": {"uv": [25, 19], "uv_size": [0.125, 1.125]},
								"up": {"uv": [17, 30], "uv_size": [0.25, 0.125]},
								"down": {"uv": [30, 17.125], "uv_size": [0.25, -0.125]}
							}
						},
						{
							"origin": [2.09971, -0.56342, -3.73095],
							"size": [0.288, 1.093, 0.063],
							"pivot": [0, 13.65245, -1.98961],
							"rotation": [0, -112.817, 0],
							"uv": {
								"north": {"uv": [14, 21], "uv_size": [0.25, 1.125]},
								"east": {"uv": [25, 22], "uv_size": [0.125, 1.125]},
								"south": {"uv": [15, 21], "uv_size": [0.25, 1.125]},
								"west": {"uv": [23, 25], "uv_size": [0.125, 1.125]},
								"up": {"uv": [18, 30], "uv_size": [0.25, 0.125]},
								"down": {"uv": [30, 18.125], "uv_size": [0.25, -0.125]}
							}
						},
						{
							"origin": [1.54257, -0.56342, 0.24076],
							"size": [0.285, 1.093, 0.064],
							"pivot": [0, 13.65245, -1.98961],
							"rotation": [0, -22.187, 0],
							"uv": {
								"north": {"uv": [21, 15], "uv_size": [0.25, 1.125]},
								"east": {"uv": [24, 25], "uv_size": [0.125, 1.125]},
								"south": {"uv": [21, 18], "uv_size": [0.25, 1.125]},
								"west": {"uv": [25, 24], "uv_size": [0.125, 1.125]},
								"up": {"uv": [19, 30], "uv_size": [0.25, 0.125]},
								"down": {"uv": [30, 19.125], "uv_size": [0.25, -0.125]}
							}
						},
						{
							"origin": [-2.83308, 26.84832, -1.48591],
							"size": [0.198, 1.021, 0.309],
							"pivot": [0, 13.65245, -1.98961],
							"rotation": [0, 64.667, 180],
							"uv": {
								"north": {"uv": [3, 23], "uv_size": [0.25, 1]},
								"east": {"uv": [4, 23], "uv_size": [0.25, 1]},
								"south": {"uv": [23, 4], "uv_size": [0.25, 1]},
								"west": {"uv": [23, 5], "uv_size": [0.25, 1]},
								"up": {"uv": [28, 25], "uv_size": [0.25, 0.25]},
								"down": {"uv": [26, 28.25], "uv_size": [0.25, -0.25]}
							}
						},
						{
							"origin": [-2.731, 26.84832, -2.67611],
							"size": [0.208, 1.021, 0.325],
							"pivot": [0, 13.65245, -1.98961],
							"rotation": [180, 90, 0],
							"uv": {
								"north": {"uv": [23, 6], "uv_size": [0.25, 1]},
								"east": {"uv": [16, 19], "uv_size": [0.375, 1]},
								"south": {"uv": [7, 23], "uv_size": [0.25, 1]},
								"west": {"uv": [19, 16], "uv_size": [0.375, 1]},
								"up": {"uv": [24, 27], "uv_size": [0.25, 0.375]},
								"down": {"uv": [27, 24.375], "uv_size": [0.25, -0.375]}
							}
						},
						{
							"origin": [-2.875, 1.00058, -2.56511],
							"size": [0.294, 1.366, 1.153],
							"pivot": [0, 13.65245, -1.98961],
							"rotation": [0, 90, 0],
							"uv": {
								"north": {"uv": [6, 20], "uv_size": [0.25, 1.375]},
								"east": {"uv": [11, 7], "uv_size": [1.125, 1.375]},
								"south": {"uv": [20, 6], "uv_size": [0.25, 1.375]},
								"west": {"uv": [11, 9], "uv_size": [1.125, 1.375]},
								"up": {"uv": [21, 20], "uv_size": [0.25, 1.125]},
								"down": {"uv": [22, 5.125], "uv_size": [0.25, -1.125]}
							}
						},
						{
							"origin": [-2.95366, 15.62815, 7.50826],
							"size": [0.114, 0.218, 5.515],
							"pivot": [0, 13.65245, -1.98961],
							"rotation": [-90, 45, 0],
							"uv": {
								"north": {"uv": [20, 30], "uv_size": [0.125, 0.25]},
								"east": {"uv": [12, 0], "uv_size": [5.5, 0.25]},
								"south": {"uv": [30, 20], "uv_size": [0.125, 0.25]},
								"west": {"uv": [12, 1], "uv_size": [5.5, 0.25]},
								"up": {"uv": [10, 14], "uv_size": [0.125, 5.5]},
								"down": {"uv": [3, 20.5], "uv_size": [0.125, -5.5]}
							}
						},
						{
							"origin": [2.786, 12.96195, 9.20926],
							"size": [0.106, 0.118, 1.565],
							"pivot": [0, 13.65245, -1.98961],
							"rotation": [-90, -90, 0],
							"uv": {
								"north": {"uv": [28, 31], "uv_size": [0.125, 0.125]},
								"east": {"uv": [24, 5], "uv_size": [1.625, 0.125]},
								"south": {"uv": [31, 28], "uv_size": [0.125, 0.125]},
								"west": {"uv": [24, 6], "uv_size": [1.625, 0.125]},
								"up": {"uv": [7, 24], "uv_size": [0.125, 1.625]},
								"down": {"uv": [24, 8.625], "uv_size": [0.125, -1.625]}
							}
						},
						{
							"origin": [-5.13975, 12.96095, 9.88158],
							"size": [0.131, 0.118, 0.649],
							"pivot": [0, 13.65245, -1.98961],
							"rotation": [0, -54.563, -90],
							"uv": {
								"north": {"uv": [29, 31], "uv_size": [0.125, 0.125]},
								"east": {"uv": [28, 3], "uv_size": [0.625, 0.125]},
								"south": {"uv": [31, 29], "uv_size": [0.125, 0.125]},
								"west": {"uv": [4, 28], "uv_size": [0.625, 0.125]},
								"up": {"uv": [28, 4], "uv_size": [0.125, 0.625]},
								"down": {"uv": [5, 28.625], "uv_size": [0.125, -0.625]}
							}
						},
						{
							"origin": [2.696, 13.03395, 10.03226],
							"size": [0.126, 1.238, 2.194],
							"pivot": [0, 13.65245, -1.98961],
							"rotation": [-90, -90, 0],
							"uv": {
								"north": {"uv": [4, 25], "uv_size": [0.125, 1.25]},
								"east": {"uv": [3, 7], "uv_size": [2.25, 1.25]},
								"south": {"uv": [6, 25], "uv_size": [0.125, 1.25]},
								"west": {"uv": [7, 4], "uv_size": [2.25, 1.25]},
								"up": {"uv": [6, 22], "uv_size": [0.125, 2.25]},
								"down": {"uv": [22, 8.25], "uv_size": [0.125, -2.25]}
							}
						},
						{
							"origin": [2.23301, 15.06954, 9.20926],
							"size": [0.162, 0.118, 1.453],
							"pivot": [0, 13.65245, -1.98961],
							"rotation": [-90, -45, 0],
							"uv": {
								"north": {"uv": [30, 31], "uv_size": [0.125, 0.125]},
								"east": {"uv": [24, 13], "uv_size": [1.5, 0.125]},
								"south": {"uv": [31, 30], "uv_size": [0.125, 0.125]},
								"west": {"uv": [15, 24], "uv_size": [1.5, 0.125]},
								"up": {"uv": [24, 15], "uv_size": [0.125, 1.5]},
								"down": {"uv": [17, 25.5], "uv_size": [0.125, -1.5]}
							}
						},
						{
							"origin": [2.30662, 15.29793, 7.52626],
							"size": [0.316, 0.118, 5.498],
							"pivot": [0, 13.65245, -1.98961],
							"rotation": [-90, -45, 0],
							"uv": {
								"north": {"uv": [20, 29], "uv_size": [0.375, 0.125]},
								"east": {"uv": [13, 16], "uv_size": [5.5, 0.125]},
								"south": {"uv": [29, 20], "uv_size": [0.375, 0.125]},
								"west": {"uv": [11, 17], "uv_size": [5.5, 0.125]},
								"up": {"uv": [6, 7], "uv_size": [0.375, 5.5]},
								"down": {"uv": [7, 11.5], "uv_size": [0.375, -5.5]}
							}
						},
						{
							"origin": [3.018, 12.96095, 11.11526],
							"size": [0.16, 0.118, 1.909],
							"pivot": [0, 13.65245, -1.98961],
							"rotation": [-90, -90, 0],
							"uv": {
								"north": {"uv": [31, 31], "uv_size": [0.125, 0.125]},
								"east": {"uv": [14, 23], "uv_size": [1.875, 0.125]},
								"south": {"uv": [0, 32], "uv_size": [0.125, 0.125]},
								"west": {"uv": [23, 14], "uv_size": [1.875, 0.125]},
								"up": {"uv": [23, 15], "uv_size": [0.125, 1.875]},
								"down": {"uv": [23, 18.875], "uv_size": [0.125, -1.875]}
							}
						},
						{
							"origin": [3.26, 12.96095, 7.50926],
							"size": [0.225, 0.118, 5.515],
							"pivot": [0, 13.65245, -1.98961],
							"rotation": [-90, -90, 0],
							"uv": {
								"north": {"uv": [21, 30], "uv_size": [0.25, 0.125]},
								"east": {"uv": [17, 17], "uv_size": [5.5, 0.125]},
								"south": {"uv": [30, 21], "uv_size": [0.25, 0.125]},
								"west": {"uv": [18, 0], "uv_size": [5.5, 0.125]},
								"up": {"uv": [7, 12], "uv_size": [0.25, 5.5]},
								"down": {"uv": [8, 17.5], "uv_size": [0.25, -5.5]}
							}
						},
						{
							"origin": [2.83966, 15.62815, 7.50826],
							"size": [0.114, 0.218, 5.515],
							"pivot": [0, 13.65245, -1.98961],
							"rotation": [-90, -45, 0],
							"uv": {
								"north": {"uv": [22, 30], "uv_size": [0.125, 0.25]},
								"east": {"uv": [12, 2], "uv_size": [5.5, 0.25]},
								"south": {"uv": [30, 22], "uv_size": [0.125, 0.25]},
								"west": {"uv": [12, 3], "uv_size": [5.5, 0.25]},
								"up": {"uv": [4, 15], "uv_size": [0.125, 5.5]},
								"down": {"uv": [5, 20.5], "uv_size": [0.125, -5.5]}
							}
						},
						{
							"origin": [-3.485, 12.96095, 7.50926],
							"size": [0.225, 0.118, 5.515],
							"pivot": [0, 13.65245, -1.98961],
							"rotation": [-90, 90, 0],
							"uv": {
								"north": {"uv": [23, 30], "uv_size": [0.25, 0.125]},
								"east": {"uv": [18, 1], "uv_size": [5.5, 0.125]},
								"south": {"uv": [30, 23], "uv_size": [0.25, 0.125]},
								"west": {"uv": [18, 2], "uv_size": [5.5, 0.125]},
								"up": {"uv": [12, 11], "uv_size": [0.25, 5.5]},
								"down": {"uv": [0, 18.5], "uv_size": [0.25, -5.5]}
							}
						},
						{
							"origin": [5.00875, 12.96095, 9.88158],
							"size": [0.131, 0.118, 0.649],
							"pivot": [0, 13.65245, -1.98961],
							"rotation": [0, 54.563, 90],
							"uv": {
								"north": {"uv": [32, 0], "uv_size": [0.125, 0.125]},
								"east": {"uv": [28, 5], "uv_size": [0.625, 0.125]},
								"south": {"uv": [1, 32], "uv_size": [0.125, 0.125]},
								"west": {"uv": [6, 28], "uv_size": [0.625, 0.125]},
								"up": {"uv": [28, 6], "uv_size": [0.125, 0.625]},
								"down": {"uv": [7, 28.625], "uv_size": [0.125, -0.625]}
							}
						},
						{
							"origin": [-2.892, 12.96195, 9.20926],
							"size": [0.106, 0.118, 1.565],
							"pivot": [0, 13.65245, -1.98961],
							"rotation": [-90, 90, 0],
							"uv": {
								"north": {"uv": [32, 1], "uv_size": [0.125, 0.125]},
								"east": {"uv": [8, 24], "uv_size": [1.625, 0.125]},
								"south": {"uv": [2, 32], "uv_size": [0.125, 0.125]},
								"west": {"uv": [24, 9], "uv_size": [1.625, 0.125]},
								"up": {"uv": [10, 24], "uv_size": [0.125, 1.625]},
								"down": {"uv": [24, 11.625], "uv_size": [0.125, -1.625]}
							}
						},
						{
							"origin": [-2.802, 12.96095, 9.20926],
							"size": [0.106, 0.118, 1.453],
							"pivot": [0, 13.65245, -1.98961],
							"rotation": [-90, 90, 0],
							"uv": {
								"north": {"uv": [32, 2], "uv_size": [0.125, 0.125]},
								"east": {"uv": [24, 17], "uv_size": [1.5, 0.125]},
								"south": {"uv": [3, 32], "uv_size": [0.125, 0.125]},
								"west": {"uv": [18, 24], "uv_size": [1.5, 0.125]},
								"up": {"uv": [20, 24], "uv_size": [0.125, 1.5]},
								"down": {"uv": [21, 25.5], "uv_size": [0.125, -1.5]}
							}
						},
						{
							"origin": [-3.178, 12.96095, 11.11526],
							"size": [0.16, 0.118, 1.909],
							"pivot": [0, 13.65245, -1.98961],
							"rotation": [-90, 90, 0],
							"uv": {
								"north": {"uv": [32, 3], "uv_size": [0.125, 0.125]},
								"east": {"uv": [23, 19], "uv_size": [1.875, 0.125]},
								"south": {"uv": [4, 32], "uv_size": [0.125, 0.125]},
								"west": {"uv": [23, 20], "uv_size": [1.875, 0.125]},
								"up": {"uv": [23, 21], "uv_size": [0.125, 1.875]},
								"down": {"uv": [23, 24.875], "uv_size": [0.125, -1.875]}
							}
						},
						{
							"origin": [-2.62262, 15.29793, 7.52626],
							"size": [0.316, 0.118, 5.498],
							"pivot": [0, 13.65245, -1.98961],
							"rotation": [-90, 45, 0],
							"uv": {
								"north": {"uv": [21, 29], "uv_size": [0.375, 0.125]},
								"east": {"uv": [18, 3], "uv_size": [5.5, 0.125]},
								"south": {"uv": [29, 21], "uv_size": [0.375, 0.125]},
								"west": {"uv": [11, 18], "uv_size": [5.5, 0.125]},
								"up": {"uv": [8, 6], "uv_size": [0.375, 5.5]},
								"down": {"uv": [3, 14.5], "uv_size": [0.375, -5.5]}
							}
						},
						{
							"origin": [-3.464, 13.00295, 6.83626],
							"size": [0.439, 0.111, 6.287],
							"pivot": [0, 13.65245, -1.98961],
							"rotation": [-90, 90, 0],
							"uv": {
								"north": {"uv": [28, 26], "uv_size": [0.5, 0.125]},
								"east": {"uv": [15, 12], "uv_size": [6.25, 0.125]},
								"south": {"uv": [27, 28], "uv_size": [0.5, 0.125]},
								"west": {"uv": [13, 15], "uv_size": [6.25, 0.125]},
								"up": {"uv": [1, 6], "uv_size": [0.5, 6.25]},
								"down": {"uv": [2, 12.25], "uv_size": [0.5, -6.25]}
							}
						},
						{
							"origin": [2.69088, -0.64142, -2.42037],
							"size": [0.2, 0.45, 0.044],
							"pivot": [0, 13.65245, -1.98961],
							"rotation": [0, -112.817, 0],
							"uv": {
								"north": {"uv": [27, 8], "uv_size": [0.25, 0.5]},
								"east": {"uv": [28, 27], "uv_size": [0.125, 0.5]},
								"south": {"uv": [9, 27], "uv_size": [0.25, 0.5]},
								"west": {"uv": [28, 28], "uv_size": [0.125, 0.5]}
							}
						},
						{
							"origin": [-0.47705, -0.64142, -4.80781],
							"size": [0.198, 0.45, 0.044],
							"pivot": [0, 13.65245, -1.98961],
							"rotation": [0, 157.813, 0],
							"uv": {
								"north": {"uv": [27, 9], "uv_size": [0.25, 0.5]},
								"east": {"uv": [0, 29], "uv_size": [0.125, 0.5]},
								"south": {"uv": [27, 10], "uv_size": [0.25, 0.5]},
								"west": {"uv": [29, 0], "uv_size": [0.125, 0.5]}
							}
						},
						{
							"origin": [2.14371, -0.64142, -0.30226],
							"size": [0.2, 0.45, 0.044],
							"pivot": [0, 13.65245, -1.98961],
							"rotation": [0, -67.183, 0],
							"uv": {
								"north": {"uv": [11, 27], "uv_size": [0.25, 0.5]},
								"east": {"uv": [1, 29], "uv_size": [0.125, 0.5]},
								"south": {"uv": [27, 11], "uv_size": [0.25, 0.5]},
								"west": {"uv": [29, 1], "uv_size": [0.125, 0.5]}
							}
						},
						{
							"origin": [1.58557, -0.64142, -4.27498],
							"size": [0.198, 0.45, 0.044],
							"pivot": [0, 13.65245, -1.98961],
							"rotation": [0, -157.813, 0],
							"uv": {
								"north": {"uv": [12, 27], "uv_size": [0.25, 0.5]},
								"east": {"uv": [2, 29], "uv_size": [0.125, 0.5]},
								"south": {"uv": [27, 12], "uv_size": [0.25, 0.5]},
								"west": {"uv": [29, 2], "uv_size": [0.125, 0.5]}
							}
						},
						{
							"origin": [1.39433, 27.49432, -4.53163],
							"size": [0.038, 0.45, 0.201],
							"pivot": [0, 13.65245, -1.98961],
							"rotation": [180, -44.555, 0],
							"uv": {
								"north": {"uv": [3, 29], "uv_size": [0.125, 0.5]},
								"east": {"uv": [27, 13], "uv_size": [0.25, 0.5]},
								"south": {"uv": [29, 3], "uv_size": [0.125, 0.5]},
								"west": {"uv": [27, 14], "uv_size": [0.25, 0.5]}
							}
						},
						{
							"origin": [-0.7245, 27.49432, -4.82161],
							"size": [0.037, 0.45, 0.202],
							"pivot": [0, 13.65245, -1.98961],
							"rotation": [180, 0, 0],
							"uv": {
								"north": {"uv": [4, 29], "uv_size": [0.125, 0.5]},
								"east": {"uv": [15, 27], "uv_size": [0.25, 0.5]},
								"south": {"uv": [29, 4], "uv_size": [0.125, 0.5]},
								"west": {"uv": [27, 15], "uv_size": [0.25, 0.5]}
							}
						},
						{
							"origin": [-2.75, 27.49432, -1.38411],
							"size": [0.038, 0.45, 0.199],
							"pivot": [0, 13.65245, -1.98961],
							"rotation": [180, 90, 0],
							"uv": {
								"north": {"uv": [5, 29], "uv_size": [0.125, 0.5]},
								"east": {"uv": [16, 27], "uv_size": [0.25, 0.5]},
								"south": {"uv": [29, 5], "uv_size": [0.125, 0.5]},
								"west": {"uv": [27, 16], "uv_size": [0.25, 0.5]}
							}
						},
						{
							"origin": [-2.43778, 27.49432, -3.54168],
							"size": [0.038, 0.45, 0.201],
							"pivot": [0, 13.65245, -1.98961],
							"rotation": [180, 44.555, 0],
							"uv": {
								"north": {"uv": [6, 29], "uv_size": [0.125, 0.5]},
								"east": {"uv": [27, 17], "uv_size": [0.25, 0.5]},
								"south": {"uv": [29, 6], "uv_size": [0.125, 0.5]},
								"west": {"uv": [18, 27], "uv_size": [0.25, 0.5]}
							}
						},
						{
							"origin": [2.64688, -0.84642, -2.43037],
							"size": [0.288, 0.236, 0.063],
							"pivot": [0, 13.65245, -1.98961],
							"rotation": [0, -112.817, 0],
							"uv": {
								"north": {"uv": [7, 29], "uv_size": [0.25, 0.25]},
								"east": {"uv": [24, 30], "uv_size": [0.125, 0.25]},
								"south": {"uv": [29, 7], "uv_size": [0.25, 0.25]},
								"west": {"uv": [30, 24], "uv_size": [0.125, 0.25]},
								"up": {"uv": [25, 30], "uv_size": [0.25, 0.125]},
								"down": {"uv": [30, 25.125], "uv_size": [0.25, -0.125]}
							}
						},
						{
							"origin": [-0.52105, -0.84642, -4.81681],
							"size": [0.285, 0.236, 0.064],
							"pivot": [0, 13.65245, -1.98961],
							"rotation": [0, 157.813, 0],
							"uv": {
								"north": {"uv": [8, 29], "uv_size": [0.25, 0.25]},
								"east": {"uv": [26, 30], "uv_size": [0.125, 0.25]},
								"south": {"uv": [29, 8], "uv_size": [0.25, 0.25]},
								"west": {"uv": [30, 26], "uv_size": [0.125, 0.25]},
								"up": {"uv": [27, 30], "uv_size": [0.25, 0.125]},
								"down": {"uv": [30, 27.125], "uv_size": [0.25, -0.125]}
							}
						},
						{
							"origin": [2.09971, -0.84642, -0.31226],
							"size": [0.288, 0.236, 0.063],
							"pivot": [0, 13.65245, -1.98961],
							"rotation": [0, -67.183, 0],
							"uv": {
								"north": {"uv": [9, 29], "uv_size": [0.25, 0.25]},
								"east": {"uv": [28, 30], "uv_size": [0.125, 0.25]},
								"south": {"uv": [29, 9], "uv_size": [0.25, 0.25]},
								"west": {"uv": [30, 28], "uv_size": [0.125, 0.25]},
								"up": {"uv": [29, 30], "uv_size": [0.25, 0.125]},
								"down": {"uv": [30, 29.125], "uv_size": [0.25, -0.125]}
							}
						},
						{
							"origin": [1.54157, -0.84642, -4.28398],
							"size": [0.285, 0.236, 0.064],
							"pivot": [0, 13.65245, -1.98961],
							"rotation": [0, -157.813, 0],
							"uv": {
								"north": {"uv": [10, 29], "uv_size": [0.25, 0.25]},
								"east": {"uv": [30, 30], "uv_size": [0.125, 0.25]},
								"south": {"uv": [29, 10], "uv_size": [0.25, 0.25]},
								"west": {"uv": [0, 31], "uv_size": [0.125, 0.25]},
								"up": {"uv": [31, 0], "uv_size": [0.25, 0.125]},
								"down": {"uv": [1, 31.125], "uv_size": [0.25, -0.125]}
							}
						},
						{
							"origin": [1.38633, 27.91532, -4.57563],
							"size": [0.054, 0.236, 0.289],
							"pivot": [0, 13.65245, -1.98961],
							"rotation": [180, -44.555, 0],
							"uv": {
								"north": {"uv": [31, 1], "uv_size": [0.125, 0.25]},
								"east": {"uv": [11, 29], "uv_size": [0.25, 0.25]},
								"south": {"uv": [2, 31], "uv_size": [0.125, 0.25]},
								"west": {"uv": [29, 11], "uv_size": [0.25, 0.25]},
								"up": {"uv": [31, 2], "uv_size": [0.125, 0.25]},
								"down": {"uv": [3, 31.25], "uv_size": [0.125, -0.25]}
							}
						},
						{
							"origin": [-0.7325, 27.91532, -4.86661],
							"size": [0.054, 0.236, 0.29],
							"pivot": [0, 13.65245, -1.98961],
							"rotation": [180, 0, 0],
							"uv": {
								"north": {"uv": [31, 3], "uv_size": [0.125, 0.25]},
								"east": {"uv": [12, 29], "uv_size": [0.25, 0.25]},
								"south": {"uv": [4, 31], "uv_size": [0.125, 0.25]},
								"west": {"uv": [29, 12], "uv_size": [0.25, 0.25]},
								"up": {"uv": [31, 4], "uv_size": [0.125, 0.25]},
								"down": {"uv": [5, 31.25], "uv_size": [0.125, -0.25]}
							}
						},
						{
							"origin": [-2.758, 27.91532, -1.42711],
							"size": [0.054, 0.236, 0.286],
							"pivot": [0, 13.65245, -1.98961],
							"rotation": [180, 90, 0],
							"uv": {
								"north": {"uv": [31, 5], "uv_size": [0.125, 0.25]},
								"east": {"uv": [13, 29], "uv_size": [0.25, 0.25]},
								"south": {"uv": [6, 31], "uv_size": [0.125, 0.25]},
								"west": {"uv": [29, 13], "uv_size": [0.25, 0.25]},
								"up": {"uv": [31, 6], "uv_size": [0.125, 0.25]},
								"down": {"uv": [7, 31.25], "uv_size": [0.125, -0.25]}
							}
						},
						{
							"origin": [-2.44578, 27.91532, -3.58568],
							"size": [0.054, 0.236, 0.289],
							"pivot": [0, 13.65245, -1.98961],
							"rotation": [180, 44.555, 0],
							"uv": {
								"north": {"uv": [31, 7], "uv_size": [0.125, 0.25]},
								"east": {"uv": [14, 29], "uv_size": [0.25, 0.25]},
								"south": {"uv": [8, 31], "uv_size": [0.125, 0.25]},
								"west": {"uv": [29, 14], "uv_size": [0.25, 0.25]},
								"up": {"uv": [31, 8], "uv_size": [0.125, 0.25]},
								"down": {"uv": [9, 31.25], "uv_size": [0.125, -0.25]}
							}
						},
						{
							"origin": [2.64688, -0.56342, -2.43037],
							"size": [0.288, 1.093, 0.063],
							"pivot": [0, 13.65245, -1.98961],
							"rotation": [0, -112.817, 0],
							"uv": {
								"north": {"uv": [22, 9], "uv_size": [0.25, 1.125]},
								"east": {"uv": [0, 26], "uv_size": [0.125, 1.125]},
								"south": {"uv": [22, 11], "uv_size": [0.25, 1.125]},
								"west": {"uv": [26, 0], "uv_size": [0.125, 1.125]},
								"up": {"uv": [31, 9], "uv_size": [0.25, 0.125]},
								"down": {"uv": [10, 31.125], "uv_size": [0.25, -0.125]}
							}
						},
						{
							"origin": [-0.52105, -0.56342, -4.81681],
							"size": [0.285, 1.093, 0.064],
							"pivot": [0, 13.65245, -1.98961],
							"rotation": [0, 157.813, 0],
							"uv": {
								"north": {"uv": [22, 13], "uv_size": [0.25, 1.125]},
								"east": {"uv": [1, 26], "uv_size": [0.125, 1.125]},
								"south": {"uv": [22, 15], "uv_size": [0.25, 1.125]},
								"west": {"uv": [2, 26], "uv_size": [0.125, 1.125]},
								"up": {"uv": [31, 10], "uv_size": [0.25, 0.125]},
								"down": {"uv": [11, 31.125], "uv_size": [0.25, -0.125]}
							}
						},
						{
							"origin": [2.09971, -0.56342, -0.31226],
							"size": [0.288, 1.093, 0.063],
							"pivot": [0, 13.65245, -1.98961],
							"rotation": [0, -67.183, 0],
							"uv": {
								"north": {"uv": [16, 22], "uv_size": [0.25, 1.125]},
								"east": {"uv": [26, 2], "uv_size": [0.125, 1.125]},
								"south": {"uv": [17, 22], "uv_size": [0.25, 1.125]},
								"west": {"uv": [26, 4], "uv_size": [0.125, 1.125]},
								"up": {"uv": [31, 11], "uv_size": [0.25, 0.125]},
								"down": {"uv": [12, 31.125], "uv_size": [0.25, -0.125]}
							}
						},
						{
							"origin": [1.54157, -0.56342, -4.28398],
							"size": [0.285, 1.093, 0.064],
							"pivot": [0, 13.65245, -1.98961],
							"rotation": [0, -157.813, 0],
							"uv": {
								"north": {"uv": [18, 22], "uv_size": [0.25, 1.125]},
								"east": {"uv": [5, 26], "uv_size": [0.125, 1.125]},
								"south": {"uv": [22, 18], "uv_size": [0.25, 1.125]},
								"west": {"uv": [26, 6], "uv_size": [0.125, 1.125]},
								"up": {"uv": [31, 12], "uv_size": [0.25, 0.125]},
								"down": {"uv": [13, 31.125], "uv_size": [0.25, -0.125]}
							}
						},
						{
							"origin": [1.38633, 26.77632, -4.57563],
							"size": [0.054, 1.093, 0.289],
							"pivot": [0, 13.65245, -1.98961],
							"rotation": [180, -44.555, 0],
							"uv": {
								"north": {"uv": [7, 26], "uv_size": [0.125, 1.125]},
								"east": {"uv": [19, 22], "uv_size": [0.25, 1.125]},
								"south": {"uv": [26, 8], "uv_size": [0.125, 1.125]},
								"west": {"uv": [20, 22], "uv_size": [0.25, 1.125]},
								"up": {"uv": [31, 13], "uv_size": [0.125, 0.25]},
								"down": {"uv": [14, 31.25], "uv_size": [0.125, -0.25]}
							}
						},
						{
							"origin": [-0.7325, 26.77632, -4.86661],
							"size": [0.054, 1.093, 0.29],
							"pivot": [0, 13.65245, -1.98961],
							"rotation": [180, 0, 0],
							"uv": {
								"north": {"uv": [10, 26], "uv_size": [0.125, 1.125]},
								"east": {"uv": [22, 20], "uv_size": [0.25, 1.125]},
								"south": {"uv": [26, 10], "uv_size": [0.125, 1.125]},
								"west": {"uv": [21, 22], "uv_size": [0.25, 1.125]},
								"up": {"uv": [31, 14], "uv_size": [0.125, 0.25]},
								"down": {"uv": [15, 31.25], "uv_size": [0.125, -0.25]}
							}
						},
						{
							"origin": [-2.758, 26.77632, -1.42711],
							"size": [0.054, 1.093, 0.286],
							"pivot": [0, 13.65245, -1.98961],
							"rotation": [180, 90, 0],
							"uv": {
								"north": {"uv": [26, 12], "uv_size": [0.125, 1.125]},
								"east": {"uv": [22, 22], "uv_size": [0.25, 1.125]},
								"south": {"uv": [13, 26], "uv_size": [0.125, 1.125]},
								"west": {"uv": [0, 23], "uv_size": [0.25, 1.125]},
								"up": {"uv": [31, 15], "uv_size": [0.125, 0.25]},
								"down": {"uv": [16, 31.25], "uv_size": [0.125, -0.25]}
							}
						},
						{
							"origin": [-2.44578, 26.77632, -3.58568],
							"size": [0.054, 1.093, 0.289],
							"pivot": [0, 13.65245, -1.98961],
							"rotation": [180, 44.555, 0],
							"uv": {
								"north": {"uv": [14, 26], "uv_size": [0.125, 1.125]},
								"east": {"uv": [1, 23], "uv_size": [0.25, 1.125]},
								"south": {"uv": [26, 14], "uv_size": [0.125, 1.125]},
								"west": {"uv": [2, 23], "uv_size": [0.25, 1.125]},
								"up": {"uv": [31, 16], "uv_size": [0.125, 0.25]},
								"down": {"uv": [17, 31.25], "uv_size": [0.125, -0.25]}
							}
						},
						{
							"origin": [-0.74566, -0.11292, 0.1039],
							"size": [0.114, 0.118, 1.021],
							"pivot": [-0.68866, -0.05392, 0.6144],
							"rotation": [-90, 42.5, 0],
							"uv": {
								"north": {"uv": [32, 4], "uv_size": [0.125, 0.125]},
								"east": {"uv": [27, 18], "uv_size": [1, 0.125]},
								"south": {"uv": [5, 32], "uv_size": [0.125, 0.125]},
								"west": {"uv": [19, 27], "uv_size": [1, 0.125]},
								"up": {"uv": [27, 19], "uv_size": [0.125, 1]},
								"down": {"uv": [20, 28], "uv_size": [0.125, -1]}
							}
						},
						{
							"origin": [-2.73, 26.84832, -1.62811],
							"size": [0.208, 1.021, 0.325],
							"pivot": [0, 13.65245, -1.98961],
							"rotation": [180, 90, 0],
							"uv": {
								"north": {"uv": [23, 7], "uv_size": [0.25, 1]},
								"east": {"uv": [19, 18], "uv_size": [0.375, 1]},
								"south": {"uv": [8, 23], "uv_size": [0.25, 1]},
								"west": {"uv": [19, 19], "uv_size": [0.375, 1]},
								"up": {"uv": [25, 27], "uv_size": [0.25, 0.375]},
								"down": {"uv": [27, 25.375], "uv_size": [0.25, -0.375]}
							}
						},
						{
							"origin": [-2.83308, 26.84832, -2.8033],
							"size": [0.198, 1.021, 0.309],
							"pivot": [0, 13.65245, -1.98961],
							"rotation": [180, 64.667, 0],
							"uv": {
								"north": {"uv": [23, 8], "uv_size": [0.25, 1]},
								"east": {"uv": [23, 9], "uv_size": [0.25, 1]},
								"south": {"uv": [10, 23], "uv_size": [0.25, 1]},
								"west": {"uv": [23, 10], "uv_size": [0.25, 1]},
								"up": {"uv": [15, 29], "uv_size": [0.25, 0.25]},
								"down": {"uv": [29, 15.25], "uv_size": [0.25, -0.25]}
							}
						},
						{
							"origin": [-2.1531, 15.18055, 11.20629],
							"size": [0.114, 0.118, 1.021],
							"pivot": [-0.00059, 13.65245, -1.98958],
							"rotation": [-90, 45, 0],
							"uv": {
								"north": {"uv": [32, 5], "uv_size": [0.125, 0.125]},
								"east": {"uv": [27, 20], "uv_size": [1, 0.125]},
								"south": {"uv": [6, 32], "uv_size": [0.125, 0.125]},
								"west": {"uv": [21, 27], "uv_size": [1, 0.125]},
								"up": {"uv": [27, 21], "uv_size": [0.125, 1]},
								"down": {"uv": [22, 28], "uv_size": [0.125, -1]}
							}
						},
						{
							"origin": [-2.39501, 15.06954, 9.20926],
							"size": [0.162, 0.118, 1.453],
							"pivot": [0, 13.65245, -1.98961],
							"rotation": [-90, 45, 0],
							"uv": {
								"north": {"uv": [32, 6], "uv_size": [0.125, 0.125]},
								"east": {"uv": [24, 18], "uv_size": [1.5, 0.125]},
								"south": {"uv": [7, 32], "uv_size": [0.125, 0.125]},
								"west": {"uv": [24, 21], "uv_size": [1.5, 0.125]},
								"up": {"uv": [22, 24], "uv_size": [0.125, 1.5]},
								"down": {"uv": [24, 23.5], "uv_size": [0.125, -1.5]}
							}
						},
						{
							"origin": [-2.81237, 25.05132, -2.20511],
							"size": [0.05538, 3.715, 0.43],
							"pivot": [0, 13.65245, -1.98961],
							"rotation": [180, 90, 0],
							"uv": {
								"north": {"uv": [17, 18], "uv_size": [0.125, 3.75]},
								"south": {"uv": [18, 18], "uv_size": [0.125, 3.75]},
								"west": {"uv": [11, 11], "uv_size": [0.375, 3.75]},
								"up": {"uv": [22, 29], "uv_size": [0.125, 0.375]},
								"down": {"uv": [29, 22.375], "uv_size": [0.125, -0.375]}
							}
						},
						{
							"origin": [-15.10487, 16.33516, -2.20511],
							"size": [0.41863, 0.224, 0.43],
							"pivot": [0, 13.65245, -1.98961],
							"rotation": [90, 20.865, -90],
							"uv": {
								"north": {"uv": [26, 27], "uv_size": [0.375, 0.25]},
								"east": {"uv": [27, 26], "uv_size": [0.375, 0.25]},
								"south": {"uv": [27, 27], "uv_size": [0.375, 0.25]},
								"west": {"uv": [0, 28], "uv_size": [0.375, 0.25]},
								"up": {"uv": [25, 16], "uv_size": [0.375, 0.375]},
								"down": {"uv": [26, 16.375], "uv_size": [0.375, -0.375]}
							}
						},
						{
							"origin": [-15.10487, 16.52266, -2.15198],
							"size": [0.403, 0.02088, 0.03],
							"inflate": 0.001,
							"pivot": [0, 13.65245, -1.98961],
							"rotation": [90, 20.865, -90],
							"uv": {
								"east": {"uv": [32, 7], "uv_size": [0.125, 0.125]}
							}
						},
						{
							"origin": [-15.10487, 16.52266, -1.85823],
							"size": [0.403, 0.02088, 0.03],
							"inflate": 0.001,
							"pivot": [0, 13.65245, -1.98961],
							"rotation": [90, 20.865, -90],
							"uv": {
								"east": {"uv": [32, 7], "uv_size": [0.125, 0.125]}
							}
						},
						{
							"origin": [-1.46321, 25.24936, -2.27081],
							"size": [0.38801, 3.26518, 0.5624],
							"inflate": 0.002,
							"pivot": [0, 13.65245, -1.98961],
							"rotation": [-90, 84.729, 90],
							"uv": {
								"north": {"uv": [1, 13], "uv_size": [0.375, 3.25]},
								"east": {"uv": [4, 9], "uv_size": [0.625, 3.25]},
								"south": {"uv": [2, 13], "uv_size": [0.375, 3.25]},
								"west": {"uv": [5, 9], "uv_size": [0.625, 3.25]},
								"up": {"uv": [24, 0], "uv_size": [0.375, 0.625]},
								"down": {"uv": [24, 1.625], "uv_size": [0.375, -0.625]}
							}
						},
						{
							"origin": [-2.59848, 15.33304, 6.83626],
							"size": [0.297, 0.111, 6.287],
							"pivot": [0, 13.65245, -1.98961],
							"rotation": [-90, 45, 0],
							"uv": {
								"north": {"uv": [31, 17], "uv_size": [0.25, 0.125]},
								"east": {"uv": [15, 13], "uv_size": [6.25, 0.125]},
								"south": {"uv": [18, 31], "uv_size": [0.25, 0.125]},
								"west": {"uv": [15, 14], "uv_size": [6.25, 0.125]},
								"up": {"uv": [10, 7], "uv_size": [0.25, 6.25]},
								"down": {"uv": [11, 6.25], "uv_size": [0.25, -6.25]}
							}
						},
						{
							"origin": [-2.894, 22.47932, -2.43011],
							"size": [0.078, 6.287, 0.88],
							"pivot": [0, 13.65245, -1.98961],
							"rotation": [180, 90, 0],
							"uv": {
								"north": {"uv": [18, 32], "uv_size": [0.125, 6.25]},
								"east": {"uv": [32, 16], "uv_size": [0.875, 6.25]},
								"south": {"uv": [19, 32], "uv_size": [0.125, 6.25]},
								"west": {"uv": [17, 32], "uv_size": [0.875, 6.25]},
								"up": {"uv": [20, 32], "uv_size": [0.125, 0.875]},
								"down": {"uv": [21, 32.875], "uv_size": [0.125, -0.875]}
							}
						},
						{
							"origin": [-3.80566, 22.47932, -2.73795],
							"size": [0.0775, 6.287, 1.05617],
							"pivot": [0.08784, 13.65245, -2.29745],
							"rotation": [180, 90, 0],
							"uv": {
								"north": {"uv": [7, 18], "uv_size": [0.125, 4.25]},
								"east": {"uv": [4, 0], "uv_size": [0.875, 6.25]},
								"south": {"uv": [8, 18], "uv_size": [0.125, 4.25]},
								"west": {"uv": [5, 0], "uv_size": [0.875, 6.25]},
								"up": {"uv": [23, 27], "uv_size": [0.125, 0.875]},
								"down": {"uv": [27, 23.875], "uv_size": [0.125, -0.875]}
							}
						},
						{
							"origin": [-4.8152, 21.80832, -3.70245],
							"size": [0.0775, 5.515, 1.07475],
							"pivot": [0.0783, 12.98145, -3.24338],
							"rotation": [180, 90, 0],
							"uv": {
								"north": {"uv": [1, 17], "uv_size": [0.125, 5.5]},
								"east": {"uv": [0, 0], "uv_size": [1.125, 5.5]},
								"south": {"uv": [2, 17], "uv_size": [0.125, 5.5]},
								"west": {"uv": [2, 0], "uv_size": [1.125, 5.5]},
								"up": {"uv": [17, 26], "uv_size": [0.125, 1.125]},
								"down": {"uv": [26, 18.125], "uv_size": [0.125, -1.125]}
							}
						},
						{
							"origin": [10.04181, 24.57012, -2.27111],
							"size": [0.1, 0.496, 0.563],
							"inflate": 0.003,
							"pivot": [0, 13.65245, -1.98961],
							"rotation": [-90, 37.702, 90],
							"uv": {
								"north": {"uv": [16, 29], "uv_size": [0.125, 0.5]},
								"east": {"uv": [14, 20], "uv_size": [0.625, 0.5]},
								"south": {"uv": [29, 16], "uv_size": [0.125, 0.5]},
								"west": {"uv": [15, 20], "uv_size": [0.625, 0.5]},
								"up": {"uv": [28, 7], "uv_size": [0.125, 0.625]},
								"down": {"uv": [8, 28.625], "uv_size": [0.125, -0.625]}
							}
						},
						{
							"origin": [-0.096, -0.79754, 1.03289],
							"size": [0.2, 0.25, 0.1],
							"inflate": 0.001,
							"pivot": [0.5665, -0.67254, 1.10164],
							"rotation": [180, 0, -90],
							"uv": {
								"up": {"uv": [36.125, 8.125], "uv_size": [6, 5.125]}
							}
						},
						{
							"origin": [1.504, -0.79754, 1.03289],
							"size": [0.2, 0.25, 0.1],
							"inflate": 0.001,
							"pivot": [0.5665, -0.67254, 1.10164],
							"rotation": [180, 0, -90],
							"uv": {
								"up": {"uv": [36.125, 8.125], "uv_size": [6, 5.125]}
							}
						},
						{
							"origin": [3.3225, 12.96095, 11.73426],
							"size": [0.13125, 0.118, 0.13125],
							"inflate": 0.001,
							"pivot": [0, 13.65245, -1.98961],
							"rotation": [-90, -90, 0],
							"uv": {
								"down": {"uv": [36.125, 20.25], "uv_size": [6, -6]}
							}
						},
						{
							"origin": [-3.45375, 12.96095, 11.73426],
							"size": [0.13125, 0.118, 0.13125],
							"inflate": 0.001,
							"pivot": [0, 13.65245, -1.98961],
							"rotation": [-90, 90, 0],
							"uv": {
								"down": {"uv": [42.125, 20.25], "uv_size": [-6, -6]}
							}
						}
					]
				},
				{
					"name": "scope_illuminated",
					"parent": "scope_body",
					"pivot": [0, 13.65245, -1.98961],
					"cubes": [
						{
							"origin": [-4.32128, 22.55745, -3.37857],
							"size": [0.54625, 0.162, 1.08742],
							"pivot": [0.08784, 13.65245, -2.92245],
							"rotation": [180, 90, 0],
							"uv": {
								"north": {"uv": [36.875, 2], "uv_size": [-0.125, 0]},
								"east": {"uv": [36.875, 2], "uv_size": [-0.125, 0]},
								"south": {"uv": [36.875, 2], "uv_size": [-0.125, 0]},
								"west": {"uv": [36.875, 2], "uv_size": [-0.125, 0]},
								"up": {"uv": [36.875, 2], "uv_size": [-0.125, 0]},
								"down": {"uv": [36.875, 2.375], "uv_size": [-0.375, -0.375]}
							}
						},
						{
							"origin": [-4.36816, 22.55745, -3.31607],
							"size": [0.64, 0.162, 0.96242],
							"inflate": 0.0003,
							"pivot": [0.08784, 13.65245, -2.92245],
							"rotation": [180, 90, 0],
							"uv": {
								"north": {"uv": [36.875, 2], "uv_size": [-0.125, 0]},
								"east": {"uv": [36.875, 2], "uv_size": [-0.125, 0]},
								"south": {"uv": [36.875, 2], "uv_size": [-0.125, 0]},
								"west": {"uv": [36.875, 2], "uv_size": [-0.125, 0]},
								"up": {"uv": [36.875, 2], "uv_size": [-0.125, 0]},
								"down": {"uv": [36.875, 2], "uv_size": [-0.125, 0]}
							}
						},
						{
							"origin": [2.66962, 2.88058, 1.33289],
							"size": [0.75, 0.25, 0.1375],
							"inflate": 0.001,
							"pivot": [-0.0335, 2.40558, 5.10164],
							"rotation": [0, 0, 90],
							"uv": {
								"up": {"uv": [57.25, 3.75], "uv_size": [4.25, 1.125]}
							}
						},
						{
							"origin": [-3.41962, 2.88058, 1.33289],
							"size": [0.75, 0.25, 0.1375],
							"inflate": 0.001,
							"pivot": [0.0335, 2.40558, 5.10164],
							"rotation": [0, 0, -90],
							"uv": {
								"up": {"uv": [57.25, 3.75], "uv_size": [4.25, 1.125]}
							}
						},
						{
							"origin": [-0.104, -0.79754, 1.03289],
							"size": [0.2, 0.25, 0.1],
							"inflate": 0.001,
							"pivot": [-0.5665, -0.67254, 1.10164],
							"rotation": [180, 0, 90],
							"uv": {
								"up": {"uv": [42.125, 8.125], "uv_size": [-6, 5.125]}
							}
						},
						{
							"origin": [-1.704, -0.79754, 1.03289],
							"size": [0.2, 0.25, 0.1],
							"inflate": 0.001,
							"pivot": [-0.5665, -0.67254, 1.10164],
							"rotation": [180, 0, 90],
							"uv": {
								"up": {"uv": [42.125, 8.125], "uv_size": [-6, 5.125]}
							}
						},
						{
							"origin": [-0.8025, 27.91532, 0.64539],
							"size": [0.2, 0.236, 0.2],
							"inflate": 0.001,
							"pivot": [0, 13.65245, -1.98961],
							"rotation": [0, 0, 180],
							"uv": {
								"up": {"uv": [45.625, 9.2525], "uv_size": [7.9915, -8.0025]}
							}
						},
						{
							"origin": [0.6025, 27.91532, 0.64539],
							"size": [0.2, 0.236, 0.2],
							"inflate": 0.001,
							"pivot": [0, 13.65245, -1.98961],
							"rotation": [0, 0, -180],
							"uv": {
								"up": {"uv": [53.6165, 9.2525], "uv_size": [-7.9915, -8.0025]}
							}
						},
						{
							"origin": [3.29125, 12.96095, 12.83426],
							"size": [0.1625, 0.118, 0.0525],
							"inflate": 0.001,
							"pivot": [0, 13.65245, -1.98961],
							"rotation": [-90, -90, 0],
							"uv": {
								"down": {"uv": [38.5, 5.75], "uv_size": [1.75, -0.25]}
							}
						},
						{
							"origin": [3.29125, 12.96095, 12.93426],
							"size": [0.1625, 0.118, 0.0525],
							"inflate": 0.001,
							"pivot": [0, 13.65245, -1.98961],
							"rotation": [-90, -90, 0],
							"uv": {
								"north": {"uv": [3, 6], "uv_size": [0.125, 0.125]},
								"east": {"uv": [17, 29], "uv_size": [0.125, 0.125]},
								"south": {"uv": [29, 17], "uv_size": [0.125, 0.125]},
								"west": {"uv": [16, 32], "uv_size": [0.125, 0.125]},
								"up": {"uv": [11, 33], "uv_size": [0.125, 0.125]},
								"down": {"uv": [38.5, 5.75], "uv_size": [1.375, -0.25]}
							}
						},
						{
							"origin": [-3.45375, 12.96095, 12.83426],
							"size": [0.1625, 0.118, 0.0525],
							"inflate": 0.001,
							"pivot": [0, 13.65245, -1.98961],
							"rotation": [-90, 90, 0],
							"uv": {
								"down": {"uv": [36.5, 2.125], "uv_size": [0.375, 0.375]}
							}
						},
						{
							"origin": [-3.45375, 12.96095, 12.93426],
							"size": [0.1625, 0.118, 0.0525],
							"inflate": 0.001,
							"pivot": [0, 13.65245, -1.98961],
							"rotation": [-90, 90, 0],
							"uv": {
								"north": {"uv": [33, 12], "uv_size": [0.125, 0.125]},
								"east": {"uv": [13, 33], "uv_size": [0.125, 0.125]},
								"south": {"uv": [33, 13], "uv_size": [0.125, 0.125]},
								"west": {"uv": [14, 33], "uv_size": [0.125, 0.125]},
								"up": {"uv": [33, 14], "uv_size": [0.125, 0.125]},
								"down": {"uv": [36.5, 2.125], "uv_size": [0.375, 0.375]}
							}
						}
					]
				},
				{
					"name": "ocular",
					"pivot": [0, 1.22501, 1.24994]
				},
				{
					"name": "1_illuminated",
					"parent": "ocular",
					"pivot": [0, 1.23162, 1.35274],
					"cubes": [
						{
							"origin": [-0.4655, 1.42512, 1.01374],
							"size": [0.931, 0, 0.553],
							"pivot": [0, 1.23162, 1.35274],
							"rotation": [-90, 0, 0],
							"uv": {
								"up": {"uv": [19, 6], "uv_size": [0.875, 0.5]}
							}
						},
						{
							"origin": [-0.4905, 1.42512, 1.11374],
							"size": [0.981, 0, 0.528],
							"pivot": [0, 1.23162, 1.35274],
							"rotation": [-90, 0, 0],
							"uv": {
								"up": {"uv": [19, 6], "uv_size": [0.875, 0.5]}
							}
						},
						{
							"origin": [-0.5905, 1.42512, 1.11374],
							"size": [0.131, 0, 0.428],
							"pivot": [-1, 1.23162, 1.35274],
							"rotation": [-90, 0, 0],
							"uv": {
								"up": {"uv": [19, 6], "uv_size": [0.875, 0.5]}
							}
						},
						{
							"origin": [0.4595, 1.42512, 1.11374],
							"size": [0.131, 0, 0.428],
							"pivot": [1, 1.23162, 1.35274],
							"rotation": [-90, 0, 0],
							"uv": {
								"up": {"uv": [23, 29], "uv_size": [0.125, 0.375]}
							}
						},
						{
							"origin": [-0.5405, 1.42512, 1.03874],
							"size": [0.081, 0, 0.528],
							"pivot": [-1, 1.23162, 1.35274],
							"rotation": [-90, 0, 0],
							"uv": {
								"up": {"uv": [19, 6], "uv_size": [0.875, 0.5]}
							}
						},
						{
							"origin": [0.4595, 1.42512, 1.03874],
							"size": [0.081, 0, 0.528],
							"pivot": [1, 1.23162, 1.35274],
							"rotation": [-90, 0, 0],
							"uv": {
								"up": {"uv": [23, 29], "uv_size": [0.125, 0.375]}
							}
						},
						{
							"origin": [-0.4155, 1.42512, 1.11374],
							"size": [0.831, 0, 0.628],
							"pivot": [0, 1.23162, 1.35274],
							"rotation": [-90, 0, 0],
							"uv": {
								"up": {"uv": [19, 6], "uv_size": [0.875, 0.5]}
							}
						},
						{
							"origin": [-0.478, 1.45012, 1.06687],
							"size": [0.956, 0, 0.57175],
							"inflate": 0.002,
							"pivot": [0, 1.25662, 1.35274],
							"rotation": [-90, 0, 0],
							"uv": {
								"up": {"uv": [35.75, 6.125], "uv_size": [7.25, -4.875]}
							}
						}
					]
				},
				{
					"name": "ocular_ring",
					"pivot": [0, 1.17304, 1.5075],
					"rotation": [90, 0, 0],
					"cubes": [
						{
							"origin": [-2.57348, 18.03429, -16.8884],
							"size": [0.272, 0.061, 0.137],
							"pivot": [0, 16.30369, -1.67453],
							"rotation": [90, 135, 0],
							"uv": {
								"north": {"uv": [32, 27], "uv_size": [0.25, 0.125]},
								"east": {"uv": [4, 33], "uv_size": [0.125, 0.125]},
								"south": {"uv": [28, 32], "uv_size": [0.25, 0.125]},
								"west": {"uv": [33, 4], "uv_size": [0.125, 0.125]},
								"up": {"uv": [32, 28], "uv_size": [0.25, 0.125]},
								"down": {"uv": [29, 32.125], "uv_size": [0.25, -0.125]}
							}
						},
						{
							"origin": [-3.43003, 18.03429, -16.2752],
							"size": [0.172, 0.061, 0.137],
							"pivot": [-0.95655, 16.30369, -1.06133],
							"rotation": [90, 135, 0],
							"uv": {
								"north": {"uv": [7, 33], "uv_size": [0.125, 0.125]},
								"east": {"uv": [33, 7], "uv_size": [0.125, 0.125]},
								"south": {"uv": [8, 33], "uv_size": [0.125, 0.125]},
								"west": {"uv": [33, 8], "uv_size": [0.125, 0.125]},
								"up": {"uv": [9, 33], "uv_size": [0.125, 0.125]},
								"down": {"uv": [33, 9.125], "uv_size": [0.125, -0.125]}
							}
						},
						{
							"origin": [2.30148, 18.03429, -16.8884],
							"size": [0.272, 0.061, 0.137],
							"pivot": [0, 16.30369, -1.67453],
							"rotation": [90, -135, 0],
							"uv": {
								"north": {"uv": [32, 29], "uv_size": [0.25, 0.125]},
								"east": {"uv": [5, 33], "uv_size": [0.125, 0.125]},
								"south": {"uv": [30, 32], "uv_size": [0.25, 0.125]},
								"west": {"uv": [33, 5], "uv_size": [0.125, 0.125]},
								"up": {"uv": [32, 30], "uv_size": [0.25, 0.125]},
								"down": {"uv": [31, 32.125], "uv_size": [0.25, -0.125]}
							}
						},
						{
							"origin": [3.25803, 18.03429, -16.2752],
							"size": [0.172, 0.061, 0.137],
							"pivot": [0.95655, 16.30369, -1.06133],
							"rotation": [90, -135, 0],
							"uv": {
								"north": {"uv": [32, 31], "uv_size": [0.125, 0.125]},
								"east": {"uv": [32, 32], "uv_size": [0.125, 0.125]},
								"south": {"uv": [0, 33], "uv_size": [0.125, 0.125]},
								"west": {"uv": [33, 0], "uv_size": [0.125, 0.125]},
								"up": {"uv": [1, 33], "uv_size": [0.125, 0.125]},
								"down": {"uv": [33, 1.125], "uv_size": [0.125, -0.125]}
							}
						},
						{
							"origin": [-3.49349, 15.70419, -16.87096],
							"size": [0.464, 0.061, 0.137],
							"pivot": [-0.00349, 16.30369, -1.65709],
							"rotation": [90, 90, 0],
							"uv": {
								"north": {"uv": [32, 23], "uv_size": [0.5, 0.125]},
								"east": {"uv": [2, 33], "uv_size": [0.125, 0.125]},
								"south": {"uv": [24, 32], "uv_size": [0.5, 0.125]},
								"west": {"uv": [33, 2], "uv_size": [0.125, 0.125]},
								"up": {"uv": [32, 24], "uv_size": [0.5, 0.125]},
								"down": {"uv": [25, 32.125], "uv_size": [0.5, -0.125]}
							}
						},
						{
							"origin": [3.02949, 15.70419, -16.87096],
							"size": [0.464, 0.061, 0.137],
							"pivot": [0.00349, 16.30369, -1.65709],
							"rotation": [90, -90, 0],
							"uv": {
								"north": {"uv": [32, 25], "uv_size": [0.5, 0.125]},
								"east": {"uv": [6, 33], "uv_size": [0.125, 0.125]},
								"south": {"uv": [26, 32], "uv_size": [0.5, 0.125]},
								"west": {"uv": [33, 6], "uv_size": [0.125, 0.125]},
								"up": {"uv": [32, 26], "uv_size": [0.5, 0.125]},
								"down": {"uv": [27, 32.125], "uv_size": [0.5, -0.125]}
							}
						},
						{
							"origin": [-2.92907, 31.38056, -1.44891],
							"size": [0.06307, 0.137, 0.94877],
							"pivot": [0, 16.30369, -0.97453],
							"rotation": [180, 90, 0],
							"uv": {
								"north": {"uv": [10, 33], "uv_size": [0.125, 0.125]},
								"east": {"uv": [28, 2], "uv_size": [1, 0.125]},
								"south": {"uv": [33, 10], "uv_size": [0.125, 0.125]},
								"west": {"uv": [3, 28], "uv_size": [1, 0.125]},
								"up": {"uv": [21, 31], "uv_size": [0.125, 1]},
								"down": {"uv": [31, 22], "uv_size": [0.125, -1]}
							}
						},
						{
							"origin": [-2.969, 31.38056, -2.11503],
							"size": [0.153, 0.137, 0.88],
							"pivot": [0, 16.30369, -1.67453],
							"rotation": [180, 90, 0],
							"uv": {
								"north": {"uv": [29, 19], "uv_size": [0.125, 0.125]},
								"east": {"uv": [27, 22], "uv_size": [0.875, 0.125]},
								"south": {"uv": [31, 18], "uv_size": [0.125, 0.125]},
								"west": {"uv": [18, 29], "uv_size": [0.875, 0.125]},
								"up": {"uv": [29, 18], "uv_size": [0.125, 0.875]},
								"down": {"uv": [19, 29.875], "uv_size": [0.125, -0.875]}
							}
						}
					]
				},
				{
					"name": "division",
					"pivot": [0, 0.0269, 0]
				},
				{
					"name": "scope_view",
					"parent": "division",
					"pivot": [0, 1.25312, 3.4]
				},
				{
					"name": "2_illuminated",
					"parent": "division",
					"pivot": [0, 1.25312, -2],
					"cubes": [
						{
							"origin": [-1.6, -2, -3.85313],
							"size": [3.2, 0, 3.2],
							"inflate": 0.002,
							"pivot": [0, 0, -1],
							"rotation": [-90, 0, 0],
							"uv": {
								"up": {"uv": [32.25, 32.25], "uv_size": [95.75, 95.75]}
							}
						},
						{
							"origin": [-0.00625, -2, -1.25938],
							"size": [0.0125, 0, 0.0125],
							"inflate": 0.002,
							"pivot": [0, 0, 0],
							"rotation": [-90, 0, 0],
							"uv": {
								"up": {"uv": [4.3875, 33.6875], "uv_size": [-0.375, 0.375]}
							}
						}
					]
				},
				{
					"name": "position",
					"pivot": [4.05, 20.675, 13.45]
				},
				{
					"name": "fixed",
					"parent": "position",
					"pivot": [4.05, 20.675, 13.45],
					"rotation": [0, 90, 0]
				},
				{
					"name": "thirdperson_hand",
					"parent": "position",
					"pivot": [0, 20.925, 13.775]
				}
			]
		}
	]
}