{
	"format_version": "1.12.0",
	"minecraft:geometry": [
		{
			"description": {
				"identifier": "geometry.hk_mp5a5 - Converted",
				"texture_width": 32,
				"texture_height": 32,
				"visible_bounds_width": 4,
				"visible_bounds_height": 2.5,
				"visible_bounds_offset": [0, 0.75, 0]
			},
			"bones": [
				{
					"name": "scope_view",
					"pivot": [0, 1.24335, 5.845]
				},
				{
					"name": "glass",
					"pivot": [0, 1.1337, 0.37277],
					"cubes": [
						{
							"origin": [-0.57186, 0.88192, -0.06341],
							"size": [1.14472, 0, 0.1656],
							"inflate": 0.001,
							"uv": {
								"up": {"uv": [9, 11], "uv_size": [1.25, 0.25]}
							}
						},
						{
							"origin": [-0.65851, 1.72093, -0.06239],
							"size": [0.96112, -0.002, 0.1656],
							"inflate": 0.001,
							"pivot": [-0.08897, 1.7181, 0.02041],
							"rotation": [0, 0, -180],
							"uv": {
								"up": {"uv": [11, 9], "uv_size": [1, 0.25]}
							}
						},
						{
							"origin": [0.72814, 1.49614, -0.06341],
							"size": [0.3015, 0, 0.1656],
							"inflate": 0.002,
							"pivot": [1.4005, 0.88192, 0.03878],
							"rotation": [0, 0, -45],
							"uv": {
								"up": {"uv": [0, 12], "uv_size": [0.25, 0.25]}
							}
						},
						{
							"origin": [0.29881, 1.7511, -0.06339],
							"size": [0.1015, 0, 0.1656],
							"inflate": 0.002,
							"pivot": [0.44956, 1.7511, 0.01941],
							"rotation": [0, 0, -135],
							"uv": {
								"up": {"uv": [12, 0], "uv_size": [0.25, 0.25]}
							}
						},
						{
							"origin": [-1.02964, 1.49614, -0.06341],
							"size": [0.3015, 0, 0.1656],
							"inflate": 0.002,
							"pivot": [-1.4005, 0.88192, 0.03878],
							"rotation": [0, 0, 45],
							"uv": {
								"up": {"uv": [1, 12], "uv_size": [0.25, 0.25]}
							}
						},
						{
							"origin": [-1.08639, 1.19828, -0.06341],
							"size": [0.7015, 0, 0.16562],
							"inflate": 0.002,
							"pivot": [-0.63564, 1.19828, 0.03878],
							"rotation": [0, 0, 100],
							"uv": {
								"up": {"uv": [11, 10], "uv_size": [0.75, 0.25]}
							}
						},
						{
							"origin": [-0.40031, 1.7511, -0.06339],
							"size": [0.1015, 0, 0.1656],
							"inflate": 0.002,
							"pivot": [-0.44956, 1.7511, 0.01941],
							"rotation": [0, 0, 135],
							"uv": {
								"up": {"uv": [12, 1], "uv_size": [0.25, 0.25]}
							}
						},
						{
							"origin": [0.38489, 1.19828, -0.06341],
							"size": [0.7015, 0, 0.16562],
							"inflate": 0.002,
							"pivot": [0.63564, 1.19828, 0.03878],
							"rotation": [0, 0, -100],
							"uv": {
								"up": {"uv": [11, 11], "uv_size": [0.75, 0.25]}
							}
						}
					]
				},
				{
					"name": "scope_body",
					"pivot": [0, 0.11233, -0.38259],
					"rotation": [-90, 0, -180],
					"cubes": [
						{
							"origin": [-0.57286, 1.05543, -1.17135],
							"size": [1.14572, 0.30261, 2.08668],
							"pivot": [-0.02997, 1.3746, -0.27626],
							"rotation": [-90, 0, 0],
							"uv": {
								"north": {"uv": [4, 11], "uv_size": [1, 0.25]},
								"east": {"uv": [0, 4], "uv_size": [4, 0.25]},
								"south": {"uv": [7, 11], "uv_size": [1, 0.25]},
								"west": {"uv": [4, 0], "uv_size": [4, 0.25]},
								"up": {"uv": [0, 0], "uv_size": [1, 4]},
								"down": {"uv": [1, 4], "uv_size": [1, -4]}
							}
						},
						{
							"origin": [-0.67712, 0.86631, -1.17135],
							"size": [0.19607, 0.38746, 1.79543],
							"inflate": -0.001,
							"pivot": [-0.02997, 1.3746, -0.27626],
							"rotation": [-90, 0, 0],
							"uv": {
								"north": {"uv": [19, 4], "uv_size": [0.25, 0.5]},
								"east": {"uv": [2, 9], "uv_size": [1.75, 0.5]},
								"south": {"uv": [5, 19], "uv_size": [0.25, 0.5]},
								"west": {"uv": [9, 2], "uv_size": [1.75, 0.5]},
								"up": {"uv": [10, 7], "uv_size": [0.25, 1.75]},
								"down": {"uv": [8, 11.75], "uv_size": [0.25, -1.75]}
							}
						},
						{
							"origin": [0.48124, -0.48644, -1.01543],
							"size": [0.19568, 0.26705, 0.28378],
							"inflate": -0.001,
							"pivot": [0.57908, -0.20632, -0.06792],
							"rotation": [-60, 0, 0],
							"uv": {
								"north": {"uv": [19.25, 17], "uv_size": [-0.25, 0.25]},
								"east": {"uv": [19.25, 19], "uv_size": [-0.25, 0.25]},
								"south": {"uv": [19.25, 18], "uv_size": [-0.25, 0.25]},
								"west": {"uv": [18.25, 19], "uv_size": [-0.25, 0.25]},
								"up": {"uv": [0.25, 20], "uv_size": [-0.25, 0.25]},
								"down": {"uv": [20.25, 0.25], "uv_size": [-0.25, -0.25]}
							}
						},
						{
							"origin": [0.48085, 0.98611, -1.17155],
							"size": [0.19527, 0.26666, 2.08588],
							"inflate": 0.001,
							"pivot": [0.02997, 1.3746, -0.27626],
							"rotation": [-90, 0, 0],
							"uv": {
								"north": {"uv": [19.25, 10], "uv_size": [-0.25, 0.25]},
								"east": {"uv": [8, 2], "uv_size": [-4, 0.25]},
								"south": {"uv": [11.25, 19], "uv_size": [-0.25, 0.25]},
								"west": {"uv": [8, 1], "uv_size": [-4, 0.25]},
								"up": {"uv": [4.25, 3], "uv_size": [-0.25, 4]},
								"down": {"uv": [0.25, 9], "uv_size": [-0.25, -4]}
							}
						},
						{
							"origin": [0.48105, 0.86631, -1.17135],
							"size": [0.19607, 0.38746, 1.79543],
							"inflate": -0.001,
							"pivot": [0.02997, 1.3746, -0.27626],
							"rotation": [-90, 0, 0],
							"uv": {
								"north": {"uv": [19.25, 4], "uv_size": [-0.25, 0.5]},
								"east": {"uv": [10.75, 2], "uv_size": [-1.75, 0.5]},
								"south": {"uv": [5.25, 19], "uv_size": [-0.25, 0.5]},
								"west": {"uv": [3.75, 9], "uv_size": [-1.75, 0.5]},
								"up": {"uv": [10.25, 7], "uv_size": [-0.25, 1.75]},
								"down": {"uv": [8.25, 11.75], "uv_size": [-0.25, -1.75]}
							}
						},
						{
							"origin": [-0.67612, 0.98611, -1.17155],
							"size": [0.19527, 0.26666, 2.08588],
							"inflate": 0.001,
							"pivot": [-0.02997, 1.3746, -0.27626],
							"rotation": [-90, 0, 0],
							"uv": {
								"north": {"uv": [19, 10], "uv_size": [0.25, 0.25]},
								"east": {"uv": [4, 1], "uv_size": [4, 0.25]},
								"south": {"uv": [11, 19], "uv_size": [0.25, 0.25]},
								"west": {"uv": [4, 2], "uv_size": [4, 0.25]},
								"up": {"uv": [4, 3], "uv_size": [0.25, 4]},
								"down": {"uv": [0, 9], "uv_size": [0.25, -4]}
							}
						},
						{
							"origin": [-0.40214, 0.83155, -1.17135],
							"size": [0.19608, 0.14745, 2.08668],
							"pivot": [-0.02997, 1.3746, -0.27626],
							"rotation": [-90, 45, 0],
							"uv": {
								"north": {"uv": [19, 11], "uv_size": [0.25, 0.25]},
								"east": {"uv": [5, 3], "uv_size": [4, 0.25]},
								"south": {"uv": [12, 19], "uv_size": [0.25, 0.25]},
								"west": {"uv": [5, 4], "uv_size": [4, 0.25]},
								"up": {"uv": [1, 5], "uv_size": [0.25, 4]},
								"down": {"uv": [2, 9], "uv_size": [0.25, -4]}
							}
						},
						{
							"origin": [0.20606, 0.83155, -1.17135],
							"size": [0.19608, 0.14745, 2.08668],
							"pivot": [0.02997, 1.3746, -0.27626],
							"rotation": [-90, -45, 0],
							"uv": {
								"north": {"uv": [19.25, 11], "uv_size": [-0.25, 0.25]},
								"east": {"uv": [9, 4], "uv_size": [-4, 0.25]},
								"south": {"uv": [12.25, 19], "uv_size": [-0.25, 0.25]},
								"west": {"uv": [9, 3], "uv_size": [-4, 0.25]},
								"up": {"uv": [1.25, 5], "uv_size": [-0.25, 4]},
								"down": {"uv": [2.25, 9], "uv_size": [-0.25, -4]}
							}
						},
						{
							"origin": [-0.67692, -0.48644, -1.01543],
							"size": [0.19568, 0.26705, 0.28378],
							"inflate": -0.001,
							"pivot": [-0.57908, -0.20632, -0.06792],
							"rotation": [-60, 0, 0],
							"uv": {
								"north": {"uv": [19, 17], "uv_size": [0.25, 0.25]},
								"east": {"uv": [18, 19], "uv_size": [0.25, 0.25]},
								"south": {"uv": [19, 18], "uv_size": [0.25, 0.25]},
								"west": {"uv": [19, 19], "uv_size": [0.25, 0.25]},
								"up": {"uv": [0, 20], "uv_size": [0.25, 0.25]},
								"down": {"uv": [20, 0.25], "uv_size": [0.25, -0.25]}
							}
						},
						{
							"origin": [-0.57286, 3.3509, 2.62395],
							"size": [1.14572, 0.53046, 1.00638],
							"pivot": [-0.02997, 3.9771, 0.08374],
							"rotation": [-90, 0, 0],
							"uv": {
								"north": {"uv": [7, 9], "uv_size": [1, 0.5]},
								"east": {"uv": [9, 7], "uv_size": [1, 0.5]},
								"south": {"uv": [8, 9], "uv_size": [1, 0.5]},
								"west": {"uv": [9, 8], "uv_size": [1, 0.5]},
								"up": {"uv": [8, 1], "uv_size": [1, 1]},
								"down": {"uv": [8, 3], "uv_size": [1, -1]}
							}
						},
						{
							"origin": [-0.00712, -1.27593, -0.66846],
							"size": [0.38579, 0.1, 0.40438],
							"pivot": [-0.17961, -0.48568, 0.65311],
							"rotation": [-90, -45, 0],
							"uv": {
								"north": {"uv": [21.25, 5], "uv_size": [-0.25, 0.25]},
								"east": {"uv": [7.25, 21], "uv_size": [-0.25, 0.25]},
								"south": {"uv": [21.25, 6], "uv_size": [-0.25, 0.25]},
								"west": {"uv": [6.25, 21], "uv_size": [-0.25, 0.25]},
								"up": {"uv": [21.25, 7], "uv_size": [-0.25, 0.25]},
								"down": {"uv": [8.25, 21.25], "uv_size": [-0.25, -0.25]}
							}
						},
						{
							"origin": [-0.64937, 0.56432, 0.88452],
							"size": [0.2, 0.1, 0.16562],
							"pivot": [-0.65648, 0.61432, 0.86733],
							"rotation": [90, 80, -180],
							"uv": {
								"north": {"uv": [8, 8], "uv_size": [0.25, 0.25]},
								"east": {"uv": [9, 0], "uv_size": [0.25, 0.25]},
								"south": {"uv": [4, 9], "uv_size": [0.25, 0.25]},
								"west": {"uv": [5, 9], "uv_size": [0.25, 0.25]},
								"up": {"uv": [6, 9], "uv_size": [0.25, 0.25]},
								"down": {"uv": [10, 0.25], "uv_size": [0.25, -0.25]}
							}
						},
						{
							"origin": [-0.44937, 0.56432, 0.64576],
							"size": [0.18579, 0.1, 0.40438],
							"pivot": [-0.65648, 0.61432, 0.86733],
							"rotation": [90, 80, -180],
							"uv": {
								"north": {"uv": [13, 18], "uv_size": [0.75, 0.25]},
								"east": {"uv": [21, 4], "uv_size": [0.25, 0.25]},
								"south": {"uv": [18, 13], "uv_size": [0.75, 0.25]},
								"west": {"uv": [5, 21], "uv_size": [0.25, 0.25]},
								"up": {"uv": [14, 18], "uv_size": [0.75, 0.25]},
								"down": {"uv": [18, 14.25], "uv_size": [0.75, -0.25]}
							}
						},
						{
							"origin": [-0.84013, 0.56432, 0.51093],
							"size": [0.10883, 0.1, 0.32321],
							"pivot": [-0.70857, 0.61432, 0.57189],
							"rotation": [11.50839, 29.4987, 95.72511],
							"uv": {
								"north": {"uv": [0, 11], "uv_size": [0.25, 0.25]},
								"east": {"uv": [11, 0], "uv_size": [0.25, 0.25]},
								"south": {"uv": [1, 11], "uv_size": [0.25, 0.25]},
								"west": {"uv": [11, 1], "uv_size": [0.25, 0.25]},
								"up": {"uv": [2, 11], "uv_size": [0.25, 0.25]},
								"down": {"uv": [11, 2.25], "uv_size": [0.25, -0.25]}
							}
						},
						{
							"origin": [0.7313, 0.56432, 0.51093],
							"size": [0.10883, 0.1, 0.32321],
							"pivot": [0.70857, 0.61432, 0.57189],
							"rotation": [11.50839, -29.4987, -95.72511],
							"uv": {
								"north": {"uv": [3, 11], "uv_size": [0.25, 0.25]},
								"east": {"uv": [11, 3], "uv_size": [0.25, 0.25]},
								"south": {"uv": [11, 4], "uv_size": [0.25, 0.25]},
								"west": {"uv": [5, 11], "uv_size": [0.25, 0.25]},
								"up": {"uv": [11, 5], "uv_size": [0.25, 0.25]},
								"down": {"uv": [6, 11.25], "uv_size": [0.25, -0.25]}
							}
						},
						{
							"origin": [0.44937, 0.56432, 0.88452],
							"size": [0.2, 0.1, 0.16562],
							"pivot": [0.65648, 0.61432, 0.86733],
							"rotation": [90, -80, 180],
							"uv": {
								"north": {"uv": [2, 10], "uv_size": [0.25, 0.25]},
								"east": {"uv": [4, 10], "uv_size": [0.25, 0.25]},
								"south": {"uv": [5, 10], "uv_size": [0.25, 0.25]},
								"west": {"uv": [6, 10], "uv_size": [0.25, 0.25]},
								"up": {"uv": [9, 10], "uv_size": [0.25, 0.25]},
								"down": {"uv": [10, 10.25], "uv_size": [0.25, -0.25]}
							}
						},
						{
							"origin": [0.26358, 0.56432, 0.64576],
							"size": [0.18579, 0.1, 0.40438],
							"pivot": [0.65648, 0.61432, 0.86733],
							"rotation": [90, -80, 180],
							"uv": {
								"north": {"uv": [13.75, 18], "uv_size": [-0.75, 0.25]},
								"east": {"uv": [5.25, 21], "uv_size": [-0.25, 0.25]},
								"south": {"uv": [18.75, 13], "uv_size": [-0.75, 0.25]},
								"west": {"uv": [21.25, 4], "uv_size": [-0.25, 0.25]},
								"up": {"uv": [14.75, 18], "uv_size": [-0.75, 0.25]},
								"down": {"uv": [18.75, 14.25], "uv_size": [-0.75, -0.25]}
							}
						},
						{
							"origin": [-0.37867, -1.27593, -0.66846],
							"size": [0.38579, 0.1, 0.40438],
							"pivot": [0.17961, -0.48568, 0.65311],
							"rotation": [-90, 45, 0],
							"uv": {
								"north": {"uv": [21, 5], "uv_size": [0.25, 0.25]},
								"east": {"uv": [6, 21], "uv_size": [0.25, 0.25]},
								"south": {"uv": [21, 6], "uv_size": [0.25, 0.25]},
								"west": {"uv": [7, 21], "uv_size": [0.25, 0.25]},
								"up": {"uv": [21, 7], "uv_size": [0.25, 0.25]},
								"down": {"uv": [8, 21.25], "uv_size": [0.25, -0.25]}
							}
						},
						{
							"origin": [-0.57286, 3.5509, 3.32395],
							"size": [1.14572, 0.63046, 0.40638],
							"inflate": -0.001,
							"pivot": [-0.02997, 3.9771, 0.18374],
							"rotation": [-90, 0, 0],
							"uv": {
								"north": {"uv": [3, 10], "uv_size": [1, 0.5]},
								"east": {"uv": [10, 17], "uv_size": [0.5, 0.5]},
								"south": {"uv": [10, 5], "uv_size": [1, 0.5]},
								"west": {"uv": [17, 10], "uv_size": [0.5, 0.5]},
								"up": {"uv": [10, 6], "uv_size": [1, 0.5]},
								"down": {"uv": [7, 10.5], "uv_size": [1, -0.5]}
							}
						},
						{
							"origin": [-0.78021, 0.66883, -0.16208],
							"size": [1.08707, 0.18888, 0.15064],
							"pivot": [-0.23603, 0.86327, -0.07927],
							"rotation": [-90, 0, -45],
							"uv": {
								"north": {"uv": [11, 17], "uv_size": [1, 0.25]},
								"east": {"uv": [21, 16], "uv_size": [0.25, 0.25]},
								"south": {"uv": [12, 17], "uv_size": [1, 0.25]},
								"west": {"uv": [17, 21], "uv_size": [0.25, 0.25]},
								"up": {"uv": [13, 17], "uv_size": [1, 0.25]},
								"down": {"uv": [14, 17.25], "uv_size": [1, -0.25]}
							}
						},
						{
							"origin": [-0.28395, 0.63445, -0.65705],
							"size": [0.38579, 0.18888, 0.16562],
							"pivot": [-0.23603, 0.82889, -0.07927],
							"rotation": [-90, 0, -45],
							"uv": {
								"north": {"uv": [19, 6], "uv_size": [0.5, 0.25]},
								"east": {"uv": [21, 17], "uv_size": [0.25, 0.25]},
								"south": {"uv": [7, 19], "uv_size": [0.5, 0.25]},
								"west": {"uv": [18, 21], "uv_size": [0.25, 0.25]},
								"up": {"uv": [19, 7], "uv_size": [0.5, 0.25]},
								"down": {"uv": [8, 19.25], "uv_size": [0.5, -0.25]}
							}
						},
						{
							"origin": [-0.30686, 0.66883, -0.16208],
							"size": [1.08707, 0.18888, 0.15064],
							"pivot": [0.23603, 0.86327, -0.07927],
							"rotation": [-90, 0, 45],
							"uv": {
								"north": {"uv": [12, 17], "uv_size": [-1, 0.25]},
								"east": {"uv": [17.25, 21], "uv_size": [-0.25, 0.25]},
								"south": {"uv": [13, 17], "uv_size": [-1, 0.25]},
								"west": {"uv": [21.25, 16], "uv_size": [-0.25, 0.25]},
								"up": {"uv": [14, 17], "uv_size": [-1, 0.25]},
								"down": {"uv": [15, 17.25], "uv_size": [-1, -0.25]}
							}
						},
						{
							"origin": [-0.10184, 0.63445, -0.65705],
							"size": [0.38579, 0.18888, 0.16562],
							"pivot": [0.23603, 0.82889, -0.07927],
							"rotation": [-90, 0, 45],
							"uv": {
								"north": {"uv": [19.5, 6], "uv_size": [-0.5, 0.25]},
								"east": {"uv": [18.25, 21], "uv_size": [-0.25, 0.25]},
								"south": {"uv": [7.5, 19], "uv_size": [-0.5, 0.25]},
								"west": {"uv": [21.25, 17], "uv_size": [-0.25, 0.25]},
								"up": {"uv": [19.5, 7], "uv_size": [-0.5, 0.25]},
								"down": {"uv": [8.5, 19.25], "uv_size": [-0.5, -0.25]}
							}
						},
						{
							"origin": [-0.67938, 0.06608, -0.95982],
							"size": [1.35785, 0.18887, 0.66653],
							"pivot": [0.12686, 0.29177, -0.04802],
							"rotation": [-90, 0, 0],
							"uv": {
								"north": {"uv": [15, 5], "uv_size": [1.25, 0.25]},
								"east": {"uv": [17, 18], "uv_size": [0.75, 0.25]},
								"south": {"uv": [6, 15], "uv_size": [1.25, 0.25]},
								"west": {"uv": [18, 17], "uv_size": [0.75, 0.25]},
								"up": {"uv": [0, 9], "uv_size": [1.25, 0.75]},
								"down": {"uv": [9, 1.75], "uv_size": [1.25, -0.75]}
							}
						},
						{
							"origin": [-0.57286, 0.25964, -0.28222],
							"size": [1.14572, 0.21083, 0.15361],
							"inflate": -0.001,
							"pivot": [-0.02997, 0.60408, -0.04802],
							"rotation": [-150, 0, 0],
							"uv": {
								"north": {"uv": [17, 17], "uv_size": [1, 0.25]},
								"east": {"uv": [21, 20], "uv_size": [0.25, 0.25]},
								"south": {"uv": [0, 18], "uv_size": [1, 0.25]},
								"west": {"uv": [21, 21], "uv_size": [0.25, 0.25]},
								"up": {"uv": [18, 0], "uv_size": [1, 0.25]},
								"down": {"uv": [1, 18.25], "uv_size": [1, -0.25]}
							}
						},
						{
							"origin": [-0.3735, 3.5509, 3.22395],
							"size": [0.28579, 0.28888, 0.56562],
							"pivot": [-0.03061, 3.9771, 0.08374],
							"rotation": [-90, 0, 0],
							"uv": {
								"north": {"uv": [1, 22], "uv_size": [0.25, 0.25]},
								"east": {"uv": [9, 15], "uv_size": [1.25, 0.25]},
								"south": {"uv": [22, 1], "uv_size": [0.25, 0.25]},
								"west": {"uv": [15, 10], "uv_size": [1.25, 0.25]},
								"up": {"uv": [11, 15], "uv_size": [0.25, 1.25]},
								"down": {"uv": [12, 16.25], "uv_size": [0.25, -1.25]}
							}
						},
						{
							"origin": [0.30023, -0.04044, -0.7602],
							"size": [0.14398, 0.34761, 0.56562],
							"pivot": [0.30151, 0.20408, -0.12739],
							"rotation": [-90, 45, 0],
							"uv": {
								"north": {"uv": [2.25, 22], "uv_size": [-0.25, 0.25]},
								"east": {"uv": [17.25, 0], "uv_size": [-1.25, 0.25]},
								"south": {"uv": [22.25, 2], "uv_size": [-0.25, 0.25]},
								"west": {"uv": [1.25, 16], "uv_size": [-1.25, 0.25]},
								"up": {"uv": [2.25, 16], "uv_size": [-0.25, 1.25]},
								"down": {"uv": [3.25, 17.25], "uv_size": [-0.25, -1.25]}
							}
						},
						{
							"origin": [0.08771, 3.5509, 3.22395],
							"size": [0.28579, 0.28888, 0.56562],
							"pivot": [0.03061, 3.9771, 0.08374],
							"rotation": [-90, 0, 0],
							"uv": {
								"north": {"uv": [1.25, 22], "uv_size": [-0.25, 0.25]},
								"east": {"uv": [16.25, 10], "uv_size": [-1.25, 0.25]},
								"south": {"uv": [22.25, 1], "uv_size": [-0.25, 0.25]},
								"west": {"uv": [10.25, 15], "uv_size": [-1.25, 0.25]},
								"up": {"uv": [11.25, 15], "uv_size": [-0.25, 1.25]},
								"down": {"uv": [12.25, 16.25], "uv_size": [-0.25, -1.25]}
							}
						},
						{
							"origin": [-0.47467, 3.5509, 3.22395],
							"size": [0.88813, 0.18835, 0.56562],
							"pivot": [-0.02997, 3.9771, 0.08374],
							"rotation": [-90, 0, 0],
							"uv": {
								"north": {"uv": [2, 18], "uv_size": [1, 0.25]},
								"east": {"uv": [13, 15], "uv_size": [1.25, 0.25]},
								"south": {"uv": [3, 18], "uv_size": [1, 0.25]},
								"west": {"uv": [15, 15], "uv_size": [1.25, 0.25]},
								"up": {"uv": [3, 0], "uv_size": [1, 1.25]},
								"down": {"uv": [3, 3.25], "uv_size": [1, -1.25]}
							}
						},
						{
							"origin": [-0.41346, 3.5509, 3.22395],
							"size": [0.88813, 0.18835, 0.56562],
							"pivot": [0.02997, 3.9771, 0.08374],
							"rotation": [-90, 0, 0],
							"uv": {
								"north": {"uv": [3, 18], "uv_size": [-1, 0.25]},
								"east": {"uv": [16.25, 15], "uv_size": [-1.25, 0.25]},
								"south": {"uv": [4, 18], "uv_size": [-1, 0.25]},
								"west": {"uv": [14.25, 15], "uv_size": [-1.25, 0.25]},
								"up": {"uv": [4, 0], "uv_size": [-1, 1.25]},
								"down": {"uv": [4, 3.25], "uv_size": [-1, -1.25]}
							}
						},
						{
							"origin": [-0.44421, -0.04044, -0.7602],
							"size": [0.14398, 0.34761, 0.56562],
							"pivot": [-0.30151, 0.20408, -0.12739],
							"rotation": [-90, -45, 0],
							"uv": {
								"north": {"uv": [2, 22], "uv_size": [0.25, 0.25]},
								"east": {"uv": [0, 16], "uv_size": [1.25, 0.25]},
								"south": {"uv": [22, 2], "uv_size": [0.25, 0.25]},
								"west": {"uv": [16, 0], "uv_size": [1.25, 0.25]},
								"up": {"uv": [2, 16], "uv_size": [0.25, 1.25]},
								"down": {"uv": [3, 17.25], "uv_size": [0.25, -1.25]}
							}
						},
						{
							"origin": [-0.57286, 1.0064, 0.39225],
							"size": [1.08579, 0.86165, 0.23943],
							"pivot": [-0.0821, 1.69323, 0.08236],
							"rotation": [-150, 0, 0],
							"uv": {
								"north": {"uv": [9, 5], "uv_size": [1, 0.75]},
								"east": {"uv": [19, 1], "uv_size": [0.25, 0.75]},
								"south": {"uv": [9, 6], "uv_size": [1, 0.75]},
								"west": {"uv": [2, 19], "uv_size": [0.25, 0.75]},
								"up": {"uv": [4, 18], "uv_size": [1, 0.25]},
								"down": {"uv": [5, 18.25], "uv_size": [1, -0.25]}
							}
						},
						{
							"origin": [-0.57286, 1.0064, 0.29225],
							"size": [0.28579, 0.86165, 0.33943],
							"pivot": [-0.0821, 1.69323, 0.08236],
							"rotation": [-150, 0, 0],
							"uv": {
								"north": {"uv": [19, 2], "uv_size": [0.25, 0.75]},
								"east": {"uv": [3, 19], "uv_size": [0.25, 0.75]},
								"south": {"uv": [19, 3], "uv_size": [0.25, 0.75]},
								"west": {"uv": [4, 19], "uv_size": [0.25, 0.75]},
								"up": {"uv": [5, 22], "uv_size": [0.25, 0.25]},
								"down": {"uv": [22, 5.25], "uv_size": [0.25, -0.25]}
							}
						},
						{
							"origin": [0.28707, 1.0064, 0.29225],
							"size": [0.28579, 0.86165, 0.33943],
							"pivot": [0.0821, 1.69323, 0.08236],
							"rotation": [-150, 0, 0],
							"uv": {
								"north": {"uv": [19.25, 2], "uv_size": [-0.25, 0.75]},
								"east": {"uv": [4.25, 19], "uv_size": [-0.25, 0.75]},
								"south": {"uv": [19.25, 3], "uv_size": [-0.25, 0.75]},
								"west": {"uv": [3.25, 19], "uv_size": [-0.25, 0.75]},
								"up": {"uv": [5.25, 22], "uv_size": [-0.25, 0.25]},
								"down": {"uv": [22.25, 5.25], "uv_size": [-0.25, -0.25]}
							}
						}
					]
				},
				{
					"name": "scope_body2",
					"parent": "scope_body",
					"pivot": [0, -13.88767, -0.38259],
					"cubes": [
						{
							"origin": [-0.57286, -12.94457, -1.17135],
							"size": [1.14572, 0.30261, 2.08668],
							"pivot": [-0.02997, -12.6254, -0.27626],
							"rotation": [-90, 0, 0],
							"uv": {
								"north": {"uv": [4, 11], "uv_size": [1, 0.25]},
								"east": {"uv": [0, 4], "uv_size": [4, 0.25]},
								"south": {"uv": [7, 11], "uv_size": [1, 0.25]},
								"west": {"uv": [4, 0], "uv_size": [4, 0.25]},
								"up": {"uv": [0, 0], "uv_size": [1, 4]},
								"down": {"uv": [1, 4], "uv_size": [1, -4]}
							}
						},
						{
							"origin": [-0.67712, -13.13369, -1.17135],
							"size": [0.19607, 0.38746, 1.79543],
							"inflate": -0.001,
							"pivot": [-0.02997, -12.6254, -0.27626],
							"rotation": [-90, 0, 0],
							"uv": {
								"north": {"uv": [19, 4], "uv_size": [0.25, 0.5]},
								"east": {"uv": [2, 9], "uv_size": [1.75, 0.5]},
								"south": {"uv": [5, 19], "uv_size": [0.25, 0.5]},
								"west": {"uv": [9, 2], "uv_size": [1.75, 0.5]},
								"up": {"uv": [10, 7], "uv_size": [0.25, 1.75]},
								"down": {"uv": [8, 11.75], "uv_size": [0.25, -1.75]}
							}
						},
						{
							"origin": [0.48124, -14.48644, -1.01543],
							"size": [0.19568, 0.26705, 0.28378],
							"inflate": -0.001,
							"pivot": [0.57908, -14.20632, -0.06792],
							"rotation": [-60, 0, 0],
							"uv": {
								"north": {"uv": [19.25, 17], "uv_size": [-0.25, 0.25]},
								"east": {"uv": [19.25, 19], "uv_size": [-0.25, 0.25]},
								"south": {"uv": [19.25, 18], "uv_size": [-0.25, 0.25]},
								"west": {"uv": [18.25, 19], "uv_size": [-0.25, 0.25]},
								"up": {"uv": [0.25, 20], "uv_size": [-0.25, 0.25]},
								"down": {"uv": [20.25, 0.25], "uv_size": [-0.25, -0.25]}
							}
						},
						{
							"origin": [0.48085, -13.01389, -1.17155],
							"size": [0.19527, 0.26666, 2.08588],
							"inflate": 0.001,
							"pivot": [0.02997, -12.6254, -0.27626],
							"rotation": [-90, 0, 0],
							"uv": {
								"north": {"uv": [19.25, 10], "uv_size": [-0.25, 0.25]},
								"east": {"uv": [8, 2], "uv_size": [-4, 0.25]},
								"south": {"uv": [11.25, 19], "uv_size": [-0.25, 0.25]},
								"west": {"uv": [8, 1], "uv_size": [-4, 0.25]},
								"up": {"uv": [4.25, 3], "uv_size": [-0.25, 4]},
								"down": {"uv": [0.25, 9], "uv_size": [-0.25, -4]}
							}
						},
						{
							"origin": [0.48105, -13.13369, -1.17135],
							"size": [0.19607, 0.38746, 1.79543],
							"inflate": -0.001,
							"pivot": [0.02997, -12.6254, -0.27626],
							"rotation": [-90, 0, 0],
							"uv": {
								"north": {"uv": [19.25, 4], "uv_size": [-0.25, 0.5]},
								"east": {"uv": [10.75, 2], "uv_size": [-1.75, 0.5]},
								"south": {"uv": [5.25, 19], "uv_size": [-0.25, 0.5]},
								"west": {"uv": [3.75, 9], "uv_size": [-1.75, 0.5]},
								"up": {"uv": [10.25, 7], "uv_size": [-0.25, 1.75]},
								"down": {"uv": [8.25, 11.75], "uv_size": [-0.25, -1.75]}
							}
						},
						{
							"origin": [-0.67612, -13.01389, -1.17155],
							"size": [0.19527, 0.26666, 2.08588],
							"inflate": 0.001,
							"pivot": [-0.02997, -12.6254, -0.27626],
							"rotation": [-90, 0, 0],
							"uv": {
								"north": {"uv": [19, 10], "uv_size": [0.25, 0.25]},
								"east": {"uv": [4, 1], "uv_size": [4, 0.25]},
								"south": {"uv": [11, 19], "uv_size": [0.25, 0.25]},
								"west": {"uv": [4, 2], "uv_size": [4, 0.25]},
								"up": {"uv": [4, 3], "uv_size": [0.25, 4]},
								"down": {"uv": [0, 9], "uv_size": [0.25, -4]}
							}
						},
						{
							"origin": [-0.40214, -13.16845, -1.17135],
							"size": [0.19608, 0.14745, 2.08668],
							"pivot": [-0.02997, -12.6254, -0.27626],
							"rotation": [-90, 45, 0],
							"uv": {
								"north": {"uv": [19, 11], "uv_size": [0.25, 0.25]},
								"east": {"uv": [5, 3], "uv_size": [4, 0.25]},
								"south": {"uv": [12, 19], "uv_size": [0.25, 0.25]},
								"west": {"uv": [5, 4], "uv_size": [4, 0.25]},
								"up": {"uv": [1, 5], "uv_size": [0.25, 4]},
								"down": {"uv": [2, 9], "uv_size": [0.25, -4]}
							}
						},
						{
							"origin": [0.20606, -13.16845, -1.17135],
							"size": [0.19608, 0.14745, 2.08668],
							"pivot": [0.02997, -12.6254, -0.27626],
							"rotation": [-90, -45, 0],
							"uv": {
								"north": {"uv": [19.25, 11], "uv_size": [-0.25, 0.25]},
								"east": {"uv": [9, 4], "uv_size": [-4, 0.25]},
								"south": {"uv": [12.25, 19], "uv_size": [-0.25, 0.25]},
								"west": {"uv": [9, 3], "uv_size": [-4, 0.25]},
								"up": {"uv": [1.25, 5], "uv_size": [-0.25, 4]},
								"down": {"uv": [2.25, 9], "uv_size": [-0.25, -4]}
							}
						},
						{
							"origin": [-0.67692, -14.48644, -1.01543],
							"size": [0.19568, 0.26705, 0.28378],
							"inflate": -0.001,
							"pivot": [-0.57908, -14.20632, -0.06792],
							"rotation": [-60, 0, 0],
							"uv": {
								"north": {"uv": [19, 17], "uv_size": [0.25, 0.25]},
								"east": {"uv": [18, 19], "uv_size": [0.25, 0.25]},
								"south": {"uv": [19, 18], "uv_size": [0.25, 0.25]},
								"west": {"uv": [19, 19], "uv_size": [0.25, 0.25]},
								"up": {"uv": [0, 20], "uv_size": [0.25, 0.25]},
								"down": {"uv": [20, 0.25], "uv_size": [0.25, -0.25]}
							}
						},
						{
							"origin": [-0.57286, -10.6491, 2.62395],
							"size": [1.14572, 0.53046, 1.00638],
							"pivot": [-0.02997, -10.0229, 0.08374],
							"rotation": [-90, 0, 0],
							"uv": {
								"north": {"uv": [7, 9], "uv_size": [1, 0.5]},
								"east": {"uv": [9, 7], "uv_size": [1, 0.5]},
								"south": {"uv": [8, 9], "uv_size": [1, 0.5]},
								"west": {"uv": [9, 8], "uv_size": [1, 0.5]},
								"up": {"uv": [8, 1], "uv_size": [1, 1]},
								"down": {"uv": [8, 3], "uv_size": [1, -1]}
							}
						},
						{
							"origin": [-0.57286, -10.4491, 3.32395],
							"size": [1.14572, 0.33046, 0.40638],
							"inflate": -0.001,
							"pivot": [-0.02997, -10.0229, 0.18374],
							"rotation": [-90, 0, 0],
							"uv": {
								"north": {"uv": [3, 10], "uv_size": [1, 0.5]},
								"east": {"uv": [10, 17], "uv_size": [0.5, 0.5]},
								"south": {"uv": [10, 5], "uv_size": [1, 0.5]},
								"west": {"uv": [17, 10], "uv_size": [0.5, 0.5]},
								"up": {"uv": [10, 6], "uv_size": [1, 0.5]},
								"down": {"uv": [7, 10.5], "uv_size": [1, -0.5]}
							}
						},
						{
							"origin": [-0.78021, -13.33117, -0.16208],
							"size": [1.08707, 0.18888, 0.15064],
							"pivot": [-0.23603, -13.13673, -0.07927],
							"rotation": [-90, 0, -45],
							"uv": {
								"north": {"uv": [11, 17], "uv_size": [1, 0.25]},
								"east": {"uv": [21, 16], "uv_size": [0.25, 0.25]},
								"south": {"uv": [12, 17], "uv_size": [1, 0.25]},
								"west": {"uv": [17, 21], "uv_size": [0.25, 0.25]},
								"up": {"uv": [13, 17], "uv_size": [1, 0.25]},
								"down": {"uv": [14, 17.25], "uv_size": [1, -0.25]}
							}
						},
						{
							"origin": [-0.28395, -13.36555, -0.65705],
							"size": [0.38579, 0.18888, 0.16562],
							"pivot": [-0.23603, -13.17111, -0.07927],
							"rotation": [-90, 0, -45],
							"uv": {
								"north": {"uv": [19, 6], "uv_size": [0.5, 0.25]},
								"east": {"uv": [21, 17], "uv_size": [0.25, 0.25]},
								"south": {"uv": [7, 19], "uv_size": [0.5, 0.25]},
								"west": {"uv": [18, 21], "uv_size": [0.25, 0.25]},
								"up": {"uv": [19, 7], "uv_size": [0.5, 0.25]},
								"down": {"uv": [8, 19.25], "uv_size": [0.5, -0.25]}
							}
						},
						{
							"origin": [-0.30686, -13.33117, -0.16208],
							"size": [1.08707, 0.18888, 0.15064],
							"pivot": [0.23603, -13.13673, -0.07927],
							"rotation": [-90, 0, 45],
							"uv": {
								"north": {"uv": [12, 17], "uv_size": [-1, 0.25]},
								"east": {"uv": [17.25, 21], "uv_size": [-0.25, 0.25]},
								"south": {"uv": [13, 17], "uv_size": [-1, 0.25]},
								"west": {"uv": [21.25, 16], "uv_size": [-0.25, 0.25]},
								"up": {"uv": [14, 17], "uv_size": [-1, 0.25]},
								"down": {"uv": [15, 17.25], "uv_size": [-1, -0.25]}
							}
						},
						{
							"origin": [-0.10184, -13.36555, -0.65705],
							"size": [0.38579, 0.18888, 0.16562],
							"pivot": [0.23603, -13.17111, -0.07927],
							"rotation": [-90, 0, 45],
							"uv": {
								"north": {"uv": [19.5, 6], "uv_size": [-0.5, 0.25]},
								"east": {"uv": [18.25, 21], "uv_size": [-0.25, 0.25]},
								"south": {"uv": [7.5, 19], "uv_size": [-0.5, 0.25]},
								"west": {"uv": [21.25, 17], "uv_size": [-0.25, 0.25]},
								"up": {"uv": [19.5, 7], "uv_size": [-0.5, 0.25]},
								"down": {"uv": [8.5, 19.25], "uv_size": [-0.5, -0.25]}
							}
						},
						{
							"origin": [-0.67938, -13.93392, -0.95982],
							"size": [1.35785, 0.18887, 0.66653],
							"pivot": [0.12686, -13.70823, -0.04802],
							"rotation": [-90, 0, 0],
							"uv": {
								"north": {"uv": [15, 5], "uv_size": [1.25, 0.25]},
								"east": {"uv": [17, 18], "uv_size": [0.75, 0.25]},
								"south": {"uv": [6, 15], "uv_size": [1.25, 0.25]},
								"west": {"uv": [18, 17], "uv_size": [0.75, 0.25]},
								"up": {"uv": [0, 9], "uv_size": [1.25, 0.75]},
								"down": {"uv": [9, 1.75], "uv_size": [1.25, -0.75]}
							}
						},
						{
							"origin": [-0.57286, -13.74036, -0.28222],
							"size": [1.14572, 0.21083, 0.15361],
							"inflate": -0.001,
							"pivot": [-0.02997, -13.39592, -0.04802],
							"rotation": [-150, 0, 0],
							"uv": {
								"north": {"uv": [17, 17], "uv_size": [1, 0.25]},
								"east": {"uv": [21, 20], "uv_size": [0.25, 0.25]},
								"south": {"uv": [0, 18], "uv_size": [1, 0.25]},
								"west": {"uv": [21, 21], "uv_size": [0.25, 0.25]},
								"up": {"uv": [18, 0], "uv_size": [1, 0.25]},
								"down": {"uv": [1, 18.25], "uv_size": [1, -0.25]}
							}
						},
						{
							"origin": [-0.3735, -10.4491, 3.22395],
							"size": [0.28579, 0.28888, 0.56562],
							"pivot": [-0.03061, -10.0229, 0.08374],
							"rotation": [-90, 0, 0],
							"uv": {
								"north": {"uv": [1, 22], "uv_size": [0.25, 0.25]},
								"east": {"uv": [9, 15], "uv_size": [1.25, 0.25]},
								"south": {"uv": [22, 1], "uv_size": [0.25, 0.25]},
								"west": {"uv": [15, 10], "uv_size": [1.25, 0.25]},
								"up": {"uv": [11, 15], "uv_size": [0.25, 1.25]},
								"down": {"uv": [12, 16.25], "uv_size": [0.25, -1.25]}
							}
						},
						{
							"origin": [0.30023, -14.04044, -0.7602],
							"size": [0.14398, 0.34761, 0.56562],
							"pivot": [0.30151, -13.79592, -0.12739],
							"rotation": [-90, 45, 0],
							"uv": {
								"north": {"uv": [2.25, 22], "uv_size": [-0.25, 0.25]},
								"east": {"uv": [17.25, 0], "uv_size": [-1.25, 0.25]},
								"south": {"uv": [22.25, 2], "uv_size": [-0.25, 0.25]},
								"west": {"uv": [1.25, 16], "uv_size": [-1.25, 0.25]},
								"up": {"uv": [2.25, 16], "uv_size": [-0.25, 1.25]},
								"down": {"uv": [3.25, 17.25], "uv_size": [-0.25, -1.25]}
							}
						},
						{
							"origin": [0.08771, -10.4491, 3.22395],
							"size": [0.28579, 0.28888, 0.56562],
							"pivot": [0.03061, -10.0229, 0.08374],
							"rotation": [-90, 0, 0],
							"uv": {
								"north": {"uv": [1.25, 22], "uv_size": [-0.25, 0.25]},
								"east": {"uv": [16.25, 10], "uv_size": [-1.25, 0.25]},
								"south": {"uv": [22.25, 1], "uv_size": [-0.25, 0.25]},
								"west": {"uv": [10.25, 15], "uv_size": [-1.25, 0.25]},
								"up": {"uv": [11.25, 15], "uv_size": [-0.25, 1.25]},
								"down": {"uv": [12.25, 16.25], "uv_size": [-0.25, -1.25]}
							}
						},
						{
							"origin": [-0.47467, -10.4491, 3.22395],
							"size": [0.88813, 0.18835, 0.56562],
							"pivot": [-0.02997, -10.0229, 0.08374],
							"rotation": [-90, 0, 0],
							"uv": {
								"north": {"uv": [2, 18], "uv_size": [1, 0.25]},
								"east": {"uv": [13, 15], "uv_size": [1.25, 0.25]},
								"south": {"uv": [3, 18], "uv_size": [1, 0.25]},
								"west": {"uv": [15, 15], "uv_size": [1.25, 0.25]},
								"up": {"uv": [3, 0], "uv_size": [1, 1.25]},
								"down": {"uv": [3, 3.25], "uv_size": [1, -1.25]}
							}
						},
						{
							"origin": [-0.41346, -10.4491, 3.22395],
							"size": [0.88813, 0.18835, 0.56562],
							"pivot": [0.02997, -10.0229, 0.08374],
							"rotation": [-90, 0, 0],
							"uv": {
								"north": {"uv": [3, 18], "uv_size": [-1, 0.25]},
								"east": {"uv": [16.25, 15], "uv_size": [-1.25, 0.25]},
								"south": {"uv": [4, 18], "uv_size": [-1, 0.25]},
								"west": {"uv": [14.25, 15], "uv_size": [-1.25, 0.25]},
								"up": {"uv": [4, 0], "uv_size": [-1, 1.25]},
								"down": {"uv": [4, 3.25], "uv_size": [-1, -1.25]}
							}
						},
						{
							"origin": [-0.44421, -14.04044, -0.7602],
							"size": [0.14398, 0.34761, 0.56562],
							"pivot": [-0.30151, -13.79592, -0.12739],
							"rotation": [-90, -45, 0],
							"uv": {
								"north": {"uv": [2, 22], "uv_size": [0.25, 0.25]},
								"east": {"uv": [0, 16], "uv_size": [1.25, 0.25]},
								"south": {"uv": [22, 2], "uv_size": [0.25, 0.25]},
								"west": {"uv": [16, 0], "uv_size": [1.25, 0.25]},
								"up": {"uv": [2, 16], "uv_size": [0.25, 1.25]},
								"down": {"uv": [3, 17.25], "uv_size": [0.25, -1.25]}
							}
						},
						{
							"origin": [-0.57286, -12.9936, 0.39225],
							"size": [1.08579, 0.86165, 0.23943],
							"pivot": [-0.0821, -12.30677, 0.08236],
							"rotation": [-150, 0, 0],
							"uv": {
								"north": {"uv": [9, 5], "uv_size": [1, 0.75]},
								"east": {"uv": [19, 1], "uv_size": [0.25, 0.75]},
								"south": {"uv": [9, 6], "uv_size": [1, 0.75]},
								"west": {"uv": [2, 19], "uv_size": [0.25, 0.75]},
								"up": {"uv": [4, 18], "uv_size": [1, 0.25]},
								"down": {"uv": [5, 18.25], "uv_size": [1, -0.25]}
							}
						},
						{
							"origin": [-0.57286, -12.9936, 0.29225],
							"size": [0.28579, 0.86165, 0.33943],
							"pivot": [-0.0821, -12.30677, 0.08236],
							"rotation": [-150, 0, 0],
							"uv": {
								"north": {"uv": [19, 2], "uv_size": [0.25, 0.75]},
								"east": {"uv": [3, 19], "uv_size": [0.25, 0.75]},
								"south": {"uv": [19, 3], "uv_size": [0.25, 0.75]},
								"west": {"uv": [4, 19], "uv_size": [0.25, 0.75]},
								"up": {"uv": [5, 22], "uv_size": [0.25, 0.25]},
								"down": {"uv": [22, 5.25], "uv_size": [0.25, -0.25]}
							}
						},
						{
							"origin": [0.28707, -12.9936, 0.29225],
							"size": [0.28579, 0.86165, 0.33943],
							"pivot": [0.0821, -12.30677, 0.08236],
							"rotation": [-150, 0, 0],
							"uv": {
								"north": {"uv": [19.25, 2], "uv_size": [-0.25, 0.75]},
								"east": {"uv": [4.25, 19], "uv_size": [-0.25, 0.75]},
								"south": {"uv": [19.25, 3], "uv_size": [-0.25, 0.75]},
								"west": {"uv": [3.25, 19], "uv_size": [-0.25, 0.75]},
								"up": {"uv": [5.25, 22], "uv_size": [-0.25, 0.25]},
								"down": {"uv": [22.25, 5.25], "uv_size": [-0.25, -0.25]}
							}
						}
					]
				},
				{
					"name": "1_illuminated2",
					"parent": "scope_body2",
					"pivot": [0, -14.51311, 0.84504]
				},
				{
					"name": "bone2",
					"parent": "scope_body2",
					"pivot": [0, -13.47535, 0.23321],
					"rotation": [-90, 0, 0],
					"cubes": [
						{
							"origin": [-0.27537, -13.67943, 0.05784],
							"size": [0.55075, 0.25637, 0.15075],
							"uv": {
								"north": {"uv": [3, 5], "uv_size": [0.5, 0.25]},
								"south": {"uv": [5, 5], "uv_size": [0.5, 0.25]},
								"up": {"uv": [3, 6], "uv_size": [0.5, 0.25]}
							}
						},
						{
							"origin": [-0.57186, -13.62157, 0.05784],
							"size": [1.14372, 0.09851, 0.15075],
							"uv": {
								"north": {"uv": [9, 4], "uv_size": [1.25, 0.25]},
								"east": {"uv": [8, 7], "uv_size": [0.25, 0.25]},
								"south": {"uv": [9, 4], "uv_size": [1.25, 0.25]},
								"west": {"uv": [9, 3.75], "uv_size": [1.25, 0.25]},
								"up": {"uv": [9, 9], "uv_size": [1.25, 0.25]},
								"down": {"uv": [0, 10.25], "uv_size": [1.25, -0.25]}
							}
						},
						{
							"origin": [0.22463, -13.57943, 0.05784],
							"size": [0.06224, 0.34286, 0.15075],
							"uv": {
								"north": {"uv": [5, 7], "uv_size": [0.25, 0.25]},
								"east": {"uv": [2, 0], "uv_size": [0.25, 0.5]},
								"south": {"uv": [7, 5], "uv_size": [0.25, 0.25]},
								"west": {"uv": [6, 7], "uv_size": [0.25, 0.25]},
								"up": {"uv": [7, 6], "uv_size": [0.25, 0.25]},
								"down": {"uv": [7, 7.25], "uv_size": [0.25, -0.25]}
							}
						},
						{
							"origin": [0.13595, -13.72601, 0.05784],
							"size": [0.267, 0.40304, 0.15075],
							"pivot": [0.36133, -13.4699, 0.13321],
							"rotation": [0, 0, -45],
							"uv": {
								"north": {"uv": [2, 0], "uv_size": [0.25, 0.5]},
								"east": {"uv": [2, 1], "uv_size": [0.25, 0.5]},
								"south": {"uv": [2, 2], "uv_size": [0.25, 0.5]},
								"west": {"uv": [2, 3], "uv_size": [0.25, 0.5]},
								"up": {"uv": [3, 7], "uv_size": [0.25, 0.25]},
								"down": {"uv": [4, 7.25], "uv_size": [0.25, -0.25]}
							}
						},
						{
							"origin": [-0.28687, -13.57943, 0.05784],
							"size": [0.06224, 0.34286, 0.15075],
							"uv": {
								"north": {"uv": [8, 0], "uv_size": [0.25, 0.25]},
								"east": {"uv": [3, 8], "uv_size": [0.25, 0.25]},
								"south": {"uv": [4, 8], "uv_size": [0.25, 0.25]},
								"west": {"uv": [5, 8], "uv_size": [0.25, 0.25]},
								"up": {"uv": [8, 5], "uv_size": [0.25, 0.25]},
								"down": {"uv": [6, 8.25], "uv_size": [0.25, -0.25]}
							}
						},
						{
							"origin": [-0.40295, -13.72601, 0.05784],
							"size": [0.267, 0.40304, 0.15075],
							"pivot": [-0.36133, -13.4699, 0.13321],
							"rotation": [0, 0, 45],
							"uv": {
								"north": {"uv": [5, 8], "uv_size": [0.25, 0.25]},
								"east": {"uv": [5, 6], "uv_size": [0.25, 0.5]},
								"south": {"uv": [6, 5], "uv_size": [0.25, 0.5]},
								"west": {"uv": [6, 6], "uv_size": [0.25, 0.5]},
								"up": {"uv": [8, 6], "uv_size": [0.25, 0.25]},
								"down": {"uv": [7, 8.25], "uv_size": [0.25, -0.25]}
							}
						}
					]
				},
				{
					"name": "5_illuminated2",
					"parent": "bone2",
					"pivot": [-0.03178, -13.43562, 0.21465]
				},
				{
					"name": "bone48",
					"parent": "scope_body",
					"pivot": [0, -3.77535, 0.23322],
					"rotation": [-90, 0, 0]
				},
				{
					"name": "5_illuminated",
					"parent": "bone48",
					"pivot": [0.00779, -12.1, -3.27812]
				},
				{
					"name": "1_illuminated",
					"parent": "scope_body",
					"pivot": [0, -0.51311, 0.84504],
					"cubes": [
						{
							"origin": [-0.65, -15.16311, -0.24246],
							"size": [1.3, 1.3, 0.1],
							"pivot": [0, -14.51311, 0.80754],
							"rotation": [-90, 0, 0],
							"uv": {
								"north": {"uv": [27, 0.25], "uv_size": [2.75, 2.75]}
							}
						}
					]
				}
			]
		}
	]
}