{
	"format_version": "1.12.0",
	"minecraft:geometry": [
		{
			"description": {
				"identifier": "geometry.unknown",
				"texture_width": 32,
				"texture_height": 32,
				"visible_bounds_width": 3,
				"visible_bounds_height": 2.5,
				"visible_bounds_offset": [0, 0.75, 0]
			},
			"bones": [
				{
					"name": "bb_main",
					"pivot": [0, 0, 0],
					"cubes": [
						{
							"origin": [0.4, 1.15858, -9.1],
							"size": [0.30711, 0.34142, 9.6],
							"pivot": [0, 1.3, 0.9],
							"rotation": [0, 0, -45],
							"uv": {
								"north": {"uv": [20, 2], "uv_size": [0.25, 0.25]},
								"east": {"uv": [13, 4], "uv_size": [6.5, 0.25]},
								"south": {"uv": [20, 3], "uv_size": [0.25, 0.25]},
								"west": {"uv": [13, 5], "uv_size": [6.5, 0.25]},
								"up": {"uv": [7, 13], "uv_size": [0.25, 6.5]},
								"down": {"uv": [11, 19.5], "uv_size": [0.25, -6.5]}
							}
						},
						{
							"origin": [-0.70711, 1.15858, -9.1],
							"size": [0.30711, 0.34142, 9.6],
							"pivot": [0, 1.3, 0.9],
							"rotation": [0, 0, 45],
							"uv": {
								"north": {"uv": [4, 20], "uv_size": [0.25, 0.25]},
								"east": {"uv": [13, 6], "uv_size": [6.5, 0.25]},
								"south": {"uv": [20, 4], "uv_size": [0.25, 0.25]},
								"west": {"uv": [13, 7], "uv_size": [6.5, 0.25]},
								"up": {"uv": [12, 13], "uv_size": [0.25, 6.5]},
								"down": {"uv": [13, 19.5], "uv_size": [0.25, -6.5]}
							}
						},
						{
							"origin": [-0.35858, 1.7, -9.1],
							"size": [0.71716, 0.24142, 9.6],
							"uv": {
								"north": {"uv": [7, 2], "uv_size": [0.75, 0.25]},
								"east": {"uv": [0, 14], "uv_size": [6.5, 0.25]},
								"south": {"uv": [7, 3], "uv_size": [0.75, 0.25]},
								"west": {"uv": [14, 13], "uv_size": [6.5, 0.25]},
								"up": {"uv": [10, 0], "uv_size": [0.75, 6.5]},
								"down": {"uv": [10, 13.5], "uv_size": [0.75, -6.5]}
							}
						},
						{
							"origin": [-0.6, 0.9, -9.1],
							"size": [1.2, 0.8, 9.6],
							"uv": {
								"north": {"uv": [4, 15], "uv_size": [1.25, 0.75]},
								"east": {"uv": [11, 0], "uv_size": [6.5, 0.75]},
								"south": {"uv": [4, 16], "uv_size": [1.25, 0.75]},
								"west": {"uv": [11, 1], "uv_size": [6.5, 0.75]},
								"up": {"uv": [4, 6], "uv_size": [1.25, 6.5]},
								"down": {"uv": [6, 12.5], "uv_size": [1.25, -6.5]}
							}
						},
						{
							"origin": [-1.41421, -0.05858, -9.1],
							"size": [0.31421, 0.45858, 9.6],
							"pivot": [0, -0.2, 9.75],
							"rotation": [0, 0, 45],
							"uv": {
								"north": {"uv": [7, 4], "uv_size": [0.25, 0.5]},
								"east": {"uv": [11, 8], "uv_size": [6.5, 0.5]},
								"south": {"uv": [7, 5], "uv_size": [0.25, 0.5]},
								"west": {"uv": [11, 9], "uv_size": [6.5, 0.5]},
								"up": {"uv": [8, 14], "uv_size": [0.25, 6.5]},
								"down": {"uv": [9, 20.5], "uv_size": [0.25, -6.5]}
							}
						},
						{
							"origin": [-0.9, 0.4, -9.1],
							"size": [1.8, 0.5, 0.3],
							"uv": {
								"north": {"uv": [15, 16], "uv_size": [1.75, 0.5]},
								"east": {"uv": [6, 15], "uv_size": [0.25, 0.5]},
								"south": {"uv": [4, 17], "uv_size": [1.75, 0.5]},
								"west": {"uv": [6, 16], "uv_size": [0.25, 0.5]},
								"up": {"uv": [18, 10], "uv_size": [1.75, 0.25]},
								"down": {"uv": [18, 11.25], "uv_size": [1.75, -0.25]}
							}
						},
						{
							"origin": [1.1, -0.05858, -9.1],
							"size": [0.31421, 0.45858, 9.6],
							"pivot": [0, -0.2, 9.75],
							"rotation": [0, 0, -45],
							"uv": {
								"north": {"uv": [6, 17], "uv_size": [0.25, 0.5]},
								"east": {"uv": [11, 10], "uv_size": [6.5, 0.5]},
								"south": {"uv": [6, 18], "uv_size": [0.25, 0.5]},
								"west": {"uv": [11, 11], "uv_size": [6.5, 0.5]},
								"up": {"uv": [10, 14], "uv_size": [0.25, 6.5]},
								"down": {"uv": [14, 20.5], "uv_size": [0.25, -6.5]}
							}
						},
						{
							"origin": [-0.9, 0.1, -9.23284],
							"size": [1.8, 0.47929, 0.33284],
							"inflate": -0.001,
							"pivot": [0, 0.65, -8.95],
							"rotation": [45, 0, 0],
							"uv": {
								"north": {"uv": [15, 17], "uv_size": [1.75, 0.5]},
								"east": {"uv": [6, 19], "uv_size": [0.25, 0.5]},
								"south": {"uv": [17, 16], "uv_size": [1.75, 0.5]},
								"west": {"uv": [17, 19], "uv_size": [0.25, 0.5]},
								"up": {"uv": [18, 12], "uv_size": [1.75, 0.25]},
								"down": {"uv": [15, 18.25], "uv_size": [1.75, -0.25]}
							}
						},
						{
							"origin": [-0.9, -1.3, -8.8],
							"size": [1.8, 2.2, 9.3],
							"uv": {
								"north": {"uv": [15, 20], "uv_size": [1.75, 2.25]},
								"east": {"uv": [20, 5], "uv_size": [9.25, 2.45]},
								"south": {"uv": [17, 20], "uv_size": [1.75, 2.25]},
								"west": {"uv": [20, 8], "uv_size": [9.25, 2.425]},
								"up": {"uv": [5, 20], "uv_size": [1.75, 9.25]},
								"down": {"uv": [11, 29.25], "uv_size": [1.75, -9.25]}
							}
						},
						{
							"origin": [-0.9, -1.2, -9.20355],
							"size": [1.8, 0.55, 0.50355],
							"inflate": -0.001,
							"pivot": [0, -0.65, -8.85],
							"rotation": [45, 0, 0],
							"uv": {
								"north": {"uv": [17, 17], "uv_size": [1.75, 0.5]},
								"east": {"uv": [7, 0], "uv_size": [0.5, 0.5]},
								"south": {"uv": [18, 0], "uv_size": [1.75, 0.5]},
								"west": {"uv": [7, 1], "uv_size": [0.5, 0.5]},
								"up": {"uv": [18, 1], "uv_size": [1.75, 0.5]},
								"down": {"uv": [4, 18.5], "uv_size": [1.75, -0.5]}
							}
						},
						{
							"origin": [-0.9, -1.3, -9.1],
							"size": [1.8, 0.4, 0.3],
							"uv": {
								"north": {"uv": [18, 8], "uv_size": [1.75, 0.5]},
								"east": {"uv": [19, 17], "uv_size": [0.25, 0.5]},
								"south": {"uv": [18, 9], "uv_size": [1.75, 0.5]},
								"west": {"uv": [18, 19], "uv_size": [0.25, 0.5]},
								"up": {"uv": [17, 18], "uv_size": [1.75, 0.25]},
								"down": {"uv": [4, 19.25], "uv_size": [1.75, -0.25]}
							}
						},
						{
							"origin": [-0.6948, -1.49277, -9.1],
							"size": [0.3448, 0.44277, 9.6],
							"inflate": -0.001,
							"pivot": [-0.56471, -1.14869, 9.6],
							"rotation": [0, 0, 45],
							"uv": {
								"north": {"uv": [19, 18], "uv_size": [0.25, 0.5]},
								"east": {"uv": [11, 12], "uv_size": [6.5, 0.5]},
								"south": {"uv": [19, 19], "uv_size": [0.25, 0.5]},
								"west": {"uv": [0, 13], "uv_size": [6.5, 0.5]},
								"up": {"uv": [0, 15], "uv_size": [0.25, 6.5]},
								"down": {"uv": [1, 21.5], "uv_size": [0.25, -6.5]}
							}
						},
						{
							"origin": [-0.65619, -1.54381, -9.1],
							"size": [1.31238, 0.24381, 9.6],
							"uv": {
								"north": {"uv": [15, 19], "uv_size": [1.25, 0.25]},
								"east": {"uv": [15, 14], "uv_size": [6.5, 0.25]},
								"south": {"uv": [19, 16], "uv_size": [1.25, 0.25]},
								"west": {"uv": [15, 15], "uv_size": [6.5, 0.25]},
								"up": {"uv": [8, 0], "uv_size": [1.25, 6.5]},
								"down": {"uv": [8, 13.5], "uv_size": [1.25, -6.5]}
							}
						},
						{
							"origin": [0.35, -1.49277, -9.1],
							"size": [0.3448, 0.44277, 9.6],
							"inflate": -0.001,
							"pivot": [0.56471, -1.14869, 9.6],
							"rotation": [0, 0, -45],
							"uv": {
								"north": {"uv": [20, 0], "uv_size": [0.25, 0.5]},
								"east": {"uv": [13, 2], "uv_size": [6.5, 0.5]},
								"south": {"uv": [20, 1], "uv_size": [0.25, 0.5]},
								"west": {"uv": [13, 3], "uv_size": [6.5, 0.5]},
								"up": {"uv": [2, 15], "uv_size": [0.25, 6.5]},
								"down": {"uv": [3, 21.5], "uv_size": [0.25, -6.5]}
							}
						}
					]
				}
			]
		}
	]
}