{
	"format_version": "1.12.0",
	"minecraft:geometry": [
		{
			"description": {
				"identifier": "geometry.hk_mp5a5 - Converted",
				"texture_width": 32,
				"texture_height": 32,
				"visible_bounds_width": 4,
				"visible_bounds_height": 2.5,
				"visible_bounds_offset": [0, 0.75, 0]
			},
			"bones": [
				{
					"name": "scope_view",
					"pivot": [0, 1.24335, 4.845]
				},
				{
					"name": "scope_body",
					"pivot": [0, 0.11233, -0.38259],
					"rotation": [-90, 0, -180],
					"cubes": [
						{
							"origin": [-0.57286, 1.05543, -1.17135],
							"size": [1.14572, 0.30261, 3.98668],
							"pivot": [-0.02997, 1.3746, -0.27626],
							"rotation": [-90, 0, 0],
							"uv": {
								"north": {"uv": [4, 11], "uv_size": [1, 0.25]},
								"east": {"uv": [0, 4], "uv_size": [4, 0.25]},
								"south": {"uv": [7, 11], "uv_size": [1, 0.25]},
								"west": {"uv": [4, 0], "uv_size": [4, 0.25]},
								"up": {"uv": [0, 0], "uv_size": [1, 4]},
								"down": {"uv": [1, 4], "uv_size": [1, -4]}
							}
						},
						{
							"origin": [-0.67712, 0.86631, -1.17135],
							"size": [0.19607, 0.38746, 1.79543],
							"inflate": -0.001,
							"pivot": [-0.02997, 1.3746, -0.27626],
							"rotation": [-90, 0, 0],
							"uv": {
								"north": {"uv": [19, 4], "uv_size": [0.25, 0.5]},
								"east": {"uv": [2, 9], "uv_size": [1.75, 0.5]},
								"south": {"uv": [5, 19], "uv_size": [0.25, 0.5]},
								"west": {"uv": [9, 2], "uv_size": [1.75, 0.5]},
								"up": {"uv": [10, 7], "uv_size": [0.25, 1.75]},
								"down": {"uv": [8, 11.75], "uv_size": [0.25, -1.75]}
							}
						},
						{
							"origin": [0.48124, -0.48644, -1.01543],
							"size": [0.19568, 0.26705, 0.28378],
							"inflate": -0.001,
							"pivot": [0.57908, -0.20632, -0.06792],
							"rotation": [-60, 0, 0],
							"uv": {
								"north": {"uv": [19.25, 17], "uv_size": [-0.25, 0.25]},
								"east": {"uv": [19.25, 19], "uv_size": [-0.25, 0.25]},
								"south": {"uv": [19.25, 18], "uv_size": [-0.25, 0.25]},
								"west": {"uv": [18.25, 19], "uv_size": [-0.25, 0.25]},
								"up": {"uv": [0.25, 20], "uv_size": [-0.25, 0.25]},
								"down": {"uv": [20.25, 0.25], "uv_size": [-0.25, -0.25]}
							}
						},
						{
							"origin": [0.48085, 0.98611, -1.17155],
							"size": [0.19527, 0.26666, 3.98588],
							"inflate": 0.001,
							"pivot": [0.02997, 1.3746, -0.27626],
							"rotation": [-90, 0, 0],
							"uv": {
								"north": {"uv": [19.25, 10], "uv_size": [-0.25, 0.25]},
								"east": {"uv": [8, 2], "uv_size": [-4, 0.25]},
								"south": {"uv": [11.25, 19], "uv_size": [-0.25, 0.25]},
								"west": {"uv": [8, 1], "uv_size": [-4, 0.25]},
								"up": {"uv": [4.25, 3], "uv_size": [-0.25, 4]},
								"down": {"uv": [0.25, 9], "uv_size": [-0.25, -4]}
							}
						},
						{
							"origin": [0.48105, 0.86631, -1.17135],
							"size": [0.19607, 0.38746, 1.79543],
							"inflate": -0.001,
							"pivot": [0.02997, 1.3746, -0.27626],
							"rotation": [-90, 0, 0],
							"uv": {
								"north": {"uv": [19.25, 4], "uv_size": [-0.25, 0.5]},
								"east": {"uv": [10.75, 2], "uv_size": [-1.75, 0.5]},
								"south": {"uv": [5.25, 19], "uv_size": [-0.25, 0.5]},
								"west": {"uv": [3.75, 9], "uv_size": [-1.75, 0.5]},
								"up": {"uv": [10.25, 7], "uv_size": [-0.25, 1.75]},
								"down": {"uv": [8.25, 11.75], "uv_size": [-0.25, -1.75]}
							}
						},
						{
							"origin": [-0.67612, 0.98611, -1.17155],
							"size": [0.19527, 0.26666, 3.98588],
							"inflate": 0.001,
							"pivot": [-0.02997, 1.3746, -0.27626],
							"rotation": [-90, 0, 0],
							"uv": {
								"north": {"uv": [19, 10], "uv_size": [0.25, 0.25]},
								"east": {"uv": [4, 1], "uv_size": [4, 0.25]},
								"south": {"uv": [11, 19], "uv_size": [0.25, 0.25]},
								"west": {"uv": [4, 2], "uv_size": [4, 0.25]},
								"up": {"uv": [4, 3], "uv_size": [0.25, 4]},
								"down": {"uv": [0, 9], "uv_size": [0.25, -4]}
							}
						},
						{
							"origin": [-0.40214, 0.83155, -1.17135],
							"size": [0.19608, 0.14745, 3.98668],
							"pivot": [-0.02997, 1.3746, -0.27626],
							"rotation": [-90, 45, 0],
							"uv": {
								"north": {"uv": [19, 11], "uv_size": [0.25, 0.25]},
								"east": {"uv": [5, 3], "uv_size": [4, 0.25]},
								"south": {"uv": [12, 19], "uv_size": [0.25, 0.25]},
								"west": {"uv": [5, 4], "uv_size": [4, 0.25]},
								"up": {"uv": [1, 5], "uv_size": [0.25, 4]},
								"down": {"uv": [2, 9], "uv_size": [0.25, -4]}
							}
						},
						{
							"origin": [0.20606, 0.83155, -1.17135],
							"size": [0.19608, 0.14745, 3.98668],
							"pivot": [0.02997, 1.3746, -0.27626],
							"rotation": [-90, -45, 0],
							"uv": {
								"north": {"uv": [19.25, 11], "uv_size": [-0.25, 0.25]},
								"east": {"uv": [9, 4], "uv_size": [-4, 0.25]},
								"south": {"uv": [12.25, 19], "uv_size": [-0.25, 0.25]},
								"west": {"uv": [9, 3], "uv_size": [-4, 0.25]},
								"up": {"uv": [1.25, 5], "uv_size": [-0.25, 4]},
								"down": {"uv": [2.25, 9], "uv_size": [-0.25, -4]}
							}
						},
						{
							"origin": [-0.67692, -0.48644, -1.01543],
							"size": [0.19568, 0.26705, 0.28378],
							"inflate": -0.001,
							"pivot": [-0.57908, -0.20632, -0.06792],
							"rotation": [-60, 0, 0],
							"uv": {
								"north": {"uv": [19, 17], "uv_size": [0.25, 0.25]},
								"east": {"uv": [18, 19], "uv_size": [0.25, 0.25]},
								"south": {"uv": [19, 18], "uv_size": [0.25, 0.25]},
								"west": {"uv": [19, 19], "uv_size": [0.25, 0.25]},
								"up": {"uv": [0, 20], "uv_size": [0.25, 0.25]},
								"down": {"uv": [20, 0.25], "uv_size": [0.25, -0.25]}
							}
						},
						{
							"origin": [-0.57286, 3.3509, 2.62395],
							"size": [1.14572, 0.53046, 1.00638],
							"pivot": [-0.02997, 3.9771, 0.08374],
							"rotation": [-90, 0, 0],
							"uv": {
								"north": {"uv": [7, 9], "uv_size": [1, 0.5]},
								"east": {"uv": [9, 7], "uv_size": [1, 0.5]},
								"south": {"uv": [8, 9], "uv_size": [1, 0.5]},
								"west": {"uv": [9, 8], "uv_size": [1, 0.5]},
								"up": {"uv": [8, 1], "uv_size": [1, 1]},
								"down": {"uv": [8, 3], "uv_size": [1, -1]}
							}
						},
						{
							"origin": [-0.57286, 3.60054, 4.42395],
							"size": [1.14572, 0.17123, 1.35388],
							"inflate": 0.001,
							"pivot": [-0.02997, 3.9771, 0.08374],
							"rotation": [-90, 0, 0],
							"uv": {
								"north": {"uv": [10, 16], "uv_size": [1, 0.25]},
								"east": {"uv": [4, 15], "uv_size": [1.25, 0.25]},
								"south": {"uv": [8, 17], "uv_size": [1, 0.25]},
								"west": {"uv": [15, 4], "uv_size": [1.25, 0.25]},
								"up": {"uv": [2, 0], "uv_size": [1, 1.25]},
								"down": {"uv": [2, 3.25], "uv_size": [1, -1.25]}
							}
						},
						{
							"origin": [-0.57286, 3.60054, 4.42395],
							"size": [1.14572, 0.33924, 0.46544],
							"pivot": [-0.02997, 3.9771, 0.08374],
							"rotation": [-90, 0, 0],
							"uv": {
								"north": {"uv": [9, 9], "uv_size": [1, 0.5]},
								"east": {"uv": [17, 8], "uv_size": [0.5, 0.5]},
								"south": {"uv": [0, 10], "uv_size": [1, 0.5]},
								"west": {"uv": [17, 9], "uv_size": [0.5, 0.5]},
								"up": {"uv": [1, 10], "uv_size": [1, 0.5]},
								"down": {"uv": [2, 10.5], "uv_size": [1, -0.5]}
							}
						},
						{
							"origin": [-0.47286, 3.8884, 4.47708],
							"size": [0.28579, 0.1, 0.06562],
							"pivot": [-0.02997, 3.9771, 0.08374],
							"rotation": [-90, 0, 0],
							"uv": {
								"north": {"uv": [5, 20], "uv_size": [0.25, 0.25]},
								"east": {"uv": [20, 5], "uv_size": [0.25, 0.25]},
								"south": {"uv": [6, 20], "uv_size": [0.25, 0.25]},
								"west": {"uv": [20, 6], "uv_size": [0.25, 0.25]},
								"up": {"uv": [7, 20], "uv_size": [0.25, 0.25]},
								"down": {"uv": [20, 7.25], "uv_size": [0.25, -0.25]}
							}
						},
						{
							"origin": [0.18707, 3.8884, 4.47708],
							"size": [0.28579, 0.1, 0.06562],
							"pivot": [0.02997, 3.9771, 0.08374],
							"rotation": [-90, 0, 0],
							"uv": {
								"north": {"uv": [5.25, 20], "uv_size": [-0.25, 0.25]},
								"east": {"uv": [20.25, 6], "uv_size": [-0.25, 0.25]},
								"south": {"uv": [6.25, 20], "uv_size": [-0.25, 0.25]},
								"west": {"uv": [20.25, 5], "uv_size": [-0.25, 0.25]},
								"up": {"uv": [7.25, 20], "uv_size": [-0.25, 0.25]},
								"down": {"uv": [20.25, 7.25], "uv_size": [-0.25, -0.25]}
							}
						},
						{
							"origin": [0.22445, -1.30688, 0.47835],
							"size": [0.28579, 0.1, 0.16562],
							"pivot": [0.02267, -0.44592, 0.56116],
							"rotation": [-90, -45, 0],
							"uv": {
								"north": {"uv": [21.25, 5], "uv_size": [-0.25, 0.25]},
								"east": {"uv": [7.25, 21], "uv_size": [-0.25, 0.25]},
								"south": {"uv": [21.25, 6], "uv_size": [-0.25, 0.25]},
								"west": {"uv": [6.25, 21], "uv_size": [-0.25, 0.25]},
								"up": {"uv": [21.25, 7], "uv_size": [-0.25, 0.25]},
								"down": {"uv": [8.25, 21.25], "uv_size": [-0.25, -0.25]}
							}
						},
						{
							"origin": [0.68333, -0.79592, 0.15721],
							"size": [0.78579, 0.1, 0.16562],
							"pivot": [0.62623, -0.44592, 0.24002],
							"rotation": [0, -90, -90],
							"uv": {
								"north": {"uv": [13.75, 18], "uv_size": [-0.75, 0.25]},
								"east": {"uv": [5.25, 21], "uv_size": [-0.25, 0.25]},
								"south": {"uv": [18.75, 13], "uv_size": [-0.75, 0.25]},
								"west": {"uv": [21.25, 4], "uv_size": [-0.25, 0.25]},
								"up": {"uv": [14.75, 18], "uv_size": [-0.75, 0.25]},
								"down": {"uv": [18.75, 14.25], "uv_size": [-0.75, -0.25]}
							}
						},
						{
							"origin": [0.52298, -0.24622, 0.8955],
							"size": [0.28578, 0.1, 0.16562],
							"pivot": [0.65699, -0.44592, 0.97831],
							"rotation": [-90, 45, 0],
							"uv": {
								"north": {"uv": [21.25, 1], "uv_size": [-0.25, 0.25]},
								"east": {"uv": [3.25, 21], "uv_size": [-0.25, 0.25]},
								"south": {"uv": [21.25, 2], "uv_size": [-0.25, 0.25]},
								"west": {"uv": [2.25, 21], "uv_size": [-0.25, 0.25]},
								"up": {"uv": [21.25, 3], "uv_size": [-0.25, 0.25]},
								"down": {"uv": [4.25, 21.25], "uv_size": [-0.25, -0.25]}
							}
						},
						{
							"origin": [-0.80876, -0.24622, 0.8955],
							"size": [0.28578, 0.1, 0.16562],
							"pivot": [-0.65699, -0.44592, 0.97831],
							"rotation": [-90, -45, 0],
							"uv": {
								"north": {"uv": [21, 1], "uv_size": [0.25, 0.25]},
								"east": {"uv": [2, 21], "uv_size": [0.25, 0.25]},
								"south": {"uv": [21, 2], "uv_size": [0.25, 0.25]},
								"west": {"uv": [3, 21], "uv_size": [0.25, 0.25]},
								"up": {"uv": [21, 3], "uv_size": [0.25, 0.25]},
								"down": {"uv": [4, 21.25], "uv_size": [0.25, -0.25]}
							}
						},
						{
							"origin": [-1.46912, -0.79592, 0.15721],
							"size": [0.78579, 0.1, 0.16562],
							"pivot": [-0.62623, -0.44592, 0.24002],
							"rotation": [0, 90, 90],
							"uv": {
								"north": {"uv": [13, 18], "uv_size": [0.75, 0.25]},
								"east": {"uv": [21, 4], "uv_size": [0.25, 0.25]},
								"south": {"uv": [18, 13], "uv_size": [0.75, 0.25]},
								"west": {"uv": [5, 21], "uv_size": [0.25, 0.25]},
								"up": {"uv": [14, 18], "uv_size": [0.75, 0.25]},
								"down": {"uv": [18, 14.25], "uv_size": [0.75, -0.25]}
							}
						},
						{
							"origin": [-0.51024, -1.30688, 0.47835],
							"size": [0.28579, 0.1, 0.16562],
							"pivot": [-0.02267, -0.44592, 0.56116],
							"rotation": [-90, 45, 0],
							"uv": {
								"north": {"uv": [21, 5], "uv_size": [0.25, 0.25]},
								"east": {"uv": [6, 21], "uv_size": [0.25, 0.25]},
								"south": {"uv": [21, 6], "uv_size": [0.25, 0.25]},
								"west": {"uv": [7, 21], "uv_size": [0.25, 0.25]},
								"up": {"uv": [21, 7], "uv_size": [0.25, 0.25]},
								"down": {"uv": [8, 21.25], "uv_size": [0.25, -0.25]}
							}
						},
						{
							"origin": [-0.77414, -0.59592, 0.16223],
							"size": [1.54828, 0.1, 0.16563],
							"pivot": [0, -0.44592, 0.24504],
							"rotation": [-90, 0, 0],
							"uv": {
								"north": {"uv": [11, 3], "uv_size": [1.75, 0.25]},
								"east": {"uv": [21, 8], "uv_size": [0.25, 0.25]},
								"south": {"uv": [11, 4], "uv_size": [1.75, 0.25]},
								"west": {"uv": [9, 21], "uv_size": [0.25, 0.25]},
								"up": {"uv": [11, 5], "uv_size": [1.75, 0.25]},
								"down": {"uv": [11, 6.25], "uv_size": [1.75, -0.25]}
							}
						},
						{
							"origin": [-0.57286, 3.5509, 3.32395],
							"size": [1.14572, 0.33046, 0.40638],
							"inflate": -0.001,
							"pivot": [-0.02997, 3.9771, 0.18374],
							"rotation": [-90, 0, 0],
							"uv": {
								"north": {"uv": [3, 10], "uv_size": [1, 0.5]},
								"east": {"uv": [10, 17], "uv_size": [0.5, 0.5]},
								"south": {"uv": [10, 5], "uv_size": [1, 0.5]},
								"west": {"uv": [17, 10], "uv_size": [0.5, 0.5]},
								"up": {"uv": [10, 6], "uv_size": [1, 0.5]},
								"down": {"uv": [7, 10.5], "uv_size": [1, -0.5]}
							}
						},
						{
							"origin": [-0.78021, 0.66883, -0.16208],
							"size": [1.08707, 0.18888, 0.15064],
							"pivot": [-0.23603, 0.86327, -0.07927],
							"rotation": [-90, 0, -45],
							"uv": {
								"north": {"uv": [11, 17], "uv_size": [1, 0.25]},
								"east": {"uv": [21, 16], "uv_size": [0.25, 0.25]},
								"south": {"uv": [12, 17], "uv_size": [1, 0.25]},
								"west": {"uv": [17, 21], "uv_size": [0.25, 0.25]},
								"up": {"uv": [13, 17], "uv_size": [1, 0.25]},
								"down": {"uv": [14, 17.25], "uv_size": [1, -0.25]}
							}
						},
						{
							"origin": [-0.28395, 0.63445, -0.65705],
							"size": [0.38579, 0.18888, 0.16562],
							"pivot": [-0.23603, 0.82889, -0.07927],
							"rotation": [-90, 0, -45],
							"uv": {
								"north": {"uv": [19, 6], "uv_size": [0.5, 0.25]},
								"east": {"uv": [21, 17], "uv_size": [0.25, 0.25]},
								"south": {"uv": [7, 19], "uv_size": [0.5, 0.25]},
								"west": {"uv": [18, 21], "uv_size": [0.25, 0.25]},
								"up": {"uv": [19, 7], "uv_size": [0.5, 0.25]},
								"down": {"uv": [8, 19.25], "uv_size": [0.5, -0.25]}
							}
						},
						{
							"origin": [-0.30686, 0.66883, -0.16208],
							"size": [1.08707, 0.18888, 0.15064],
							"pivot": [0.23603, 0.86327, -0.07927],
							"rotation": [-90, 0, 45],
							"uv": {
								"north": {"uv": [12, 17], "uv_size": [-1, 0.25]},
								"east": {"uv": [17.25, 21], "uv_size": [-0.25, 0.25]},
								"south": {"uv": [13, 17], "uv_size": [-1, 0.25]},
								"west": {"uv": [21.25, 16], "uv_size": [-0.25, 0.25]},
								"up": {"uv": [14, 17], "uv_size": [-1, 0.25]},
								"down": {"uv": [15, 17.25], "uv_size": [-1, -0.25]}
							}
						},
						{
							"origin": [-0.10184, 0.63445, -0.65705],
							"size": [0.38579, 0.18888, 0.16562],
							"pivot": [0.23603, 0.82889, -0.07927],
							"rotation": [-90, 0, 45],
							"uv": {
								"north": {"uv": [19.5, 6], "uv_size": [-0.5, 0.25]},
								"east": {"uv": [18.25, 21], "uv_size": [-0.25, 0.25]},
								"south": {"uv": [7.5, 19], "uv_size": [-0.5, 0.25]},
								"west": {"uv": [21.25, 17], "uv_size": [-0.25, 0.25]},
								"up": {"uv": [19.5, 7], "uv_size": [-0.5, 0.25]},
								"down": {"uv": [8.5, 19.25], "uv_size": [-0.5, -0.25]}
							}
						},
						{
							"origin": [-0.67938, 0.06608, -0.95982],
							"size": [1.35785, 0.18887, 0.66653],
							"pivot": [0.12686, 0.29177, -0.04802],
							"rotation": [-90, 0, 0],
							"uv": {
								"north": {"uv": [15, 5], "uv_size": [1.25, 0.25]},
								"east": {"uv": [17, 18], "uv_size": [0.75, 0.25]},
								"south": {"uv": [6, 15], "uv_size": [1.25, 0.25]},
								"west": {"uv": [18, 17], "uv_size": [0.75, 0.25]},
								"up": {"uv": [0, 9], "uv_size": [1.25, 0.75]},
								"down": {"uv": [9, 1.75], "uv_size": [1.25, -0.75]}
							}
						},
						{
							"origin": [-0.57286, 0.25964, -0.28222],
							"size": [1.14572, 0.21083, 0.15361],
							"inflate": -0.001,
							"pivot": [-0.02997, 0.60408, -0.04802],
							"rotation": [-150, 0, 0],
							"uv": {
								"north": {"uv": [17, 17], "uv_size": [1, 0.25]},
								"east": {"uv": [21, 20], "uv_size": [0.25, 0.25]},
								"south": {"uv": [0, 18], "uv_size": [1, 0.25]},
								"west": {"uv": [21, 21], "uv_size": [0.25, 0.25]},
								"up": {"uv": [18, 0], "uv_size": [1, 0.25]},
								"down": {"uv": [1, 18.25], "uv_size": [1, -0.25]}
							}
						},
						{
							"origin": [-0.3735, 3.5509, 3.22395],
							"size": [0.28579, 0.28888, 1.26562],
							"pivot": [-0.03061, 3.9771, 0.08374],
							"rotation": [-90, 0, 0],
							"uv": {
								"north": {"uv": [1, 22], "uv_size": [0.25, 0.25]},
								"east": {"uv": [9, 15], "uv_size": [1.25, 0.25]},
								"south": {"uv": [22, 1], "uv_size": [0.25, 0.25]},
								"west": {"uv": [15, 10], "uv_size": [1.25, 0.25]},
								"up": {"uv": [11, 15], "uv_size": [0.25, 1.25]},
								"down": {"uv": [12, 16.25], "uv_size": [0.25, -1.25]}
							}
						},
						{
							"origin": [0.30023, -0.04044, -0.7602],
							"size": [0.14398, 0.34761, 1.26562],
							"pivot": [0.30151, 0.20408, -0.12739],
							"rotation": [-90, 45, 0],
							"uv": {
								"north": {"uv": [2.25, 22], "uv_size": [-0.25, 0.25]},
								"east": {"uv": [17.25, 0], "uv_size": [-1.25, 0.25]},
								"south": {"uv": [22.25, 2], "uv_size": [-0.25, 0.25]},
								"west": {"uv": [1.25, 16], "uv_size": [-1.25, 0.25]},
								"up": {"uv": [2.25, 16], "uv_size": [-0.25, 1.25]},
								"down": {"uv": [3.25, 17.25], "uv_size": [-0.25, -1.25]}
							}
						},
						{
							"origin": [0.08771, 3.5509, 3.22395],
							"size": [0.28579, 0.28888, 1.26562],
							"pivot": [0.03061, 3.9771, 0.08374],
							"rotation": [-90, 0, 0],
							"uv": {
								"north": {"uv": [1.25, 22], "uv_size": [-0.25, 0.25]},
								"east": {"uv": [16.25, 10], "uv_size": [-1.25, 0.25]},
								"south": {"uv": [22.25, 1], "uv_size": [-0.25, 0.25]},
								"west": {"uv": [10.25, 15], "uv_size": [-1.25, 0.25]},
								"up": {"uv": [11.25, 15], "uv_size": [-0.25, 1.25]},
								"down": {"uv": [12.25, 16.25], "uv_size": [-0.25, -1.25]}
							}
						},
						{
							"origin": [-0.47467, 3.5509, 3.22395],
							"size": [0.88813, 0.18835, 1.26562],
							"pivot": [-0.02997, 3.9771, 0.08374],
							"rotation": [-90, 0, 0],
							"uv": {
								"north": {"uv": [2, 18], "uv_size": [1, 0.25]},
								"east": {"uv": [13, 15], "uv_size": [1.25, 0.25]},
								"south": {"uv": [3, 18], "uv_size": [1, 0.25]},
								"west": {"uv": [15, 15], "uv_size": [1.25, 0.25]},
								"up": {"uv": [3, 0], "uv_size": [1, 1.25]},
								"down": {"uv": [3, 3.25], "uv_size": [1, -1.25]}
							}
						},
						{
							"origin": [-0.41346, 3.5509, 3.22395],
							"size": [0.88813, 0.18835, 1.26562],
							"pivot": [0.02997, 3.9771, 0.08374],
							"rotation": [-90, 0, 0],
							"uv": {
								"north": {"uv": [3, 18], "uv_size": [-1, 0.25]},
								"east": {"uv": [16.25, 15], "uv_size": [-1.25, 0.25]},
								"south": {"uv": [4, 18], "uv_size": [-1, 0.25]},
								"west": {"uv": [14.25, 15], "uv_size": [-1.25, 0.25]},
								"up": {"uv": [4, 0], "uv_size": [-1, 1.25]},
								"down": {"uv": [4, 3.25], "uv_size": [-1, -1.25]}
							}
						},
						{
							"origin": [-0.44421, -0.04044, -0.7602],
							"size": [0.14398, 0.34761, 1.26562],
							"pivot": [-0.30151, 0.20408, -0.12739],
							"rotation": [-90, -45, 0],
							"uv": {
								"north": {"uv": [2, 22], "uv_size": [0.25, 0.25]},
								"east": {"uv": [0, 16], "uv_size": [1.25, 0.25]},
								"south": {"uv": [22, 2], "uv_size": [0.25, 0.25]},
								"west": {"uv": [16, 0], "uv_size": [1.25, 0.25]},
								"up": {"uv": [2, 16], "uv_size": [0.25, 1.25]},
								"down": {"uv": [3, 17.25], "uv_size": [0.25, -1.25]}
							}
						},
						{
							"origin": [-0.57286, 1.0064, 0.39225],
							"size": [1.08579, 0.86165, 0.23943],
							"pivot": [-0.0821, 1.69323, 0.08236],
							"rotation": [-150, 0, 0],
							"uv": {
								"north": {"uv": [9, 5], "uv_size": [1, 0.75]},
								"east": {"uv": [19, 1], "uv_size": [0.25, 0.75]},
								"south": {"uv": [9, 6], "uv_size": [1, 0.75]},
								"west": {"uv": [2, 19], "uv_size": [0.25, 0.75]},
								"up": {"uv": [4, 18], "uv_size": [1, 0.25]},
								"down": {"uv": [5, 18.25], "uv_size": [1, -0.25]}
							}
						},
						{
							"origin": [-0.57286, 1.0064, 0.29225],
							"size": [0.28579, 0.86165, 0.33943],
							"pivot": [-0.0821, 1.69323, 0.08236],
							"rotation": [-150, 0, 0],
							"uv": {
								"north": {"uv": [19, 2], "uv_size": [0.25, 0.75]},
								"east": {"uv": [3, 19], "uv_size": [0.25, 0.75]},
								"south": {"uv": [19, 3], "uv_size": [0.25, 0.75]},
								"west": {"uv": [4, 19], "uv_size": [0.25, 0.75]},
								"up": {"uv": [5, 22], "uv_size": [0.25, 0.25]},
								"down": {"uv": [22, 5.25], "uv_size": [0.25, -0.25]}
							}
						},
						{
							"origin": [0.28707, 1.0064, 0.29225],
							"size": [0.28579, 0.86165, 0.33943],
							"pivot": [0.0821, 1.69323, 0.08236],
							"rotation": [-150, 0, 0],
							"uv": {
								"north": {"uv": [19.25, 2], "uv_size": [-0.25, 0.75]},
								"east": {"uv": [4.25, 19], "uv_size": [-0.25, 0.75]},
								"south": {"uv": [19.25, 3], "uv_size": [-0.25, 0.75]},
								"west": {"uv": [3.25, 19], "uv_size": [-0.25, 0.75]},
								"up": {"uv": [5.25, 22], "uv_size": [-0.25, 0.25]},
								"down": {"uv": [22.25, 5.25], "uv_size": [-0.25, -0.25]}
							}
						},
						{
							"origin": [-0.57286, -1.59832, -0.24593],
							"size": [1.14572, 0.90428, 0.28208],
							"inflate": -0.001,
							"pivot": [-0.02997, -1.17487, -0.17439],
							"rotation": [157.5, 0, 0],
							"uv": {
								"north": {"uv": [7, 8], "uv_size": [1, 1]},
								"east": {"uv": [6, 18], "uv_size": [0.25, 1]},
								"south": {"uv": [8, 8], "uv_size": [1, 1]},
								"west": {"uv": [7, 18], "uv_size": [0.25, 1]},
								"up": {"uv": [8, 18], "uv_size": [1, 0.25]},
								"down": {"uv": [18, 8.25], "uv_size": [1, -0.25]}
							}
						}
					]
				},
				{
					"name": "division",
					"pivot": [0, -0.0625, 0]
				},
				{
					"name": "1_illuminated",
					"parent": "division",
					"pivot": [0, 1.2433, -2.25496],
					"rotation": [-90, 0, 0],
					"cubes": [
						{
							"origin": [-0.15, -2.2567, -2.44903],
							"size": [0.3, 0.3, 0.1],
							"pivot": [0, -2.25093, -2.39903],
							"rotation": [-90, 0, 0],
							"uv": {
								"north": {"uv": [27, 0.25], "uv_size": [2.75, 2.75]}
							}
						}
					]
				},
				{
					"name": "ocular",
					"pivot": [0, 0, -0.98275],
					"cubes": [
						{
							"origin": [-0.88765, 0.6808, -0.98275],
							"size": [1.7753, 1.0136, 0],
							"uv": {
								"south": {"uv": [3, 17], "uv_size": [1.5, 1.25]}
							}
						}
					]
				},
				{
					"name": "1_illuminated2",
					"parent": "ocular",
					"pivot": [-0.00514, 1.43421, -1.48275]
				}
			]
		}
	]
}