{
	"format_version": "1.12.0",
	"minecraft:geometry": [
		{
			"description": {
				"identifier": "geometry.unknown",
				"texture_width": 32,
				"texture_height": 32,
				"visible_bounds_width": 7,
				"visible_bounds_height": 3.5,
				"visible_bounds_offset": [0, 1.25, 0]
			},
			"bones": [
				{
					"name": "bone",
					"pivot": [0, 0.1, 0]
				},
				{
					"name": "scope_body",
					"parent": "bone",
					"pivot": [0, -0.62, 3],
					"cubes": [
						{
							"origin": [-0.7575, -0.14, 0.6],
							"size": [1.515, 0.33, 0.0825],
							"uv": {
								"north": {"uv": [5, 3], "uv_size": [1.25, 0.25]},
								"east": {"uv": [5, 18], "uv_size": [0.25, 0.25]},
								"south": {"uv": [4, 5], "uv_size": [1.25, 0.25]},
								"west": {"uv": [18, 5], "uv_size": [0.25, 0.25]},
								"up": {"uv": [5, 4], "uv_size": [1.25, 0.25]},
								"down": {"uv": [0, 6.25], "uv_size": [1.25, -0.25]}
							}
						},
						{
							"origin": [-0.7575, -0.15296, 1.0425],
							"size": [1.515, 0.26046, 0.26592],
							"uv": {
								"north": {"uv": [8, 0], "uv_size": [1.25, 0.25]},
								"east": {"uv": [10, 18], "uv_size": [0.25, 0.25]},
								"south": {"uv": [8, 1], "uv_size": [1.25, 0.25]},
								"west": {"uv": [18, 10], "uv_size": [0.25, 0.25]},
								"up": {"uv": [2, 8], "uv_size": [1.25, 0.25]},
								"down": {"uv": [8, 2.25], "uv_size": [1.25, -0.25]}
							}
						},
						{
							"origin": [0.4425, -0.15296, 1.53222],
							"size": [0.272, 0.26046, 0.12],
							"pivot": [0, -0.02272, 1.29546],
							"rotation": [0, 45, 0],
							"uv": {
								"north": {"uv": [11, 18], "uv_size": [0.25, 0.25]},
								"east": {"uv": [18, 11], "uv_size": [0.25, 0.25]},
								"south": {"uv": [12, 18], "uv_size": [0.25, 0.25]},
								"west": {"uv": [18, 12], "uv_size": [0.25, 0.25]},
								"up": {"uv": [13, 18], "uv_size": [0.25, 0.25]},
								"down": {"uv": [18, 13.25], "uv_size": [0.25, -0.25]}
							}
						},
						{
							"origin": [0.4425, -0.15296, 0.6987],
							"size": [0.272, 0.26046, 0.12],
							"pivot": [0, -0.02272, 1.05546],
							"rotation": [0, -45, 0],
							"uv": {
								"north": {"uv": [14, 18], "uv_size": [0.25, 0.25]},
								"east": {"uv": [18, 14], "uv_size": [0.25, 0.25]},
								"south": {"uv": [15, 18], "uv_size": [0.25, 0.25]},
								"west": {"uv": [18, 15], "uv_size": [0.25, 0.25]},
								"up": {"uv": [16, 18], "uv_size": [0.25, 0.25]},
								"down": {"uv": [18, 16.25], "uv_size": [0.25, -0.25]}
							}
						},
						{
							"origin": [-0.65682, -0.15296, 1.25197],
							"size": [0.272, 0.26046, 0.12],
							"pivot": [-0.30946, 0.20861, 1.0857],
							"rotation": [0, -45, 0],
							"uv": {
								"north": {"uv": [19, 1], "uv_size": [0.25, 0.25]},
								"east": {"uv": [2, 19], "uv_size": [0.25, 0.25]},
								"south": {"uv": [19, 2], "uv_size": [0.25, 0.25]},
								"west": {"uv": [3, 19], "uv_size": [0.25, 0.25]},
								"up": {"uv": [19, 3], "uv_size": [0.25, 0.25]},
								"down": {"uv": [4, 19.25], "uv_size": [0.25, -0.25]}
							}
						},
						{
							"origin": [-0.7145, -0.15296, 0.6987],
							"size": [0.272, 0.26046, 0.12],
							"pivot": [0, -0.02272, 1.05546],
							"rotation": [0, 45, 0],
							"uv": {
								"north": {"uv": [17, 18], "uv_size": [0.25, 0.25]},
								"east": {"uv": [18, 17], "uv_size": [0.25, 0.25]},
								"south": {"uv": [18, 18], "uv_size": [0.25, 0.25]},
								"west": {"uv": [0, 19], "uv_size": [0.25, 0.25]},
								"up": {"uv": [19, 0], "uv_size": [0.25, 0.25]},
								"down": {"uv": [1, 19.25], "uv_size": [0.25, -0.25]}
							}
						},
						{
							"origin": [-0.7575, -0.14, 1.66842],
							"size": [1.515, 0.33, 0.0825],
							"uv": {
								"north": {"uv": [4, 7], "uv_size": [1.25, 0.25]},
								"east": {"uv": [9, 18], "uv_size": [0.25, 0.25]},
								"south": {"uv": [7, 4], "uv_size": [1.25, 0.25]},
								"west": {"uv": [18, 9], "uv_size": [0.25, 0.25]},
								"up": {"uv": [6, 7], "uv_size": [1.25, 0.25]},
								"down": {"uv": [0, 8.25], "uv_size": [1.25, -0.25]}
							}
						},
						{
							"origin": [-0.7577, -0.16688, 0.74133],
							"size": [1.5154, 0.1354, 0.0829],
							"inflate": 0.001,
							"pivot": [0, -0.25668, 0.80153],
							"rotation": [45, 0, 0],
							"uv": {
								"north": {"uv": [6, 0], "uv_size": [1.25, 0.25]},
								"east": {"uv": [7, 18], "uv_size": [0.25, 0.25]},
								"south": {"uv": [6, 1], "uv_size": [1.25, 0.25]},
								"west": {"uv": [18, 7], "uv_size": [0.25, 0.25]},
								"up": {"uv": [2, 6], "uv_size": [1.25, 0.25]},
								"down": {"uv": [6, 2.25], "uv_size": [1.25, -0.25]}
							}
						},
						{
							"origin": [-0.7577, -0.16688, 1.52669],
							"size": [1.5154, 0.1354, 0.0829],
							"inflate": 0.001,
							"pivot": [0, -0.25668, 1.54939],
							"rotation": [-45, 0, 0],
							"uv": {
								"north": {"uv": [6, 6], "uv_size": [1.25, 0.25]},
								"east": {"uv": [8, 18], "uv_size": [0.25, 0.25]},
								"south": {"uv": [0, 7], "uv_size": [1.25, 0.25]},
								"west": {"uv": [18, 8], "uv_size": [0.25, 0.25]},
								"up": {"uv": [2, 7], "uv_size": [1.25, 0.25]},
								"down": {"uv": [7, 3.25], "uv_size": [1.25, -0.25]}
							}
						},
						{
							"origin": [0.7552, -0.35772, 0.6],
							"size": [0.195, 0.0825, 1.15092],
							"pivot": [0.1927, -0.31646, 1.21296],
							"rotation": [0, 0, -45],
							"uv": {
								"north": {"uv": [6, 18], "uv_size": [0.25, 0.25]},
								"east": {"uv": [8, 12], "uv_size": [1, 0.25]},
								"south": {"uv": [18, 6], "uv_size": [0.25, 0.25]},
								"west": {"uv": [12, 8], "uv_size": [1, 0.25]},
								"up": {"uv": [9, 12], "uv_size": [0.25, 1]},
								"down": {"uv": [12, 10], "uv_size": [0.25, -1]}
							}
						},
						{
							"origin": [0.77762, -0.25654, 0.36],
							"size": [0.05834, 0.05833, 1.51092],
							"pivot": [0.0652, -0.25272, 1.45296],
							"rotation": [0, 0, -45],
							"uv": {
								"north": {"uv": [19, 5], "uv_size": [0.25, 0.25]},
								"east": {"uv": [0, 9], "uv_size": [1.25, 0.25]},
								"south": {"uv": [6, 19], "uv_size": [0.25, 0.25]},
								"west": {"uv": [2, 9], "uv_size": [1.25, 0.25]},
								"up": {"uv": [9, 3], "uv_size": [0.25, 1.25]},
								"down": {"uv": [4, 10.25], "uv_size": [0.25, -1.25]}
							}
						},
						{
							"origin": [-0.83596, -0.25654, 0.36],
							"size": [0.05834, 0.05833, 1.51092],
							"pivot": [-0.0652, -0.25272, 1.45296],
							"rotation": [0, 0, 45],
							"uv": {
								"north": {"uv": [19, 6], "uv_size": [0.25, 0.25]},
								"east": {"uv": [5, 9], "uv_size": [1.25, 0.25]},
								"south": {"uv": [7, 19], "uv_size": [0.25, 0.25]},
								"west": {"uv": [7, 9], "uv_size": [1.25, 0.25]},
								"up": {"uv": [9, 9], "uv_size": [0.25, 1.25]},
								"down": {"uv": [0, 11.25], "uv_size": [0.25, -1.25]}
							}
						},
						{
							"origin": [-0.9502, -0.35772, 0.6],
							"size": [0.195, 0.0825, 1.15092],
							"pivot": [-0.1927, -0.31646, 1.21296],
							"rotation": [0, 0, 45],
							"uv": {
								"north": {"uv": [19, 4], "uv_size": [0.25, 0.25]},
								"east": {"uv": [12, 10], "uv_size": [1, 0.25]},
								"south": {"uv": [5, 19], "uv_size": [0.25, 0.25]},
								"west": {"uv": [12, 11], "uv_size": [1, 0.25]},
								"up": {"uv": [12, 12], "uv_size": [0.25, 1]},
								"down": {"uv": [0, 14], "uv_size": [0.25, -1]}
							}
						},
						{
							"origin": [-0.7575, 0.1075, 0.6825],
							"size": [1.515, 0.0825, 0.98592],
							"uv": {
								"north": {"uv": [6, 8], "uv_size": [1.25, 0.25]},
								"east": {"uv": [15, 1], "uv_size": [0.75, 0.25]},
								"south": {"uv": [8, 6], "uv_size": [1.25, 0.25]},
								"west": {"uv": [2, 15], "uv_size": [0.75, 0.25]},
								"up": {"uv": [3, 2], "uv_size": [1.25, 0.75]},
								"down": {"uv": [3, 3.75], "uv_size": [1.25, -0.75]}
							}
						},
						{
							"origin": [-0.69917, 0.19, 0.6],
							"size": [1.39834, 0.05833, 1.15092],
							"uv": {
								"north": {"uv": [8, 7], "uv_size": [1.25, 0.25]},
								"east": {"uv": [1, 13], "uv_size": [1, 0.25]},
								"south": {"uv": [8, 8], "uv_size": [1.25, 0.25]},
								"west": {"uv": [2, 13], "uv_size": [1, 0.25]},
								"up": {"uv": [0, 0], "uv_size": [1.25, 1]},
								"down": {"uv": [0, 2], "uv_size": [1.25, -1]}
							}
						},
						{
							"origin": [-0.59791, 0.19, 1.78842],
							"size": [1.19582, 0.05833, 0.0825],
							"uv": {
								"north": {"uv": [0, 14], "uv_size": [1, 0.25]},
								"east": {"uv": [28, 28], "uv_size": [0.25, 0.25]},
								"south": {"uv": [14, 0], "uv_size": [1, 0.25]},
								"west": {"uv": [0, 29], "uv_size": [0.25, 0.25]},
								"up": {"uv": [1, 14], "uv_size": [1, 0.25]},
								"down": {"uv": [14, 1.25], "uv_size": [1, -0.25]}
							}
						},
						{
							"origin": [-0.67667, 0.19, 1.75092],
							"size": [1.35334, 0.05833, 0.04124],
							"uv": {
								"north": {"uv": [12, 1], "uv_size": [1.25, 0.25]},
								"east": {"uv": [29, 0], "uv_size": [0.25, 0.25]},
								"south": {"uv": [2, 12], "uv_size": [1.25, 0.25]},
								"west": {"uv": [1, 29], "uv_size": [0.25, 0.25]},
								"up": {"uv": [12, 2], "uv_size": [1.25, 0.25]},
								"down": {"uv": [4, 12.25], "uv_size": [1.25, -0.25]}
							}
						},
						{
							"origin": [0.38083, 0.19, 1.3082],
							"size": [0.11091, 0.05833, 0.11138],
							"pivot": [0, 0.21917, 1.77342],
							"rotation": [0, -45, 0],
							"uv": {
								"north": {"uv": [29, 1], "uv_size": [0.25, 0.25]},
								"east": {"uv": [2, 29], "uv_size": [0.25, 0.25]},
								"south": {"uv": [29, 2], "uv_size": [0.25, 0.25]},
								"west": {"uv": [3, 29], "uv_size": [0.25, 0.25]},
								"up": {"uv": [29, 3], "uv_size": [0.25, 0.25]},
								"down": {"uv": [4, 29.25], "uv_size": [0.25, -0.25]}
							}
						},
						{
							"origin": [-0.49174, 0.19, 1.3082],
							"size": [0.11091, 0.05833, 0.11138],
							"pivot": [0, 0.21917, 1.77342],
							"rotation": [0, 45, 0],
							"uv": {
								"north": {"uv": [29, 4], "uv_size": [0.25, 0.25]},
								"east": {"uv": [5, 29], "uv_size": [0.25, 0.25]},
								"south": {"uv": [29, 5], "uv_size": [0.25, 0.25]},
								"west": {"uv": [6, 29], "uv_size": [0.25, 0.25]},
								"up": {"uv": [29, 6], "uv_size": [0.25, 0.25]},
								"down": {"uv": [7, 29.25], "uv_size": [0.25, -0.25]}
							}
						},
						{
							"origin": [-0.57167, 0.24833, 0.36],
							"size": [1.14334, 0.0825, 1.51092],
							"uv": {
								"north": {"uv": [3, 13], "uv_size": [1, 0.25]},
								"east": {"uv": [10, 0], "uv_size": [1.25, 0.25]},
								"south": {"uv": [13, 3], "uv_size": [1, 0.25]},
								"west": {"uv": [1, 10], "uv_size": [1.25, 0.25]},
								"up": {"uv": [0, 2], "uv_size": [1, 1.25]},
								"down": {"uv": [2, 1.25], "uv_size": [1, -1.25]}
							}
						},
						{
							"origin": [-0.57167, 0.58262, 0.60064],
							"size": [1.14334, 0.16723, 0.10677],
							"pivot": [-0.30946, 0.20861, 1.0857],
							"rotation": [45, 0, 0],
							"uv": {
								"north": {"uv": [10, 14], "uv_size": [1, 0.25]},
								"east": {"uv": [11, 30], "uv_size": [0.25, 0.25]},
								"south": {"uv": [14, 10], "uv_size": [1, 0.25]},
								"west": {"uv": [30, 11], "uv_size": [0.25, 0.25]},
								"up": {"uv": [11, 14], "uv_size": [1, 0.25]},
								"down": {"uv": [14, 11.25], "uv_size": [1, -0.25]}
							}
						},
						{
							"origin": [-0.57167, 0.14333, 0.48],
							"size": [1.14334, 0.18225, 0.07528],
							"pivot": [0, 0.22696, 0.57688],
							"rotation": [90, 0, 0],
							"uv": {
								"north": {"uv": [12, 14], "uv_size": [1, 0.25]},
								"east": {"uv": [12, 30], "uv_size": [0.25, 0.25]},
								"south": {"uv": [14, 12], "uv_size": [1, 0.25]},
								"west": {"uv": [30, 12], "uv_size": [0.25, 0.25]},
								"up": {"uv": [13, 14], "uv_size": [1, 0.25]},
								"down": {"uv": [14, 13.25], "uv_size": [1, -0.25]}
							}
						},
						{
							"origin": [-0.45167, 0.33083, 0.36],
							"size": [0.90334, 0.06376, 1.51092],
							"uv": {
								"north": {"uv": [15, 4], "uv_size": [0.75, 0.25]},
								"east": {"uv": [0, 12], "uv_size": [1.25, 0.25]},
								"south": {"uv": [5, 15], "uv_size": [0.75, 0.25]},
								"west": {"uv": [12, 0], "uv_size": [1.25, 0.25]},
								"up": {"uv": [0, 4], "uv_size": [0.75, 1.25]},
								"down": {"uv": [1, 5.25], "uv_size": [0.75, -1.25]}
							}
						},
						{
							"origin": [-0.45167, 0.01258, 0.44527],
							"size": [0.90334, 0.26201, 0.22565],
							"pivot": [0, 0.36272, 1.11546],
							"rotation": [-30, 0, 0],
							"uv": {
								"north": {"uv": [15, 8], "uv_size": [0.75, 0.25]},
								"east": {"uv": [10, 30], "uv_size": [0.25, 0.25]},
								"south": {"uv": [9, 15], "uv_size": [0.75, 0.25]},
								"west": {"uv": [30, 10], "uv_size": [0.25, 0.25]},
								"up": {"uv": [15, 9], "uv_size": [0.75, 0.25]},
								"down": {"uv": [10, 15.25], "uv_size": [0.75, -0.25]}
							}
						},
						{
							"origin": [0.43001, 0.38709, 0.36],
							"size": [0.14166, 0.18374, 0.55092],
							"uv": {
								"north": {"uv": [19, 7], "uv_size": [0.25, 0.25]},
								"east": {"uv": [15, 10], "uv_size": [0.5, 0.25]},
								"south": {"uv": [8, 19], "uv_size": [0.25, 0.25]},
								"west": {"uv": [11, 15], "uv_size": [0.5, 0.25]},
								"up": {"uv": [15, 11], "uv_size": [0.25, 0.5]},
								"down": {"uv": [12, 15.5], "uv_size": [0.25, -0.5]}
							}
						},
						{
							"origin": [0.43001, 1.12791, 0.43176],
							"size": [0.07832, 0.08042, 0.04876],
							"uv": {
								"north": {"uv": [19, 14], "uv_size": [0.25, 0.25]},
								"east": {"uv": [15, 19], "uv_size": [0.25, 0.25]},
								"south": {"uv": [19, 15], "uv_size": [0.25, 0.25]},
								"west": {"uv": [16, 19], "uv_size": [0.25, 0.25]},
								"up": {"uv": [19, 16], "uv_size": [0.25, 0.25]},
								"down": {"uv": [17, 19.25], "uv_size": [0.25, -0.25]}
							}
						},
						{
							"origin": [0.43001, 1.21041, 0.42539],
							"size": [0.07832, 0.06715, 0.05513],
							"uv": {
								"north": {"uv": [19, 17], "uv_size": [0.25, 0.25]},
								"east": {"uv": [18, 19], "uv_size": [0.25, 0.25]},
								"south": {"uv": [19, 18], "uv_size": [0.25, 0.25]},
								"west": {"uv": [19, 19], "uv_size": [0.25, 0.25]},
								"up": {"uv": [0, 20], "uv_size": [0.25, 0.25]},
								"down": {"uv": [20, 0.25], "uv_size": [0.25, -0.25]}
							}
						},
						{
							"origin": [0.43001, 0.57083, 0.48052],
							"size": [0.07832, 0.70673, 0.3104],
							"uv": {
								"north": {"uv": [15, 14], "uv_size": [0.25, 0.5]},
								"east": {"uv": [15, 15], "uv_size": [0.25, 0.5]},
								"south": {"uv": [0, 16], "uv_size": [0.25, 0.5]},
								"west": {"uv": [16, 0], "uv_size": [0.25, 0.5]},
								"up": {"uv": [19, 13], "uv_size": [0.25, 0.25]},
								"down": {"uv": [14, 19.25], "uv_size": [0.25, -0.25]}
							}
						},
						{
							"origin": [-0.43001, 0.28583, 0.48052],
							"size": [0.86002, 0.50423, 0.3104],
							"uv": {
								"north": {"uv": [4, 4], "uv_size": [0.75, 0.5]},
								"east": {"uv": [11, 16], "uv_size": [0.25, 0.5]},
								"south": {"uv": [5, 0], "uv_size": [0.75, 0.5]},
								"west": {"uv": [16, 11], "uv_size": [0.25, 0.5]},
								"up": {"uv": [15, 2], "uv_size": [0.75, 0.25]},
								"down": {"uv": [3, 15.25], "uv_size": [0.75, -0.25]}
							}
						},
						{
							"origin": [0.43001, 0.72833, 0.48052],
							"size": [0.07832, 0.10673, 0.3104],
							"pivot": [0.46916, 0.8417, 0.63571],
							"rotation": [0, 0, 45],
							"uv": {
								"north": {"uv": [23, 16], "uv_size": [0.25, 0.25]},
								"east": {"uv": [17, 23], "uv_size": [0.25, 0.25]},
								"south": {"uv": [23, 17], "uv_size": [0.25, 0.25]},
								"west": {"uv": [18, 23], "uv_size": [0.25, 0.25]},
								"up": {"uv": [23, 18], "uv_size": [0.25, 0.25]},
								"down": {"uv": [19, 23.25], "uv_size": [0.25, -0.25]}
							}
						},
						{
							"origin": [-0.50833, 0.72833, 0.48052],
							"size": [0.07832, 0.10673, 0.3104],
							"pivot": [-0.46916, 0.8417, 0.63571],
							"rotation": [0, 0, -45],
							"uv": {
								"north": {"uv": [23, 19], "uv_size": [0.25, 0.25]},
								"east": {"uv": [20, 23], "uv_size": [0.25, 0.25]},
								"south": {"uv": [23, 20], "uv_size": [0.25, 0.25]},
								"west": {"uv": [21, 23], "uv_size": [0.25, 0.25]},
								"up": {"uv": [23, 21], "uv_size": [0.25, 0.25]},
								"down": {"uv": [22, 23.25], "uv_size": [0.25, -0.25]}
							}
						},
						{
							"origin": [0.52452, 1.04376, 0.48052],
							"size": [0.06655, 0.2447, 0.0704],
							"pivot": [0.59107, 0.96876, 0.84065],
							"rotation": [0, 0, -15],
							"uv": {
								"north": {"uv": [7, 20], "uv_size": [0.25, 0.25]},
								"east": {"uv": [20, 7], "uv_size": [0.25, 0.25]},
								"south": {"uv": [8, 20], "uv_size": [0.25, 0.25]},
								"west": {"uv": [20, 8], "uv_size": [0.25, 0.25]},
								"up": {"uv": [9, 20], "uv_size": [0.25, 0.25]},
								"down": {"uv": [20, 9.25], "uv_size": [0.25, -0.25]}
							}
						},
						{
							"origin": [0.52452, 1.06308, 0.42556],
							"size": [0.06655, 0.22538, 0.05496],
							"pivot": [0.59107, 0.96876, 0.84065],
							"rotation": [0, 0, -15],
							"uv": {
								"north": {"uv": [16, 20], "uv_size": [0.25, 0.25]},
								"east": {"uv": [20, 16], "uv_size": [0.25, 0.25]},
								"south": {"uv": [17, 20], "uv_size": [0.25, 0.25]},
								"west": {"uv": [20, 17], "uv_size": [0.25, 0.25]},
								"up": {"uv": [18, 20], "uv_size": [0.25, 0.25]},
								"down": {"uv": [20, 18.25], "uv_size": [0.25, -0.25]}
							}
						},
						{
							"origin": [0.53125, 1.00583, 0.72052],
							"size": [0.06657, 0.24471, 0.0704],
							"pivot": [0.45042, 0.9242, 0.87571],
							"rotation": [0, 0, -15],
							"uv": {
								"north": {"uv": [21, 5], "uv_size": [0.25, 0.25]},
								"east": {"uv": [6, 21], "uv_size": [0.25, 0.25]},
								"south": {"uv": [21, 6], "uv_size": [0.25, 0.25]},
								"west": {"uv": [7, 21], "uv_size": [0.25, 0.25]},
								"up": {"uv": [21, 7], "uv_size": [0.25, 0.25]},
								"down": {"uv": [8, 21.25], "uv_size": [0.25, -0.25]}
							}
						},
						{
							"origin": [0.45486, 0.99489, 0.72052],
							"size": [0.06655, 0.0947, 0.0704],
							"pivot": [0.48814, 1.00474, 0.75571],
							"rotation": [0, 0, 45],
							"uv": {
								"north": {"uv": [21, 11], "uv_size": [0.25, 0.25]},
								"east": {"uv": [12, 21], "uv_size": [0.25, 0.25]},
								"south": {"uv": [21, 12], "uv_size": [0.25, 0.25]},
								"west": {"uv": [13, 21], "uv_size": [0.25, 0.25]},
								"up": {"uv": [21, 13], "uv_size": [0.25, 0.25]},
								"down": {"uv": [14, 21.25], "uv_size": [0.25, -0.25]}
							}
						},
						{
							"origin": [0.50833, 0.57083, 0.72052],
							"size": [0.06334, 0.24, 0.0704],
							"uv": {
								"north": {"uv": [4, 20], "uv_size": [0.25, 0.25]},
								"east": {"uv": [20, 4], "uv_size": [0.25, 0.25]},
								"south": {"uv": [5, 20], "uv_size": [0.25, 0.25]},
								"west": {"uv": [20, 5], "uv_size": [0.25, 0.25]},
								"up": {"uv": [6, 20], "uv_size": [0.25, 0.25]},
								"down": {"uv": [20, 6.25], "uv_size": [0.25, -0.25]}
							}
						},
						{
							"origin": [0.50833, 0.81083, 0.72052],
							"size": [0.06334, 0.23038, 0.0329],
							"uv": {
								"north": {"uv": [21, 8], "uv_size": [0.25, 0.25]},
								"east": {"uv": [9, 21], "uv_size": [0.25, 0.25]},
								"south": {"uv": [21, 9], "uv_size": [0.25, 0.25]},
								"west": {"uv": [10, 21], "uv_size": [0.25, 0.25]},
								"up": {"uv": [21, 10], "uv_size": [0.25, 0.25]},
								"down": {"uv": [11, 21.25], "uv_size": [0.25, -0.25]}
							}
						},
						{
							"origin": [0.50833, 0.57083, 0.55092],
							"size": [0.06334, 0.435, 0.1696],
							"uv": {
								"north": {"uv": [21, 1], "uv_size": [0.25, 0.25]},
								"east": {"uv": [2, 21], "uv_size": [0.25, 0.25]},
								"south": {"uv": [21, 2], "uv_size": [0.25, 0.25]},
								"west": {"uv": [3, 20.78516], "uv_size": [0.25, 0.46484]},
								"up": {"uv": [21, 3], "uv_size": [0.25, 0.25]},
								"down": {"uv": [4, 21.25], "uv_size": [0.25, -0.25]}
							}
						},
						{
							"origin": [0.50813, 1.04101, 0.48032],
							"size": [0.06374, -0.46998, 0.0708],
							"inflate": 0.001,
							"uv": {
								"north": {"uv": [1, 16], "uv_size": [0.25, 0.5]},
								"east": {"uv": [16, 1], "uv_size": [0.25, 0.5]},
								"south": {"uv": [2, 16], "uv_size": [0.25, 0.5]},
								"west": {"uv": [16, 2], "uv_size": [0.25, 0.5]},
								"up": {"uv": [21, 4], "uv_size": [0.25, 0.25]},
								"down": {"uv": [5, 21.25], "uv_size": [0.25, -0.25]}
							}
						},
						{
							"origin": [0.42981, 0.67396, 0.2565],
							"size": [0.14086, 0.13587, 0.07336],
							"inflate": 0.001,
							"uv": {
								"north": {"uv": [10, 20], "uv_size": [0.25, 0.25]},
								"east": {"uv": [20, 10], "uv_size": [0.25, 0.25]},
								"south": {"uv": [11, 20], "uv_size": [0.25, 0.25]},
								"west": {"uv": [20, 11], "uv_size": [0.25, 0.25]},
								"up": {"uv": [12, 20], "uv_size": [0.25, 0.25]},
								"down": {"uv": [20, 12.25], "uv_size": [0.25, -0.25]}
							}
						},
						{
							"origin": [-0.50833, 1.21041, 0.42539],
							"size": [0.07832, 0.06715, 0.05513],
							"uv": {
								"north": {"uv": [23, 10], "uv_size": [0.25, 0.25]},
								"east": {"uv": [11, 23], "uv_size": [0.25, 0.25]},
								"south": {"uv": [23, 11], "uv_size": [0.25, 0.25]},
								"west": {"uv": [12, 23], "uv_size": [0.25, 0.25]},
								"up": {"uv": [23, 12], "uv_size": [0.25, 0.25]},
								"down": {"uv": [13, 23.25], "uv_size": [0.25, -0.25]}
							}
						},
						{
							"origin": [-0.50833, 1.12791, 0.43176],
							"size": [0.07832, 0.08042, 0.04876],
							"uv": {
								"north": {"uv": [23, 7], "uv_size": [0.25, 0.25]},
								"east": {"uv": [8, 23], "uv_size": [0.25, 0.25]},
								"south": {"uv": [23, 8], "uv_size": [0.25, 0.25]},
								"west": {"uv": [9, 23], "uv_size": [0.25, 0.25]},
								"up": {"uv": [23, 9], "uv_size": [0.25, 0.25]},
								"down": {"uv": [10, 23.25], "uv_size": [0.25, -0.25]}
							}
						},
						{
							"origin": [-0.52141, 0.99489, 0.72052],
							"size": [0.06655, 0.0947, 0.0704],
							"pivot": [-0.48814, 1.00474, 0.75571],
							"rotation": [0, 0, -45],
							"uv": {
								"north": {"uv": [23, 4], "uv_size": [0.25, 0.25]},
								"east": {"uv": [5, 23], "uv_size": [0.25, 0.25]},
								"south": {"uv": [23, 5], "uv_size": [0.25, 0.25]},
								"west": {"uv": [6, 23], "uv_size": [0.25, 0.25]},
								"up": {"uv": [23, 6], "uv_size": [0.25, 0.25]},
								"down": {"uv": [7, 23.25], "uv_size": [0.25, -0.25]}
							}
						},
						{
							"origin": [-0.57167, 0.57083, 0.72052],
							"size": [0.06334, 0.24, 0.0704],
							"uv": {
								"north": {"uv": [23, 1], "uv_size": [0.25, 0.25]},
								"east": {"uv": [2, 23], "uv_size": [0.25, 0.25]},
								"south": {"uv": [23, 2], "uv_size": [0.25, 0.25]},
								"west": {"uv": [3, 23], "uv_size": [0.25, 0.25]},
								"up": {"uv": [23, 3], "uv_size": [0.25, 0.25]},
								"down": {"uv": [4, 23.25], "uv_size": [0.25, -0.25]}
							}
						},
						{
							"origin": [-0.57167, 1.04121, 0.48052],
							"size": [0.06334, -0.47038, 0.0704],
							"uv": {
								"north": {"uv": [9, 16], "uv_size": [0.25, 0.5]},
								"east": {"uv": [16, 9], "uv_size": [0.25, 0.5]},
								"south": {"uv": [10, 16], "uv_size": [0.25, 0.5]},
								"west": {"uv": [16, 10], "uv_size": [0.25, 0.5]},
								"up": {"uv": [23, 0], "uv_size": [0.25, 0.25]},
								"down": {"uv": [1, 23.25], "uv_size": [0.25, -0.25]}
							}
						},
						{
							"origin": [-0.57167, 0.57083, 0.55092],
							"size": [0.06334, 0.435, 0.1696],
							"uv": {
								"north": {"uv": [20, 22], "uv_size": [0.25, 0.25]},
								"east": {"uv": [22, 20], "uv_size": [0.25, 0.25]},
								"south": {"uv": [21, 22], "uv_size": [0.25, 0.25]},
								"west": {"uv": [22, 21], "uv_size": [0.25, 0.25]},
								"up": {"uv": [22, 22], "uv_size": [0.25, 0.25]},
								"down": {"uv": [0, 23.25], "uv_size": [0.25, -0.25]}
							}
						},
						{
							"origin": [-0.57167, 0.81083, 0.72052],
							"size": [0.06334, 0.23038, 0.0329],
							"uv": {
								"north": {"uv": [17, 22], "uv_size": [0.25, 0.25]},
								"east": {"uv": [22, 17], "uv_size": [0.25, 0.25]},
								"south": {"uv": [18, 22], "uv_size": [0.25, 0.25]},
								"west": {"uv": [22, 18], "uv_size": [0.25, 0.25]},
								"up": {"uv": [19, 22], "uv_size": [0.25, 0.25]},
								"down": {"uv": [22, 19.25], "uv_size": [0.25, -0.25]}
							}
						},
						{
							"origin": [-0.59782, 1.00583, 0.72052],
							"size": [0.06657, 0.24471, 0.0704],
							"pivot": [-0.45042, 0.9242, 0.87571],
							"rotation": [0, 0, 15],
							"uv": {
								"north": {"uv": [14, 22], "uv_size": [0.25, 0.25]},
								"east": {"uv": [22, 14], "uv_size": [0.25, 0.25]},
								"south": {"uv": [15, 22], "uv_size": [0.25, 0.25]},
								"west": {"uv": [22, 15], "uv_size": [0.25, 0.25]},
								"up": {"uv": [16, 22], "uv_size": [0.25, 0.25]},
								"down": {"uv": [22, 16.25], "uv_size": [0.25, -0.25]}
							}
						},
						{
							"origin": [-0.59107, 1.04376, 0.48052],
							"size": [0.06655, 0.2447, 0.0704],
							"pivot": [-0.59107, 0.96876, 0.84065],
							"rotation": [0, 0, 15],
							"uv": {
								"north": {"uv": [11, 22], "uv_size": [0.25, 0.25]},
								"east": {"uv": [22, 11], "uv_size": [0.25, 0.25]},
								"south": {"uv": [12, 22], "uv_size": [0.25, 0.25]},
								"west": {"uv": [22, 12], "uv_size": [0.25, 0.25]},
								"up": {"uv": [13, 22], "uv_size": [0.25, 0.25]},
								"down": {"uv": [22, 13.25], "uv_size": [0.25, -0.25]}
							}
						},
						{
							"origin": [-0.59107, 1.06308, 0.42556],
							"size": [0.06655, 0.22538, 0.05496],
							"pivot": [-0.59107, 0.96876, 0.84065],
							"rotation": [0, 0, 15],
							"uv": {
								"north": {"uv": [8, 22], "uv_size": [0.25, 0.25]},
								"east": {"uv": [22, 8], "uv_size": [0.25, 0.25]},
								"south": {"uv": [9, 22], "uv_size": [0.25, 0.25]},
								"west": {"uv": [22, 9], "uv_size": [0.25, 0.25]},
								"up": {"uv": [10, 22], "uv_size": [0.25, 0.25]},
								"down": {"uv": [22, 10.25], "uv_size": [0.25, -0.25]}
							}
						},
						{
							"origin": [-0.50833, 0.57083, 0.48052],
							"size": [0.07832, 0.70673, 0.3104],
							"uv": {
								"north": {"uv": [7, 16], "uv_size": [0.25, 0.5]},
								"east": {"uv": [16, 7], "uv_size": [0.25, 0.5]},
								"south": {"uv": [8, 16], "uv_size": [0.25, 0.5]},
								"west": {"uv": [16, 8], "uv_size": [0.25, 0.5]},
								"up": {"uv": [7, 22], "uv_size": [0.25, 0.25]},
								"down": {"uv": [22, 7.25], "uv_size": [0.25, -0.25]}
							}
						},
						{
							"origin": [-0.57167, 0.38709, 0.36],
							"size": [0.14166, 0.18374, 0.55092],
							"uv": {
								"north": {"uv": [6, 22], "uv_size": [0.25, 0.25]},
								"east": {"uv": [5, 16], "uv_size": [0.5, 0.25]},
								"south": {"uv": [22, 6], "uv_size": [0.25, 0.25]},
								"west": {"uv": [16, 5], "uv_size": [0.5, 0.25]},
								"up": {"uv": [6, 16], "uv_size": [0.25, 0.5]},
								"down": {"uv": [16, 6.5], "uv_size": [0.25, -0.5]}
							}
						},
						{
							"origin": [-0.57167, -0.03684, 0.48],
							"size": [0.14166, 0.24767, 0.3055],
							"pivot": [-0.45042, 0.47896, 0.87546],
							"rotation": [-70, 0, 0],
							"uv": {
								"north": {"uv": [3, 22], "uv_size": [0.25, 0.25]},
								"east": {"uv": [22, 3], "uv_size": [0.25, 0.25]},
								"south": {"uv": [4, 22], "uv_size": [0.25, 0.25]},
								"west": {"uv": [22, 4], "uv_size": [0.25, 0.25]},
								"up": {"uv": [5, 22], "uv_size": [0.25, 0.25]},
								"down": {"uv": [22, 5.25], "uv_size": [0.25, -0.25]}
							}
						},
						{
							"origin": [-0.61078, 1.0507, 0.29717],
							"size": [0.06495, 0.23086, 0.07639],
							"pivot": [-0.54, 0.91876, 0.33425],
							"rotation": [-19.28344, 5.40951, 15.08033],
							"uv": {
								"north": {"uv": [0, 22], "uv_size": [0.25, 0.25]},
								"east": {"uv": [22, 0], "uv_size": [0.25, 0.25]},
								"south": {"uv": [1, 22], "uv_size": [0.25, 0.25]},
								"west": {"uv": [22, 1], "uv_size": [0.25, 0.25]},
								"up": {"uv": [2, 22], "uv_size": [0.25, 0.25]},
								"down": {"uv": [22, 2.25], "uv_size": [0.25, -0.25]}
							}
						},
						{
							"origin": [-0.50833, 0.79724, 0.27721],
							"size": [0.07832, 0.49668, 0.07416],
							"pivot": [-0.45042, 0.86558, 0.30492],
							"rotation": [-20, 0, 0],
							"uv": {
								"north": {"uv": [3, 16], "uv_size": [0.25, 0.5]},
								"east": {"uv": [16, 3], "uv_size": [0.25, 0.5]},
								"south": {"uv": [4, 16], "uv_size": [0.25, 0.5]},
								"west": {"uv": [16, 4], "uv_size": [0.25, 0.5]},
								"up": {"uv": [21, 20], "uv_size": [0.25, 0.25]},
								"down": {"uv": [21, 21.25], "uv_size": [0.25, -0.25]}
							}
						},
						{
							"origin": [-0.57167, 0.79724, 0.27721],
							"size": [0.06334, 0.27468, 0.07639],
							"pivot": [-0.57042, 0.86558, 0.30492],
							"rotation": [-20, 0, 0],
							"uv": {
								"north": {"uv": [21, 17], "uv_size": [0.25, 0.25]},
								"east": {"uv": [18, 21], "uv_size": [0.25, 0.25]},
								"south": {"uv": [21, 18], "uv_size": [0.25, 0.25]},
								"west": {"uv": [19, 21], "uv_size": [0.25, 0.25]},
								"up": {"uv": [21, 19], "uv_size": [0.25, 0.25]},
								"down": {"uv": [20, 21.25], "uv_size": [0.25, -0.25]}
							}
						},
						{
							"origin": [-0.57167, 0.81083, 0.25552],
							"size": [0.14166, -0.13667, 0.07414],
							"uv": {
								"north": {"uv": [21, 14], "uv_size": [0.25, 0.25]},
								"east": {"uv": [15, 21], "uv_size": [0.25, 0.25]},
								"south": {"uv": [21, 15], "uv_size": [0.25, 0.25]},
								"west": {"uv": [16, 21], "uv_size": [0.25, 0.25]},
								"up": {"uv": [21, 16], "uv_size": [0.25, 0.25]},
								"down": {"uv": [17, 21.25], "uv_size": [0.25, -0.25]}
							}
						},
						{
							"origin": [-0.64724, 0.38709, 1.04183],
							"size": [0.21448, 0.36547, 0.30409],
							"uv": {
								"north": {"uv": [1, 20], "uv_size": [0.25, 0.25]},
								"east": {"uv": [20, 1], "uv_size": [0.25, 0.25]},
								"south": {"uv": [2, 20], "uv_size": [0.25, 0.25]},
								"west": {"uv": [20, 2], "uv_size": [0.25, 0.25]},
								"up": {"uv": [3, 20], "uv_size": [0.25, 0.25]},
								"down": {"uv": [20, 3.25], "uv_size": [0.25, -0.25]}
							}
						},
						{
							"origin": [0.43276, 0.38709, 1.34592],
							"size": [0.21448, 0.03173, 0.3975],
							"uv": {
								"north": {"uv": [25, 19], "uv_size": [0.25, 0.25]},
								"east": {"uv": [20, 25], "uv_size": [0.25, 0.25]},
								"south": {"uv": [25, 20], "uv_size": [0.25, 0.25]},
								"west": {"uv": [21, 25], "uv_size": [0.25, 0.25]},
								"up": {"uv": [25, 21], "uv_size": [0.25, 0.25]},
								"down": {"uv": [22, 25.25], "uv_size": [0.25, -0.25]}
							}
						},
						{
							"origin": [0.43276, 0.41882, 1.34592],
							"size": [0.21448, 0.11827, 0.0525],
							"uv": {
								"north": {"uv": [25, 22], "uv_size": [0.25, 0.25]},
								"east": {"uv": [23, 25], "uv_size": [0.25, 0.25]},
								"south": {"uv": [25, 23], "uv_size": [0.25, 0.25]},
								"west": {"uv": [24, 25], "uv_size": [0.25, 0.25]},
								"up": {"uv": [25, 24], "uv_size": [0.25, 0.25]},
								"down": {"uv": [25, 25.25], "uv_size": [0.25, -0.25]}
							}
						},
						{
							"origin": [0.43296, 0.47526, 1.36486],
							"size": [0.21408, 0.11787, 0.0521],
							"inflate": -0.001,
							"pivot": [0.54, 0.5342, 1.39092],
							"rotation": [-45, 0, 0],
							"uv": {
								"north": {"uv": [18, 26], "uv_size": [0.25, 0.25]},
								"east": {"uv": [26, 18], "uv_size": [0.25, 0.25]},
								"south": {"uv": [19, 26], "uv_size": [0.25, 0.25]},
								"west": {"uv": [26, 19], "uv_size": [0.25, 0.25]},
								"up": {"uv": [20, 26], "uv_size": [0.25, 0.25]},
								"down": {"uv": [26, 20.25], "uv_size": [0.25, -0.25]}
							}
						},
						{
							"origin": [0.43276, 0.38132, 1.66534],
							"size": [0.21448, 0.06201, 0.03374],
							"pivot": [0.54, 0.4217, 1.69158],
							"rotation": [-45, 0, 0],
							"uv": {
								"north": {"uv": [27, 0], "uv_size": [0.25, 0.25]},
								"east": {"uv": [1, 27], "uv_size": [0.25, 0.25]},
								"south": {"uv": [27, 1], "uv_size": [0.25, 0.25]},
								"west": {"uv": [2, 27], "uv_size": [0.25, 0.25]},
								"up": {"uv": [27, 2], "uv_size": [0.25, 0.25]},
								"down": {"uv": [3, 27.25], "uv_size": [0.25, -0.25]}
							}
						},
						{
							"origin": [0.43296, 0.49402, 1.66554],
							"size": [0.21408, 0.08037, 0.0521],
							"inflate": -0.001,
							"pivot": [0.54, 0.5342, 1.69158],
							"rotation": [45, 0, 0],
							"uv": {
								"north": {"uv": [24, 26], "uv_size": [0.25, 0.25]},
								"east": {"uv": [26, 24], "uv_size": [0.25, 0.25]},
								"south": {"uv": [25, 26], "uv_size": [0.25, 0.25]},
								"west": {"uv": [26, 25], "uv_size": [0.25, 0.25]},
								"up": {"uv": [26, 26], "uv_size": [0.25, 0.25]},
								"down": {"uv": [0, 27.25], "uv_size": [0.25, -0.25]}
							}
						},
						{
							"origin": [0.43276, 0.38132, 1.38342],
							"size": [0.21448, 0.06201, 0.03374],
							"pivot": [0.54, 0.4217, 1.39092],
							"rotation": [45, 0, 0],
							"uv": {
								"north": {"uv": [21, 26], "uv_size": [0.25, 0.25]},
								"east": {"uv": [26, 21], "uv_size": [0.25, 0.25]},
								"south": {"uv": [22, 26], "uv_size": [0.25, 0.25]},
								"west": {"uv": [26, 22], "uv_size": [0.25, 0.25]},
								"up": {"uv": [23, 26], "uv_size": [0.25, 0.25]},
								"down": {"uv": [26, 23.25], "uv_size": [0.25, -0.25]}
							}
						},
						{
							"origin": [0.43276, 0.41882, 1.67966],
							"size": [0.21448, 0.11827, 0.06376],
							"uv": {
								"north": {"uv": [0, 26], "uv_size": [0.25, 0.25]},
								"east": {"uv": [26, 0], "uv_size": [0.25, 0.25]},
								"south": {"uv": [1, 26], "uv_size": [0.25, 0.25]},
								"west": {"uv": [26, 1], "uv_size": [0.25, 0.25]},
								"up": {"uv": [2, 26], "uv_size": [0.25, 0.25]},
								"down": {"uv": [26, 2.25], "uv_size": [0.25, -0.25]}
							}
						},
						{
							"origin": [0.55276, 0.38709, 1.68552],
							"size": [0.09606, 0.20047, 0.1779],
							"pivot": [0.54, 0.47795, 1.71155],
							"rotation": [0, -30, 0],
							"uv": {
								"north": {"uv": [16, 28], "uv_size": [0.25, 0.25]},
								"east": {"uv": [28, 16], "uv_size": [0.25, 0.25]},
								"south": {"uv": [17, 28], "uv_size": [0.25, 0.25]},
								"west": {"uv": [28, 17], "uv_size": [0.25, 0.25]},
								"up": {"uv": [18, 28], "uv_size": [0.25, 0.25]},
								"down": {"uv": [28, 18.25], "uv_size": [0.25, -0.25]}
							}
						},
						{
							"origin": [-0.64882, 0.38709, 1.68552],
							"size": [0.09606, 0.20047, 0.1779],
							"pivot": [-0.54, 0.47795, 1.71155],
							"rotation": [0, 30, 0],
							"uv": {
								"north": {"uv": [19, 28], "uv_size": [0.25, 0.25]},
								"east": {"uv": [28, 19], "uv_size": [0.25, 0.25]},
								"south": {"uv": [20, 28], "uv_size": [0.25, 0.25]},
								"west": {"uv": [28, 20], "uv_size": [0.25, 0.25]},
								"up": {"uv": [21, 28], "uv_size": [0.25, 0.25]},
								"down": {"uv": [28, 21.25], "uv_size": [0.25, -0.25]}
							}
						},
						{
							"origin": [0.43276, 0.41882, 1.39092],
							"size": [0.17698, 0.11827, 0.28874],
							"uv": {
								"north": {"uv": [15, 26], "uv_size": [0.25, 0.25]},
								"east": {"uv": [26, 15], "uv_size": [0.25, 0.25]},
								"south": {"uv": [16, 26], "uv_size": [0.25, 0.25]},
								"west": {"uv": [26, 16], "uv_size": [0.25, 0.25]},
								"up": {"uv": [17, 26], "uv_size": [0.25, 0.25]},
								"down": {"uv": [26, 17.25], "uv_size": [0.25, -0.25]}
							}
						},
						{
							"origin": [0.43276, 0.43756, 1.42842],
							"size": [0.19574, 0.08077, 0.12],
							"uv": {
								"north": {"uv": [29, 7], "uv_size": [0.25, 0.25]},
								"east": {"uv": [8, 29], "uv_size": [0.25, 0.25]},
								"south": {"uv": [29, 8], "uv_size": [0.25, 0.25]},
								"west": {"uv": [8.75, 29], "uv_size": [0.5, 0.25]},
								"up": {"uv": [29, 9], "uv_size": [0.25, 0.25]},
								"down": {"uv": [10, 29.25], "uv_size": [0.25, -0.25]}
							}
						},
						{
							"origin": [0.43276, 0.43756, 1.59716],
							"size": [0.19574, 0.08077, 0.045],
							"uv": {
								"north": {"uv": [29, 10], "uv_size": [0.25, 0.25]},
								"east": {"uv": [11, 29], "uv_size": [0.25, 0.25]},
								"south": {"uv": [29, 11], "uv_size": [0.25, 0.25]},
								"west": {"uv": [12, 29], "uv_size": [0.25, 0.25]},
								"up": {"uv": [29, 12], "uv_size": [0.25, 0.25]},
								"down": {"uv": [13, 29.25], "uv_size": [0.25, -0.25]}
							}
						},
						{
							"origin": [-0.60974, 0.41882, 1.39092],
							"size": [0.17698, 0.11827, 0.28874],
							"uv": {
								"north": {"uv": [12, 28], "uv_size": [0.25, 0.25]},
								"east": {"uv": [28, 12], "uv_size": [0.25, 0.25]},
								"south": {"uv": [13, 28], "uv_size": [0.25, 0.25]},
								"west": {"uv": [28, 13], "uv_size": [0.25, 0.25]},
								"up": {"uv": [14, 28], "uv_size": [0.25, 0.25]},
								"down": {"uv": [28, 14.25], "uv_size": [0.25, -0.25]}
							}
						},
						{
							"origin": [0.43276, 0.53709, 1.34592],
							"size": [0.21448, 0.05047, 0.3975],
							"uv": {
								"north": {"uv": [3, 26], "uv_size": [0.25, 0.25]},
								"east": {"uv": [26, 3], "uv_size": [0.25, 0.25]},
								"south": {"uv": [4, 26], "uv_size": [0.25, 0.25]},
								"west": {"uv": [26, 4], "uv_size": [0.25, 0.25]},
								"up": {"uv": [5, 26], "uv_size": [0.25, 0.25]},
								"down": {"uv": [26, 5.25], "uv_size": [0.25, -0.25]}
							}
						},
						{
							"origin": [0.43276, 0.64454, 1.31066],
							"size": [0.21448, 0.04648, 0.34397],
							"pivot": [0.54, 0.65602, 1.44312],
							"rotation": [-30, 0, 0],
							"uv": {
								"north": {"uv": [25, 16], "uv_size": [0.25, 0.25]},
								"east": {"uv": [17, 25], "uv_size": [0.25, 0.25]},
								"south": {"uv": [25, 17], "uv_size": [0.25, 0.25]},
								"west": {"uv": [18, 25], "uv_size": [0.25, 0.25]},
								"up": {"uv": [25, 18], "uv_size": [0.25, 0.25]},
								"down": {"uv": [19, 25.25], "uv_size": [0.25, -0.25]}
							}
						},
						{
							"origin": [-0.64704, 0.49402, 1.66554],
							"size": [0.21408, 0.08037, 0.0521],
							"inflate": -0.001,
							"pivot": [-0.54, 0.5342, 1.69158],
							"rotation": [45, 0, 0],
							"uv": {
								"north": {"uv": [9, 28], "uv_size": [0.25, 0.25]},
								"east": {"uv": [28, 9], "uv_size": [0.25, 0.25]},
								"south": {"uv": [10, 28], "uv_size": [0.25, 0.25]},
								"west": {"uv": [28, 10], "uv_size": [0.25, 0.25]},
								"up": {"uv": [11, 28], "uv_size": [0.25, 0.25]},
								"down": {"uv": [28, 11.25], "uv_size": [0.25, -0.25]}
							}
						},
						{
							"origin": [-0.64724, 0.41882, 1.67966],
							"size": [0.21448, 0.11827, 0.06376],
							"uv": {
								"north": {"uv": [6, 28], "uv_size": [0.25, 0.25]},
								"east": {"uv": [28, 6], "uv_size": [0.25, 0.25]},
								"south": {"uv": [7, 28], "uv_size": [0.25, 0.25]},
								"west": {"uv": [28, 7], "uv_size": [0.25, 0.25]},
								"up": {"uv": [8, 28], "uv_size": [0.25, 0.25]},
								"down": {"uv": [28, 8.25], "uv_size": [0.25, -0.25]}
							}
						},
						{
							"origin": [-0.64724, 0.38132, 1.66534],
							"size": [0.21448, 0.06201, 0.03374],
							"pivot": [-0.54, 0.4217, 1.69158],
							"rotation": [-45, 0, 0],
							"uv": {
								"north": {"uv": [3, 28], "uv_size": [0.25, 0.25]},
								"east": {"uv": [28, 3], "uv_size": [0.25, 0.25]},
								"south": {"uv": [4, 28], "uv_size": [0.25, 0.25]},
								"west": {"uv": [28, 4], "uv_size": [0.25, 0.25]},
								"up": {"uv": [5, 28], "uv_size": [0.25, 0.25]},
								"down": {"uv": [28, 5.25], "uv_size": [0.25, -0.25]}
							}
						},
						{
							"origin": [-0.64724, 0.38709, 1.34592],
							"size": [0.21448, 0.03173, 0.3975],
							"uv": {
								"north": {"uv": [0, 28], "uv_size": [0.25, 0.25]},
								"east": {"uv": [28, 0], "uv_size": [0.25, 0.25]},
								"south": {"uv": [1, 28], "uv_size": [0.25, 0.25]},
								"west": {"uv": [28, 1], "uv_size": [0.25, 0.25]},
								"up": {"uv": [2, 28], "uv_size": [0.25, 0.25]},
								"down": {"uv": [28, 2.25], "uv_size": [0.25, -0.25]}
							}
						},
						{
							"origin": [-0.64724, 0.41882, 1.34592],
							"size": [0.21448, 0.11827, 0.0525],
							"uv": {
								"north": {"uv": [27, 24], "uv_size": [0.25, 0.25]},
								"east": {"uv": [25, 27], "uv_size": [0.25, 0.25]},
								"south": {"uv": [27, 25], "uv_size": [0.25, 0.25]},
								"west": {"uv": [26, 27], "uv_size": [0.25, 0.25]},
								"up": {"uv": [27, 26], "uv_size": [0.25, 0.25]},
								"down": {"uv": [27, 27.25], "uv_size": [0.25, -0.25]}
							}
						},
						{
							"origin": [-0.64724, 0.38132, 1.38342],
							"size": [0.21448, 0.06201, 0.03374],
							"pivot": [-0.54, 0.4217, 1.39092],
							"rotation": [45, 0, 0],
							"uv": {
								"north": {"uv": [27, 21], "uv_size": [0.25, 0.25]},
								"east": {"uv": [22, 27], "uv_size": [0.25, 0.25]},
								"south": {"uv": [27, 22], "uv_size": [0.25, 0.25]},
								"west": {"uv": [23, 27], "uv_size": [0.25, 0.25]},
								"up": {"uv": [27, 23], "uv_size": [0.25, 0.25]},
								"down": {"uv": [24, 27.25], "uv_size": [0.25, -0.25]}
							}
						},
						{
							"origin": [-0.64704, 0.47526, 1.36486],
							"size": [0.21408, 0.11787, 0.0521],
							"inflate": -0.001,
							"pivot": [-0.54, 0.5342, 1.39092],
							"rotation": [-45, 0, 0],
							"uv": {
								"north": {"uv": [27, 18], "uv_size": [0.25, 0.25]},
								"east": {"uv": [19, 27], "uv_size": [0.25, 0.25]},
								"south": {"uv": [27, 19], "uv_size": [0.25, 0.25]},
								"west": {"uv": [20, 27], "uv_size": [0.25, 0.25]},
								"up": {"uv": [27, 20], "uv_size": [0.25, 0.25]},
								"down": {"uv": [21, 27.25], "uv_size": [0.25, -0.25]}
							}
						},
						{
							"origin": [-0.64724, 0.53709, 1.34592],
							"size": [0.21448, 0.05047, 0.3975],
							"uv": {
								"north": {"uv": [27, 15], "uv_size": [0.25, 0.25]},
								"east": {"uv": [16, 27], "uv_size": [0.25, 0.25]},
								"south": {"uv": [27, 16], "uv_size": [0.25, 0.25]},
								"west": {"uv": [17, 27], "uv_size": [0.25, 0.25]},
								"up": {"uv": [27, 17], "uv_size": [0.25, 0.25]},
								"down": {"uv": [18, 27.25], "uv_size": [0.25, -0.25]}
							}
						},
						{
							"origin": [-0.64724, 0.67006, 1.34592],
							"size": [0.21448, 0.045, 0.05624],
							"uv": {
								"north": {"uv": [27, 12], "uv_size": [0.25, 0.25]},
								"east": {"uv": [13, 27], "uv_size": [0.25, 0.25]},
								"south": {"uv": [27, 13], "uv_size": [0.25, 0.25]},
								"west": {"uv": [14, 27], "uv_size": [0.25, 0.25]},
								"up": {"uv": [27, 14], "uv_size": [0.25, 0.25]},
								"down": {"uv": [15, 27.25], "uv_size": [0.25, -0.25]}
							}
						},
						{
							"origin": [-0.64724, 0.58756, 1.34592],
							"size": [0.21448, 0.0825, 0.12],
							"uv": {
								"north": {"uv": [27, 9], "uv_size": [0.25, 0.25]},
								"east": {"uv": [10, 27], "uv_size": [0.25, 0.25]},
								"south": {"uv": [27, 10], "uv_size": [0.25, 0.25]},
								"west": {"uv": [11, 27], "uv_size": [0.25, 0.25]},
								"up": {"uv": [27, 11], "uv_size": [0.25, 0.25]},
								"down": {"uv": [12, 27.25], "uv_size": [0.25, -0.25]}
							}
						},
						{
							"origin": [-0.64724, 0.58756, 1.46592],
							"size": [0.21448, 0.045, 0.075],
							"uv": {
								"north": {"uv": [27, 6], "uv_size": [0.25, 0.25]},
								"east": {"uv": [7, 27], "uv_size": [0.25, 0.25]},
								"south": {"uv": [27, 7], "uv_size": [0.25, 0.25]},
								"west": {"uv": [8, 27], "uv_size": [0.25, 0.25]},
								"up": {"uv": [27, 8], "uv_size": [0.25, 0.25]},
								"down": {"uv": [9, 27.25], "uv_size": [0.25, -0.25]}
							}
						},
						{
							"origin": [-0.64724, 0.64454, 1.31066],
							"size": [0.21448, 0.04648, 0.34397],
							"pivot": [-0.54, 0.65602, 1.44312],
							"rotation": [-30, 0, 0],
							"uv": {
								"north": {"uv": [27, 3], "uv_size": [0.25, 0.25]},
								"east": {"uv": [4, 27], "uv_size": [0.25, 0.25]},
								"south": {"uv": [27, 4], "uv_size": [0.25, 0.25]},
								"west": {"uv": [5, 27], "uv_size": [0.25, 0.25]},
								"up": {"uv": [27, 5], "uv_size": [0.25, 0.25]},
								"down": {"uv": [6, 27.25], "uv_size": [0.25, -0.25]}
							}
						},
						{
							"origin": [0.43276, 0.38709, 1.04183],
							"size": [0.21448, 0.36547, 0.30409],
							"uv": {
								"north": {"uv": [25, 13], "uv_size": [0.25, 0.25]},
								"east": {"uv": [14, 25], "uv_size": [0.25, 0.25]},
								"south": {"uv": [25, 14], "uv_size": [0.25, 0.25]},
								"west": {"uv": [15, 24.75], "uv_size": [0.25, 0.5]},
								"up": {"uv": [25, 15], "uv_size": [0.25, 0.25]},
								"down": {"uv": [16, 25.25], "uv_size": [0.25, -0.25]}
							}
						},
						{
							"origin": [0.43276, 0.58756, 1.34592],
							"size": [0.21448, 0.0825, 0.12],
							"uv": {
								"north": {"uv": [6, 26], "uv_size": [0.25, 0.25]},
								"east": {"uv": [26, 6], "uv_size": [0.25, 0.25]},
								"south": {"uv": [7, 26], "uv_size": [0.25, 0.25]},
								"west": {"uv": [26, 7], "uv_size": [0.25, 0.25]},
								"up": {"uv": [8, 26], "uv_size": [0.25, 0.25]},
								"down": {"uv": [26, 8.25], "uv_size": [0.25, -0.25]}
							}
						},
						{
							"origin": [0.43276, 0.58756, 1.46592],
							"size": [0.21448, 0.045, 0.075],
							"uv": {
								"north": {"uv": [9, 26], "uv_size": [0.25, 0.25]},
								"east": {"uv": [26, 9], "uv_size": [0.25, 0.25]},
								"south": {"uv": [10, 26], "uv_size": [0.25, 0.25]},
								"west": {"uv": [26, 10], "uv_size": [0.25, 0.25]},
								"up": {"uv": [11, 26], "uv_size": [0.25, 0.25]},
								"down": {"uv": [26, 11.25], "uv_size": [0.25, -0.25]}
							}
						},
						{
							"origin": [0.43276, 0.67006, 1.34592],
							"size": [0.21448, 0.045, 0.05624],
							"uv": {
								"north": {"uv": [12, 26], "uv_size": [0.25, 0.25]},
								"east": {"uv": [26, 12], "uv_size": [0.25, 0.25]},
								"south": {"uv": [13, 26], "uv_size": [0.25, 0.25]},
								"west": {"uv": [26, 13], "uv_size": [0.25, 0.25]},
								"up": {"uv": [14, 26], "uv_size": [0.25, 0.25]},
								"down": {"uv": [26, 14.25], "uv_size": [0.25, -0.25]}
							}
						},
						{
							"origin": [0.51526, 0.70583, 1.04183],
							"size": [0.15074, 0.02799, 0.18409],
							"uv": {
								"north": {"uv": [15, 24], "uv_size": [0.25, 0.25]},
								"east": {"uv": [24, 15], "uv_size": [0.25, 0.25]},
								"south": {"uv": [16, 24], "uv_size": [0.25, 0.25]},
								"west": {"uv": [24, 16], "uv_size": [0.25, 0.25]},
								"up": {"uv": [17, 24], "uv_size": [0.25, 0.25]},
								"down": {"uv": [24, 17.25], "uv_size": [0.25, -0.25]}
							}
						},
						{
							"origin": [-0.666, 0.55595, 1.229],
							"size": [0.15074, 0.02796, 0.14681],
							"pivot": [0.00937, 0.56993, 1.28377],
							"rotation": [90, 0, 0],
							"uv": {
								"north": {"uv": [29, 21], "uv_size": [0.25, 0.25]},
								"east": {"uv": [22, 29], "uv_size": [0.25, 0.25]},
								"south": {"uv": [29, 22], "uv_size": [0.25, 0.25]},
								"west": {"uv": [23, 29], "uv_size": [0.25, 0.25]},
								"up": {"uv": [29, 23], "uv_size": [0.25, 0.25]},
								"down": {"uv": [24, 29.25], "uv_size": [0.25, -0.25]}
							}
						},
						{
							"origin": [-0.666, 0.58253, 1.16326],
							"size": [0.15074, 0.02797, 0.10159],
							"pivot": [-0.00937, 0.59652, 1.34342],
							"rotation": [-45, 0, 0],
							"uv": {
								"north": {"uv": [29, 18], "uv_size": [0.25, 0.25]},
								"east": {"uv": [19, 29], "uv_size": [0.25, 0.25]},
								"south": {"uv": [29, 19], "uv_size": [0.25, 0.25]},
								"west": {"uv": [20, 29], "uv_size": [0.25, 0.25]},
								"up": {"uv": [29, 20], "uv_size": [0.25, 0.25]},
								"down": {"uv": [21, 29.25], "uv_size": [0.25, -0.25]}
							}
						},
						{
							"origin": [-0.666, 0.70583, 1.04183],
							"size": [0.15074, 0.02799, 0.18409],
							"uv": {
								"north": {"uv": [29, 15], "uv_size": [0.25, 0.25]},
								"east": {"uv": [16, 29], "uv_size": [0.25, 0.25]},
								"south": {"uv": [29, 16], "uv_size": [0.25, 0.25]},
								"west": {"uv": [17, 29], "uv_size": [0.25, 0.25]},
								"up": {"uv": [29, 17], "uv_size": [0.25, 0.25]},
								"down": {"uv": [18, 29.25], "uv_size": [0.25, -0.25]}
							}
						},
						{
							"origin": [0.51526, 0.58253, 1.16326],
							"size": [0.15074, 0.02797, 0.10159],
							"pivot": [0.00937, 0.59652, 1.34342],
							"rotation": [-45, 0, 0],
							"uv": {
								"north": {"uv": [22, 24], "uv_size": [0.25, 0.25]},
								"east": {"uv": [24, 22], "uv_size": [0.25, 0.25]},
								"south": {"uv": [23, 24], "uv_size": [0.25, 0.25]},
								"west": {"uv": [24, 23], "uv_size": [0.25, 0.25]},
								"up": {"uv": [24, 24], "uv_size": [0.25, 0.25]},
								"down": {"uv": [0, 25.25], "uv_size": [0.25, -0.25]}
							}
						},
						{
							"origin": [-0.666, 0.56663, 1.42201],
							"size": [1.332, 0.02799, 0.10158],
							"pivot": [0.02813, 0.58062, 1.34342],
							"rotation": [-135, 0, 0],
							"uv": {
								"north": {"uv": [13, 9], "uv_size": [1, 0.25]},
								"east": {"uv": [25, 0], "uv_size": [0.25, 0.25]},
								"south": {"uv": [10, 13], "uv_size": [1, 0.25]},
								"west": {"uv": [1, 25], "uv_size": [0.25, 0.25]},
								"up": {"uv": [13, 10], "uv_size": [1, 0.25]},
								"down": {"uv": [11, 13.25], "uv_size": [1, -0.25]}
							}
						},
						{
							"origin": [0.55276, 0.70583, 1.30433],
							"size": [0.11535, 0.02799, 0.08995],
							"pivot": [0.00937, 0.71982, 1.222],
							"rotation": [0, 30, 0],
							"uv": {
								"north": {"uv": [18, 24], "uv_size": [0.25, 0.25]},
								"east": {"uv": [24, 18], "uv_size": [0.25, 0.25]},
								"south": {"uv": [19, 24], "uv_size": [0.25, 0.25]},
								"west": {"uv": [24, 19], "uv_size": [0.25, 0.25]},
								"up": {"uv": [20, 24], "uv_size": [0.25, 0.25]},
								"down": {"uv": [24, 20.25], "uv_size": [0.25, -0.25]}
							}
						},
						{
							"origin": [-0.66811, 0.70583, 1.30433],
							"size": [0.11535, 0.02799, 0.08995],
							"pivot": [-0.00937, 0.71982, 1.222],
							"rotation": [0, -30, 0],
							"uv": {
								"north": {"uv": [25, 10], "uv_size": [0.25, 0.25]},
								"east": {"uv": [11, 25], "uv_size": [0.25, 0.25]},
								"south": {"uv": [25, 11], "uv_size": [0.25, 0.25]},
								"west": {"uv": [12, 25], "uv_size": [0.25, 0.25]},
								"up": {"uv": [25, 12], "uv_size": [0.25, 0.25]},
								"down": {"uv": [13, 25.25], "uv_size": [0.25, -0.25]}
							}
						},
						{
							"origin": [-0.66811, 0.44333, 1.30433],
							"size": [0.11535, 0.02799, 0.08995],
							"pivot": [-0.00937, 0.45732, 1.222],
							"rotation": [0, -30, 0],
							"uv": {
								"north": {"uv": [13, 30], "uv_size": [0.25, 0.25]},
								"east": {"uv": [30, 13], "uv_size": [0.25, 0.25]},
								"south": {"uv": [14, 30], "uv_size": [0.25, 0.25]},
								"west": {"uv": [30, 14], "uv_size": [0.25, 0.25]},
								"up": {"uv": [15, 30], "uv_size": [0.25, 0.25]},
								"down": {"uv": [30, 15.25], "uv_size": [0.25, -0.25]}
							}
						},
						{
							"origin": [0.55276, 0.44333, 1.30433],
							"size": [0.11535, 0.02799, 0.08995],
							"pivot": [0.00937, 0.45732, 1.222],
							"rotation": [0, 30, 0],
							"uv": {
								"north": {"uv": [25, 1], "uv_size": [0.25, 0.25]},
								"east": {"uv": [2, 25], "uv_size": [0.25, 0.25]},
								"south": {"uv": [25, 2], "uv_size": [0.25, 0.25]},
								"west": {"uv": [3, 25], "uv_size": [0.25, 0.25]},
								"up": {"uv": [25, 3], "uv_size": [0.25, 0.25]},
								"down": {"uv": [4, 25.25], "uv_size": [0.25, -0.25]}
							}
						},
						{
							"origin": [-0.666, 0.44333, 1.04183],
							"size": [1.332, 0.02796, 0.18409],
							"uv": {
								"north": {"uv": [7, 13], "uv_size": [1, 0.25]},
								"east": {"uv": [21, 24], "uv_size": [0.25, 0.25]},
								"south": {"uv": [8, 13], "uv_size": [1, 0.25]},
								"west": {"uv": [24, 21], "uv_size": [0.25, 0.25]},
								"up": {"uv": [13, 8], "uv_size": [1, 0.25]},
								"down": {"uv": [9, 13.25], "uv_size": [1, -0.25]}
							}
						},
						{
							"origin": [0.51526, 0.55595, 1.229],
							"size": [0.15074, 0.02796, 0.14681],
							"pivot": [-0.00937, 0.56993, 1.28377],
							"rotation": [90, 0, 0],
							"uv": {
								"north": {"uv": [25, 4], "uv_size": [0.25, 0.25]},
								"east": {"uv": [5, 25], "uv_size": [0.25, 0.25]},
								"south": {"uv": [25, 5], "uv_size": [0.25, 0.25]},
								"west": {"uv": [6, 25], "uv_size": [0.25, 0.25]},
								"up": {"uv": [25, 6], "uv_size": [0.25, 0.25]},
								"down": {"uv": [7, 25.25], "uv_size": [0.25, -0.25]}
							}
						},
						{
							"origin": [0.51506, 0.48063, 0.96663],
							"size": [0.16988, 0.21589, 0.24073],
							"inflate": 0.001,
							"uv": {
								"north": {"uv": [3, 24], "uv_size": [0.25, 0.25]},
								"east": {"uv": [24, 3], "uv_size": [0.25, 0.25]},
								"south": {"uv": [4, 24], "uv_size": [0.25, 0.25]},
								"west": {"uv": [24, 3.75], "uv_size": [0.25, 0.5]},
								"up": {"uv": [5, 24], "uv_size": [0.25, 0.25]},
								"down": {"uv": [24, 5.25], "uv_size": [0.25, -0.25]}
							}
						},
						{
							"origin": [-0.68474, 0.67583, 1.24433],
							"size": [0.16948, 0.0739, 0.07388],
							"pivot": [0, 0.58857, 1.327],
							"rotation": [45, 0, 0],
							"uv": {
								"north": {"uv": [29, 27], "uv_size": [0.25, 0.25]},
								"east": {"uv": [28, 29], "uv_size": [0.25, 0.25]},
								"south": {"uv": [29, 28], "uv_size": [0.25, 0.25]},
								"west": {"uv": [29, 29], "uv_size": [0.25, 0.25]},
								"up": {"uv": [0, 30], "uv_size": [0.25, 0.25]},
								"down": {"uv": [30, 0.25], "uv_size": [0.25, -0.25]}
							}
						},
						{
							"origin": [-0.68474, 0.48083, 0.96683],
							"size": [0.16948, 0.21549, 0.24033],
							"uv": {
								"north": {"uv": [29, 24], "uv_size": [0.25, 0.25]},
								"east": {"uv": [25, 29], "uv_size": [0.25, 0.25]},
								"south": {"uv": [29, 25], "uv_size": [0.25, 0.25]},
								"west": {"uv": [26, 29], "uv_size": [0.25, 0.25]},
								"up": {"uv": [29, 26], "uv_size": [0.25, 0.25]},
								"down": {"uv": [27, 29.25], "uv_size": [0.25, -0.25]}
							}
						},
						{
							"origin": [-0.68474, 0.53156, 0.91459],
							"size": [1.36948, 0.11251, 0.34449],
							"uv": {
								"north": {"uv": [1, 11], "uv_size": [1.25, 0.25]},
								"east": {"uv": [14, 24], "uv_size": [0.25, 0.25]},
								"south": {"uv": [11, 3], "uv_size": [1.25, 0.25]},
								"west": {"uv": [24, 14], "uv_size": [0.25, 0.25]},
								"up": {"uv": [4, 11], "uv_size": [1.25, 0.25]},
								"down": {"uv": [11, 4.25], "uv_size": [1.25, -0.25]}
							}
						},
						{
							"origin": [0.51526, 0.67583, 1.00433],
							"size": [0.16948, 0.0739, 0.07388],
							"pivot": [0, 0.58857, 1.087],
							"rotation": [45, 0, 0],
							"uv": {
								"north": {"uv": [6, 24], "uv_size": [0.25, 0.25]},
								"east": {"uv": [24, 6], "uv_size": [0.25, 0.25]},
								"south": {"uv": [7, 24], "uv_size": [0.25, 0.25]},
								"west": {"uv": [24, 7], "uv_size": [0.25, 0.25]},
								"up": {"uv": [8, 24], "uv_size": [0.25, 0.25]},
								"down": {"uv": [24, 8.25], "uv_size": [0.25, -0.25]}
							}
						},
						{
							"origin": [-0.68474, 0.67583, 1.00433],
							"size": [0.16948, 0.0739, 0.07388],
							"pivot": [0, 0.58857, 1.087],
							"rotation": [45, 0, 0],
							"uv": {
								"north": {"uv": [3, 30], "uv_size": [0.25, 0.25]},
								"east": {"uv": [30, 3], "uv_size": [0.25, 0.25]},
								"south": {"uv": [4, 30], "uv_size": [0.25, 0.25]},
								"west": {"uv": [30, 4], "uv_size": [0.25, 0.25]},
								"up": {"uv": [5, 30], "uv_size": [0.25, 0.25]},
								"down": {"uv": [30, 5.25], "uv_size": [0.25, -0.25]}
							}
						},
						{
							"origin": [-0.68454, 0.56353, 1.24453],
							"size": [1.36908, 0.0735, 0.07348],
							"inflate": -0.001,
							"pivot": [0, 0.47607, 1.327],
							"rotation": [45, 0, 0],
							"uv": {
								"north": {"uv": [10, 7], "uv_size": [1.25, 0.25]},
								"east": {"uv": [13, 24], "uv_size": [0.25, 0.25]},
								"south": {"uv": [10, 8], "uv_size": [1.25, 0.25]},
								"west": {"uv": [24, 13], "uv_size": [0.25, 0.25]},
								"up": {"uv": [10, 9], "uv_size": [1.25, 0.25]},
								"down": {"uv": [10, 10.25], "uv_size": [1.25, -0.25]}
							}
						},
						{
							"origin": [0.51526, 0.67583, 1.24433],
							"size": [0.16948, 0.0739, 0.07388],
							"pivot": [0, 0.58857, 1.327],
							"rotation": [45, 0, 0],
							"uv": {
								"north": {"uv": [10, 24], "uv_size": [0.25, 0.25]},
								"east": {"uv": [24, 10], "uv_size": [0.25, 0.25]},
								"south": {"uv": [11, 24], "uv_size": [0.25, 0.25]},
								"west": {"uv": [24, 11], "uv_size": [0.25, 0.25]},
								"up": {"uv": [12, 24], "uv_size": [0.25, 0.25]},
								"down": {"uv": [24, 12.25], "uv_size": [0.25, -0.25]}
							}
						},
						{
							"origin": [-0.68454, 0.56353, 1.00453],
							"size": [1.36908, 0.0735, 0.07348],
							"inflate": -0.001,
							"pivot": [0, 0.47607, 1.087],
							"rotation": [45, 0, 0],
							"uv": {
								"north": {"uv": [5, 10], "uv_size": [1.25, 0.25]},
								"east": {"uv": [9, 24], "uv_size": [0.25, 0.25]},
								"south": {"uv": [10, 5], "uv_size": [1.25, 0.25]},
								"west": {"uv": [24, 9], "uv_size": [0.25, 0.25]},
								"up": {"uv": [10, 6], "uv_size": [1.25, 0.25]},
								"down": {"uv": [7, 10.25], "uv_size": [1.25, -0.25]}
							}
						},
						{
							"origin": [-0.52724, 0.38709, 0.60052],
							"size": [1.05448, 0.36547, 0.36],
							"uv": {
								"north": {"uv": [4, 13], "uv_size": [1, 0.25]},
								"east": {"uv": [2, 24], "uv_size": [0.25, 0.25]},
								"south": {"uv": [13, 4], "uv_size": [1, 0.25]},
								"west": {"uv": [24, 2], "uv_size": [0.25, 0.25]},
								"up": {"uv": [5, 13], "uv_size": [1, 0.25]},
								"down": {"uv": [6, 13.25], "uv_size": [1, -0.25]}
							}
						},
						{
							"origin": [-0.43276, 0.38132, 1.42872],
							"size": [0.86552, 0.05624, 0.46876],
							"uv": {
								"north": {"uv": [15, 3], "uv_size": [0.75, 0.25]},
								"east": {"uv": [13, 16], "uv_size": [0.5, 0.25]},
								"south": {"uv": [4, 15], "uv_size": [0.75, 0.25]},
								"west": {"uv": [16, 13], "uv_size": [0.5, 0.25]},
								"up": {"uv": [5.75, 1.5], "uv_size": [-0.75, -0.5]},
								"down": {"uv": [2, 5.5], "uv_size": [0.75, -0.5]}
							}
						},
						{
							"origin": [-0.43276, 0.38709, 1.36529],
							"size": [0.96, 0.14441, 0.36],
							"uv": {
								"north": {"uv": [15, 6], "uv_size": [0.75, 0.25]},
								"east": {"uv": [2, 30], "uv_size": [0.25, 0.25]},
								"south": {"uv": [7, 15], "uv_size": [0.75, 0.25]},
								"west": {"uv": [30, 2], "uv_size": [0.25, 0.25]},
								"up": {"uv": [15, 7], "uv_size": [0.75, 0.25]},
								"down": {"uv": [8, 15.25], "uv_size": [0.75, -0.25]}
							}
						},
						{
							"origin": [-0.52724, 0.62709, 0.88646],
							"size": [1.05448, 0.03506, 0.36],
							"uv": {
								"north": {"uv": [8, 14], "uv_size": [1, 0.25]},
								"east": {"uv": [1, 30], "uv_size": [0.25, 0.25]},
								"south": {"uv": [14, 8], "uv_size": [1, 0.25]},
								"west": {"uv": [30, 1], "uv_size": [0.25, 0.25]},
								"up": {"uv": [9, 14], "uv_size": [1, 0.25]},
								"down": {"uv": [14, 9.25], "uv_size": [1, -0.25]}
							}
						},
						{
							"origin": [-0.34112, 0.2617, 1.44052],
							"size": [0.68224, 0.12539, 0.45696],
							"uv": {
								"north": {"uv": [17, 9], "uv_size": [0.5, 0.25]},
								"east": {"uv": [10, 17], "uv_size": [0.5, 0.25]},
								"south": {"uv": [17, 10], "uv_size": [0.5, 0.25]},
								"west": {"uv": [11, 17], "uv_size": [0.5, 0.25]},
								"up": {"uv": [13, 12], "uv_size": [0.5, 0.5]},
								"down": {"uv": [13, 13.5], "uv_size": [0.5, -0.5]}
							}
						},
						{
							"origin": [0.27974, 0.10583, 1.89748],
							"size": [0.07802, 0.045, -0.45696],
							"pivot": [0, 0.40959, 1.669],
							"rotation": [0, 0, -45],
							"uv": {
								"north": {"uv": [24, 28], "uv_size": [0.25, 0.25]},
								"east": {"uv": [17, 1], "uv_size": [0.5, 0.25]},
								"south": {"uv": [28, 24], "uv_size": [0.25, 0.25]},
								"west": {"uv": [2, 17], "uv_size": [0.5, 0.25]},
								"up": {"uv": [17, 2], "uv_size": [0.25, 0.5]},
								"down": {"uv": [3, 17.5], "uv_size": [0.25, -0.5]}
							}
						},
						{
							"origin": [-0.35776, 0.10583, 1.89748],
							"size": [0.07802, 0.045, -0.45696],
							"pivot": [0, 0.40959, 1.669],
							"rotation": [0, 0, 45],
							"uv": {
								"north": {"uv": [25, 28], "uv_size": [0.25, 0.25]},
								"east": {"uv": [17, 3], "uv_size": [0.5, 0.25]},
								"south": {"uv": [28, 25], "uv_size": [0.25, 0.25]},
								"west": {"uv": [4, 17], "uv_size": [0.5, 0.25]},
								"up": {"uv": [17, 4], "uv_size": [0.25, 0.5]},
								"down": {"uv": [5, 17.5], "uv_size": [0.25, -0.5]}
							}
						},
						{
							"origin": [0.43276, 0.38709, 1.41748],
							"size": [0.12554, 0.20047, 0.48],
							"uv": {
								"north": {"uv": [22, 28], "uv_size": [0.25, 0.25]},
								"east": {"uv": [14, 16], "uv_size": [0.5, 0.25]},
								"south": {"uv": [28, 22], "uv_size": [0.25, 0.25]},
								"west": {"uv": [16, 14], "uv_size": [0.5, 0.25]},
								"up": {"uv": [15, 16], "uv_size": [0.25, 0.5]},
								"down": {"uv": [16, 15.5], "uv_size": [0.25, -0.5]}
							}
						},
						{
							"origin": [-0.5583, 0.38709, 1.41748],
							"size": [0.12554, 0.20047, 0.48],
							"uv": {
								"north": {"uv": [22.25, 28], "uv_size": [-0.25, 0.25]},
								"east": {"uv": [16.5, 14], "uv_size": [-0.5, 0.25]},
								"south": {"uv": [28.25, 22], "uv_size": [-0.25, 0.25]},
								"west": {"uv": [14.5, 16], "uv_size": [-0.5, 0.25]},
								"up": {"uv": [15.25, 16], "uv_size": [-0.25, 0.5]},
								"down": {"uv": [16.25, 15.5], "uv_size": [-0.25, -0.5]}
							}
						},
						{
							"origin": [0.24899, 0.36912, 1.89628],
							"size": [0.25077, 0.1172, 0],
							"pivot": [0.49552, 0.48732, 1.6678],
							"rotation": [0, 0, -30],
							"uv": {
								"north": {"uv": [26, 28], "uv_size": [0.25, 0.25]},
								"east": {"uv": [17, 5], "uv_size": [0.5, 0.25]},
								"south": {"uv": [28, 26], "uv_size": [0.25, 0.25]},
								"west": {"uv": [6, 17], "uv_size": [0.5, 0.25]},
								"up": {"uv": [17, 6], "uv_size": [0.25, 0.5]},
								"down": {"uv": [7, 17.5], "uv_size": [0.25, -0.5]}
							}
						},
						{
							"origin": [-0.49976, 0.36912, 1.89628],
							"size": [0.25077, 0.1172, 0],
							"pivot": [-0.49552, 0.48732, 1.6678],
							"rotation": [0, 0, 30],
							"uv": {
								"north": {"uv": [26.25, 28], "uv_size": [-0.25, 0.25]},
								"east": {"uv": [6.5, 17], "uv_size": [-0.5, 0.25]},
								"south": {"uv": [28.25, 26], "uv_size": [-0.25, 0.25]},
								"west": {"uv": [17.5, 5], "uv_size": [-0.5, 0.25]},
								"up": {"uv": [17.25, 6], "uv_size": [-0.25, 0.5]},
								"down": {"uv": [7.25, 17.5], "uv_size": [-0.25, -0.5]}
							}
						},
						{
							"origin": [-0.52724, 0.21083, 1.13558],
							"size": [1.05448, 0.32799, 0.50625],
							"pivot": [0, 0.39357, 1.42117],
							"rotation": [-30, 0, 0],
							"uv": {
								"north": {"uv": [13, 11], "uv_size": [1, 0.25]},
								"east": {"uv": [12, 16], "uv_size": [0.5, 0.25]},
								"south": {"uv": [12, 13], "uv_size": [1, 0.25]},
								"west": {"uv": [16, 12], "uv_size": [0.5, 0.25]},
								"up": {"uv": [2, 4], "uv_size": [1, 0.5]},
								"down": {"uv": [3, 4.5], "uv_size": [1, -0.5]}
							}
						},
						{
							"origin": [-0.43276, 0.21083, 1.61558],
							"size": [0.96, 0.45425, 0.19883],
							"pivot": [0, 0.39357, 1.42117],
							"rotation": [-30, 0, 0],
							"uv": {
								"north": {"uv": [5, 2], "uv_size": [0.75, 0.5]},
								"east": {"uv": [2, 18], "uv_size": [0.25, 0.5]},
								"south": {"uv": [3, 5], "uv_size": [0.75, 0.5]},
								"west": {"uv": [18, 2], "uv_size": [0.25, 0.5]},
								"up": {"uv": [15, 5], "uv_size": [0.75, 0.25]},
								"down": {"uv": [6, 15.25], "uv_size": [0.75, -0.25]}
							}
						},
						{
							"origin": [0.65125, 0.38709, 1.13752],
							"size": [0.18726, 0.36547, 0.27116],
							"pivot": [0.05833, 0.53232, 1.58216],
							"rotation": [0, 30, 0],
							"uv": {
								"north": {"uv": [23, 13], "uv_size": [0.25, 0.25]},
								"east": {"uv": [14, 23], "uv_size": [0.25, 0.25]},
								"south": {"uv": [23, 14], "uv_size": [0.25, 0.25]},
								"west": {"uv": [15, 22.75], "uv_size": [0.25, 0.5]},
								"up": {"uv": [23, 15], "uv_size": [0.25, 0.25]},
								"down": {"uv": [16, 23.25], "uv_size": [0.25, -0.25]}
							}
						},
						{
							"origin": [-0.83851, 0.38709, 1.13752],
							"size": [0.18726, 0.36547, 0.27116],
							"pivot": [-0.05833, 0.53232, 1.58216],
							"rotation": [0, -30, 0],
							"uv": {
								"north": {"uv": [25, 7], "uv_size": [0.25, 0.25]},
								"east": {"uv": [8, 25], "uv_size": [0.25, 0.25]},
								"south": {"uv": [25, 8], "uv_size": [0.25, 0.25]},
								"west": {"uv": [9, 25], "uv_size": [0.25, 0.25]},
								"up": {"uv": [25, 9], "uv_size": [0.25, 0.25]},
								"down": {"uv": [10, 25.25], "uv_size": [0.25, -0.25]}
							}
						},
						{
							"origin": [0.43001, 0.79724, 0.27721],
							"size": [0.07832, 0.49668, 0.07416],
							"pivot": [0.45042, 0.86558, 0.30492],
							"rotation": [-20, 0, 0],
							"uv": {
								"north": {"uv": [15, 12], "uv_size": [0.25, 0.5]},
								"east": {"uv": [13, 15], "uv_size": [0.25, 0.5]},
								"south": {"uv": [15, 13], "uv_size": [0.25, 0.5]},
								"west": {"uv": [14, 15], "uv_size": [0.25, 0.5]},
								"up": {"uv": [19, 12], "uv_size": [0.25, 0.25]},
								"down": {"uv": [13, 19.25], "uv_size": [0.25, -0.25]}
							}
						},
						{
							"origin": [0.50833, 0.79724, 0.27721],
							"size": [0.06334, 0.27468, 0.07639],
							"pivot": [0.57042, 0.86558, 0.30492],
							"rotation": [-20, 0, 0],
							"uv": {
								"north": {"uv": [13, 20], "uv_size": [0.25, 0.25]},
								"east": {"uv": [20, 13], "uv_size": [0.25, 0.25]},
								"south": {"uv": [14, 20], "uv_size": [0.25, 0.25]},
								"west": {"uv": [20, 14], "uv_size": [0.25, 0.25]},
								"up": {"uv": [15, 20], "uv_size": [0.25, 0.25]},
								"down": {"uv": [20, 15.25], "uv_size": [0.25, -0.25]}
							}
						},
						{
							"origin": [0.54583, 1.0507, 0.29717],
							"size": [0.06495, 0.23086, 0.07639],
							"pivot": [0.54, 0.91876, 0.33425],
							"rotation": [-19.28344, -5.40951, -15.08033],
							"uv": {
								"north": {"uv": [19, 20], "uv_size": [0.25, 0.25]},
								"east": {"uv": [20, 19], "uv_size": [0.25, 0.25]},
								"south": {"uv": [20, 20], "uv_size": [0.25, 0.25]},
								"west": {"uv": [0, 21], "uv_size": [0.25, 0.25]},
								"up": {"uv": [21, 0], "uv_size": [0.25, 0.25]},
								"down": {"uv": [1, 21.25], "uv_size": [0.25, -0.25]}
							}
						},
						{
							"origin": [0.43001, -0.03684, 0.48],
							"size": [0.14166, 0.24767, 0.3055],
							"pivot": [0.45042, 0.47896, 0.87546],
							"rotation": [-70, 0, 0],
							"uv": {
								"north": {"uv": [19, 9], "uv_size": [0.25, 0.25]},
								"east": {"uv": [10, 19], "uv_size": [0.25, 0.25]},
								"south": {"uv": [19, 10], "uv_size": [0.25, 0.25]},
								"west": {"uv": [11, 19], "uv_size": [0.25, 0.25]},
								"up": {"uv": [19, 11], "uv_size": [0.25, 0.25]},
								"down": {"uv": [12, 19.25], "uv_size": [0.25, -0.25]}
							}
						},
						{
							"origin": [0.45583, 0.28583, 0.36],
							"size": [0.10527, 0.12946, 1.51092],
							"pivot": [0.51376, 0.38146, 1.35546],
							"rotation": [0, 0, 30],
							"uv": {
								"north": {"uv": [19, 8], "uv_size": [0.25, 0.25]},
								"east": {"uv": [10, 1], "uv_size": [1.25, 0.25]},
								"south": {"uv": [9, 19], "uv_size": [0.25, 0.25]},
								"west": {"uv": [10, 2], "uv_size": [1.25, 0.25]},
								"up": {"uv": [3, 10], "uv_size": [0.25, 1.25]},
								"down": {"uv": [10, 4.25], "uv_size": [0.25, -1.25]}
							}
						},
						{
							"origin": [-0.5611, 0.28583, 0.36],
							"size": [0.10527, 0.12946, 1.51092],
							"pivot": [-0.51376, 0.38146, 1.35546],
							"rotation": [0, 0, -30],
							"uv": {
								"north": {"uv": [15, 28], "uv_size": [0.25, 0.25]},
								"east": {"uv": [6, 11], "uv_size": [1.25, 0.25]},
								"south": {"uv": [28, 15], "uv_size": [0.25, 0.25]},
								"west": {"uv": [8, 11], "uv_size": [1.25, 0.25]},
								"up": {"uv": [10, 11], "uv_size": [0.25, 1.25]},
								"down": {"uv": [11, 12.25], "uv_size": [0.25, -1.25]}
							}
						},
						{
							"origin": [-0.6825, -0.15124, 0.6825],
							"size": [1.365, 0.26998, 0.98592],
							"uv": {
								"north": {"uv": [4, 8], "uv_size": [1.25, 0.25]},
								"east": {"uv": [15, 0], "uv_size": [0.75, 0.25]},
								"south": {"uv": [8, 5], "uv_size": [1.25, 0.25]},
								"west": {"uv": [1, 15], "uv_size": [0.75, 0.25]},
								"up": {"uv": [1, 3], "uv_size": [1.25, 0.75]},
								"down": {"uv": [3, 1.75], "uv_size": [1.25, -0.75]}
							}
						},
						{
							"origin": [-0.7575, -0.23546, 0.69546],
							"size": [1.515, 0.0825, 0.96],
							"uv": {
								"north": {"uv": [4, 6], "uv_size": [1.25, 0.25]},
								"east": {"uv": [14, 14], "uv_size": [0.75, 0.25]},
								"south": {"uv": [6, 5], "uv_size": [1.25, 0.25]},
								"west": {"uv": [0, 15], "uv_size": [0.75, 0.25]},
								"up": {"uv": [1, 2], "uv_size": [1.25, 0.75]},
								"down": {"uv": [3, 0.75], "uv_size": [1.25, -0.75]}
							}
						}
					]
				},
				{
					"name": "glass",
					"parent": "scope_body",
					"pivot": [-0.37988, 1.46466, 0.63572],
					"cubes": [
						{
							"origin": [-0.37988, 1.46416, 0.54927],
							"size": [0.75889, 0, 0.1729],
							"uv": {
								"down": {"uv": [14, 3.25], "uv_size": [0.75, -0.25]}
							}
						},
						{
							"origin": [-0.37944, 0.79006, 0.54927],
							"size": [0.75889, 0, 0.1729],
							"inflate": 0.001,
							"pivot": [0, 0.79006, 0.63572],
							"rotation": [0, 0, -180],
							"uv": {
								"down": {"uv": [14, 2.25], "uv_size": [0.75, -0.25]}
							}
						},
						{
							"origin": [0.37988, 1.36466, 0.54927],
							"size": [0, 0.1, 0.1729],
							"pivot": [0.37988, 1.46466, 0.63572],
							"rotation": [0, 0, -30],
							"uv": {
								"east": {"uv": [2, 14], "uv_size": [0.25, 0.25]}
							}
						},
						{
							"origin": [0.40213, 0.67863, 0.54927],
							"size": [0, 0.2, 0.1729],
							"inflate": 0.002,
							"pivot": [0.40213, 0.82863, 0.63572],
							"rotation": [0, 0, 45],
							"uv": {
								"east": {"uv": [2, 14], "uv_size": [0.25, 0.25]}
							}
						},
						{
							"origin": [-0.40213, 0.67863, 0.54927],
							"size": [0, 0.2, 0.1729],
							"inflate": 0.002,
							"pivot": [-0.40213, 0.82863, 0.63572],
							"rotation": [0, 0, -45],
							"uv": {
								"west": {"uv": [2.25, 14], "uv_size": [-0.25, 0.25]}
							}
						},
						{
							"origin": [-0.37988, 1.36466, 0.54927],
							"size": [0, 0.1, 0.1729],
							"pivot": [-0.37988, 1.46466, 0.63572],
							"rotation": [0, 0, 30],
							"uv": {
								"west": {"uv": [2.25, 14], "uv_size": [-0.25, 0.25]}
							}
						},
						{
							"origin": [0.43001, 0.27756, 0.54927],
							"size": [0, 1.1, 0.1729],
							"inflate": 0.001,
							"uv": {
								"east": {"uv": [3, 14], "uv_size": [0.25, 1]}
							}
						},
						{
							"origin": [-0.43001, 0.27756, 0.54927],
							"size": [0, 1.1, 0.1729],
							"inflate": 0.001,
							"uv": {
								"west": {"uv": [3.25, 14], "uv_size": [-0.25, 1]}
							}
						}
					]
				},
				{
					"name": "deco",
					"parent": "scope_body",
					"pivot": [0, -0.62, 3],
					"cubes": [
						{
							"origin": [0.51486, 0.53669, 0.95518],
							"size": [0.17028, 0.09628, 0.10238],
							"inflate": 0.002,
							"uv": {
								"west": {"uv": [25.25, 30.25], "uv_size": [1.25, 1.25]}
							}
						},
						{
							"origin": [0.51486, 0.53669, 1.12393],
							"size": [0.17028, 0.09628, 0.10239],
							"inflate": 0.002,
							"uv": {
								"west": {"uv": [23.75, 30.25], "uv_size": [1.25, 1.25]}
							}
						},
						{
							"origin": [0.50793, 0.49918, 0.39762],
							"size": [0.06414, 0.10955, 0.1912],
							"inflate": 0.002,
							"uv": {
								"west": {"uv": [26.75, 29.75], "uv_size": [3.75, 2.25]}
							}
						},
						{
							"origin": [-0.8025, 0.6175, 0.69374],
							"size": [1.605, 0.165, 0.165],
							"pivot": [0, 0.82, 1.85624],
							"rotation": [45, 0, 0],
							"uv": {
								"north": {"uv": [12, 5], "uv_size": [1.25, 0.25]},
								"east": {"uv": [29, 12.75], "uv_size": [0.5, 0.5]},
								"south": {"uv": [6, 12], "uv_size": [1.25, 0.25]},
								"west": {"uv": [14, 28.75], "uv_size": [0.5, 0.5]},
								"up": {"uv": [12, 6], "uv_size": [1.25, 0.25]},
								"down": {"uv": [12, 7.25], "uv_size": [1.25, -0.25]}
							}
						},
						{
							"origin": [-0.6075, 1.23626, 0.3075],
							"size": [1.215, 0.1275, 0.1275],
							"pivot": [0, 1.40126, 1.43249],
							"rotation": [45, 0, 0],
							"uv": {
								"north": {"uv": [12, 5], "uv_size": [1.25, 0.25]},
								"east": {"uv": [29, 12.75], "uv_size": [0.5, 0.5]},
								"south": {"uv": [6, 12], "uv_size": [1.25, 0.25]},
								"west": {"uv": [14, 28.75], "uv_size": [0.5, 0.5]},
								"up": {"uv": [12, 6], "uv_size": [1.25, 0.25]},
								"down": {"uv": [12, 7.25], "uv_size": [1.25, -0.25]}
							}
						}
					]
				},
				{
					"name": "scope_illuminated",
					"parent": "scope_body",
					"pivot": [0, 15.76294, 0.61247]
				},
				{
					"name": "octagon",
					"parent": "scope_body",
					"pivot": [0, 0.3775, 1.29],
					"cubes": [
						{
							"origin": [-0.13918, 0.0415, 0.954],
							"size": [0.27836, 0.672, 0.672],
							"pivot": [0, 0.3775, 1.29],
							"rotation": [0, -45, 0],
							"uv": {
								"north": {"uv": [17, 11], "uv_size": [0.25, 0.5]},
								"east": {"uv": [4, 14], "uv_size": [0.5, 0.5]},
								"south": {"uv": [12, 17], "uv_size": [0.25, 0.5]},
								"west": {"uv": [14, 4], "uv_size": [0.5, 0.5]},
								"up": {"uv": [17, 12], "uv_size": [0.25, 0.5]},
								"down": {"uv": [13, 17.5], "uv_size": [0.25, -0.5]}
							}
						},
						{
							"origin": [-0.13938, 0.0413, 0.9538],
							"size": [0.27876, 0.6724, 0.6724],
							"inflate": 0.001,
							"uv": {
								"north": {"uv": [17, 13], "uv_size": [0.25, 0.5]},
								"east": {"uv": [5, 14], "uv_size": [0.5, 0.5]},
								"south": {"uv": [14, 17], "uv_size": [0.25, 0.5]},
								"west": {"uv": [14, 5], "uv_size": [0.5, 0.5]},
								"up": {"uv": [17, 14], "uv_size": [0.25, 0.5]},
								"down": {"uv": [15, 17.5], "uv_size": [0.25, -0.5]}
							}
						},
						{
							"origin": [-0.13918, 0.0415, 1.554],
							"size": [0.27836, 0.56435, 0.17965],
							"uv": {
								"north": {"uv": [3, 18], "uv_size": [0.25, 0.5]},
								"east": {"uv": [18, 3], "uv_size": [0.25, 0.5]},
								"south": {"uv": [4, 18], "uv_size": [0.25, 0.5]},
								"west": {"uv": [18, 4], "uv_size": [0.25, 0.5]},
								"up": {"uv": [9, 30], "uv_size": [0.25, 0.25]},
								"down": {"uv": [30, 9.25], "uv_size": [0.25, -0.25]}
							}
						},
						{
							"origin": [-0.13918, 0.73268, 1.29],
							"size": [0.27836, 0.12, 0.15226],
							"pivot": [0, 0.3775, 1.29],
							"rotation": [-45, 0, 0],
							"uv": {
								"north": {"uv": [6, 30], "uv_size": [0.25, 0.25]},
								"east": {"uv": [30, 6], "uv_size": [0.25, 0.25]},
								"south": {"uv": [7, 30], "uv_size": [0.25, 0.25]},
								"west": {"uv": [30, 7], "uv_size": [0.25, 0.25]},
								"up": {"uv": [8, 30], "uv_size": [0.25, 0.25]},
								"down": {"uv": [30, 8.25], "uv_size": [0.25, -0.25]}
							}
						},
						{
							"origin": [-0.336, 0.0415, 1.15082],
							"size": [0.672, 0.672, 0.27836],
							"pivot": [0, 0.3775, 1.29],
							"rotation": [0, -45, 0],
							"uv": {
								"north": {"uv": [6, 14], "uv_size": [0.5, 0.5]},
								"east": {"uv": [17, 15], "uv_size": [0.25, 0.5]},
								"south": {"uv": [14, 6], "uv_size": [0.5, 0.5]},
								"west": {"uv": [16, 17], "uv_size": [0.25, 0.5]},
								"up": {"uv": [17, 16], "uv_size": [0.5, 0.25]},
								"down": {"uv": [17, 17.25], "uv_size": [0.5, -0.25]}
							}
						},
						{
							"origin": [-0.336, 0.0415, 1.15082],
							"size": [0.672, 0.672, 0.27836],
							"uv": {
								"north": {"uv": [7, 14], "uv_size": [0.5, 0.5]},
								"east": {"uv": [0, 18], "uv_size": [0.25, 0.5]},
								"south": {"uv": [14, 7], "uv_size": [0.5, 0.5]},
								"west": {"uv": [18, 0], "uv_size": [0.25, 0.5]},
								"up": {"uv": [1, 18], "uv_size": [0.5, 0.25]},
								"down": {"uv": [18, 1.25], "uv_size": [0.5, -0.25]}
							}
						}
					]
				},
				{
					"name": "scope_view",
					"parent": "bone",
					"pivot": [0, 1.1225, 5.74]
				},
				{
					"name": "ocular",
					"parent": "bone",
					"pivot": [-0.00037, 0.78087, 2.35315],
					"cubes": [
						{
							"origin": [-0.43001, 0.76583, 0.67092],
							"size": [0.86002, 0.50423, 0],
							"uv": {
								"south": {"uv": [5, 0.5], "uv_size": [0.75, 0.5]}
							}
						}
					]
				},
				{
					"name": "division",
					"parent": "bone",
					"pivot": [0, 0.0425, 0]
				},
				{
					"name": "2_illuminated",
					"parent": "division",
					"pivot": [0, 1.13, -5.76],
					"cubes": [
						{
							"origin": [-0.045, 1.0775, -6.96],
							"size": [0.09, 0.09, 0],
							"uv": {
								"south": {"uv": [23.25, 30.75], "uv_size": [0.25, 0.25]}
							}
						}
					]
				}
			]
		}
	]
}