{
	"format_version": "1.12.0",
	"minecraft:geometry": [
		{
			"description": {
				"identifier": "geometry.hk_mp5a5 - Converted",
				"texture_width": 512,
				"texture_height": 512,
				"visible_bounds_width": 5,
				"visible_bounds_height": 6,
				"visible_bounds_offset": [0, 0, 0]
			},
			"bones": [
				{
					"name": "scope",
					"pivot": [-0.04789, 0.25725, -0.03544],
					"cubes": [
						{
							"origin": [-3.4, 2.6, -4],
							"size": [1.8, 0.3, 0.3],
							"pivot": [-2.4, 2, -3],
							"rotation": [45, 0, 0],
							"uv": {
								"north": {"uv": [59.016, 107.016], "uv_size": [1.734, 0.234]},
								"east": {"uv": [88.016, 125.016], "uv_size": [0.234, 0.234]},
								"south": {"uv": [107.016, 60.016], "uv_size": [1.734, 0.234]},
								"west": {"uv": [125.016, 88.016], "uv_size": [0.234, 0.234]},
								"up": {"uv": [61.016, 107.016], "uv_size": [1.734, 0.234]},
								"down": {"uv": [107.016, 61.25], "uv_size": [1.734, -0.234]}
							}
						},
						{
							"origin": [-1.3, 2.15312, 2],
							"size": [0.6, 0.3, 0.3],
							"pivot": [0.5, 1.55312, 3],
							"rotation": [45, 0, -90],
							"uv": {
								"north": {"uv": [31.016, 121.016], "uv_size": [0.484, 0.234]},
								"east": {"uv": [89.016, 125.016], "uv_size": [0.234, 0.234]},
								"south": {"uv": [121.016, 31.016], "uv_size": [0.484, 0.234]},
								"west": {"uv": [125.016, 89.016], "uv_size": [0.234, 0.234]},
								"up": {"uv": [32.016, 121.016], "uv_size": [0.484, 0.234]},
								"down": {"uv": [121.016, 32.25], "uv_size": [0.484, -0.234]}
							}
						},
						{
							"origin": [-1.3, 2.15312, -1],
							"size": [0.6, 0.3, 0.3],
							"pivot": [0.5, 1.55312, 0],
							"rotation": [45, 0, -90],
							"uv": {
								"north": {"uv": [33.016, 121.016], "uv_size": [0.484, 0.234]},
								"east": {"uv": [91.016, 125.016], "uv_size": [0.234, 0.234]},
								"south": {"uv": [121.016, 33.016], "uv_size": [0.484, 0.234]},
								"west": {"uv": [125.016, 91.016], "uv_size": [0.234, 0.234]},
								"up": {"uv": [34.016, 121.016], "uv_size": [0.484, 0.234]},
								"down": {"uv": [121.016, 34.25], "uv_size": [0.484, -0.234]}
							}
						},
						{
							"origin": [-3.4, 1.38183, 1.41662],
							"size": [1.8, 0.3, 0.3],
							"pivot": [-2.5, 1.53183, 1.56662],
							"rotation": [45, 0, 0],
							"uv": {
								"north": {"uv": [107.016, 62.016], "uv_size": [1.734, 0.234]},
								"east": {"uv": [90.016, 125.016], "uv_size": [0.234, 0.234]},
								"south": {"uv": [63.016, 107.016], "uv_size": [1.734, 0.234]},
								"west": {"uv": [125.016, 90.016], "uv_size": [0.234, 0.234]},
								"up": {"uv": [107.016, 63.016], "uv_size": [1.734, 0.234]},
								"down": {"uv": [107.016, 64.25], "uv_size": [1.734, -0.234]}
							}
						},
						{
							"origin": [-0.475, -0.05, 0.9],
							"size": [0.95, 0.525, 2.15],
							"uv": {
								"north": {"uv": [106.016, 5.016], "uv_size": [0.968, 0.484]},
								"east": {"uv": [94.016, 71.016], "uv_size": [2.234, 0.484]},
								"south": {"uv": [106.016, 9.016], "uv_size": [0.968, 0.484]},
								"west": {"uv": [94.016, 72.016], "uv_size": [2.234, 0.484]},
								"up": {"uv": [3.016, 84.016], "uv_size": [0.968, 2.234]},
								"down": {"uv": [10.016, 86.25], "uv_size": [0.968, -2.234]}
							}
						},
						{
							"origin": [-0.475, 0.25, -0.25],
							"size": [0.95, 0.225, 1.15],
							"uv": {
								"north": {"uv": [114.016, 73.016], "uv_size": [0.968, 0.234]},
								"east": {"uv": [106.016, 112.016], "uv_size": [1.234, 0.234]},
								"south": {"uv": [74.016, 114.016], "uv_size": [0.968, 0.234]},
								"west": {"uv": [112.016, 107.016], "uv_size": [1.234, 0.234]},
								"up": {"uv": [35.016, 92.016], "uv_size": [0.968, 1.234]},
								"down": {"uv": [36.016, 93.25], "uv_size": [0.968, -1.234]}
							}
						},
						{
							"origin": [-0.475, -0.05, -4.4],
							"size": [0.95, 0.525, 4.15],
							"uv": {
								"north": {"uv": [71.016, 106.016], "uv_size": [0.968, 0.484]},
								"east": {"uv": [85.016, 73.016], "uv_size": [4.234, 0.484]},
								"south": {"uv": [106.016, 71.016], "uv_size": [0.968, 0.484]},
								"west": {"uv": [86.016, 1.016], "uv_size": [4.234, 0.484]},
								"up": {"uv": [48.016, 72.016], "uv_size": [0.968, 4.234]},
								"down": {"uv": [60.016, 77.25], "uv_size": [0.968, -4.234]}
							}
						},
						{
							"origin": [0.475, -0.05, -1.6],
							"size": [0.35, 0.225, 0.85],
							"uv": {
								"north": {"uv": [67.016, 125.016], "uv_size": [0.234, 0.234]},
								"east": {"uv": [74.016, 117.016], "uv_size": [0.734, 0.234]},
								"south": {"uv": [125.016, 67.016], "uv_size": [0.234, 0.234]},
								"west": {"uv": [117.016, 74.016], "uv_size": [0.734, 0.234]},
								"up": {"uv": [75.016, 117.016], "uv_size": [0.234, 0.734]},
								"down": {"uv": [117.016, 75.75], "uv_size": [0.234, -0.734]}
							}
						},
						{
							"origin": [0.22574, -0.05, -0.99822],
							"size": [0.35, 0.225, 0.65],
							"pivot": [0.40074, 0.0625, -0.57322],
							"rotation": [0, -45, 0],
							"uv": {
								"north": {"uv": [68.016, 125.016], "uv_size": [0.234, 0.234]},
								"east": {"uv": [76.016, 117.016], "uv_size": [0.734, 0.234]},
								"south": {"uv": [125.016, 68.016], "uv_size": [0.234, 0.234]},
								"west": {"uv": [117.016, 76.016], "uv_size": [0.734, 0.234]},
								"up": {"uv": [77.016, 117.016], "uv_size": [0.234, 0.734]},
								"down": {"uv": [117.016, 77.75], "uv_size": [0.234, -0.734]}
							}
						},
						{
							"origin": [0.22574, -0.05, 0.99822],
							"size": [0.35, 0.225, 0.65],
							"pivot": [0.40074, 0.0625, 1.22322],
							"rotation": [0, 45, 0],
							"uv": {
								"north": {"uv": [72.016, 125.016], "uv_size": [0.234, 0.234]},
								"east": {"uv": [84.016, 117.016], "uv_size": [0.734, 0.234]},
								"south": {"uv": [125.016, 72.016], "uv_size": [0.234, 0.234]},
								"west": {"uv": [117.016, 84.016], "uv_size": [0.734, 0.234]},
								"up": {"uv": [85.016, 117.016], "uv_size": [0.234, 0.734]},
								"down": {"uv": [117.016, 85.75], "uv_size": [0.234, -0.734]}
							}
						},
						{
							"origin": [0.475, -0.05, 1.4],
							"size": [0.35, 0.225, 0.85],
							"uv": {
								"north": {"uv": [71.016, 125.016], "uv_size": [0.234, 0.234]},
								"east": {"uv": [82.016, 117.016], "uv_size": [0.734, 0.234]},
								"south": {"uv": [125.016, 71.016], "uv_size": [0.234, 0.234]},
								"west": {"uv": [117.016, 82.016], "uv_size": [0.734, 0.234]},
								"up": {"uv": [83.016, 117.016], "uv_size": [0.234, 0.734]},
								"down": {"uv": [117.016, 83.75], "uv_size": [0.234, -0.734]}
							}
						},
						{
							"origin": [0.22574, -0.05, 2.00178],
							"size": [0.35, 0.225, 0.85],
							"pivot": [0.40074, 0.0625, 2.42678],
							"rotation": [0, -45, 0],
							"uv": {
								"north": {"uv": [70.016, 125.016], "uv_size": [0.234, 0.234]},
								"east": {"uv": [80.016, 117.016], "uv_size": [0.734, 0.234]},
								"south": {"uv": [125.016, 70.016], "uv_size": [0.234, 0.234]},
								"west": {"uv": [117.016, 80.016], "uv_size": [0.734, 0.234]},
								"up": {"uv": [81.016, 117.016], "uv_size": [0.234, 0.734]},
								"down": {"uv": [117.016, 81.75], "uv_size": [0.234, -0.734]}
							}
						},
						{
							"origin": [0.22574, -0.05, -2.20178],
							"size": [0.35, 0.225, 0.85],
							"pivot": [0.40074, 0.0625, -1.77678],
							"rotation": [0, 45, 0],
							"uv": {
								"north": {"uv": [69.016, 125.016], "uv_size": [0.234, 0.234]},
								"east": {"uv": [78.016, 117.016], "uv_size": [0.734, 0.234]},
								"south": {"uv": [125.016, 69.016], "uv_size": [0.234, 0.234]},
								"west": {"uv": [117.016, 78.016], "uv_size": [0.734, 0.234]},
								"up": {"uv": [79.016, 117.016], "uv_size": [0.234, 0.734]},
								"down": {"uv": [117.016, 79.75], "uv_size": [0.234, -0.734]}
							}
						},
						{
							"origin": [0.2125, -0.23839, 0.9],
							"size": [0.47678, 0.2875, 2.15],
							"pivot": [0.475, -0.01339, -9.575],
							"rotation": [0, 0, 45],
							"uv": {
								"north": {"uv": [39.016, 125.016], "uv_size": [0.234, 0.234]},
								"south": {"uv": [125.016, 39.016], "uv_size": [0.234, 0.234]},
								"west": {"uv": [105.016, 43.016], "uv_size": [2.234, 0.234]},
								"up": {"uv": [66.016, 105.016], "uv_size": [0.234, 2.234]}
							}
						},
						{
							"origin": [-0.68928, -0.23839, 0.9],
							"size": [0.57678, 0.2875, 2.15],
							"pivot": [-0.475, -0.01339, -9.575],
							"rotation": [0, 0, -45],
							"uv": {
								"north": {"uv": [39.25, 125.016], "uv_size": [-0.234, 0.234]},
								"east": {"uv": [107.25, 43.016], "uv_size": [-2.234, 0.234]},
								"south": {"uv": [125.25, 39.016], "uv_size": [-0.234, 0.234]},
								"up": {"uv": [66.25, 105.016], "uv_size": [-0.234, 2.234]}
							}
						},
						{
							"origin": [0.2125, -0.23839, -4.4],
							"size": [0.47678, 0.2875, 4.15],
							"pivot": [0.475, -0.01339, -9.575],
							"rotation": [0, 0, 45],
							"uv": {
								"north": {"uv": [120.016, 113.016], "uv_size": [0.484, 0.234]},
								"south": {"uv": [114.016, 120.016], "uv_size": [0.484, 0.234]},
								"west": {"uv": [96.016, 33.016], "uv_size": [4.234, 0.234]},
								"up": {"uv": [1.016, 86.016], "uv_size": [0.484, 4.234]}
							}
						},
						{
							"origin": [-0.68928, -0.23839, -4.4],
							"size": [0.47678, 0.2875, 4.15],
							"pivot": [-0.475, -0.01339, -9.575],
							"rotation": [0, 0, -45],
							"uv": {
								"north": {"uv": [120.5, 113.016], "uv_size": [-0.484, 0.234]},
								"east": {"uv": [100.25, 33.016], "uv_size": [-4.234, 0.234]},
								"south": {"uv": [114.5, 120.016], "uv_size": [-0.484, 0.234]},
								"up": {"uv": [1.5, 86.016], "uv_size": [-0.484, 4.234]}
							}
						}
					]
				},
				{
					"name": "bone5",
					"parent": "scope",
					"pivot": [-2.5, 0.23125, -11.82988],
					"cubes": [
						{
							"origin": [-3.02178, -1.02846, -1.65183],
							"size": [1.04356, 2.51942, 5.00366],
							"pivot": [-2.5, 0.23125, -11.82988],
							"rotation": [0, 0, 45],
							"uv": {
								"north": {"uv": [81.016, 79.016], "uv_size": [0.968, 2.484]},
								"east": {"uv": [46.016, 43.016], "uv_size": [4.968, 2.484]},
								"south": {"uv": [80.016, 81.016], "uv_size": [0.968, 2.484]},
								"west": {"uv": [44.016, 46.016], "uv_size": [4.968, 2.484]},
								"up": {"uv": [70.016, 12.016], "uv_size": [0.968, 4.968]},
								"down": {"uv": [14.016, 74.984], "uv_size": [0.968, -4.968]}
							}
						},
						{
							"origin": [-3.02178, -1.02846, -1.65183],
							"size": [1.04356, 2.51942, 5.00366],
							"uv": {
								"north": {"uv": [82.016, 6.016], "uv_size": [0.968, 2.484]},
								"east": {"uv": [4.016, 47.016], "uv_size": [4.968, 2.484]},
								"south": {"uv": [9.016, 82.016], "uv_size": [0.968, 2.484]},
								"west": {"uv": [47.016, 7.016], "uv_size": [4.968, 2.484]},
								"up": {"uv": [18.016, 70.016], "uv_size": [0.968, 4.968]},
								"down": {"uv": [19.016, 74.984], "uv_size": [0.968, -4.968]}
							}
						},
						{
							"origin": [-3.75971, -0.29053, -1.65183],
							"size": [2.51942, 1.04356, 5.00366],
							"pivot": [-2.5, 0.23125, -11.82988],
							"rotation": [0, 0, 45],
							"uv": {
								"north": {"uv": [81.016, 48.016], "uv_size": [2.484, 0.968]},
								"east": {"uv": [67.016, 23.016], "uv_size": [4.968, 0.968]},
								"south": {"uv": [81.016, 60.016], "uv_size": [2.484, 0.968]},
								"west": {"uv": [68.016, 38.016], "uv_size": [4.968, 0.968]},
								"up": {"uv": [12.016, 47.016], "uv_size": [2.484, 4.968]},
								"down": {"uv": [15.016, 51.984], "uv_size": [2.484, -4.968]}
							}
						},
						{
							"origin": [-3.22295, -1.34339, 3.35229],
							"size": [1.4459, 3.14928, 0.10474],
							"uv": {
								"north": {"uv": [35.016, 70.016], "uv_size": [1.484, 3.234]},
								"east": {"uv": [68.016, 98.016], "uv_size": [0.234, 3.234]},
								"south": {"uv": [37.016, 70.016], "uv_size": [1.484, 3.234]},
								"west": {"uv": [69.016, 98.016], "uv_size": [0.234, 3.234]},
								"up": {"uv": [36.016, 110.016], "uv_size": [1.484, 0.234]},
								"down": {"uv": [38.016, 110.25], "uv_size": [1.484, -0.234]}
							}
						},
						{
							"origin": [-3.07396, -1.15443, 2.053],
							"size": [1.14792, 2.77136, 1.40403],
							"pivot": [-2.5, 0.23125, 2.29989],
							"rotation": [0, 0, 45],
							"uv": {
								"north": {"uv": [35.016, 78.016], "uv_size": [1.234, 2.734]},
								"east": {"uv": [12.016, 74.016], "uv_size": [1.484, 2.734]},
								"south": {"uv": [37.016, 78.016], "uv_size": [1.234, 2.734]},
								"west": {"uv": [74.016, 19.016], "uv_size": [1.484, 2.734]},
								"up": {"uv": [88.016, 38.016], "uv_size": [1.234, 1.484]},
								"down": {"uv": [88.016, 41.5], "uv_size": [1.234, -1.484]}
							}
						},
						{
							"origin": [-3.88568, -0.34271, 2.053],
							"size": [2.77136, 1.14792, 1.40403],
							"uv": {
								"north": {"uv": [78.016, 25.016], "uv_size": [2.734, 1.234]},
								"east": {"uv": [88.016, 29.016], "uv_size": [1.484, 1.234]},
								"south": {"uv": [78.016, 27.016], "uv_size": [2.734, 1.234]},
								"west": {"uv": [88.016, 36.016], "uv_size": [1.484, 1.234]},
								"up": {"uv": [74.016, 8.016], "uv_size": [2.734, 1.484]},
								"down": {"uv": [74.016, 11.5], "uv_size": [2.734, -1.484]}
							}
						},
						{
							"origin": [-2.98568, -0.54271, 2.053],
							"size": [1.07136, 1.54792, 1.70403],
							"uv": {
								"north": {"uv": [89.016, 77.016], "uv_size": [0.968, 1.484]},
								"east": {"uv": [81.016, 0.016], "uv_size": [1.734, 1.484]},
								"south": {"uv": [89.016, 79.016], "uv_size": [0.968, 1.484]},
								"west": {"uv": [2.016, 81.016], "uv_size": [1.734, 1.484]},
								"up": {"uv": [35.016, 53.016], "uv_size": [0.968, 1.734]},
								"down": {"uv": [11.016, 60.75], "uv_size": [0.968, -1.734]}
							}
						},
						{
							"origin": [-2.11688, 0.07703, 3.45703],
							"size": [0.90256, 1.52818, 0.2],
							"pivot": [-1.55, 1.23125, 2.90501],
							"rotation": [0, 0, 45],
							"uv": {
								"north": {"uv": [83.016, 89.016], "uv_size": [0.968, 1.484]},
								"east": {"uv": [42.016, 110.016], "uv_size": [0.234, 1.484]},
								"south": {"uv": [84.016, 89.016], "uv_size": [0.968, 1.484]},
								"west": {"uv": [43.016, 110.016], "uv_size": [0.234, 1.484]},
								"up": {"uv": [114.016, 74.016], "uv_size": [0.968, 0.234]},
								"down": {"uv": [75.016, 114.25], "uv_size": [0.968, -0.234]}
							}
						},
						{
							"origin": [-3.04984, 1.1169, 3.45703],
							"size": [1.12281, 0.57219, 0.2],
							"pivot": [-1.97831, 0.825, 3.60703],
							"rotation": [0, 0, 90],
							"uv": {
								"north": {"uv": [72.016, 106.016], "uv_size": [0.968, 0.484]},
								"east": {"uv": [120.016, 115.016], "uv_size": [0.234, 0.484]},
								"south": {"uv": [106.016, 72.016], "uv_size": [0.968, 0.484]},
								"west": {"uv": [116.016, 120.016], "uv_size": [0.234, 0.484]},
								"up": {"uv": [114.016, 75.016], "uv_size": [0.968, 0.234]},
								"down": {"uv": [76.016, 114.25], "uv_size": [0.968, -0.234]}
							}
						},
						{
							"origin": [-2.64984, 1.1169, 3.25703],
							"size": [0.32281, 0.57219, 0.6],
							"pivot": [-1.97831, 0.825, 3.60703],
							"rotation": [0, 0, 90],
							"uv": {
								"north": {"uv": [120.016, 116.016], "uv_size": [0.234, 0.484]},
								"east": {"uv": [114.016, 76.016], "uv_size": [0.484, 0.484]},
								"south": {"uv": [117.016, 120.016], "uv_size": [0.234, 0.484]},
								"west": {"uv": [77.016, 114.016], "uv_size": [0.484, 0.484]},
								"up": {"uv": [120.016, 117.016], "uv_size": [0.234, 0.484]},
								"down": {"uv": [118.016, 120.5], "uv_size": [0.234, -0.484]}
							}
						},
						{
							"origin": [-2.64984, 1.1169, 3.45703],
							"size": [0.32281, 0.77219, 0.2],
							"pivot": [-1.97831, 0.825, 3.60703],
							"rotation": [0, 0, 90],
							"uv": {
								"north": {"uv": [86.016, 117.016], "uv_size": [0.234, 0.734]},
								"east": {"uv": [117.016, 86.016], "uv_size": [0.234, 0.734]},
								"south": {"uv": [87.016, 117.016], "uv_size": [0.234, 0.734]},
								"west": {"uv": [117.016, 87.016], "uv_size": [0.234, 0.734]},
								"up": {"uv": [80.016, 125.016], "uv_size": [0.234, 0.234]},
								"down": {"uv": [125.016, 80.25], "uv_size": [0.234, -0.234]}
							}
						},
						{
							"origin": [-3.11515, 2.1169, 3.25703],
							"size": [0.52281, 0.07219, 0.5],
							"pivot": [-2.34362, 0.825, 3.40703],
							"rotation": [0, 0, 90],
							"uv": {
								"north": {"uv": [4.016, 121.016], "uv_size": [0.484, 0.234]},
								"east": {"uv": [121.016, 4.016], "uv_size": [0.484, 0.234]},
								"south": {"uv": [5.016, 121.016], "uv_size": [0.484, 0.234]},
								"west": {"uv": [121.016, 5.016], "uv_size": [0.484, 0.234]},
								"up": {"uv": [114.016, 77.016], "uv_size": [0.484, 0.484]},
								"down": {"uv": [78.016, 114.5], "uv_size": [0.484, -0.484]}
							}
						},
						{
							"origin": [-3.31515, 2.1169, 2.65703],
							"size": [0.92281, 0.07219, 0.6],
							"pivot": [-2.34362, 0.825, 2.80703],
							"rotation": [0, 0, 90],
							"uv": {
								"north": {"uv": [114.016, 78.016], "uv_size": [0.968, 0.234]},
								"east": {"uv": [6.016, 121.016], "uv_size": [0.484, 0.234]},
								"south": {"uv": [79.016, 114.016], "uv_size": [0.968, 0.234]},
								"west": {"uv": [121.016, 6.016], "uv_size": [0.484, 0.234]},
								"up": {"uv": [73.016, 106.016], "uv_size": [0.968, 0.484]},
								"down": {"uv": [106.016, 73.5], "uv_size": [0.968, -0.484]}
							}
						},
						{
							"origin": [-0.56292, 1.78189, 2.65703],
							"size": [1.12584, 0.07219, 0.6],
							"uv": {
								"north": {"uv": [2.016, 113.016], "uv_size": [1.234, 0.234]},
								"east": {"uv": [29.016, 121.016], "uv_size": [0.484, 0.234]},
								"south": {"uv": [113.016, 2.016], "uv_size": [1.234, 0.234]},
								"west": {"uv": [121.016, 29.016], "uv_size": [0.484, 0.234]},
								"up": {"uv": [102.016, 85.016], "uv_size": [1.234, 0.484]},
								"down": {"uv": [89.016, 102.5], "uv_size": [1.234, -0.484]}
							}
						},
						{
							"origin": [-0.56292, 0.81616, 2.65703],
							"size": [1.12584, 0.07219, 0.6],
							"uv": {
								"north": {"uv": [113.016, 3.016], "uv_size": [1.234, 0.234]},
								"east": {"uv": [30.016, 121.016], "uv_size": [0.484, 0.234]},
								"south": {"uv": [4.016, 113.016], "uv_size": [1.234, 0.234]},
								"west": {"uv": [121.016, 30.016], "uv_size": [0.484, 0.234]},
								"up": {"uv": [102.016, 89.016], "uv_size": [1.234, 0.484]},
								"down": {"uv": [102.016, 92.5], "uv_size": [1.234, -0.484]}
							}
						},
						{
							"origin": [-2.88389, 2.1169, 2.65703],
							"size": [0.72281, 0.07219, 0.6],
							"pivot": [-2.01237, 0.825, 2.80703],
							"rotation": [0, 0, 90],
							"uv": {
								"north": {"uv": [93.016, 117.016], "uv_size": [0.734, 0.234]},
								"east": {"uv": [24.016, 121.016], "uv_size": [0.484, 0.234]},
								"south": {"uv": [117.016, 93.016], "uv_size": [0.734, 0.234]},
								"west": {"uv": [121.016, 24.016], "uv_size": [0.484, 0.234]},
								"up": {"uv": [50.016, 110.016], "uv_size": [0.734, 0.484]},
								"down": {"uv": [110.016, 50.5], "uv_size": [0.734, -0.484]}
							}
						},
						{
							"origin": [0.57799, 1.89046, 2.65703],
							"size": [0.22281, 0.07219, 0.6],
							"pivot": [0.43939, 1.92655, 2.95703],
							"rotation": [0, 0, 45],
							"uv": {
								"north": {"uv": [83.016, 125.016], "uv_size": [0.234, 0.234]},
								"east": {"uv": [20.016, 121.016], "uv_size": [0.484, 0.234]},
								"south": {"uv": [125.016, 83.016], "uv_size": [0.234, 0.234]},
								"west": {"uv": [121.016, 20.016], "uv_size": [0.484, 0.234]},
								"up": {"uv": [21.016, 121.016], "uv_size": [0.234, 0.484]},
								"down": {"uv": [121.016, 21.5], "uv_size": [0.234, -0.484]}
							}
						},
						{
							"origin": [0.81483, 1.63586, 2.85703],
							"size": [0.4793, 0, 0.3],
							"pivot": [0.74694, 1.64265, 2.95703],
							"rotation": [0, 0, 90],
							"uv": {
								"north": {"uv": [0.5, 0.25], "uv_size": [-0.5, -0.25]},
								"east": {"uv": [0.5, 0.25], "uv_size": [-0.5, -0.25]},
								"south": {"uv": [0.5, 0.25], "uv_size": [-0.5, -0.25]},
								"west": {"uv": [0.5, 0.25], "uv_size": [-0.5, -0.25]},
								"up": {"uv": [0, 0], "uv_size": [0.5, 0.25]},
								"down": {"uv": [0, 0], "uv_size": [0.5, 0.25]}
							}
						},
						{
							"origin": [0.63741, 1.66818, 2.85703],
							"size": [0.1, 0, 0.3],
							"pivot": [0.62601, 1.61818, 3.05703],
							"rotation": [0, 0, 45],
							"uv": {
								"north": {"uv": [0, 0], "uv_size": [0.25, 0]},
								"east": {"uv": [0, 0], "uv_size": [0.25, 0]},
								"south": {"uv": [0, 0], "uv_size": [0.25, 0]},
								"west": {"uv": [0, 0], "uv_size": [0.25, 0]},
								"up": {"uv": [0, 1], "uv_size": [0.25, 0.25]},
								"down": {"uv": [2, 0.25], "uv_size": [0.25, -0.25]}
							}
						},
						{
							"origin": [0.63812, 1.00134, 2.85703],
							"size": [0.1, 0, 0.3],
							"pivot": [0.62672, 1.05134, 3.05703],
							"rotation": [0, 0, -45],
							"uv": {
								"north": {"uv": [0, 0], "uv_size": [0.25, 0]},
								"east": {"uv": [0, 0], "uv_size": [0.25, 0]},
								"south": {"uv": [0, 0], "uv_size": [0.25, 0]},
								"west": {"uv": [0, 0], "uv_size": [0.25, 0]},
								"up": {"uv": [1, 1], "uv_size": [0.25, 0.25]},
								"down": {"uv": [0, 2.25], "uv_size": [0.25, -0.25]}
							}
						},
						{
							"origin": [-0.72757, 0.88437, 2.65703],
							"size": [0.22281, 0.07219, 0.6],
							"pivot": [-0.61617, 0.92046, 2.95703],
							"rotation": [0, 0, -135],
							"uv": {
								"north": {"uv": [86.016, 125.016], "uv_size": [0.234, 0.234]},
								"east": {"uv": [27.016, 121.016], "uv_size": [0.484, 0.234]},
								"south": {"uv": [125.016, 86.016], "uv_size": [0.234, 0.234]},
								"west": {"uv": [121.016, 27.016], "uv_size": [0.484, 0.234]},
								"up": {"uv": [28.016, 121.016], "uv_size": [0.234, 0.484]},
								"down": {"uv": [121.016, 28.5], "uv_size": [0.234, -0.484]}
							}
						},
						{
							"origin": [-0.8008, 1.89046, 2.65703],
							"size": [0.22281, 0.07219, 0.6],
							"pivot": [-0.43939, 1.92655, 2.95703],
							"rotation": [0, 0, -45],
							"uv": {
								"north": {"uv": [85.016, 125.016], "uv_size": [0.234, 0.234]},
								"east": {"uv": [25.016, 121.016], "uv_size": [0.484, 0.234]},
								"south": {"uv": [125.016, 85.016], "uv_size": [0.234, 0.234]},
								"west": {"uv": [121.016, 25.016], "uv_size": [0.484, 0.234]},
								"up": {"uv": [26.016, 121.016], "uv_size": [0.234, 0.484]},
								"down": {"uv": [121.016, 26.5], "uv_size": [0.234, -0.484]}
							}
						},
						{
							"origin": [0.50476, 0.88437, 2.65703],
							"size": [0.22281, 0.07219, 0.6],
							"pivot": [0.61617, 0.92046, 2.95703],
							"rotation": [0, 0, 135],
							"uv": {
								"north": {"uv": [84.016, 125.016], "uv_size": [0.234, 0.234]},
								"east": {"uv": [22.016, 121.016], "uv_size": [0.484, 0.234]},
								"south": {"uv": [125.016, 84.016], "uv_size": [0.234, 0.234]},
								"west": {"uv": [121.016, 22.016], "uv_size": [0.484, 0.234]},
								"up": {"uv": [23.016, 121.016], "uv_size": [0.234, 0.484]},
								"down": {"uv": [121.016, 23.5], "uv_size": [0.234, -0.484]}
							}
						},
						{
							"origin": [-0.46134, 2.06117, 2.65703],
							"size": [0.22281, 0.07219, 0.6],
							"pivot": [-0.69994, 2.09727, 3.10703],
							"rotation": [0, 0, 135],
							"uv": {
								"north": {"uv": [81.016, 125.016], "uv_size": [0.234, 0.234]},
								"east": {"uv": [7.016, 121.016], "uv_size": [0.484, 0.234]},
								"south": {"uv": [125.016, 81.016], "uv_size": [0.234, 0.234]},
								"west": {"uv": [121.016, 7.016], "uv_size": [0.484, 0.234]},
								"up": {"uv": [8.016, 121.016], "uv_size": [0.234, 0.484]},
								"down": {"uv": [121.016, 8.5], "uv_size": [0.234, -0.484]}
							}
						},
						{
							"origin": [-0.39417, 1.88189, 2.65703],
							"size": [0.72281, 0.07219, 0.6],
							"pivot": [-0.28277, 1.91798, 2.95703],
							"rotation": [0, 0, -180],
							"uv": {
								"north": {"uv": [88.016, 117.016], "uv_size": [0.734, 0.234]},
								"east": {"uv": [11.016, 121.016], "uv_size": [0.484, 0.234]},
								"south": {"uv": [117.016, 88.016], "uv_size": [0.734, 0.234]},
								"west": {"uv": [121.016, 11.016], "uv_size": [0.484, 0.234]},
								"up": {"uv": [44.016, 110.016], "uv_size": [0.734, 0.484]},
								"down": {"uv": [110.016, 44.5], "uv_size": [0.734, -0.484]}
							}
						},
						{
							"origin": [-1.04247, 1.88189, 2.65703],
							"size": [0.67111, 0.07219, 0.55203],
							"pivot": [-0.28277, 1.91798, 2.95703],
							"rotation": [0, 0, -180],
							"uv": {
								"north": {"uv": [90.016, 117.016], "uv_size": [0.734, 0.234]},
								"east": {"uv": [15.016, 121.016], "uv_size": [0.484, 0.234]},
								"south": {"uv": [117.016, 90.016], "uv_size": [0.734, 0.234]},
								"west": {"uv": [121.016, 15.016], "uv_size": [0.484, 0.234]},
								"up": {"uv": [46.016, 110.016], "uv_size": [0.734, 0.484]},
								"down": {"uv": [110.016, 46.5], "uv_size": [0.734, -0.484]}
							}
						},
						{
							"origin": [-0.11756, 0.71616, 2.72009],
							"size": [0.55039, 0.07219, 0.51056],
							"pivot": [0.12143, 0.75226, 3.03065],
							"rotation": [0, -5, -180],
							"uv": {
								"north": {"uv": [17.016, 121.016], "uv_size": [0.484, 0.234]},
								"east": {"uv": [121.016, 17.016], "uv_size": [0.484, 0.234]},
								"south": {"uv": [18.016, 121.016], "uv_size": [0.484, 0.234]},
								"west": {"uv": [121.016, 18.016], "uv_size": [0.484, 0.234]},
								"up": {"uv": [114.016, 80.016], "uv_size": [0.484, 0.484]},
								"down": {"uv": [81.016, 114.5], "uv_size": [0.484, -0.484]}
							}
						},
						{
							"origin": [-1.04247, 0.71616, 2.65703],
							"size": [0.67111, 0.07219, 0.55203],
							"pivot": [-0.28277, 0.75226, 2.95703],
							"rotation": [0, 0, -180],
							"uv": {
								"north": {"uv": [91.016, 117.016], "uv_size": [0.734, 0.234]},
								"east": {"uv": [16.016, 121.016], "uv_size": [0.484, 0.234]},
								"south": {"uv": [117.016, 91.016], "uv_size": [0.734, 0.234]},
								"west": {"uv": [121.016, 16.016], "uv_size": [0.484, 0.234]},
								"up": {"uv": [47.016, 110.016], "uv_size": [0.734, 0.484]},
								"down": {"uv": [110.016, 47.5], "uv_size": [0.734, -0.484]}
							}
						},
						{
							"origin": [-0.11756, 1.88189, 2.72009],
							"size": [0.55039, 0.07219, 0.51056],
							"pivot": [0.12143, 1.91798, 3.03065],
							"rotation": [0, -5, -180],
							"uv": {
								"north": {"uv": [13.016, 121.016], "uv_size": [0.484, 0.234]},
								"east": {"uv": [121.016, 13.016], "uv_size": [0.484, 0.234]},
								"south": {"uv": [14.016, 121.016], "uv_size": [0.484, 0.234]},
								"west": {"uv": [121.016, 14.016], "uv_size": [0.484, 0.234]},
								"up": {"uv": [114.016, 79.016], "uv_size": [0.484, 0.484]},
								"down": {"uv": [80.016, 114.5], "uv_size": [0.484, -0.484]}
							}
						},
						{
							"origin": [-0.39417, 0.71616, 2.65703],
							"size": [0.72281, 0.07219, 0.6],
							"pivot": [-0.28277, 0.75226, 2.95703],
							"rotation": [0, 0, -180],
							"uv": {
								"north": {"uv": [89.016, 117.016], "uv_size": [0.734, 0.234]},
								"east": {"uv": [12.016, 121.016], "uv_size": [0.484, 0.234]},
								"south": {"uv": [117.016, 89.016], "uv_size": [0.734, 0.234]},
								"west": {"uv": [121.016, 12.016], "uv_size": [0.484, 0.234]},
								"up": {"uv": [45.016, 110.016], "uv_size": [0.734, 0.484]},
								"down": {"uv": [110.016, 45.5], "uv_size": [0.734, -0.484]}
							}
						},
						{
							"origin": [-0.46134, 0.53688, 2.65703],
							"size": [0.22281, 0.07219, 0.6],
							"pivot": [-0.69994, 0.57297, 3.10703],
							"rotation": [0, 0, -135],
							"uv": {
								"north": {"uv": [82.016, 125.016], "uv_size": [0.234, 0.234]},
								"east": {"uv": [9.016, 121.016], "uv_size": [0.484, 0.234]},
								"south": {"uv": [125.016, 82.016], "uv_size": [0.234, 0.234]},
								"west": {"uv": [121.016, 9.016], "uv_size": [0.484, 0.234]},
								"up": {"uv": [10.016, 121.016], "uv_size": [0.234, 0.484]},
								"down": {"uv": [121.016, 10.5], "uv_size": [0.234, -0.484]}
							}
						},
						{
							"origin": [-1.21172, 0.93314, 3.56005],
							"size": [0.32281, 0.57219, 0.2],
							"pivot": [-1.15032, 1.46924, 3.46005],
							"rotation": [0, -45, 90],
							"uv": {
								"north": {"uv": [120.016, 118.016], "uv_size": [0.234, 0.484]},
								"east": {"uv": [119.016, 120.016], "uv_size": [0.234, 0.484]},
								"south": {"uv": [120.016, 119.016], "uv_size": [0.234, 0.484]},
								"west": {"uv": [120.016, 120.016], "uv_size": [0.234, 0.484]},
								"up": {"uv": [74.016, 125.016], "uv_size": [0.234, 0.234]},
								"down": {"uv": [125.016, 74.25], "uv_size": [0.234, -0.234]}
							}
						},
						{
							"origin": [-1.21172, 1.16491, 3.354],
							"size": [0.32281, 0.57219, 0.2],
							"pivot": [-1.15032, 1.20101, 3.654],
							"rotation": [0, 45, -90],
							"uv": {
								"north": {"uv": [2.016, 121.016], "uv_size": [0.234, 0.484]},
								"east": {"uv": [121.016, 2.016], "uv_size": [0.234, 0.484]},
								"south": {"uv": [3.016, 121.016], "uv_size": [0.234, 0.484]},
								"west": {"uv": [121.016, 3.016], "uv_size": [0.234, 0.484]},
								"up": {"uv": [79.016, 125.016], "uv_size": [0.234, 0.234]},
								"down": {"uv": [125.016, 79.25], "uv_size": [0.234, -0.234]}
							}
						},
						{
							"origin": [-1.21172, 1.16491, 3.56005],
							"size": [0.32281, 0.57219, 0.2],
							"pivot": [-1.15032, 1.20101, 3.46005],
							"rotation": [0, -45, -90],
							"uv": {
								"north": {"uv": [28.016, 0.016], "uv_size": [0.234, 0.484]},
								"east": {"uv": [28.016, 1.016], "uv_size": [0.234, 0.484]},
								"south": {"uv": [28.016, 2.016], "uv_size": [0.234, 0.484]},
								"west": {"uv": [28.016, 3.016], "uv_size": [0.234, 0.484]},
								"up": {"uv": [28.016, 4.016], "uv_size": [0.234, 0.234]},
								"down": {"uv": [29.016, 0.25], "uv_size": [0.234, -0.234]}
							}
						},
						{
							"origin": [-1.21172, 0.93314, 3.354],
							"size": [0.32281, 0.57219, 0.2],
							"pivot": [-1.15032, 1.46924, 3.654],
							"rotation": [0, 45, 90],
							"uv": {
								"north": {"uv": [0.016, 121.016], "uv_size": [0.234, 0.484]},
								"east": {"uv": [121.016, 0.016], "uv_size": [0.234, 0.484]},
								"south": {"uv": [1.016, 121.016], "uv_size": [0.234, 0.484]},
								"west": {"uv": [121.016, 1.016], "uv_size": [0.234, 0.484]},
								"up": {"uv": [75.016, 125.016], "uv_size": [0.234, 0.234]},
								"down": {"uv": [125.016, 75.25], "uv_size": [0.234, -0.234]}
							}
						},
						{
							"origin": [-2.88568, -0.44271, 2.053],
							"size": [0.37136, 1.34792, 2.00403],
							"uv": {
								"north": {"uv": [105.016, 112.016], "uv_size": [0.234, 1.234]},
								"east": {"uv": [82.016, 27.016], "uv_size": [1.968, 1.234]},
								"south": {"uv": [112.016, 105.016], "uv_size": [0.234, 1.234]},
								"west": {"uv": [28.016, 82.016], "uv_size": [1.968, 1.234]},
								"up": {"uv": [18.016, 106.016], "uv_size": [0.234, 1.968]},
								"down": {"uv": [28.016, 107.984], "uv_size": [0.234, -1.968]}
							}
						},
						{
							"origin": [-3.21432, -0.24271, 3.853],
							"size": [0.4, 1, 0.1],
							"uv": {
								"north": {"uv": [106.016, 13.016], "uv_size": [0.484, 0.968]},
								"east": {"uv": [114.016, 44.016], "uv_size": [0.234, 0.968]},
								"south": {"uv": [106.016, 25.016], "uv_size": [0.484, 0.968]},
								"west": {"uv": [45.016, 114.016], "uv_size": [0.234, 0.968]},
								"up": {"uv": [120.016, 74.016], "uv_size": [0.484, 0.234]},
								"down": {"uv": [75.016, 120.25], "uv_size": [0.484, -0.234]}
							}
						},
						{
							"origin": [-3.59456, -0.24271, 3.80294],
							"size": [0.4, 1, 0.1],
							"pivot": [-3.39456, 0.25729, 3.85294],
							"rotation": [0, -15, 0],
							"uv": {
								"north": {"uv": [106.016, 28.016], "uv_size": [0.484, 0.968]},
								"east": {"uv": [114.016, 45.016], "uv_size": [0.234, 0.968]},
								"south": {"uv": [29.016, 106.016], "uv_size": [0.484, 0.968]},
								"west": {"uv": [46.016, 114.016], "uv_size": [0.234, 0.968]},
								"up": {"uv": [120.016, 75.016], "uv_size": [0.484, 0.234]},
								"down": {"uv": [76.016, 120.25], "uv_size": [0.484, -0.234]}
							}
						},
						{
							"origin": [-3.94889, -0.24271, 3.65617],
							"size": [0.4, 1, 0.1],
							"pivot": [-3.74889, 0.25729, 3.70617],
							"rotation": [0, -30, 0],
							"uv": {
								"north": {"uv": [106.016, 29.016], "uv_size": [0.484, 0.968]},
								"east": {"uv": [114.016, 46.016], "uv_size": [0.234, 0.968]},
								"south": {"uv": [30.016, 106.016], "uv_size": [0.484, 0.968]},
								"west": {"uv": [47.016, 114.016], "uv_size": [0.234, 0.968]},
								"up": {"uv": [120.016, 76.016], "uv_size": [0.484, 0.234]},
								"down": {"uv": [77.016, 120.25], "uv_size": [0.484, -0.234]}
							}
						},
						{
							"origin": [-4.17733, -0.20798, 3.52428],
							"size": [0.4, 1, 0.1],
							"inflate": -0.001,
							"pivot": [-3.97733, 0.29202, 3.57428],
							"rotation": [-8.49878, -28.87909, 17.19212],
							"uv": {
								"north": {"uv": [31.016, 106.016], "uv_size": [0.484, 0.968]},
								"east": {"uv": [114.016, 47.016], "uv_size": [0.234, 0.968]},
								"south": {"uv": [106.016, 31.016], "uv_size": [0.484, 0.968]},
								"west": {"uv": [48.016, 114.016], "uv_size": [0.234, 0.968]},
								"up": {"uv": [120.016, 77.016], "uv_size": [0.484, 0.234]},
								"down": {"uv": [78.016, 120.25], "uv_size": [0.484, -0.234]}
							}
						},
						{
							"origin": [-4.3902, -0.10617, 3.40138],
							"size": [0.4, 1, 0.1],
							"pivot": [-4.1902, 0.39383, 3.45138],
							"rotation": [-16.10211, -25.65891, 33.69007],
							"uv": {
								"north": {"uv": [106.016, 32.016], "uv_size": [0.484, 0.968]},
								"east": {"uv": [114.016, 48.016], "uv_size": [0.234, 0.968]},
								"south": {"uv": [106.016, 33.016], "uv_size": [0.484, 0.968]},
								"west": {"uv": [49.016, 114.016], "uv_size": [0.234, 0.968]},
								"up": {"uv": [120.016, 78.016], "uv_size": [0.484, 0.234]},
								"down": {"uv": [79.016, 120.25], "uv_size": [0.484, -0.234]}
							}
						},
						{
							"origin": [-4.65035, 0.08395, 3.19338],
							"size": [0.4, 1, 0.1],
							"pivot": [-4.45035, 0.58395, 3.24338],
							"rotation": [-19.03915, -39.97117, 39.06468],
							"uv": {
								"north": {"uv": [35.016, 106.016], "uv_size": [0.484, 0.968]},
								"east": {"uv": [114.016, 49.016], "uv_size": [0.234, 0.968]},
								"south": {"uv": [36.016, 106.016], "uv_size": [0.484, 0.968]},
								"west": {"uv": [50.016, 114.016], "uv_size": [0.234, 0.968]},
								"up": {"uv": [120.016, 79.016], "uv_size": [0.484, 0.234]},
								"down": {"uv": [80.016, 120.25], "uv_size": [0.484, -0.234]}
							}
						},
						{
							"origin": [-4.84271, 0.26112, 2.91284],
							"size": [0.4, 1, 0.1],
							"pivot": [-4.64271, 0.76112, 2.96284],
							"rotation": [-25.10822, -53.90222, 47.30383],
							"uv": {
								"north": {"uv": [106.016, 36.016], "uv_size": [0.484, 0.968]},
								"east": {"uv": [114.016, 50.016], "uv_size": [0.234, 0.968]},
								"south": {"uv": [106.016, 37.016], "uv_size": [0.484, 0.968]},
								"west": {"uv": [51.016, 114.016], "uv_size": [0.234, 0.968]},
								"up": {"uv": [120.016, 80.016], "uv_size": [0.484, 0.234]},
								"down": {"uv": [81.016, 120.25], "uv_size": [0.484, -0.234]}
							}
						},
						{
							"origin": [-4.95418, 0.41325, 2.57889],
							"size": [0.4, 1, 0.1],
							"pivot": [-4.75418, 0.91325, 2.62889],
							"rotation": [-39.23152, -66.71627, 63.43495],
							"uv": {
								"north": {"uv": [38.016, 106.016], "uv_size": [0.484, 0.968]},
								"east": {"uv": [114.016, 51.016], "uv_size": [0.234, 0.968]},
								"south": {"uv": [106.016, 38.016], "uv_size": [0.484, 0.968]},
								"west": {"uv": [52.016, 114.016], "uv_size": [0.234, 0.968]},
								"up": {"uv": [120.016, 81.016], "uv_size": [0.484, 0.234]},
								"down": {"uv": [82.016, 120.25], "uv_size": [0.484, -0.234]}
							}
						},
						{
							"origin": [-4.97715, 0.52999, 2.21429],
							"size": [0.4, 1, 0.1],
							"pivot": [-4.77715, 1.02999, 2.26429],
							"rotation": [-76.93569, -75.12906, 103.06431],
							"uv": {
								"north": {"uv": [41.016, 106.016], "uv_size": [0.484, 0.968]},
								"east": {"uv": [114.016, 52.016], "uv_size": [0.234, 0.968]},
								"south": {"uv": [45.016, 106.016], "uv_size": [0.484, 0.968]},
								"west": {"uv": [53.016, 114.016], "uv_size": [0.234, 0.968]},
								"up": {"uv": [120.016, 82.016], "uv_size": [0.484, 0.234]},
								"down": {"uv": [83.016, 120.25], "uv_size": [0.484, -0.234]}
							}
						},
						{
							"origin": [-4.91006, 0.60337, 1.84387],
							"size": [0.4, 1, 0.1],
							"pivot": [-4.71006, 1.10337, 1.89387],
							"rotation": [-127.82781, -71.54784, 155.86674],
							"uv": {
								"north": {"uv": [46.016, 106.016], "uv_size": [0.484, 0.968]},
								"east": {"uv": [114.016, 53.016], "uv_size": [0.234, 0.968]},
								"south": {"uv": [106.016, 46.016], "uv_size": [0.484, 0.968]},
								"west": {"uv": [54.016, 114.016], "uv_size": [0.234, 0.968]},
								"up": {"uv": [120.016, 83.016], "uv_size": [0.484, 0.234]},
								"down": {"uv": [84.016, 120.25], "uv_size": [0.484, -0.234]}
							}
						},
						{
							"origin": [-4.81883, 0.66758, 1.60234],
							"size": [0.4, 1, 0.1],
							"inflate": -0.001,
							"pivot": [-4.61883, 1.16758, 1.65234],
							"rotation": [-111.73206, -58.38187, 138.2424],
							"uv": {
								"north": {"uv": [106.016, 47.016], "uv_size": [0.484, 0.968]},
								"east": {"uv": [114.016, 54.016], "uv_size": [0.234, 0.968]},
								"south": {"uv": [106.016, 49.016], "uv_size": [0.484, 0.968]},
								"west": {"uv": [55.016, 114.016], "uv_size": [0.234, 0.968]},
								"up": {"uv": [120.016, 84.016], "uv_size": [0.484, 0.234]},
								"down": {"uv": [85.016, 120.25], "uv_size": [0.484, -0.234]}
							}
						},
						{
							"origin": [-4.70375, 0.78757, 1.39463],
							"size": [0.4, 1, 0.1],
							"pivot": [-4.50375, 1.28757, 1.44463],
							"rotation": [-105.69531, -44.14699, 130.56742],
							"uv": {
								"north": {"uv": [50.016, 106.016], "uv_size": [0.484, 0.968]},
								"east": {"uv": [114.016, 55.016], "uv_size": [0.234, 0.968]},
								"south": {"uv": [106.016, 50.016], "uv_size": [0.484, 0.968]},
								"west": {"uv": [56.016, 114.016], "uv_size": [0.234, 0.968]},
								"up": {"uv": [120.016, 85.016], "uv_size": [0.484, 0.234]},
								"down": {"uv": [86.016, 120.25], "uv_size": [0.484, -0.234]}
							}
						},
						{
							"origin": [-4.48356, 0.97065, 1.13951],
							"size": [0.4, 1, 0.1],
							"pivot": [-4.28356, 1.47065, 1.18951],
							"rotation": [-118.02991, -38.501, 149.13281],
							"uv": {
								"north": {"uv": [51.016, 106.016], "uv_size": [0.484, 0.968]},
								"east": {"uv": [114.016, 56.016], "uv_size": [0.234, 0.968]},
								"south": {"uv": [106.016, 51.016], "uv_size": [0.484, 0.968]},
								"west": {"uv": [57.016, 114.016], "uv_size": [0.234, 0.968]},
								"up": {"uv": [120.016, 86.016], "uv_size": [0.484, 0.234]},
								"down": {"uv": [87.016, 120.25], "uv_size": [0.484, -0.234]}
							}
						},
						{
							"origin": [-4.29836, 1.10036, 0.99929],
							"size": [0.4, 1, 0.1],
							"inflate": -0.001,
							"pivot": [-4.09836, 1.60036, 1.04929],
							"rotation": [-113.93921, -24.99403, 141.42077],
							"uv": {
								"north": {"uv": [52.016, 106.016], "uv_size": [0.484, 0.968]},
								"east": {"uv": [114.016, 57.016], "uv_size": [0.234, 0.968]},
								"south": {"uv": [106.016, 52.016], "uv_size": [0.484, 0.968]},
								"west": {"uv": [58.016, 114.016], "uv_size": [0.234, 0.968]},
								"up": {"uv": [120.016, 87.016], "uv_size": [0.484, 0.234]},
								"down": {"uv": [88.016, 120.25], "uv_size": [0.484, -0.234]}
							}
						},
						{
							"origin": [-4.10977, 1.26882, 0.91661],
							"size": [0.4, 1, 0.1],
							"pivot": [-3.90977, 1.76882, 0.96661],
							"rotation": [-112.01624, -11.17026, 135.27558],
							"uv": {
								"north": {"uv": [53.016, 106.016], "uv_size": [0.484, 0.968]},
								"east": {"uv": [114.016, 58.016], "uv_size": [0.234, 0.968]},
								"south": {"uv": [60.016, 106.016], "uv_size": [0.484, 0.968]},
								"west": {"uv": [59.016, 114.016], "uv_size": [0.234, 0.968]},
								"up": {"uv": [120.016, 88.016], "uv_size": [0.484, 0.234]},
								"down": {"uv": [89.016, 120.25], "uv_size": [0.484, -0.234]}
							}
						},
						{
							"origin": [-3.80948, 1.50092, 0.86135],
							"size": [0.4, 1, 0.1],
							"pivot": [-3.60948, 2.00092, 0.91135],
							"rotation": [-114.02282, -5.27515, 149.21914],
							"uv": {
								"north": {"uv": [106.016, 60.016], "uv_size": [0.484, 0.968]},
								"east": {"uv": [114.016, 59.016], "uv_size": [0.234, 0.968]},
								"south": {"uv": [61.016, 106.016], "uv_size": [0.484, 0.968]},
								"west": {"uv": [60.016, 114.016], "uv_size": [0.234, 0.968]},
								"up": {"uv": [120.016, 89.016], "uv_size": [0.484, 0.234]},
								"down": {"uv": [90.016, 120.25], "uv_size": [0.484, -0.234]}
							}
						},
						{
							"origin": [-3.45918, 1.65636, 0.84669],
							"size": [0.4, 1, 0.1],
							"pivot": [-3.25918, 2.15636, 0.89669],
							"rotation": [-114.54531, 0.92325, 162.89517],
							"uv": {
								"north": {"uv": [106.016, 63.016], "uv_size": [0.484, 0.968]},
								"east": {"uv": [114.016, 60.016], "uv_size": [0.234, 0.968]},
								"south": {"uv": [106.016, 64.016], "uv_size": [0.484, 0.968]},
								"west": {"uv": [61.016, 114.016], "uv_size": [0.234, 0.968]},
								"up": {"uv": [120.016, 90.016], "uv_size": [0.484, 0.234]},
								"down": {"uv": [91.016, 120.25], "uv_size": [0.484, -0.234]}
							}
						},
						{
							"origin": [-3.08273, 1.72456, 0.87361],
							"size": [0.4, 1, 0.1],
							"pivot": [-2.88273, 2.22456, 0.92361],
							"rotation": [-113.58297, 7.06913, 176.6185],
							"uv": {
								"north": {"uv": [106.016, 65.016], "uv_size": [0.484, 0.968]},
								"east": {"uv": [114.016, 61.016], "uv_size": [0.234, 0.968]},
								"south": {"uv": [106.016, 66.016], "uv_size": [0.484, 0.968]},
								"west": {"uv": [62.016, 114.016], "uv_size": [0.234, 0.968]},
								"up": {"uv": [120.016, 91.016], "uv_size": [0.484, 0.234]},
								"down": {"uv": [92.016, 120.25], "uv_size": [0.484, -0.234]}
							}
						},
						{
							"origin": [-2.36609, 1.9306, 0.6661],
							"size": [0.4, 0.8, 0.1],
							"inflate": -0.001,
							"pivot": [-2.49082, 2.13689, 0.7161],
							"rotation": [-115.05809, -20.37594, -171.06038],
							"uv": {
								"north": {"uv": [110.016, 38.016], "uv_size": [0.484, 0.734]},
								"east": {"uv": [68.016, 117.016], "uv_size": [0.234, 0.734]},
								"south": {"uv": [110.016, 39.016], "uv_size": [0.484, 0.734]},
								"west": {"uv": [117.016, 68.016], "uv_size": [0.234, 0.734]},
								"up": {"uv": [120.016, 92.016], "uv_size": [0.484, 0.234]},
								"down": {"uv": [93.016, 120.25], "uv_size": [0.484, -0.234]}
							}
						},
						{
							"origin": [-2.40467, 1.85829, 0.49941],
							"size": [0.4, 0.8, 0.1],
							"inflate": -0.001,
							"pivot": [-2.52941, 2.06457, 0.54941],
							"rotation": [-125.27192, -46.5629, -153.12158],
							"uv": {
								"north": {"uv": [40.016, 110.016], "uv_size": [0.484, 0.734]},
								"east": {"uv": [69.016, 117.016], "uv_size": [0.234, 0.734]},
								"south": {"uv": [110.016, 40.016], "uv_size": [0.484, 0.734]},
								"west": {"uv": [117.016, 69.016], "uv_size": [0.234, 0.734]},
								"up": {"uv": [120.016, 93.016], "uv_size": [0.484, 0.234]},
								"down": {"uv": [94.016, 120.25], "uv_size": [0.484, -0.234]}
							}
						},
						{
							"origin": [-2.62893, 1.80291, 0.37293],
							"size": [0.5, 0.8, 0.1],
							"inflate": -0.001,
							"pivot": [-2.65367, 2.0092, 0.42293],
							"rotation": [-162.77843, -65.4384, -109.12555],
							"uv": {
								"north": {"uv": [41.016, 110.016], "uv_size": [0.484, 0.734]},
								"east": {"uv": [70.016, 117.016], "uv_size": [0.234, 0.734]},
								"south": {"uv": [110.016, 41.016], "uv_size": [0.484, 0.734]},
								"west": {"uv": [117.016, 70.016], "uv_size": [0.234, 0.734]},
								"up": {"uv": [120.016, 94.016], "uv_size": [0.484, 0.234]},
								"down": {"uv": [95.016, 120.25], "uv_size": [0.484, -0.234]}
							}
						},
						{
							"origin": [-2.40604, 1.54495, 0.22197],
							"size": [0.2, 0.8, 0.1],
							"pivot": [-2.45604, 1.94495, 0.27197],
							"rotation": [-173.77188, -66.45978, -97.09477],
							"uv": {
								"north": {"uv": [71.016, 117.016], "uv_size": [0.234, 0.734]},
								"east": {"uv": [117.016, 71.016], "uv_size": [0.234, 0.734]},
								"south": {"uv": [72.016, 117.016], "uv_size": [0.234, 0.734]},
								"west": {"uv": [117.016, 72.016], "uv_size": [0.234, 0.734]},
								"up": {"uv": [63.016, 125.016], "uv_size": [0.234, 0.234]},
								"down": {"uv": [125.016, 63.25], "uv_size": [0.234, -0.234]}
							}
						},
						{
							"origin": [-3.0469, -0.44271, 2.0694],
							"size": [0.67137, 1.34792, 2.00403],
							"pivot": [-2.81122, 0.23125, 3.07141],
							"rotation": [0, 30, 0],
							"uv": {
								"north": {"uv": [97.016, 43.016], "uv_size": [0.734, 1.234]},
								"east": {"uv": [82.016, 31.016], "uv_size": [1.968, 1.234]},
								"south": {"uv": [97.016, 48.016], "uv_size": [0.734, 1.234]},
								"west": {"uv": [33.016, 82.016], "uv_size": [1.968, 1.234]},
								"up": {"uv": [80.016, 89.016], "uv_size": [0.734, 1.968]},
								"down": {"uv": [82.016, 90.984], "uv_size": [0.734, -1.968]}
							}
						},
						{
							"origin": [-3.88568, -0.34271, 2.053],
							"size": [2.77136, 1.14792, 1.40403],
							"pivot": [-2.5, 0.23125, 2.29989],
							"rotation": [0, 0, 45],
							"uv": {
								"north": {"uv": [78.016, 19.016], "uv_size": [2.734, 1.234]},
								"east": {"uv": [19.016, 88.016], "uv_size": [1.484, 1.234]},
								"south": {"uv": [78.016, 23.016], "uv_size": [2.734, 1.234]},
								"west": {"uv": [88.016, 19.016], "uv_size": [1.484, 1.234]},
								"up": {"uv": [73.016, 59.016], "uv_size": [2.734, 1.484]},
								"down": {"uv": [74.016, 5.5], "uv_size": [2.734, -1.484]}
							}
						},
						{
							"origin": [-3.75971, -0.29053, -1.65183],
							"size": [2.51942, 1.04356, 5.00366],
							"uv": {
								"north": {"uv": [82.016, 9.016], "uv_size": [2.484, 0.968]},
								"east": {"uv": [68.016, 56.016], "uv_size": [4.968, 0.968]},
								"south": {"uv": [82.016, 10.016], "uv_size": [2.484, 0.968]},
								"west": {"uv": [69.016, 30.016], "uv_size": [4.968, 0.968]},
								"up": {"uv": [25.016, 47.016], "uv_size": [2.484, 4.968]},
								"down": {"uv": [47.016, 35.984], "uv_size": [2.484, -4.968]}
							}
						}
					]
				},
				{
					"name": "bone4",
					"parent": "scope",
					"pivot": [-2.5, 0.23125, -15.12485],
					"cubes": [
						{
							"origin": [-3.15223, -1.34339, -5.45229],
							"size": [1.30446, 3.14928, 4.30458],
							"inflate": 0.001,
							"pivot": [-2.5, 0.23125, -15.12485],
							"rotation": [0, 0, 45],
							"uv": {
								"north": {"uv": [18.016, 75.016], "uv_size": [1.234, 3.234]},
								"east": {"uv": [45.016, 17.016], "uv_size": [4.234, 3.234]},
								"south": {"uv": [20.016, 75.016], "uv_size": [1.234, 3.234]},
								"west": {"uv": [46.016, 21.016], "uv_size": [4.234, 3.234]},
								"up": {"uv": [47.016, 67.016], "uv_size": [1.234, 4.234]},
								"down": {"uv": [65.016, 71.25], "uv_size": [1.234, -4.234]}
							}
						},
						{
							"origin": [-3.05223, -1.69321, -1.45384],
							"size": [1.20446, 1.4991, 2.30613],
							"pivot": [-2.5, 0.23125, -3.3],
							"rotation": [10, 0, 45],
							"uv": {
								"north": {"uv": [31.016, 87.016], "uv_size": [1.234, 1.484]},
								"east": {"uv": [44.016, 78.016], "uv_size": [2.234, 1.484]},
								"south": {"uv": [87.016, 31.016], "uv_size": [1.234, 1.484]},
								"west": {"uv": [78.016, 45.016], "uv_size": [2.234, 1.484]},
								"up": {"uv": [80.016, 6.016], "uv_size": [1.234, 2.234]},
								"down": {"uv": [80.016, 11.25], "uv_size": [1.234, -2.234]}
							}
						},
						{
							"origin": [-3.15223, -1.69321, -1.45384],
							"size": [1.20446, 1.4991, 2.30613],
							"pivot": [-2.5, 0.23125, -3.3],
							"rotation": [10, 0, -45],
							"uv": {
								"north": {"uv": [87.016, 33.016], "uv_size": [1.234, 1.484]},
								"east": {"uv": [47.016, 78.016], "uv_size": [2.234, 1.484]},
								"south": {"uv": [35.016, 87.016], "uv_size": [1.234, 1.484]},
								"west": {"uv": [78.016, 47.016], "uv_size": [2.234, 1.484]},
								"up": {"uv": [80.016, 12.016], "uv_size": [1.234, 2.234]},
								"down": {"uv": [19.016, 82.25], "uv_size": [1.234, -2.234]}
							}
						},
						{
							"origin": [-3.15223, 0.65661, -1.45384],
							"size": [1.20446, 1.4991, 4.30613],
							"pivot": [-2.5, 0.23125, -3.3],
							"rotation": [-10, 0, 45],
							"uv": {
								"north": {"uv": [87.016, 23.016], "uv_size": [1.234, 1.484]},
								"east": {"uv": [20.016, 64.016], "uv_size": [4.234, 1.484]},
								"south": {"uv": [25.016, 87.016], "uv_size": [1.234, 1.484]},
								"west": {"uv": [64.016, 20.016], "uv_size": [4.234, 1.484]},
								"up": {"uv": [67.016, 67.016], "uv_size": [1.234, 4.234]},
								"down": {"uv": [15.016, 72.25], "uv_size": [1.234, -4.234]}
							}
						},
						{
							"origin": [-3.05223, 0.65661, -1.45384],
							"size": [1.20446, 1.4991, 4.30613],
							"pivot": [-2.5, 0.23125, -3.3],
							"rotation": [-10, 0, -45],
							"uv": {
								"north": {"uv": [87.016, 25.016], "uv_size": [1.234, 1.484]},
								"east": {"uv": [25.016, 64.016], "uv_size": [4.234, 1.484]},
								"south": {"uv": [87.016, 27.016], "uv_size": [1.234, 1.484]},
								"west": {"uv": [64.016, 29.016], "uv_size": [4.234, 1.484]},
								"up": {"uv": [20.016, 68.016], "uv_size": [1.234, 4.234]},
								"down": {"uv": [22.016, 72.25], "uv_size": [1.234, -4.234]}
							}
						},
						{
							"origin": [-3.15223, -1.44339, -5.65229],
							"size": [1.30446, 0.44928, 1.20458],
							"pivot": [-2.5, 0.23125, -15.12485],
							"rotation": [0, 0, 45],
							"uv": {
								"north": {"uv": [74.016, 102.016], "uv_size": [1.234, 0.484]},
								"east": {"uv": [102.016, 74.016], "uv_size": [1.234, 0.484]},
								"south": {"uv": [102.016, 75.016], "uv_size": [1.234, 0.484]},
								"west": {"uv": [102.016, 76.016], "uv_size": [1.234, 0.484]},
								"up": {"uv": [45.016, 89.016], "uv_size": [1.234, 1.234]},
								"down": {"uv": [89.016, 49.25], "uv_size": [1.234, -1.234]}
							}
						},
						{
							"origin": [-3.15223, -1.44339, -5.65229],
							"size": [1.30446, 0.44928, 1.20458],
							"pivot": [-2.5, 0.23125, -15.12485],
							"rotation": [0, 0, -45],
							"uv": {
								"north": {"uv": [102.016, 77.016], "uv_size": [1.234, 0.484]},
								"east": {"uv": [102.016, 78.016], "uv_size": [1.234, 0.484]},
								"south": {"uv": [102.016, 79.016], "uv_size": [1.234, 0.484]},
								"west": {"uv": [102.016, 80.016], "uv_size": [1.234, 0.484]},
								"up": {"uv": [89.016, 50.016], "uv_size": [1.234, 1.234]},
								"down": {"uv": [89.016, 53.25], "uv_size": [1.234, -1.234]}
							}
						},
						{
							"origin": [-3.22295, -1.84339, -5.45229],
							"size": [1.4459, 4.14928, 4.30458],
							"uv": {
								"north": {"uv": [63.016, 59.016], "uv_size": [1.484, 4.234]},
								"east": {"uv": [37.016, 22.016], "uv_size": [4.234, 4.234]},
								"south": {"uv": [61.016, 63.016], "uv_size": [1.484, 4.234]},
								"west": {"uv": [32.016, 38.016], "uv_size": [4.234, 4.234]},
								"up": {"uv": [3.016, 64.016], "uv_size": [1.484, 4.234]},
								"down": {"uv": [5.016, 68.25], "uv_size": [1.484, -4.234]}
							}
						},
						{
							"origin": [-3.22295, 1.45661, -5.65229],
							"size": [1.4459, 0.41998, 1.20458],
							"uv": {
								"north": {"uv": [8.016, 99.016], "uv_size": [1.484, 0.484]},
								"east": {"uv": [84.016, 4.016], "uv_size": [4.484, 0.484]},
								"south": {"uv": [10.016, 99.016], "uv_size": [1.484, 0.484]},
								"west": {"uv": [84.016, 11.016], "uv_size": [4.484, 0.484]},
								"up": {"uv": [62.016, 48.016], "uv_size": [1.484, 4.484]},
								"down": {"uv": [52.016, 66.5], "uv_size": [1.484, -4.484]}
							}
						},
						{
							"origin": [-4.14534, -0.4917, -5.65229],
							"size": [0.46829, 1.4459, 1.20458],
							"uv": {
								"north": {"uv": [12.016, 99.016], "uv_size": [0.484, 1.484]},
								"east": {"uv": [11.016, 87.016], "uv_size": [1.234, 1.484]},
								"south": {"uv": [13.016, 99.016], "uv_size": [0.484, 1.484]},
								"west": {"uv": [87.016, 15.016], "uv_size": [1.234, 1.484]},
								"up": {"uv": [72.016, 102.016], "uv_size": [0.484, 1.234]},
								"down": {"uv": [79.016, 103.25], "uv_size": [0.484, -1.234]}
							}
						},
						{
							"origin": [-1.32295, -0.4917, -5.65229],
							"size": [0.46829, 1.4459, 1.20458],
							"uv": {
								"north": {"uv": [18.016, 99.016], "uv_size": [0.484, 1.484]},
								"east": {"uv": [17.016, 87.016], "uv_size": [1.234, 1.484]},
								"south": {"uv": [19.016, 99.016], "uv_size": [0.484, 1.484]},
								"west": {"uv": [87.016, 21.016], "uv_size": [1.234, 1.484]},
								"up": {"uv": [82.016, 102.016], "uv_size": [0.484, 1.234]},
								"down": {"uv": [83.016, 103.25], "uv_size": [0.484, -1.234]}
							}
						},
						{
							"origin": [-3.22295, -1.41409, -5.65229],
							"size": [1.4459, 0.41998, 1.10458],
							"uv": {
								"north": {"uv": [14.016, 99.016], "uv_size": [1.484, 0.484]},
								"east": {"uv": [84.016, 12.016], "uv_size": [4.484, 0.484]},
								"south": {"uv": [16.016, 99.016], "uv_size": [1.484, 0.484]},
								"west": {"uv": [84.016, 13.016], "uv_size": [4.484, 0.484]},
								"up": {"uv": [63.016, 6.016], "uv_size": [1.484, 4.484]},
								"down": {"uv": [57.016, 67.5], "uv_size": [1.484, -4.484]}
							}
						},
						{
							"origin": [-3.22295, -1.34339, 0.14771],
							"size": [1.4459, 3.14928, 3.20458],
							"uv": {
								"north": {"uv": [24.016, 70.016], "uv_size": [1.484, 3.234]},
								"east": {"uv": [23.016, 52.016], "uv_size": [3.234, 3.234]},
								"south": {"uv": [26.016, 70.016], "uv_size": [1.484, 3.234]},
								"west": {"uv": [52.016, 43.016], "uv_size": [3.234, 3.234]},
								"up": {"uv": [28.016, 70.016], "uv_size": [1.484, 3.234]},
								"down": {"uv": [30.016, 73.25], "uv_size": [1.484, -3.234]}
							}
						},
						{
							"origin": [-3.22295, 0.67025, -1.758],
							"size": [1.4459, 1.14928, 2.00458],
							"inflate": -0.001,
							"pivot": [-2.5, -0.25511, 0.39429],
							"rotation": [-15, 0, 0],
							"uv": {
								"north": {"uv": [9.016, 87.016], "uv_size": [1.484, 1.234]},
								"east": {"uv": [10.016, 82.016], "uv_size": [1.968, 1.234]},
								"south": {"uv": [87.016, 9.016], "uv_size": [1.484, 1.234]},
								"west": {"uv": [82.016, 11.016], "uv_size": [1.968, 1.234]},
								"up": {"uv": [79.016, 59.016], "uv_size": [1.484, 1.968]},
								"down": {"uv": [79.016, 71.984], "uv_size": [1.484, -1.968]}
							}
						},
						{
							"origin": [-3.02295, 1.82126, -0.37113],
							"size": [1.0459, 0.14928, 0.50458],
							"pivot": [-2.5, -0.3041, 0.38116],
							"rotation": [-15, 0, 0],
							"uv": {
								"north": {"uv": [114.016, 62.016], "uv_size": [0.968, 0.234]},
								"east": {"uv": [120.016, 95.016], "uv_size": [0.484, 0.234]},
								"south": {"uv": [63.016, 114.016], "uv_size": [0.968, 0.234]},
								"west": {"uv": [96.016, 120.016], "uv_size": [0.484, 0.234]},
								"up": {"uv": [67.016, 106.016], "uv_size": [0.968, 0.484]},
								"down": {"uv": [106.016, 67.5], "uv_size": [0.968, -0.484]}
							}
						},
						{
							"origin": [-3.22295, -1.35703, -1.758],
							"size": [1.4459, 1.14928, 2.00458],
							"inflate": -0.001,
							"pivot": [-2.42928, 0.71761, 0.39429],
							"rotation": [15, 0, 0],
							"uv": {
								"north": {"uv": [24.016, 89.016], "uv_size": [1.234, 1.234]},
								"east": {"uv": [82.016, 13.016], "uv_size": [1.968, 1.234]},
								"south": {"uv": [26.016, 89.016], "uv_size": [1.234, 1.234]},
								"west": {"uv": [82.016, 17.016], "uv_size": [1.968, 1.234]},
								"up": {"uv": [82.016, 23.016], "uv_size": [1.234, 1.968]},
								"down": {"uv": [82.016, 26.984], "uv_size": [1.234, -1.968]}
							}
						},
						{
							"origin": [-4.07464, -0.42098, -5.45229],
							"size": [3.14928, 1.30446, 4.30458],
							"inflate": 0.002,
							"pivot": [-2.5, 0.23125, -15.12485],
							"rotation": [0, 0, 45],
							"uv": {
								"north": {"uv": [65.016, 74.016], "uv_size": [3.234, 1.234]},
								"east": {"uv": [67.016, 48.016], "uv_size": [4.234, 1.234]},
								"south": {"uv": [74.016, 73.016], "uv_size": [3.234, 1.234]},
								"west": {"uv": [67.016, 50.016], "uv_size": [4.234, 1.234]},
								"up": {"uv": [43.016, 31.016], "uv_size": [3.234, 4.234]},
								"down": {"uv": [44.016, 4.25], "uv_size": [3.234, -4.234]}
							}
						},
						{
							"origin": [-4.17464, -0.42098, -5.65229],
							"size": [0.34928, 1.30446, 1.20458],
							"pivot": [-2.5, 0.23125, -15.12485],
							"rotation": [0, 0, 45],
							"uv": {
								"north": {"uv": [84.016, 112.016], "uv_size": [0.234, 1.234]},
								"east": {"uv": [34.016, 89.016], "uv_size": [1.234, 1.234]},
								"south": {"uv": [85.016, 112.016], "uv_size": [0.234, 1.234]},
								"west": {"uv": [89.016, 42.016], "uv_size": [1.234, 1.234]},
								"up": {"uv": [86.016, 112.016], "uv_size": [0.234, 1.234]},
								"down": {"uv": [87.016, 113.25], "uv_size": [0.234, -1.234]}
							}
						},
						{
							"origin": [-1.17464, -0.42098, -5.65229],
							"size": [0.34928, 1.30446, 1.20458],
							"pivot": [-2.5, 0.23125, -15.12485],
							"rotation": [0, 0, -45],
							"uv": {
								"north": {"uv": [88.016, 112.016], "uv_size": [0.234, 1.234]},
								"east": {"uv": [43.016, 89.016], "uv_size": [1.234, 1.234]},
								"south": {"uv": [90.016, 112.016], "uv_size": [0.234, 1.234]},
								"west": {"uv": [89.016, 44.016], "uv_size": [1.234, 1.234]},
								"up": {"uv": [91.016, 112.016], "uv_size": [0.234, 1.234]},
								"down": {"uv": [92.016, 113.25], "uv_size": [0.234, -1.234]}
							}
						},
						{
							"origin": [-4.07464, -0.42098, -5.45229],
							"size": [3.14928, 1.30446, 4.30458],
							"uv": {
								"north": {"uv": [8.016, 75.016], "uv_size": [3.234, 1.234]},
								"east": {"uv": [51.016, 67.016], "uv_size": [4.234, 1.234]},
								"south": {"uv": [14.016, 75.016], "uv_size": [3.234, 1.234]},
								"west": {"uv": [67.016, 52.016], "uv_size": [4.234, 1.234]},
								"up": {"uv": [44.016, 12.016], "uv_size": [3.234, 4.234]},
								"down": {"uv": [28.016, 49.25], "uv_size": [3.234, -4.234]}
							}
						},
						{
							"origin": [-4.27464, 0.77902, -4.45229],
							"size": [3.54928, 0.20446, 3.30458],
							"uv": {
								"north": {"uv": [98.016, 34.016], "uv_size": [3.484, 0.234]},
								"east": {"uv": [98.016, 60.016], "uv_size": [3.234, 0.234]},
								"south": {"uv": [98.016, 35.016], "uv_size": [3.484, 0.234]},
								"west": {"uv": [64.016, 98.016], "uv_size": [3.234, 0.234]},
								"up": {"uv": [50.016, 31.016], "uv_size": [3.484, 3.234]},
								"down": {"uv": [51.016, 13.25], "uv_size": [3.484, -3.234]}
							}
						},
						{
							"origin": [-0.90121, 0.67889, -4.05229],
							"size": [1.04928, 0.20446, 2.90458],
							"pivot": [-0.72657, 0.78112, -3.42615],
							"rotation": [0, 0, 60],
							"uv": {
								"north": {"uv": [114.016, 43.016], "uv_size": [0.968, 0.234]},
								"east": {"uv": [20.016, 99.016], "uv_size": [2.968, 0.234]},
								"south": {"uv": [44.016, 114.016], "uv_size": [0.968, 0.234]},
								"west": {"uv": [99.016, 20.016], "uv_size": [2.968, 0.234]},
								"up": {"uv": [33.016, 8.016], "uv_size": [0.968, 2.968]},
								"down": {"uv": [36.016, 45.984], "uv_size": [0.968, -2.968]}
							}
						},
						{
							"origin": [-0.90121, 0.67889, -4.45229],
							"size": [0.34928, 0.20446, 0.4],
							"pivot": [-0.72657, 0.78112, -3.42615],
							"rotation": [0, 0, 60],
							"uv": {
								"north": {"uv": [40.016, 125.016], "uv_size": [0.234, 0.234]},
								"east": {"uv": [120.016, 72.016], "uv_size": [0.484, 0.234]},
								"south": {"uv": [125.016, 40.016], "uv_size": [0.234, 0.234]},
								"west": {"uv": [73.016, 120.016], "uv_size": [0.484, 0.234]},
								"up": {"uv": [120.016, 73.016], "uv_size": [0.234, 0.484]},
								"down": {"uv": [74.016, 120.5], "uv_size": [0.234, -0.484]}
							}
						},
						{
							"origin": [-2.27464, 0.77902, -1.48097],
							"size": [1.80924, 0.20446, 4.33326],
							"pivot": [-2.5, 0.88125, -2.8],
							"rotation": [0, -10, 0],
							"uv": {
								"north": {"uv": [107.016, 47.016], "uv_size": [1.734, 0.234]},
								"east": {"uv": [15.016, 96.016], "uv_size": [4.234, 0.234]},
								"south": {"uv": [49.016, 107.016], "uv_size": [1.734, 0.234]},
								"west": {"uv": [96.016, 16.016], "uv_size": [4.234, 0.234]},
								"up": {"uv": [3.016, 59.016], "uv_size": [1.734, 4.234]},
								"down": {"uv": [5.016, 63.25], "uv_size": [1.734, -4.234]}
							}
						},
						{
							"origin": [-2.27464, -0.52098, -1.48097],
							"size": [1.80924, 0.20446, 4.33326],
							"pivot": [-2.5, -0.41875, -2.8],
							"rotation": [0, -10, 0],
							"uv": {
								"north": {"uv": [107.016, 49.016], "uv_size": [1.734, 0.234]},
								"east": {"uv": [23.016, 96.016], "uv_size": [4.234, 0.234]},
								"south": {"uv": [107.016, 50.016], "uv_size": [1.734, 0.234]},
								"west": {"uv": [96.016, 25.016], "uv_size": [4.234, 0.234]},
								"up": {"uv": [7.016, 59.016], "uv_size": [1.734, 4.234]},
								"down": {"uv": [9.016, 63.25], "uv_size": [1.734, -4.234]}
							}
						},
						{
							"origin": [-4.5346, 0.77902, -1.48097],
							"size": [1.80924, 0.20446, 4.33326],
							"pivot": [-2.5, 0.88125, -2.8],
							"rotation": [0, 10, 0],
							"uv": {
								"north": {"uv": [107.016, 52.016], "uv_size": [1.734, 0.234]},
								"east": {"uv": [96.016, 31.016], "uv_size": [4.234, 0.234]},
								"south": {"uv": [107.016, 53.016], "uv_size": [1.734, 0.234]},
								"west": {"uv": [96.016, 32.016], "uv_size": [4.234, 0.234]},
								"up": {"uv": [26.016, 59.016], "uv_size": [1.734, 4.234]},
								"down": {"uv": [28.016, 63.25], "uv_size": [1.734, -4.234]}
							}
						},
						{
							"origin": [-4.5346, -0.52098, -1.48097],
							"size": [1.80924, 0.20446, 4.33326],
							"pivot": [-2.5, -0.41875, -2.8],
							"rotation": [0, 10, 0],
							"uv": {
								"north": {"uv": [51.016, 107.016], "uv_size": [1.734, 0.234]},
								"east": {"uv": [96.016, 28.016], "uv_size": [4.234, 0.234]},
								"south": {"uv": [107.016, 51.016], "uv_size": [1.734, 0.234]},
								"west": {"uv": [96.016, 30.016], "uv_size": [4.234, 0.234]},
								"up": {"uv": [22.016, 59.016], "uv_size": [1.734, 4.234]},
								"down": {"uv": [24.016, 63.25], "uv_size": [1.734, -4.234]}
							}
						},
						{
							"origin": [-4.27464, -0.52098, -4.45229],
							"size": [3.54928, 0.20446, 3.30458],
							"uv": {
								"north": {"uv": [94.016, 66.016], "uv_size": [4.484, 0.234]},
								"east": {"uv": [98.016, 64.016], "uv_size": [3.234, 0.234]},
								"south": {"uv": [69.016, 94.016], "uv_size": [4.484, 0.234]},
								"west": {"uv": [98.016, 67.016], "uv_size": [3.234, 0.234]},
								"up": {"uv": [42.016, 37.016], "uv_size": [4.484, 3.234]},
								"down": {"uv": [41.016, 45.25], "uv_size": [4.484, -3.234]}
							}
						},
						{
							"origin": [-4.07464, -0.39053, -1.14771],
							"size": [3.14928, 1.24356, 0.295],
							"uv": {
								"north": {"uv": [75.016, 41.016], "uv_size": [3.234, 1.234]},
								"east": {"uv": [82.016, 112.016], "uv_size": [0.234, 1.234]},
								"south": {"uv": [75.016, 43.016], "uv_size": [3.234, 1.234]},
								"west": {"uv": [83.016, 112.016], "uv_size": [0.234, 1.234]},
								"up": {"uv": [56.016, 98.016], "uv_size": [3.234, 0.234]},
								"down": {"uv": [60.016, 98.25], "uv_size": [3.234, -0.234]}
							}
						},
						{
							"origin": [-2.42446, -0.39053, -1.15877],
							"size": [1.14841, 1.24356, 3.4908],
							"pivot": [-2.84982, 0.23125, 0.99845],
							"rotation": [0, -10, 0],
							"uv": {
								"north": {"uv": [89.016, 26.016], "uv_size": [1.234, 1.234]},
								"east": {"uv": [73.016, 37.016], "uv_size": [3.484, 1.234]},
								"south": {"uv": [31.016, 89.016], "uv_size": [1.234, 1.234]},
								"west": {"uv": [73.016, 39.016], "uv_size": [3.484, 1.234]},
								"up": {"uv": [39.016, 73.016], "uv_size": [1.234, 3.484]},
								"down": {"uv": [73.016, 44.5], "uv_size": [1.234, -3.484]}
							}
						},
						{
							"origin": [-3.72395, -0.39053, -1.15877],
							"size": [1.14841, 1.24356, 3.4908],
							"pivot": [-2.15018, 0.23125, 0.99845],
							"rotation": [0, 10, 0],
							"uv": {
								"north": {"uv": [89.016, 31.016], "uv_size": [1.234, 1.234]},
								"east": {"uv": [73.016, 45.016], "uv_size": [3.484, 1.234]},
								"south": {"uv": [89.016, 33.016], "uv_size": [1.234, 1.234]},
								"west": {"uv": [52.016, 73.016], "uv_size": [3.484, 1.234]},
								"up": {"uv": [58.016, 73.016], "uv_size": [1.234, 3.484]},
								"down": {"uv": [73.016, 70.5], "uv_size": [1.234, -3.484]}
							}
						}
					]
				},
				{
					"name": "top_rail2",
					"parent": "scope",
					"pivot": [-0.4375, 0.62119, 4.81981],
					"cubes": [
						{
							"origin": [-0.375, 0.3, -3.7],
							"size": [0.75, 0.35, 6.25],
							"uv": {
								"north": {"uv": [58.016, 117.016], "uv_size": [0.734, 0.234]},
								"east": {"uv": [89.016, 28.016], "uv_size": [6.234, 0.234]},
								"south": {"uv": [117.016, 58.016], "uv_size": [0.734, 0.234]},
								"west": {"uv": [89.016, 54.016], "uv_size": [6.234, 0.234]},
								"up": {"uv": [32.016, 70.016], "uv_size": [0.734, 6.234]}
							}
						},
						{
							"origin": [-0.375, 0.65, 0.3],
							"size": [0.75, 0.125, 0.25],
							"uv": {
								"north": {"uv": [59.016, 117.016], "uv_size": [0.734, 0.234]},
								"south": {"uv": [117.016, 59.016], "uv_size": [0.734, 0.234]},
								"up": {"uv": [60.016, 117.016], "uv_size": [0.734, 0.234]}
							}
						},
						{
							"origin": [0.3125, 0.56161, 0.3],
							"size": [0.17678, 0.1875, 0.25],
							"pivot": [0.375, 0.68661, -6.075],
							"rotation": [0, 0, 45],
							"uv": {
								"north": {"uv": [41.016, 125.016], "uv_size": [0.234, 0.234]},
								"south": {"uv": [125.016, 41.016], "uv_size": [0.234, 0.234]},
								"west": {"uv": [42.016, 125.016], "uv_size": [0.234, 0.234]},
								"up": {"uv": [125.016, 42.016], "uv_size": [0.234, 0.234]}
							}
						},
						{
							"origin": [-0.48928, 0.56161, 0.3],
							"size": [0.17678, 0.1875, 0.25],
							"pivot": [-0.375, 0.68661, -6.075],
							"rotation": [0, 0, -45],
							"uv": {
								"north": {"uv": [43.016, 125.016], "uv_size": [0.234, 0.234]},
								"east": {"uv": [125.016, 43.016], "uv_size": [0.234, 0.234]},
								"south": {"uv": [44.016, 125.016], "uv_size": [0.234, 0.234]},
								"up": {"uv": [125.016, 44.016], "uv_size": [0.234, 0.234]}
							}
						},
						{
							"origin": [0.3125, 0.56161, 2.3],
							"size": [0.17678, 0.1875, 0.25],
							"pivot": [0.375, 0.68661, -4.075],
							"rotation": [0, 0, 45],
							"uv": {
								"north": {"uv": [61.016, 125.016], "uv_size": [0.234, 0.234]},
								"south": {"uv": [125.016, 61.016], "uv_size": [0.234, 0.234]},
								"west": {"uv": [62.016, 125.016], "uv_size": [0.234, 0.234]},
								"up": {"uv": [125.016, 62.016], "uv_size": [0.234, 0.234]}
							}
						},
						{
							"origin": [-0.375, 0.65, 2.3],
							"size": [0.75, 0.125, 0.25],
							"uv": {
								"north": {"uv": [117.016, 66.016], "uv_size": [0.734, 0.234]},
								"south": {"uv": [67.016, 117.016], "uv_size": [0.734, 0.234]},
								"up": {"uv": [117.016, 67.016], "uv_size": [0.734, 0.234]}
							}
						},
						{
							"origin": [-0.48928, 0.56161, 2.3],
							"size": [0.17678, 0.1875, 0.25],
							"pivot": [-0.375, 0.68661, -4.075],
							"rotation": [0, 0, -45],
							"uv": {
								"north": {"uv": [59.016, 125.016], "uv_size": [0.234, 0.234]},
								"east": {"uv": [125.016, 59.016], "uv_size": [0.234, 0.234]},
								"south": {"uv": [60.016, 125.016], "uv_size": [0.234, 0.234]},
								"up": {"uv": [125.016, 60.016], "uv_size": [0.234, 0.234]}
							}
						},
						{
							"origin": [-0.48928, 0.56161, 0.8],
							"size": [0.17678, 0.1875, 1.25],
							"pivot": [-0.375, 0.68661, -4.575],
							"rotation": [0, 0, -45],
							"uv": {
								"north": {"uv": [45.016, 125.016], "uv_size": [0.234, 0.234]},
								"east": {"uv": [93.016, 112.016], "uv_size": [1.234, 0.234]},
								"south": {"uv": [125.016, 45.016], "uv_size": [0.234, 0.234]},
								"up": {"uv": [112.016, 93.016], "uv_size": [0.234, 1.234]}
							}
						},
						{
							"origin": [0.3125, 0.56161, 0.8],
							"size": [0.17678, 0.1875, 1.25],
							"pivot": [0.375, 0.68661, -4.575],
							"rotation": [0, 0, 45],
							"uv": {
								"north": {"uv": [46.016, 125.016], "uv_size": [0.234, 0.234]},
								"south": {"uv": [125.016, 46.016], "uv_size": [0.234, 0.234]},
								"west": {"uv": [95.016, 112.016], "uv_size": [1.234, 0.234]},
								"up": {"uv": [112.016, 95.016], "uv_size": [0.234, 1.234]}
							}
						},
						{
							"origin": [-0.375, 0.65, 0.8],
							"size": [0.75, 0.125, 1.25],
							"uv": {
								"north": {"uv": [117.016, 60.016], "uv_size": [0.734, 0.234]},
								"south": {"uv": [61.016, 117.016], "uv_size": [0.734, 0.234]},
								"up": {"uv": [38.016, 97.016], "uv_size": [0.734, 1.234]}
							}
						},
						{
							"origin": [-0.375, 0.65, -1.7],
							"size": [0.75, 0.125, 0.25],
							"uv": {
								"north": {"uv": [117.016, 61.016], "uv_size": [0.734, 0.234]},
								"south": {"uv": [62.016, 117.016], "uv_size": [0.734, 0.234]},
								"up": {"uv": [117.016, 62.016], "uv_size": [0.734, 0.234]}
							}
						},
						{
							"origin": [0.3125, 0.56161, -1.7],
							"size": [0.17678, 0.1875, 0.25],
							"pivot": [0.375, 0.68661, -8.075],
							"rotation": [0, 0, 45],
							"uv": {
								"north": {"uv": [47.016, 125.016], "uv_size": [0.234, 0.234]},
								"south": {"uv": [125.016, 47.016], "uv_size": [0.234, 0.234]},
								"west": {"uv": [48.016, 125.016], "uv_size": [0.234, 0.234]},
								"up": {"uv": [125.016, 48.016], "uv_size": [0.234, 0.234]}
							}
						},
						{
							"origin": [-0.48928, 0.56161, -1.7],
							"size": [0.17678, 0.1875, 0.25],
							"pivot": [-0.375, 0.68661, -8.075],
							"rotation": [0, 0, -45],
							"uv": {
								"north": {"uv": [49.016, 125.016], "uv_size": [0.234, 0.234]},
								"east": {"uv": [125.016, 49.016], "uv_size": [0.234, 0.234]},
								"south": {"uv": [50.016, 125.016], "uv_size": [0.234, 0.234]},
								"up": {"uv": [125.016, 50.016], "uv_size": [0.234, 0.234]}
							}
						},
						{
							"origin": [-0.48928, 0.56161, -1.2],
							"size": [0.17678, 0.1875, 1.25],
							"pivot": [-0.375, 0.68661, -6.575],
							"rotation": [0, 0, -45],
							"uv": {
								"north": {"uv": [51.016, 125.016], "uv_size": [0.234, 0.234]},
								"east": {"uv": [97.016, 112.016], "uv_size": [1.234, 0.234]},
								"south": {"uv": [125.016, 51.016], "uv_size": [0.234, 0.234]},
								"up": {"uv": [112.016, 97.016], "uv_size": [0.234, 1.234]}
							}
						},
						{
							"origin": [0.3125, 0.56161, -1.2],
							"size": [0.17678, 0.1875, 1.25],
							"pivot": [0.375, 0.68661, -6.575],
							"rotation": [0, 0, 45],
							"uv": {
								"north": {"uv": [52.016, 125.016], "uv_size": [0.234, 0.234]},
								"south": {"uv": [125.016, 52.016], "uv_size": [0.234, 0.234]},
								"west": {"uv": [99.016, 112.016], "uv_size": [1.234, 0.234]},
								"up": {"uv": [112.016, 99.016], "uv_size": [0.234, 1.234]}
							}
						},
						{
							"origin": [-0.375, 0.65, -1.2],
							"size": [0.75, 0.125, 1.25],
							"uv": {
								"north": {"uv": [63.016, 117.016], "uv_size": [0.734, 0.234]},
								"south": {"uv": [117.016, 63.016], "uv_size": [0.734, 0.234]},
								"up": {"uv": [42.016, 97.016], "uv_size": [0.734, 1.234]}
							}
						},
						{
							"origin": [-0.375, 0.65, -3.7],
							"size": [0.75, 0.125, 0.25],
							"uv": {
								"north": {"uv": [64.016, 117.016], "uv_size": [0.734, 0.234]},
								"south": {"uv": [117.016, 64.016], "uv_size": [0.734, 0.234]},
								"up": {"uv": [65.016, 117.016], "uv_size": [0.734, 0.234]}
							}
						},
						{
							"origin": [0.3125, 0.56161, -3.7],
							"size": [0.17678, 0.1875, 0.25],
							"pivot": [0.375, 0.68661, -10.075],
							"rotation": [0, 0, 45],
							"uv": {
								"north": {"uv": [53.016, 125.016], "uv_size": [0.234, 0.234]},
								"south": {"uv": [125.016, 53.016], "uv_size": [0.234, 0.234]},
								"west": {"uv": [54.016, 125.016], "uv_size": [0.234, 0.234]},
								"up": {"uv": [125.016, 54.016], "uv_size": [0.234, 0.234]}
							}
						},
						{
							"origin": [-0.48928, 0.56161, -3.7],
							"size": [0.17678, 0.1875, 0.25],
							"pivot": [-0.375, 0.68661, -10.075],
							"rotation": [0, 0, -45],
							"uv": {
								"north": {"uv": [55.016, 125.016], "uv_size": [0.234, 0.234]},
								"east": {"uv": [125.016, 55.016], "uv_size": [0.234, 0.234]},
								"south": {"uv": [56.016, 125.016], "uv_size": [0.234, 0.234]},
								"up": {"uv": [125.016, 56.016], "uv_size": [0.234, 0.234]}
							}
						},
						{
							"origin": [-0.48928, 0.56161, -3.2],
							"size": [0.17678, 0.1875, 1.25],
							"pivot": [-0.375, 0.68661, -8.575],
							"rotation": [0, 0, -45],
							"uv": {
								"north": {"uv": [57.016, 125.016], "uv_size": [0.234, 0.234]},
								"east": {"uv": [101.016, 112.016], "uv_size": [1.234, 0.234]},
								"south": {"uv": [125.016, 57.016], "uv_size": [0.234, 0.234]},
								"up": {"uv": [112.016, 101.016], "uv_size": [0.234, 1.234]}
							}
						},
						{
							"origin": [0.3125, 0.56161, -3.2],
							"size": [0.17678, 0.1875, 1.25],
							"pivot": [0.375, 0.68661, -8.575],
							"rotation": [0, 0, 45],
							"uv": {
								"north": {"uv": [58.016, 125.016], "uv_size": [0.234, 0.234]},
								"south": {"uv": [125.016, 58.016], "uv_size": [0.234, 0.234]},
								"west": {"uv": [103.016, 112.016], "uv_size": [1.234, 0.234]},
								"up": {"uv": [112.016, 103.016], "uv_size": [0.234, 1.234]}
							}
						},
						{
							"origin": [-0.375, 0.65, -3.2],
							"size": [0.75, 0.125, 1.25],
							"uv": {
								"north": {"uv": [117.016, 65.016], "uv_size": [0.734, 0.234]},
								"south": {"uv": [66.016, 117.016], "uv_size": [0.734, 0.234]},
								"up": {"uv": [43.016, 97.016], "uv_size": [0.734, 1.234]}
							}
						}
					]
				},
				{
					"name": "scope_view",
					"pivot": [0, 1.33554, 7.807]
				},
				{
					"name": "ocular",
					"pivot": [0, 0, -0.98275],
					"cubes": [
						{
							"origin": [-0.6564, 0.8808, 3.01725],
							"size": [1.3128, 0.9136, 0],
							"uv": {
								"south": {"uv": [3, 17], "uv_size": [1.5, 1.25]}
							}
						}
					]
				},
				{
					"name": "division",
					"pivot": [0, 0, -3.5]
				},
				{
					"name": "1_illuminated",
					"parent": "division",
					"pivot": [0, 1.33513, -0.74297],
					"cubes": [
						{
							"origin": [0.72923, 1.84747, -0.24297],
							"size": [0.12281, 0.07219, 0],
							"uv": {
								"south": {"uv": [128.016, 65.516], "uv_size": [1.734, 0.984]}
							}
						},
						{
							"origin": [0.58079, 1.84747, -0.24297],
							"size": [0.12281, 0.07219, 0],
							"uv": {
								"south": {"uv": [128.016, 65.516], "uv_size": [1.734, 0.984]}
							}
						},
						{
							"origin": [0.43235, 1.84747, -0.24297],
							"size": [0.12281, 0.07219, 0],
							"uv": {
								"south": {"uv": [128.016, 65.516], "uv_size": [1.734, 0.984]}
							}
						},
						{
							"origin": [-1.59952, 1.0169, -2.34297],
							"size": [0.92281, 0.87219, 0.6],
							"pivot": [-0.62799, 0.825, -2.19297],
							"rotation": [0, 0, 90],
							"uv": {
								"south": {"uv": [128.516, 56.766], "uv_size": [8.734, 4.734]}
							}
						},
						{
							"origin": [0.40735, 0.79903, 0.25703],
							"size": [0.42281, 0.10344, 0],
							"uv": {
								"south": {"uv": [128.016, 63.766], "uv_size": [4.734, 1.234]}
							}
						}
					]
				},
				{
					"name": "ammo_count_text",
					"parent": "1_illuminated",
					"pivot": [0.16875, 0.83835, 0.26867]
				}
			]
		}
	]
}