{
	"format_version": "1.12.0",
	"minecraft:geometry": [
		{
			"description": {
				"identifier": "geometry.unknown",
				"texture_width": 32,
				"texture_height": 32,
				"visible_bounds_width": 7,
				"visible_bounds_height": 3.5,
				"visible_bounds_offset": [0, 1.25, 0]
			},
			"bones": [
				{
					"name": "bone",
					"pivot": [0, 0, 1]
				},
				{
					"name": "ocular_ring",
					"parent": "bone",
					"pivot": [0.50219, 1.56421, 0.76288],
					"cubes": [
						{
							"origin": [0.37015, 0.66177, 0.65907],
							"size": [0.22771, 0.10323, 0.29512],
							"inflate": 0.002,
							"pivot": [-0.363, 0.58161, 0.8845],
							"rotation": [15, 0, 0],
							"uv": {
								"south": {"uv": [27.5, 0.75], "uv_size": [2.75, 1.25]}
							}
						},
						{
							"origin": [0.10167, 0.66177, 0.65907],
							"size": [0.1521, 0.10323, 0.29512],
							"inflate": 0.002,
							"pivot": [-0.363, 0.58161, 0.8845],
							"rotation": [15, 0, 0],
							"uv": {
								"south": {"uv": [27.5, 2.25], "uv_size": [1.75, 1.25]}
							}
						},
						{
							"origin": [-0.50333, 0.66177, 0.65907],
							"size": [0.1521, 0.10323, 0.29512],
							"inflate": 0.002,
							"pivot": [-0.363, 0.58161, 0.8845],
							"rotation": [15, 0, 0],
							"uv": {
								"south": {"uv": [29.5, 2.25], "uv_size": [1.75, 1.25]}
							}
						},
						{
							"origin": [-0.71844, 0.10295, 0.85282],
							"size": [1.43688, 0.21468, 0.20802],
							"pivot": [0, 0.4891, 0.95228],
							"rotation": [-15, 0, 0],
							"uv": {
								"north": {"uv": [16, 7], "uv_size": [1.25, 0.25]},
								"east": {"uv": [18, 21], "uv_size": [0.25, 0.25]},
								"south": {"uv": [8, 16], "uv_size": [1.25, 0.25]},
								"west": {"uv": [21, 18], "uv_size": [0.25, 0.25]},
								"up": {"uv": [16, 8], "uv_size": [1.25, 0.25]},
								"down": {"uv": [16, 9.25], "uv_size": [1.25, -0.25]}
							}
						},
						{
							"origin": [-0.71844, 0.29537, 0.24782],
							"size": [1.43688, 0.0752, 0.76494],
							"uv": {
								"north": {"uv": [16, 4], "uv_size": [1.25, 0.25]},
								"east": {"uv": [19, 10], "uv_size": [0.75, 0.25]},
								"south": {"uv": [6, 16], "uv_size": [1.25, 0.25]},
								"west": {"uv": [11, 19], "uv_size": [0.75, 0.25]},
								"up": {"uv": [0, 7], "uv_size": [1.25, 0.75]},
								"down": {"uv": [7, 0.75], "uv_size": [1.25, -0.75]}
							}
						},
						{
							"origin": [-0.71844, 0.34456, 0.65949],
							"size": [1.43688, 0.46539, 0.29428],
							"pivot": [0, 0.58161, 0.8845],
							"rotation": [15, 0, 0],
							"uv": {
								"north": {"uv": [8, 3], "uv_size": [1.25, 0.5]},
								"east": {"uv": [0, 20], "uv_size": [0.25, 0.5]},
								"south": {"uv": [4, 8], "uv_size": [1.25, 0.5]},
								"west": {"uv": [20, 0], "uv_size": [0.25, 0.5]},
								"up": {"uv": [16, 3], "uv_size": [1.25, 0.25]},
								"down": {"uv": [4, 16.25], "uv_size": [1.25, -0.25]}
							}
						},
						{
							"origin": [0.37056, 0.48447, 0.9431],
							"size": [0.22688, 0.14777, 0.04847],
							"pivot": [0, 0.58161, 0.8845],
							"rotation": [15, 0, 0],
							"uv": {
								"north": {"uv": [13, 25], "uv_size": [0.25, 0.25]},
								"east": {"uv": [25, 13], "uv_size": [0.25, 0.25]},
								"south": {"uv": [14, 25], "uv_size": [0.25, 0.25]},
								"west": {"uv": [25, 14], "uv_size": [0.25, 0.25]},
								"up": {"uv": [15, 25], "uv_size": [0.25, 0.25]},
								"down": {"uv": [25, 15.25], "uv_size": [0.25, -0.25]}
							}
						},
						{
							"origin": [0.4182, 0.44989, 0.95838],
							"size": [0.16, 0.16002, 0.04806],
							"inflate": -0.001,
							"pivot": [0.46498, 0.53624, 0.98242],
							"rotation": [10.72858, -10.54529, 44.00703],
							"uv": {
								"north": {"uv": [16, 25], "uv_size": [0.25, 0.25]},
								"east": {"uv": [25, 16], "uv_size": [0.25, 0.25]},
								"south": {"uv": [17, 25], "uv_size": [0.25, 0.25]},
								"west": {"uv": [25, 17], "uv_size": [0.25, 0.25]},
								"up": {"uv": [18, 25], "uv_size": [0.25, 0.25]},
								"down": {"uv": [25, 18.25], "uv_size": [0.25, -0.25]}
							}
						},
						{
							"origin": [0.0605, 0.37489, 0.97244],
							"size": [0.22687, 0.14778, 0.04849],
							"pivot": [-0.18907, 0.47203, 0.91386],
							"rotation": [15, 0, 0],
							"uv": {
								"north": {"uv": [22, 25], "uv_size": [0.25, 0.25]},
								"east": {"uv": [25, 22], "uv_size": [0.25, 0.25]},
								"south": {"uv": [23, 25], "uv_size": [0.25, 0.25]},
								"west": {"uv": [25, 23], "uv_size": [0.25, 0.25]},
								"up": {"uv": [24, 25], "uv_size": [0.25, 0.25]},
								"down": {"uv": [25, 24.25], "uv_size": [0.25, -0.25]}
							}
						},
						{
							"origin": [-0.5445, 0.37489, 0.97244],
							"size": [0.22687, 0.22688, 0.04849],
							"pivot": [-0.18907, 0.47203, 0.91386],
							"rotation": [15, 0, 0],
							"uv": {
								"north": {"uv": [25, 25], "uv_size": [0.25, 0.25]},
								"east": {"uv": [0, 26], "uv_size": [0.25, 0.25]},
								"south": {"uv": [26, 0], "uv_size": [0.25, 0.5]},
								"west": {"uv": [1, 26], "uv_size": [0.25, 0.25]},
								"up": {"uv": [26, 1], "uv_size": [0.25, 0.25]},
								"down": {"uv": [2, 26.25], "uv_size": [0.25, -0.25]}
							}
						},
						{
							"origin": [0.10814, 0.48307, 0.9495],
							"size": [0.16001, 0.15999, 0.04807],
							"inflate": -0.001,
							"pivot": [0.15491, 0.56939, 0.97352],
							"rotation": [10.72858, -10.54529, 44.00703],
							"uv": {
								"north": {"uv": [19, 25], "uv_size": [0.25, 0.25]},
								"east": {"uv": [25, 19], "uv_size": [0.25, 0.25]},
								"south": {"uv": [20, 25], "uv_size": [0.25, 0.25]},
								"west": {"uv": [25, 20], "uv_size": [0.25, 0.25]},
								"up": {"uv": [21, 25], "uv_size": [0.25, 0.25]},
								"down": {"uv": [25, 21.25], "uv_size": [0.25, -0.25]}
							}
						},
						{
							"origin": [-0.57782, 1.71549, 0.69126],
							"size": [1.15564, 0.07563, 0.14323],
							"uv": {
								"north": {"uv": [2, 18], "uv_size": [1, 0.25]},
								"east": {"uv": [22, 14], "uv_size": [0.25, 0.25]},
								"south": {"uv": [18, 2], "uv_size": [1, 0.25]},
								"west": {"uv": [15, 22], "uv_size": [0.25, 0.25]},
								"up": {"uv": [3, 18], "uv_size": [1, 0.25]},
								"down": {"uv": [18, 3.25], "uv_size": [1, -0.25]}
							}
						},
						{
							"origin": [0.64282, 0.91487, 0.69126],
							"size": [0.07562, 0.57471, 0.14323],
							"uv": {
								"north": {"uv": [3, 20], "uv_size": [0.25, 0.5]},
								"east": {"uv": [20, 3], "uv_size": [0.25, 0.5]},
								"south": {"uv": [4, 20], "uv_size": [0.25, 0.5]},
								"west": {"uv": [20, 4], "uv_size": [0.25, 0.5]},
								"up": {"uv": [22, 6], "uv_size": [0.25, 0.25]},
								"down": {"uv": [7, 22.25], "uv_size": [0.25, -0.25]}
							}
						},
						{
							"origin": [0.57605, 1.45802, 0.69126],
							"size": [0.07562, 0.33269, 0.14323],
							"pivot": [0.61386, 1.62437, 0.76288],
							"rotation": [0, 0, -25],
							"uv": {
								"north": {"uv": [22, 8], "uv_size": [0.25, 0.25]},
								"east": {"uv": [9, 22], "uv_size": [0.25, 0.25]},
								"south": {"uv": [22, 9], "uv_size": [0.25, 0.25]},
								"west": {"uv": [10, 22], "uv_size": [0.25, 0.25]},
								"up": {"uv": [22, 10], "uv_size": [0.25, 0.25]},
								"down": {"uv": [11, 22.25], "uv_size": [0.25, -0.25]}
							}
						},
						{
							"origin": [0.64282, 0.79386, 0.69308],
							"size": [0.07562, 0.22339, 0.17327],
							"pivot": [0.605, 0.90555, 0.77971],
							"rotation": [15, 0, 0],
							"uv": {
								"north": {"uv": [19, 21], "uv_size": [0.25, 0.25]},
								"east": {"uv": [21, 19], "uv_size": [0.25, 0.25]},
								"south": {"uv": [20, 21], "uv_size": [0.25, 0.25]},
								"west": {"uv": [21, 20], "uv_size": [0.25, 0.25]},
								"up": {"uv": [21, 21], "uv_size": [0.25, 0.25]},
								"down": {"uv": [0, 22.25], "uv_size": [0.25, -0.25]}
							}
						},
						{
							"origin": [0.57853, 0.79386, 0.69308],
							"size": [0.06429, 0.10239, 0.17327],
							"pivot": [0.484, 0.90555, 0.77971],
							"rotation": [15, 0, 0],
							"uv": {
								"north": {"uv": [24, 14], "uv_size": [0.25, 0.25]},
								"east": {"uv": [15, 24], "uv_size": [0.25, 0.25]},
								"south": {"uv": [24, 15], "uv_size": [0.25, 0.25]},
								"west": {"uv": [16, 24], "uv_size": [0.25, 0.25]},
								"up": {"uv": [24, 16], "uv_size": [0.25, 0.25]},
								"down": {"uv": [17, 24.25], "uv_size": [0.25, -0.25]}
							}
						},
						{
							"origin": [0.59224, 0.67307, 0.57229],
							"size": [0.06927, 0.3101, 0.29385],
							"inflate": -0.001,
							"pivot": [0.68062, 0.90555, 0.77971],
							"rotation": [13.06431, -7.43547, 29.14743],
							"uv": {
								"north": {"uv": [22, 21], "uv_size": [0.25, 0.25]},
								"east": {"uv": [22, 22], "uv_size": [0.25, 0.25]},
								"south": {"uv": [0, 23], "uv_size": [0.25, 0.25]},
								"west": {"uv": [23, 0], "uv_size": [0.25, 0.25]},
								"up": {"uv": [1, 23], "uv_size": [0.25, 0.25]},
								"down": {"uv": [23, 1.25], "uv_size": [0.25, -0.25]}
							}
						},
						{
							"origin": [-0.66151, 0.67307, 0.57229],
							"size": [0.06927, 0.3101, 0.29385],
							"inflate": -0.001,
							"pivot": [-0.68063, 0.90555, 0.77971],
							"rotation": [13.06431, 7.43547, -29.14743],
							"uv": {
								"north": {"uv": [2, 23], "uv_size": [0.25, 0.25]},
								"east": {"uv": [23, 2], "uv_size": [0.25, 0.25]},
								"south": {"uv": [3, 23], "uv_size": [0.25, 0.25]},
								"west": {"uv": [23, 3], "uv_size": [0.25, 0.25]},
								"up": {"uv": [4, 23], "uv_size": [0.25, 0.25]},
								"down": {"uv": [23, 4.25], "uv_size": [0.25, -0.25]}
							}
						},
						{
							"origin": [-0.64282, 0.79386, 0.69308],
							"size": [0.06429, 0.10239, 0.17327],
							"pivot": [-0.484, 0.90555, 0.77971],
							"rotation": [15, 0, 0],
							"uv": {
								"north": {"uv": [24, 17], "uv_size": [0.25, 0.25]},
								"east": {"uv": [18, 24], "uv_size": [0.25, 0.25]},
								"south": {"uv": [24, 18], "uv_size": [0.25, 0.25]},
								"west": {"uv": [19, 24], "uv_size": [0.25, 0.25]},
								"up": {"uv": [24, 19], "uv_size": [0.25, 0.25]},
								"down": {"uv": [20, 24.25], "uv_size": [0.25, -0.25]}
							}
						},
						{
							"origin": [-0.71844, 0.79409, 0.66004],
							"size": [0.07562, 0.22339, 0.17328],
							"pivot": [0, 1.03114, 0.76406],
							"rotation": [15, 0, 0],
							"uv": {
								"north": {"uv": [22, 0], "uv_size": [0.25, 0.25]},
								"east": {"uv": [1, 22], "uv_size": [0.25, 0.25]},
								"south": {"uv": [22, 1], "uv_size": [0.25, 0.25]},
								"west": {"uv": [2, 22], "uv_size": [0.25, 0.25]},
								"up": {"uv": [22, 2], "uv_size": [0.25, 0.25]},
								"down": {"uv": [3, 22.25], "uv_size": [0.25, -0.25]}
							}
						},
						{
							"origin": [-0.71844, 0.91487, 0.69126],
							"size": [0.07562, 0.57471, 0.14323],
							"uv": {
								"north": {"uv": [5, 20], "uv_size": [0.25, 0.5]},
								"east": {"uv": [20, 5], "uv_size": [0.25, 0.5]},
								"south": {"uv": [6, 20], "uv_size": [0.25, 0.5]},
								"west": {"uv": [20, 6], "uv_size": [0.25, 0.5]},
								"up": {"uv": [22, 7], "uv_size": [0.25, 0.25]},
								"down": {"uv": [8, 22.25], "uv_size": [0.25, -0.25]}
							}
						},
						{
							"origin": [-0.65167, 1.45802, 0.69126],
							"size": [0.07562, 0.33269, 0.14323],
							"pivot": [-0.61386, 1.62437, 0.76288],
							"rotation": [0, 0, 25],
							"uv": {
								"north": {"uv": [22, 11], "uv_size": [0.25, 0.25]},
								"east": {"uv": [12, 22], "uv_size": [0.25, 0.25]},
								"south": {"uv": [22, 12], "uv_size": [0.25, 0.25]},
								"west": {"uv": [13, 22], "uv_size": [0.25, 0.25]},
								"up": {"uv": [22, 13], "uv_size": [0.25, 0.25]},
								"down": {"uv": [14, 22.25], "uv_size": [0.25, -0.25]}
							}
						}
					]
				},
				{
					"name": "scope_body",
					"parent": "bone",
					"pivot": [0, -0.49156, 1.057],
					"cubes": [
						{
							"origin": [-0.72579, -0.14622, -1.31363],
							"size": [1.45158, 0.30474, 2.20633],
							"inflate": -0.001,
							"uv": {
								"north": {"uv": [14, 12], "uv_size": [1.25, 0.25]},
								"east": {"uv": [11, 10], "uv_size": [1.75, 0.25]},
								"south": {"uv": [14, 13], "uv_size": [1.25, 0.25]},
								"west": {"uv": [11, 11], "uv_size": [1.75, 0.25]},
								"up": {"uv": [0, 2], "uv_size": [1.25, 1.75]},
								"down": {"uv": [2, 1.75], "uv_size": [1.25, -1.75]}
							}
						},
						{
							"origin": [-0.726, -0.27766, -1.31384],
							"size": [1.452, 0.13123, 2.131],
							"uv": {
								"north": {"uv": [10, 17], "uv_size": [1.25, 0.25]},
								"east": {"uv": [0, 12], "uv_size": [1.75, 0.25]},
								"south": {"uv": [17, 10], "uv_size": [1.25, 0.25]},
								"west": {"uv": [12, 1], "uv_size": [1.75, 0.25]},
								"up": {"uv": [2, 2], "uv_size": [1.25, 1.75]},
								"down": {"uv": [0, 5.75], "uv_size": [1.25, -1.75]}
							}
						},
						{
							"origin": [-0.78252, 0.10316, 0.78874],
							"size": [1.56503, 0.21426, 0.20762],
							"inflate": -0.001,
							"pivot": [0, 0.4891, 0.88799],
							"rotation": [-15, 0, 0],
							"uv": {
								"north": {"uv": [4, 15], "uv_size": [1.25, 0.25]},
								"east": {"uv": [15, 21], "uv_size": [0.25, 0.25]},
								"south": {"uv": [15, 5], "uv_size": [1.25, 0.25]},
								"west": {"uv": [21, 15], "uv_size": [0.25, 0.25]},
								"up": {"uv": [6, 15], "uv_size": [1.25, 0.25]},
								"down": {"uv": [15, 6.25], "uv_size": [1.25, -0.25]}
							}
						},
						{
							"origin": [-0.78294, 0.34435, 0.71601],
							"size": [1.56587, 0.34481, 0.17369],
							"inflate": 0.001,
							"pivot": [0, 0.58161, 0.82023],
							"rotation": [15, 0, 0],
							"uv": {
								"north": {"uv": [0, 16], "uv_size": [1.25, 0.25]},
								"east": {"uv": [17, 21], "uv_size": [0.25, 0.25]},
								"south": {"uv": [16, 1], "uv_size": [1.25, 0.25]},
								"west": {"uv": [21, 17], "uv_size": [0.25, 0.25]},
								"up": {"uv": [2, 16], "uv_size": [1.25, 0.25]},
								"down": {"uv": [16, 2.25], "uv_size": [1.25, -0.25]}
							}
						},
						{
							"origin": [0.66907, 0.68874, 0.71601],
							"size": [0.11386, 0.48442, 0.17369],
							"inflate": 0.001,
							"pivot": [0, 0.58161, 0.82023],
							"rotation": [15, 0, 0],
							"uv": {
								"north": {"uv": [22, 3], "uv_size": [0.25, 0.25]},
								"east": {"uv": [4, 22], "uv_size": [0.25, 0.25]},
								"south": {"uv": [22, 4], "uv_size": [0.25, 0.25]},
								"west": {"uv": [5, 22], "uv_size": [0.25, 0.25]},
								"up": {"uv": [22, 5], "uv_size": [0.25, 0.25]},
								"down": {"uv": [6, 22.25], "uv_size": [0.25, -0.25]}
							}
						},
						{
							"origin": [-0.78294, 0.68874, 0.71601],
							"size": [0.11387, 0.48442, 0.17369],
							"inflate": 0.001,
							"pivot": [0, 0.58161, 0.82023],
							"rotation": [15, 0, 0],
							"uv": {
								"north": {"uv": [22, 15], "uv_size": [0.25, 0.25]},
								"east": {"uv": [16, 22], "uv_size": [0.25, 0.25]},
								"south": {"uv": [22, 16], "uv_size": [0.25, 0.25]},
								"west": {"uv": [17, 22], "uv_size": [0.25, 0.25]},
								"up": {"uv": [22, 17], "uv_size": [0.25, 0.25]},
								"down": {"uv": [18, 22.25], "uv_size": [0.25, -0.25]}
							}
						},
						{
							"origin": [0.66949, 0.91269, 0.24794],
							"size": [0.11302, 0.60458, 0.53585],
							"inflate": -0.001,
							"uv": {
								"north": {"uv": [9, 20], "uv_size": [0.25, 0.5]},
								"east": {"uv": [5, 18], "uv_size": [0.5, 0.5]},
								"south": {"uv": [20, 9], "uv_size": [0.25, 0.5]},
								"west": {"uv": [6, 18], "uv_size": [0.5, 0.5]},
								"up": {"uv": [10, 20], "uv_size": [0.25, 0.5]},
								"down": {"uv": [20, 10.5], "uv_size": [0.25, -0.5]}
							}
						},
						{
							"origin": [0.71704, 1.10693, -1.54936],
							"size": [0.15125, 0.325, 2.33336],
							"uv": {
								"north": {"uv": [9, 23], "uv_size": [0.25, 0.25]},
								"east": {"uv": [10, 1], "uv_size": [2, 0.25]},
								"south": {"uv": [23, 9], "uv_size": [0.25, 0.25]},
								"west": {"uv": [10, 2], "uv_size": [2, 0.25]},
								"up": {"uv": [1, 10], "uv_size": [0.25, 2]},
								"down": {"uv": [10, 5], "uv_size": [0.25, -2]}
							}
						},
						{
							"origin": [0.89979, 1.44498, -1.54936],
							"size": [0.11344, 0.121, 2.33336],
							"pivot": [0.95652, 1.26348, -0.24903],
							"rotation": [0, 0, -45],
							"uv": {
								"north": {"uv": [22, 18], "uv_size": [0.25, 0.25]},
								"east": {"uv": [5, 9], "uv_size": [2, 0.25]},
								"south": {"uv": [19, 22], "uv_size": [0.25, 0.25]},
								"west": {"uv": [7, 9], "uv_size": [2, 0.25]},
								"up": {"uv": [9, 9], "uv_size": [0.25, 2]},
								"down": {"uv": [0, 12], "uv_size": [0.25, -2]}
							}
						},
						{
							"origin": [0.89979, 0.97351, 0.06252],
							"size": [0.11496, 0.121, 0.72148],
							"pivot": [0.95652, 1.27752, 0.51587],
							"rotation": [0, 0, 45],
							"uv": {
								"north": {"uv": [22, 19], "uv_size": [0.25, 0.25]},
								"east": {"uv": [15, 20], "uv_size": [0.5, 0.25]},
								"south": {"uv": [20, 22], "uv_size": [0.25, 0.25]},
								"west": {"uv": [20, 15], "uv_size": [0.5, 0.25]},
								"up": {"uv": [16, 20], "uv_size": [0.25, 0.5]},
								"down": {"uv": [20, 16.5], "uv_size": [0.25, -0.5]}
							}
						},
						{
							"origin": [-1.01475, 0.97351, 0.06252],
							"size": [0.11496, 0.121, 0.72148],
							"pivot": [-0.95652, 1.27752, 0.51587],
							"rotation": [0, 0, -45],
							"uv": {
								"north": {"uv": [24, 11], "uv_size": [0.25, 0.25]},
								"east": {"uv": [21, 8], "uv_size": [0.5, 0.25]},
								"south": {"uv": [12, 24], "uv_size": [0.25, 0.25]},
								"west": {"uv": [9, 21], "uv_size": [0.5, 0.25]},
								"up": {"uv": [21, 9], "uv_size": [0.25, 0.5]},
								"down": {"uv": [10, 21.5], "uv_size": [0.25, -0.5]}
							}
						},
						{
							"origin": [0.59788, 1.35551, -1.54932],
							"size": [0.11319, 0.48345, 2.33332],
							"pivot": [0.65461, 1.65801, 0.51587],
							"rotation": [0, 0, -25],
							"uv": {
								"north": {"uv": [11, 20], "uv_size": [0.25, 0.5]},
								"east": {"uv": [5, 4], "uv_size": [2, 0.5]},
								"south": {"uv": [20, 11], "uv_size": [0.25, 0.5]},
								"west": {"uv": [5, 5], "uv_size": [2, 0.5]},
								"up": {"uv": [2, 9], "uv_size": [0.25, 2]},
								"down": {"uv": [3, 11], "uv_size": [0.25, -2]}
							}
						},
						{
							"origin": [-0.75339, 0.84769, -1.30736],
							"size": [0.16725, 0.33509, 1.33438],
							"pivot": [-0.6693, 0.93048, -0.37872],
							"rotation": [0, 0, -30],
							"uv": {
								"north": {"uv": [24, 10], "uv_size": [0.25, 0.25]},
								"east": {"uv": [18, 18], "uv_size": [1, 0.25]},
								"south": {"uv": [11, 24], "uv_size": [0.25, 0.25]},
								"west": {"uv": [0, 19], "uv_size": [1, 0.25]},
								"up": {"uv": [19, 0], "uv_size": [0.25, 1]},
								"down": {"uv": [1, 20], "uv_size": [0.25, -1]}
							}
						},
						{
							"origin": [-0.856, 0.99018, -1.4808],
							"size": [0.16684, 0.12678, 0.34181],
							"inflate": -0.001,
							"pivot": [-0.77259, 1.10844, -1.42836],
							"rotation": [-45, 0, -30],
							"uv": {
								"north": {"uv": [24, 7], "uv_size": [0.25, 0.25]},
								"east": {"uv": [8, 24], "uv_size": [0.25, 0.25]},
								"south": {"uv": [24, 8], "uv_size": [0.25, 0.25]},
								"west": {"uv": [9, 24], "uv_size": [0.25, 0.25]},
								"up": {"uv": [24, 9], "uv_size": [0.25, 0.25]},
								"down": {"uv": [10, 24.25], "uv_size": [0.25, -0.25]}
							}
						},
						{
							"origin": [-0.75318, 0.98781, -1.42815],
							"size": [0.16683, 0.10167, 0.12058],
							"inflate": -0.001,
							"pivot": [-0.6693, 0.93048, -0.37872],
							"rotation": [0, 0, -30],
							"uv": {
								"north": {"uv": [24, 4], "uv_size": [0.25, 0.25]},
								"east": {"uv": [5, 24], "uv_size": [0.25, 0.25]},
								"south": {"uv": [24, 5], "uv_size": [0.25, 0.25]},
								"west": {"uv": [6, 24], "uv_size": [0.25, 0.25]},
								"up": {"uv": [24, 6], "uv_size": [0.25, 0.25]},
								"down": {"uv": [7, 24.25], "uv_size": [0.25, -0.25]}
							}
						},
						{
							"origin": [-0.75318, 1.0899, -1.54915],
							"size": [0.16683, 0.09267, 0.24158],
							"inflate": -0.001,
							"pivot": [-0.6693, 0.93048, -0.37872],
							"rotation": [0, 0, -30],
							"uv": {
								"north": {"uv": [24, 1], "uv_size": [0.25, 0.25]},
								"east": {"uv": [2, 24], "uv_size": [0.25, 0.25]},
								"south": {"uv": [24, 2], "uv_size": [0.25, 0.25]},
								"west": {"uv": [3, 24], "uv_size": [0.25, 0.25]},
								"up": {"uv": [24, 3], "uv_size": [0.25, 0.25]},
								"down": {"uv": [4, 24.25], "uv_size": [0.25, -0.25]}
							}
						},
						{
							"origin": [-0.86829, 1.10693, -1.54936],
							"size": [0.15125, 0.325, 2.33336],
							"uv": {
								"north": {"uv": [24, 0], "uv_size": [0.25, 0.25]},
								"east": {"uv": [11, 0], "uv_size": [2, 0.25]},
								"south": {"uv": [1, 24], "uv_size": [0.25, 0.25]},
								"west": {"uv": [2, 11], "uv_size": [2, 0.25]},
								"up": {"uv": [11, 3], "uv_size": [0.25, 2]},
								"down": {"uv": [4, 13], "uv_size": [0.25, -2]}
							}
						},
						{
							"origin": [-1.01323, 1.44498, -1.54936],
							"size": [0.11344, 0.121, 2.33336],
							"pivot": [-0.95652, 1.26348, -0.24903],
							"rotation": [0, 0, 45],
							"uv": {
								"north": {"uv": [23, 23], "uv_size": [0.25, 0.25]},
								"east": {"uv": [7, 10], "uv_size": [2, 0.25]},
								"south": {"uv": [0, 24], "uv_size": [0.25, 0.25]},
								"west": {"uv": [10, 7], "uv_size": [2, 0.25]},
								"up": {"uv": [10, 8], "uv_size": [0.25, 2]},
								"down": {"uv": [10, 12], "uv_size": [0.25, -2]}
							}
						},
						{
							"origin": [-0.71107, 1.35551, -1.54932],
							"size": [0.11319, 0.48345, 2.33332],
							"pivot": [-0.65461, 1.65801, 0.51587],
							"rotation": [0, 0, 25],
							"uv": {
								"north": {"uv": [21, 7], "uv_size": [0.25, 0.5]},
								"east": {"uv": [0, 6], "uv_size": [2, 0.5]},
								"south": {"uv": [8, 21], "uv_size": [0.25, 0.5]},
								"west": {"uv": [2, 6], "uv_size": [2, 0.5]},
								"up": {"uv": [10, 5], "uv_size": [0.25, 2]},
								"down": {"uv": [6, 12], "uv_size": [0.25, -2]}
							}
						},
						{
							"origin": [-0.78252, 0.91269, 0.24794],
							"size": [0.11303, 0.60458, 0.53585],
							"inflate": -0.001,
							"uv": {
								"north": {"uv": [13, 20], "uv_size": [0.25, 0.5]},
								"east": {"uv": [8, 18], "uv_size": [0.5, 0.5]},
								"south": {"uv": [20, 13], "uv_size": [0.25, 0.5]},
								"west": {"uv": [18, 8], "uv_size": [0.5, 0.5]},
								"up": {"uv": [14, 20], "uv_size": [0.25, 0.5]},
								"down": {"uv": [20, 14.5], "uv_size": [0.25, -0.5]}
							}
						},
						{
							"origin": [-0.62931, 1.77085, 0.24773],
							"size": [1.25862, 0.07562, 0.53627],
							"uv": {
								"north": {"uv": [7, 18], "uv_size": [1, 0.25]},
								"east": {"uv": [12, 20], "uv_size": [0.5, 0.25]},
								"south": {"uv": [18, 7], "uv_size": [1, 0.25]},
								"west": {"uv": [20, 12], "uv_size": [0.5, 0.25]},
								"up": {"uv": [9, 1], "uv_size": [1, 0.5]},
								"down": {"uv": [4, 9.5], "uv_size": [1, -0.5]}
							}
						},
						{
							"origin": [-0.62931, 1.84647, 0.00573],
							"size": [1.25862, 0.13268, 0.76579],
							"pivot": [0, 1.86538, 0.27387],
							"rotation": [-15, 0, 0],
							"uv": {
								"north": {"uv": [9, 18], "uv_size": [1, 0.25]},
								"east": {"uv": [19, 12], "uv_size": [0.75, 0.25]},
								"south": {"uv": [18, 9], "uv_size": [1, 0.25]},
								"west": {"uv": [13, 19], "uv_size": [0.75, 0.25]},
								"up": {"uv": [4, 7], "uv_size": [1, 0.75]},
								"down": {"uv": [7, 4.75], "uv_size": [1, -0.75]}
							}
						},
						{
							"origin": [-0.62931, 1.97001, -1.4686],
							"size": [1.25862, 0.1189, 1.53839],
							"pivot": [0, 1.87237, 0.39454],
							"rotation": [7.5, 0, 0],
							"uv": {
								"north": {"uv": [10, 18], "uv_size": [1, 0.25]},
								"east": {"uv": [10, 16], "uv_size": [1.25, 0.25]},
								"south": {"uv": [11, 18], "uv_size": [1, 0.25]},
								"west": {"uv": [12, 16], "uv_size": [1.25, 0.25]},
								"up": {"uv": [4, 0], "uv_size": [1, 1.25]},
								"down": {"uv": [2, 5.25], "uv_size": [1, -1.25]}
							}
						},
						{
							"origin": [-0.62931, 1.72473, -1.54932],
							"size": [1.25862, 0.12114, 0.95016],
							"uv": {
								"north": {"uv": [14, 18], "uv_size": [1, 0.25]},
								"east": {"uv": [19, 15], "uv_size": [0.75, 0.25]},
								"south": {"uv": [18, 14], "uv_size": [1, 0.25]},
								"west": {"uv": [16, 19], "uv_size": [0.75, 0.25]},
								"up": {"uv": [5, 7], "uv_size": [1, 0.75]},
								"down": {"uv": [7, 5.75], "uv_size": [1, -0.75]}
							}
						},
						{
							"origin": [-0.70073, 0.81674, -1.30736],
							"size": [1.40146, 0.1065, 0.7082],
							"uv": {
								"north": {"uv": [2, 17], "uv_size": [1.25, 0.25]},
								"east": {"uv": [21, 10], "uv_size": [0.5, 0.25]},
								"south": {"uv": [4, 17], "uv_size": [1.25, 0.25]},
								"west": {"uv": [11, 21], "uv_size": [0.5, 0.25]},
								"up": {"uv": [8, 7], "uv_size": [1.25, 0.5]},
								"down": {"uv": [8, 8.5], "uv_size": [1.25, -0.5]}
							}
						},
						{
							"origin": [-0.62931, 1.72473, -0.59916],
							"size": [1.25862, 0.19676, 0.968],
							"uv": {
								"north": {"uv": [15, 18], "uv_size": [1, 0.25]},
								"east": {"uv": [19, 16], "uv_size": [0.75, 0.25]},
								"south": {"uv": [18, 15], "uv_size": [1, 0.25]},
								"west": {"uv": [17, 19], "uv_size": [0.75, 0.25]},
								"up": {"uv": [6, 7], "uv_size": [1, 0.75]},
								"down": {"uv": [7, 7.75], "uv_size": [1, -0.75]}
							}
						},
						{
							"origin": [-0.78273, 0.088, 0.06252],
							"size": [1.56545, 0.44937, 0.83039],
							"uv": {
								"north": {"uv": [8, 15], "uv_size": [1.25, 0.25]},
								"east": {"uv": [19, 9], "uv_size": [0.75, 0.25]},
								"south": {"uv": [10, 15], "uv_size": [1.25, 0.25]},
								"west": {"uv": [10, 19], "uv_size": [0.75, 0.25]},
								"up": {"uv": [4, 6], "uv_size": [1.25, 0.75]},
								"down": {"uv": [6, 6.75], "uv_size": [1.25, -0.75]}
							}
						},
						{
							"origin": [-0.847, 0.22792, 0.42552],
							"size": [1.694, 0.21492, 0.27077],
							"uv": {
								"north": {"uv": [10, 13], "uv_size": [1.5, 0.25]},
								"east": {"uv": [0, 25], "uv_size": [0.25, 0.25]},
								"south": {"uv": [13, 10], "uv_size": [1.5, 0.25]},
								"west": {"uv": [25, 0], "uv_size": [0.25, 0.25]},
								"up": {"uv": [13, 11], "uv_size": [1.5, 0.25]},
								"down": {"uv": [12, 13.25], "uv_size": [1.5, -0.25]}
							}
						},
						{
							"origin": [0.363, 0.22792, 0.05773],
							"size": [0.33165, 0.21492, 0.15456],
							"pivot": [0, 0.33538, 0.56091],
							"rotation": [0, -45, 0],
							"uv": {
								"north": {"uv": [1, 25], "uv_size": [0.25, 0.25]},
								"east": {"uv": [25, 1], "uv_size": [0.25, 0.25]},
								"south": {"uv": [2, 25], "uv_size": [0.25, 0.25]},
								"west": {"uv": [25, 2], "uv_size": [0.25, 0.25]},
								"up": {"uv": [3, 25], "uv_size": [0.25, 0.25]},
								"down": {"uv": [25, 3.25], "uv_size": [0.25, -0.25]}
							}
						},
						{
							"origin": [0.363, 0.22792, 0.90953],
							"size": [0.33165, 0.21492, 0.15458],
							"pivot": [0, 0.33538, 0.56091],
							"rotation": [0, 45, 0],
							"uv": {
								"north": {"uv": [4, 25], "uv_size": [0.25, 0.25]},
								"east": {"uv": [25, 4], "uv_size": [0.25, 0.25]},
								"south": {"uv": [5, 25], "uv_size": [0.25, 0.25]},
								"west": {"uv": [25, 5], "uv_size": [0.25, 0.25]},
								"up": {"uv": [6, 25], "uv_size": [0.25, 0.25]},
								"down": {"uv": [25, 6.25], "uv_size": [0.25, -0.25]}
							}
						},
						{
							"origin": [-0.69465, 0.22792, 0.05773],
							"size": [0.33165, 0.21492, 0.15456],
							"pivot": [0, 0.33538, 0.56091],
							"rotation": [0, 45, 0],
							"uv": {
								"north": {"uv": [10, 25], "uv_size": [0.25, 0.25]},
								"east": {"uv": [25, 10], "uv_size": [0.25, 0.25]},
								"south": {"uv": [11, 25], "uv_size": [0.25, 0.25]},
								"west": {"uv": [25, 11], "uv_size": [0.25, 0.25]},
								"up": {"uv": [12, 25], "uv_size": [0.25, 0.25]},
								"down": {"uv": [25, 12.25], "uv_size": [0.25, -0.25]}
							}
						},
						{
							"origin": [-0.69465, 0.22792, 0.90953],
							"size": [0.33165, 0.21492, 0.15458],
							"pivot": [0, 0.33538, 0.56091],
							"rotation": [0, -45, 0],
							"uv": {
								"north": {"uv": [7, 25], "uv_size": [0.25, 0.25]},
								"east": {"uv": [25, 7], "uv_size": [0.25, 0.25]},
								"south": {"uv": [8, 25], "uv_size": [0.25, 0.25]},
								"west": {"uv": [25, 8], "uv_size": [0.25, 0.25]},
								"up": {"uv": [9, 25], "uv_size": [0.25, 0.25]},
								"down": {"uv": [25, 9.25], "uv_size": [0.25, -0.25]}
							}
						},
						{
							"origin": [0.66928, 0.572, 0.06252],
							"size": [0.04306, 0.13528, 0.83039],
							"pivot": [0, 0.31269, 0.47773],
							"rotation": [0, 0, 45],
							"uv": {
								"north": {"uv": [5, 23], "uv_size": [0.25, 0.25]},
								"east": {"uv": [19, 13], "uv_size": [0.75, 0.25]},
								"south": {"uv": [23, 5], "uv_size": [0.25, 0.25]},
								"west": {"uv": [14, 19], "uv_size": [0.75, 0.25]},
								"up": {"uv": [19, 14], "uv_size": [0.25, 0.75]},
								"down": {"uv": [15, 19.75], "uv_size": [0.25, -0.75]}
							}
						},
						{
							"origin": [-0.71234, 0.572, 0.06252],
							"size": [0.04306, 0.13528, 0.83039],
							"pivot": [0, 0.31269, 0.47773],
							"rotation": [0, 0, -45],
							"uv": {
								"north": {"uv": [5.25, 23], "uv_size": [-0.25, 0.25]},
								"east": {"uv": [14.75, 19], "uv_size": [-0.75, 0.25]},
								"south": {"uv": [23.25, 5], "uv_size": [-0.25, 0.25]},
								"west": {"uv": [19.75, 13], "uv_size": [-0.75, 0.25]},
								"up": {"uv": [19.25, 14], "uv_size": [-0.25, 0.75]},
								"down": {"uv": [15.25, 19.75], "uv_size": [-0.25, -0.75]}
							}
						},
						{
							"origin": [0.66928, 0.572, -1.31385],
							"size": [0.04306, 0.13528, 1.34087],
							"pivot": [0, 0.31269, -0.36927],
							"rotation": [0, 0, 45],
							"uv": {
								"north": {"uv": [6, 23], "uv_size": [0.25, 0.25]},
								"east": {"uv": [12, 18], "uv_size": [1, 0.25]},
								"south": {"uv": [23, 6], "uv_size": [0.25, 0.25]},
								"west": {"uv": [18, 12], "uv_size": [1, 0.25]},
								"up": {"uv": [13, 18], "uv_size": [0.25, 1]},
								"down": {"uv": [18, 14], "uv_size": [0.25, -1]}
							}
						},
						{
							"origin": [-0.71234, 0.572, -1.31385],
							"size": [0.04306, 0.13528, 1.34087],
							"pivot": [0, 0.31269, -0.36927],
							"rotation": [0, 0, -45],
							"uv": {
								"north": {"uv": [24, 13], "uv_size": [0.25, 0.25]},
								"east": {"uv": [19, 7], "uv_size": [1, 0.25]},
								"south": {"uv": [14, 24], "uv_size": [0.25, 0.25]},
								"west": {"uv": [8, 19], "uv_size": [1, 0.25]},
								"up": {"uv": [19, 8], "uv_size": [0.25, 1]},
								"down": {"uv": [9, 20], "uv_size": [0.25, -1]}
							}
						},
						{
							"origin": [-0.78273, 0.53737, 0.06252],
							"size": [0.11345, 0.484, 0.70939],
							"uv": {
								"north": {"uv": [1, 20], "uv_size": [0.25, 0.5]},
								"east": {"uv": [0.85937, 18], "uv_size": [0.64063, 0.5]},
								"south": {"uv": [20, 1], "uv_size": [0.25, 0.5]},
								"west": {"uv": [18, 1], "uv_size": [0.5, 0.5]},
								"up": {"uv": [2, 20], "uv_size": [0.25, 0.5]},
								"down": {"uv": [19.85938, 2.5], "uv_size": [0.39062, -0.5]}
							}
						},
						{
							"origin": [0.66928, 0.53737, 0.06252],
							"size": [0.11344, 0.484, 0.70939],
							"uv": {
								"north": {"uv": [7, 20], "uv_size": [0.25, 0.5]},
								"east": {"uv": [4, 18], "uv_size": [0.5, 0.5]},
								"south": {"uv": [20, 7], "uv_size": [0.25, 0.5]},
								"west": {"uv": [18, 4], "uv_size": [0.64062, 0.5]},
								"up": {"uv": [8, 20], "uv_size": [0.25, 0.5]},
								"down": {"uv": [20, 8.5], "uv_size": [0.25, -0.5]}
							}
						},
						{
							"origin": [-0.78273, 0.65837, -0.66348],
							"size": [1.56546, 0.121, 0.6905],
							"uv": {
								"north": {"uv": [16, 12], "uv_size": [1.25, 0.25]},
								"east": {"uv": [19, 20], "uv_size": [0.5, 0.25]},
								"south": {"uv": [16, 13], "uv_size": [1.25, 0.25]},
								"west": {"uv": [20, 19], "uv_size": [0.5, 0.25]},
								"up": {"uv": [8, 4], "uv_size": [1.25, 0.5]},
								"down": {"uv": [8, 5.5], "uv_size": [1.25, -0.5]}
							}
						},
						{
							"origin": [-0.78273, 0.088, -1.31385],
							"size": [1.56546, 0.57037, 1.34087],
							"uv": {
								"north": {"uv": [6, 8], "uv_size": [1.25, 0.5]},
								"east": {"uv": [4, 10], "uv_size": [1, 0.5]},
								"south": {"uv": [8, 6], "uv_size": [1.25, 0.5]},
								"west": {"uv": [5, 10], "uv_size": [1, 0.5]},
								"up": {"uv": [4, 2], "uv_size": [1.25, 1]},
								"down": {"uv": [3, 5], "uv_size": [1.25, -1]}
							}
						},
						{
							"origin": [-0.726, 0.11344, -0.153],
							"size": [1.452, 1.14993, 0.30102],
							"uv": {
								"north": {"uv": [5, 1], "uv_size": [1.25, 1]},
								"east": {"uv": [19, 6], "uv_size": [0.25, 1]},
								"south": {"uv": [3, 5], "uv_size": [1.25, 1]},
								"west": {"uv": [7, 19], "uv_size": [0.25, 1]},
								"up": {"uv": [17, 6], "uv_size": [1.25, 0.25]},
								"down": {"uv": [8, 17.25], "uv_size": [1.25, -0.25]}
							}
						},
						{
							"origin": [-0.73146, 0.65837, -1.31385],
							"size": [1.46292, 0.08878, 1.1518],
							"uv": {
								"north": {"uv": [0, 17], "uv_size": [1.25, 0.25]},
								"east": {"uv": [19, 1], "uv_size": [1, 0.25]},
								"south": {"uv": [17, 0], "uv_size": [1.25, 0.25]},
								"west": {"uv": [2, 19], "uv_size": [1, 0.25]},
								"up": {"uv": [4, 3], "uv_size": [1.25, 1]},
								"down": {"uv": [5, 1], "uv_size": [1.25, -1]}
							}
						},
						{
							"origin": [-0.66173, 0.90794, -1.23065],
							"size": [1.32346, 0.8538, 0.3426],
							"uv": {
								"north": {"uv": [0, 8], "uv_size": [1, 0.75]},
								"east": {"uv": [19, 17], "uv_size": [0.25, 0.75]},
								"south": {"uv": [1, 8], "uv_size": [1, 0.75]},
								"west": {"uv": [18, 19], "uv_size": [0.25, 0.75]},
								"up": {"uv": [19, 2], "uv_size": [1, 0.25]},
								"down": {"uv": [3, 19.25], "uv_size": [1, -0.25]}
							}
						},
						{
							"origin": [-0.73735, 1.02894, -1.23065],
							"size": [1.4747, 0.4908, 0.3426],
							"uv": {
								"north": {"uv": [0, 9], "uv_size": [1.25, 0.5]},
								"east": {"uv": [21, 11], "uv_size": [0.25, 0.5]},
								"south": {"uv": [9, 0], "uv_size": [1.25, 0.5]},
								"west": {"uv": [12, 21], "uv_size": [0.25, 0.5]},
								"up": {"uv": [17, 5], "uv_size": [1.25, 0.25]},
								"down": {"uv": [6, 17.25], "uv_size": [1.25, -0.25]}
							}
						},
						{
							"origin": [-0.66173, 0.77937, -0.66348],
							"size": [1.35538, 0.51728, 0.50143],
							"uv": {
								"north": {"uv": [8, 11], "uv_size": [1, 0.5]},
								"east": {"uv": [19, 3], "uv_size": [0.5, 0.5]},
								"south": {"uv": [11, 8], "uv_size": [1, 0.5]},
								"west": {"uv": [4, 19], "uv_size": [0.5, 0.5]},
								"up": {"uv": [9, 11], "uv_size": [1, 0.5]},
								"down": {"uv": [11, 9.5], "uv_size": [1, -0.5]}
							}
						},
						{
							"origin": [-0.78272, 0.53737, -0.66348],
							"size": [1.56545, 0.45068, 0.18668],
							"pivot": [0.726, 0.65837, -0.31822],
							"rotation": [45, 0, 0],
							"uv": {
								"north": {"uv": [14, 16], "uv_size": [1.25, 0.25]},
								"east": {"uv": [10, 23], "uv_size": [0.25, 0.25]},
								"south": {"uv": [16, 14], "uv_size": [1.25, 0.25]},
								"west": {"uv": [23, 10], "uv_size": [0.25, 0.25]},
								"up": {"uv": [16, 15], "uv_size": [1.25, 0.25]},
								"down": {"uv": [16, 16.25], "uv_size": [1.25, -0.25]}
							}
						},
						{
							"origin": [0.66928, 0.7348, -0.66348],
							"size": [0.16634, 0.16557, 0.6905],
							"pivot": [0.726, 0.65837, -0.37872],
							"rotation": [0, 0, -30],
							"uv": {
								"north": {"uv": [7, 23], "uv_size": [0.25, 0.25]},
								"east": {"uv": [20, 20], "uv_size": [0.5, 0.25]},
								"south": {"uv": [23, 7], "uv_size": [0.25, 0.25]},
								"west": {"uv": [0, 21], "uv_size": [0.5, 0.25]},
								"up": {"uv": [21, 0], "uv_size": [0.25, 0.5]},
								"down": {"uv": [1, 21.5], "uv_size": [0.25, -0.5]}
							}
						},
						{
							"origin": [-0.83562, 0.6138, -1.31385],
							"size": [0.16635, 0.10252, 0.73587],
							"pivot": [-0.726, 0.53737, -1.10473],
							"rotation": [0, 0, 30],
							"uv": {
								"north": {"uv": [22, 23], "uv_size": [0.25, 0.25]},
								"east": {"uv": [21, 5], "uv_size": [0.5, 0.25]},
								"south": {"uv": [23, 22], "uv_size": [0.25, 0.25]},
								"west": {"uv": [6, 21], "uv_size": [0.5, 0.25]},
								"up": {"uv": [21, 6], "uv_size": [0.25, 0.5]},
								"down": {"uv": [7, 21.5], "uv_size": [0.25, -0.5]}
							}
						},
						{
							"origin": [-0.83562, 0.7348, -0.66348],
							"size": [0.16634, 0.16557, 0.6905],
							"pivot": [-0.726, 0.65837, -0.37872],
							"rotation": [0, 0, 30],
							"uv": {
								"north": {"uv": [21, 23], "uv_size": [0.25, 0.25]},
								"east": {"uv": [21, 3], "uv_size": [0.5, 0.25]},
								"south": {"uv": [23, 21], "uv_size": [0.25, 0.25]},
								"west": {"uv": [4, 21], "uv_size": [0.5, 0.25]},
								"up": {"uv": [21, 4], "uv_size": [0.25, 0.5]},
								"down": {"uv": [5, 21.5], "uv_size": [0.25, -0.5]}
							}
						},
						{
							"origin": [0.66927, 0.6138, -1.31385],
							"size": [0.16635, 0.10252, 0.73587],
							"pivot": [0.726, 0.53737, -1.10473],
							"rotation": [0, 0, -30],
							"uv": {
								"north": {"uv": [20, 23], "uv_size": [0.25, 0.25]},
								"east": {"uv": [21, 1], "uv_size": [0.5, 0.25]},
								"south": {"uv": [23, 20], "uv_size": [0.25, 0.25]},
								"west": {"uv": [2, 21], "uv_size": [0.5, 0.25]},
								"up": {"uv": [21, 2], "uv_size": [0.25, 0.5]},
								"down": {"uv": [3, 21.5], "uv_size": [0.25, -0.5]}
							}
						},
						{
							"origin": [0.58614, 0.84769, -1.30736],
							"size": [0.16725, 0.33509, 1.33438],
							"pivot": [0.6693, 0.93048, -0.37872],
							"rotation": [0, 0, 30],
							"uv": {
								"north": {"uv": [8, 23], "uv_size": [0.25, 0.25]},
								"east": {"uv": [16, 18], "uv_size": [1, 0.25]},
								"south": {"uv": [23, 8], "uv_size": [0.25, 0.25]},
								"west": {"uv": [18, 16], "uv_size": [1, 0.25]},
								"up": {"uv": [17, 18], "uv_size": [0.25, 1]},
								"down": {"uv": [18, 18], "uv_size": [0.25, -1]}
							}
						},
						{
							"origin": [0.58635, 1.0899, -1.54915],
							"size": [0.16683, 0.09267, 0.24158],
							"inflate": -0.001,
							"pivot": [0.6693, 0.93048, -0.37872],
							"rotation": [0, 0, 30],
							"uv": {
								"north": {"uv": [11, 23], "uv_size": [0.25, 0.25]},
								"east": {"uv": [23, 11], "uv_size": [0.25, 0.25]},
								"south": {"uv": [12, 23], "uv_size": [0.25, 0.25]},
								"west": {"uv": [23, 12], "uv_size": [0.25, 0.25]},
								"up": {"uv": [13, 23], "uv_size": [0.25, 0.25]},
								"down": {"uv": [23, 13.25], "uv_size": [0.25, -0.25]}
							}
						},
						{
							"origin": [0.58635, 0.98781, -1.42815],
							"size": [0.16683, 0.10167, 0.12058],
							"inflate": -0.001,
							"pivot": [0.6693, 0.93048, -0.37872],
							"rotation": [0, 0, 30],
							"uv": {
								"north": {"uv": [17, 23], "uv_size": [0.25, 0.25]},
								"east": {"uv": [23, 17], "uv_size": [0.25, 0.25]},
								"south": {"uv": [18, 23], "uv_size": [0.25, 0.25]},
								"west": {"uv": [23, 18], "uv_size": [0.25, 0.25]},
								"up": {"uv": [19, 23], "uv_size": [0.25, 0.25]},
								"down": {"uv": [23, 19.25], "uv_size": [0.25, -0.25]}
							}
						},
						{
							"origin": [0.68916, 0.99018, -1.4808],
							"size": [0.16684, 0.12678, 0.34181],
							"inflate": -0.001,
							"pivot": [0.77259, 1.10844, -1.42836],
							"rotation": [-45, 0, 30],
							"uv": {
								"north": {"uv": [14, 23], "uv_size": [0.25, 0.25]},
								"east": {"uv": [23, 14], "uv_size": [0.25, 0.25]},
								"south": {"uv": [15, 23], "uv_size": [0.25, 0.25]},
								"west": {"uv": [23, 15], "uv_size": [0.25, 0.25]},
								"up": {"uv": [16, 23], "uv_size": [0.25, 0.25]},
								"down": {"uv": [23, 16.25], "uv_size": [0.25, -0.25]}
							}
						},
						{
							"origin": [-0.78315, 0.29495, 0.66711],
							"size": [1.56629, 0.07604, 0.28178],
							"inflate": 0.002,
							"uv": {
								"north": {"uv": [15, 10], "uv_size": [1.25, 0.25]},
								"east": {"uv": [16, 21], "uv_size": [0.25, 0.25]},
								"south": {"uv": [15, 11], "uv_size": [1.25, 0.25]},
								"west": {"uv": [21, 16], "uv_size": [0.25, 0.25]},
								"up": {"uv": [12, 15], "uv_size": [1.25, 0.25]},
								"down": {"uv": [14, 15.25], "uv_size": [1.25, -0.25]}
							}
						},
						{
							"origin": [-0.847, -0.2512, -0.58784],
							"size": [1.694, 0.26358, 0.679],
							"uv": {
								"north": {"uv": [2, 12], "uv_size": [1.5, 0.25]},
								"east": {"uv": [19, 18], "uv_size": [0.5, 0.25]},
								"south": {"uv": [12, 2], "uv_size": [1.5, 0.25]},
								"west": {"uv": [19, 19], "uv_size": [0.5, 0.25]},
								"up": {"uv": [7, 1], "uv_size": [1.5, 0.5]},
								"down": {"uv": [2, 7.5], "uv_size": [1.5, -0.5]}
							}
						},
						{
							"origin": [-0.77138, -0.2512, 0.13816],
							"size": [1.54276, 0.26358, 0.316],
							"uv": {
								"north": {"uv": [17, 11], "uv_size": [1.25, 0.25]},
								"east": {"uv": [26, 3], "uv_size": [0.25, 0.25]},
								"south": {"uv": [12, 17], "uv_size": [1.25, 0.25]},
								"west": {"uv": [4, 26], "uv_size": [0.25, 0.25]},
								"up": {"uv": [14, 17], "uv_size": [1.25, 0.25]},
								"down": {"uv": [16, 17.25], "uv_size": [1.25, -0.25]}
							}
						},
						{
							"origin": [-0.847, -0.2512, 0.38016],
							"size": [1.694, 0.26358, 0.14962],
							"uv": {
								"north": {"uv": [14, 4], "uv_size": [1.5, 0.25]},
								"east": {"uv": [26, 4], "uv_size": [0.25, 0.25]},
								"south": {"uv": [6, 14], "uv_size": [1.5, 0.25]},
								"west": {"uv": [5, 26], "uv_size": [0.25, 0.25]},
								"up": {"uv": [14, 7], "uv_size": [1.5, 0.25]},
								"down": {"uv": [8, 14.25], "uv_size": [1.5, -0.25]}
							}
						},
						{
							"origin": [0.363, -0.2512, -0.37783],
							"size": [0.54028, 0.26358, 0.46899],
							"pivot": [0, -0.1194, -0.24834],
							"rotation": [0, -30, 0],
							"uv": {
								"north": {"uv": [14, 3], "uv_size": [1.5, 0.25]},
								"east": {"uv": [21, 12], "uv_size": [0.5, 0.25]},
								"south": {"uv": [4, 14], "uv_size": [1.5, 0.25]},
								"west": {"uv": [13, 21], "uv_size": [0.5, 0.25]},
								"up": {"uv": [2, 8], "uv_size": [1.5, 0.5]},
								"down": {"uv": [8, 2.5], "uv_size": [1.5, -0.5]}
							}
						},
						{
							"origin": [-0.90328, -0.2512, -0.37783],
							"size": [0.54028, 0.26358, 0.46899],
							"pivot": [0, -0.1194, -0.24834],
							"rotation": [0, 30, 0],
							"uv": {
								"north": {"uv": [15.5, 3], "uv_size": [-1.5, 0.25]},
								"east": {"uv": [13.5, 21], "uv_size": [-0.5, 0.25]},
								"south": {"uv": [5.5, 14], "uv_size": [-1.5, 0.25]},
								"west": {"uv": [21.5, 12], "uv_size": [-0.5, 0.25]},
								"up": {"uv": [3.5, 8], "uv_size": [-1.5, 0.5]},
								"down": {"uv": [9.5, 2.5], "uv_size": [-1.5, -0.5]}
							}
						},
						{
							"origin": [-0.72579, -0.21724, 0.7828],
							"size": [1.45158, 0.15112, 0.17028],
							"inflate": -0.001,
							"pivot": [0, 0.00649, 0.77286],
							"rotation": [-30, 0, 0],
							"uv": {
								"north": {"uv": [14, 14], "uv_size": [1.25, 0.25]},
								"east": {"uv": [14, 21], "uv_size": [0.25, 0.25]},
								"south": {"uv": [0, 15], "uv_size": [1.25, 0.25]},
								"west": {"uv": [21, 14], "uv_size": [0.25, 0.25]},
								"up": {"uv": [15, 0], "uv_size": [1.25, 0.25]},
								"down": {"uv": [2, 15.25], "uv_size": [1.25, -0.25]}
							}
						}
					]
				},
				{
					"name": "deco",
					"parent": "scope_body",
					"pivot": [0, 0.58161, 0.8845],
					"cubes": [
						{
							"origin": [0.66886, 0.49915, 0.40242],
							"size": [0.11428, 0.12184, 0.30941],
							"inflate": 0.002,
							"uv": {
								"west": {"uv": [27.5, 3.75], "uv_size": [2.49063, 1.25]}
							}
						},
						{
							"origin": [0.66886, 1.14195, -1.2167],
							"size": [0.19984, 0.18095, 0.32906],
							"inflate": 0.002,
							"uv": {
								"west": {"uv": [27, 5.25], "uv_size": [3.74063, 2.25]}
							}
						}
					]
				},
				{
					"name": "bone2",
					"parent": "scope_body",
					"pivot": [0, -0.49156, 1.057],
					"cubes": [
						{
							"origin": [-0.847, 0.24957, -0.5223],
							"size": [1.694, 0.363, 0.363],
							"pivot": [0, 0.43107, -0.3408],
							"rotation": [45, 0, 0],
							"uv": {
								"north": {"uv": [12, 3], "uv_size": [1.5, 0.25]},
								"east": {"uv": [24, 20.25], "uv_size": [0.5, 0.5]},
								"south": {"uv": [12, 4], "uv_size": [1.5, 0.25]},
								"west": {"uv": [21, 24.5], "uv_size": [0.5, 0.5]},
								"up": {"uv": [12, 7], "uv_size": [1.5, 0.25]},
								"down": {"uv": [8, 12.25], "uv_size": [1.5, -0.25]}
							}
						},
						{
							"origin": [-0.847, 0.52938, -0.8853],
							"size": [1.694, 0.121, 0.121],
							"pivot": [0, 0.46888, -0.9458],
							"rotation": [45, 0, 0],
							"uv": {
								"north": {"uv": [12, 3], "uv_size": [1.5, 0.25]},
								"east": {"uv": [24, 20.25], "uv_size": [0.5, 0.5]},
								"south": {"uv": [12, 4], "uv_size": [1.5, 0.25]},
								"west": {"uv": [21, 24.5], "uv_size": [0.5, 0.5]},
								"up": {"uv": [12, 7], "uv_size": [1.5, 0.25]},
								"down": {"uv": [8, 12.25], "uv_size": [1.5, -0.25]}
							}
						},
						{
							"origin": [-0.847, 0.121, -0.0383],
							"size": [1.694, 0.121, 0.121],
							"pivot": [0, 0.0605, -0.0988],
							"rotation": [45, 0, 0],
							"uv": {
								"north": {"uv": [12, 3], "uv_size": [1.5, 0.25]},
								"east": {"uv": [24, 20.25], "uv_size": [0.5, 0.5]},
								"south": {"uv": [12, 4], "uv_size": [1.5, 0.25]},
								"west": {"uv": [21, 24.5], "uv_size": [0.5, 0.5]},
								"up": {"uv": [12, 7], "uv_size": [1.5, 0.25]},
								"down": {"uv": [8, 12.25], "uv_size": [1.5, -0.25]}
							}
						},
						{
							"origin": [-0.847, 0.76382, 0.5667],
							"size": [1.694, 0.121, 0.121],
							"pivot": [0, 0.70332, 0.5062],
							"rotation": [45, 0, 0],
							"uv": {
								"north": {"uv": [12, 3], "uv_size": [1.5, 0.25]},
								"east": {"uv": [24, 20.25], "uv_size": [0.5, 0.5]},
								"south": {"uv": [12, 4], "uv_size": [1.5, 0.25]},
								"west": {"uv": [21, 24.5], "uv_size": [0.5, 0.5]},
								"up": {"uv": [12, 7], "uv_size": [1.5, 0.25]},
								"down": {"uv": [8, 12.25], "uv_size": [1.5, -0.25]}
							}
						},
						{
							"origin": [-0.91128, 1.16463, 0.4457],
							"size": [1.82255, 0.08319, 0.08318],
							"pivot": [0, 1.06632, 0.3852],
							"rotation": [45, 0, 0],
							"uv": {
								"north": {"uv": [12, 3], "uv_size": [1.5, 0.25]},
								"east": {"uv": [24, 20.25], "uv_size": [0.5, 0.5]},
								"south": {"uv": [12, 4], "uv_size": [1.5, 0.25]},
								"west": {"uv": [21, 24.5], "uv_size": [0.5, 0.5]},
								"up": {"uv": [12, 7], "uv_size": [1.5, 0.25]},
								"down": {"uv": [8, 12.25], "uv_size": [1.5, -0.25]}
							}
						},
						{
							"origin": [-0.847, -0.25334, -0.82103],
							"size": [1.694, 0.17771, 0.17773],
							"pivot": [0, -0.25713, -0.8248],
							"rotation": [45, 0, 0],
							"uv": {
								"north": {"uv": [12, 3], "uv_size": [1.5, 0.25]},
								"east": {"uv": [24, 20.25], "uv_size": [0.5, 0.5]},
								"south": {"uv": [12, 4], "uv_size": [1.5, 0.25]},
								"west": {"uv": [21, 24.5], "uv_size": [0.5, 0.5]},
								"up": {"uv": [12, 7], "uv_size": [1.5, 0.25]},
								"down": {"uv": [8, 12.25], "uv_size": [1.5, -0.25]}
							}
						}
					]
				},
				{
					"name": "scope_illuminated",
					"parent": "scope_body",
					"pivot": [0, 16.0279, -1.35043]
				},
				{
					"name": "ocular",
					"parent": "bone",
					"pivot": [-0.00037, 0.68654, 2.46177],
					"cubes": [
						{
							"origin": [-0.66173, 0.66594, 0.36125],
							"size": [1.32346, 0.8538, 0.34262],
							"uv": {
								"south": {"uv": [6, 3], "uv_size": [1, 1]}
							}
						},
						{
							"origin": [-0.54073, 1.51974, 0.36125],
							"size": [1.08146, 0.242, 0.34262],
							"uv": {
								"south": {"uv": [6, 3], "uv_size": [1, 1]}
							}
						},
						{
							"origin": [-0.62391, 1.51974, 0.36125],
							"size": [0.08318, 0.05671, 0.34262],
							"uv": {
								"south": {"uv": [6, 3], "uv_size": [1, 1]}
							}
						},
						{
							"origin": [-0.60501, 1.57647, 0.36125],
							"size": [0.06428, 0.13233, 0.34262],
							"uv": {
								"south": {"uv": [6, 3], "uv_size": [1, 1]}
							}
						},
						{
							"origin": [0.54073, 1.51974, 0.36125],
							"size": [0.08318, 0.05671, 0.34262],
							"uv": {
								"south": {"uv": [7, 3], "uv_size": [-1, 1]}
							}
						},
						{
							"origin": [0.54073, 1.57647, 0.36125],
							"size": [0.06427, 0.13233, 0.34262],
							"uv": {
								"south": {"uv": [7, 3], "uv_size": [-1, 1]}
							}
						}
					]
				},
				{
					"name": "scope_view",
					"parent": "bone",
					"pivot": [0, 1.26292, 4.987]
				},
				{
					"name": "division",
					"parent": "bone",
					"pivot": [0, -0.121, -14.31]
				},
				{
					"name": "2_illuminated",
					"parent": "division",
					"pivot": [0, 1.26288, -17.698],
					"cubes": [
						{
							"origin": [-0.05267, 1.21021, -17.69842],
							"size": [0.10534, 0.10534, 0.00084],
							"inflate": 0.002,
							"pivot": [0, 1.26288, -17.698],
							"rotation": [0, 0, -45],
							"uv": {
								"south": {"uv": [0.75, 0.75], "uv_size": [-0.25, -0.25]}
							}
						},
						{
							"origin": [0.27858, 1.04146, -17.69842],
							"size": [0.04284, 0.44284, 0.00084],
							"inflate": 0.002,
							"pivot": [0, 1.26288, -17.698],
							"rotation": [0, 0, -45],
							"uv": {
								"south": {"uv": [1, 0.75], "uv_size": [-0.5, -0.25]}
							}
						},
						{
							"origin": [0.27858, 1.04146, -17.69842],
							"size": [0.04284, 0.44284, 0.00084],
							"inflate": 0.002,
							"pivot": [0, 1.26288, -17.698],
							"rotation": [0, 0, -135],
							"uv": {
								"south": {"uv": [1, 0.75], "uv_size": [-0.5, -0.25]}
							}
						},
						{
							"origin": [0.27858, 1.04146, -17.69842],
							"size": [0.04284, 0.44284, 0.00084],
							"inflate": 0.002,
							"pivot": [0, 1.26288, -17.698],
							"rotation": [0, 0, 135],
							"uv": {
								"south": {"uv": [1, 0.75], "uv_size": [-0.5, -0.25]}
							}
						},
						{
							"origin": [0.27858, 1.04146, -17.69842],
							"size": [0.04284, 0.44284, 0.00084],
							"inflate": 0.002,
							"pivot": [0, 1.26288, -17.698],
							"rotation": [0, 0, 45],
							"uv": {
								"south": {"uv": [1, 0.75], "uv_size": [-0.5, -0.25]}
							}
						}
					]
				}
			]
		}
	]
}