{
	"format_version": "1.12.0",
	"minecraft:geometry": [
		{
			"description": {
				"identifier": "geometry.unknown",
				"texture_width": 32,
				"texture_height": 32,
				"visible_bounds_width": 7,
				"visible_bounds_height": 3.5,
				"visible_bounds_offset": [0, 1.25, 0]
			},
			"bones": [
				{
					"name": "bone",
					"pivot": [0, 0, -1]
				},
				{
					"name": "scope_view",
					"parent": "bone",
					"pivot": [0, 1.34269, 5.087]
				},
				{
					"name": "ocular_ring",
					"parent": "bone",
					"pivot": [0.68062, 0.62222, 1.26068],
					"cubes": [
						{
							"origin": [0.61655, 1.19494, 1.04924],
							"size": [0.08277, 0.36258, 0.32078],
							"inflate": -0.001,
							"pivot": [0.68062, 0.62222, 1.26068],
							"rotation": [10, 0, 0],
							"uv": {
								"north": {"uv": [21, 25], "uv_size": [0.25, 0.25]},
								"east": {"uv": [25, 21], "uv_size": [0.25, 0.25]},
								"south": {"uv": [22, 25], "uv_size": [0.25, 0.25]},
								"west": {"uv": [25, 21.725], "uv_size": [0.25, 0.525]},
								"up": {"uv": [23, 25], "uv_size": [0.25, 0.25]},
								"down": {"uv": [25, 23.25], "uv_size": [0.25, -0.25]}
							}
						},
						{
							"origin": [0.61634, 1.54587, 1.0157],
							"size": [0.12857, 0.121, 0.18128],
							"pivot": [0.68062, 1.60637, 1.10634],
							"rotation": [10, 0, 0],
							"uv": {
								"north": {"uv": [26, 9], "uv_size": [0.25, 0.25]},
								"east": {"uv": [10, 26], "uv_size": [0.25, 0.25]},
								"south": {"uv": [26, 10], "uv_size": [0.25, 0.25]},
								"west": {"uv": [11, 26], "uv_size": [0.25, 0.25]},
								"up": {"uv": [26, 11], "uv_size": [0.25, 0.25]},
								"down": {"uv": [12, 26.25], "uv_size": [0.25, -0.25]}
							}
						},
						{
							"origin": [0.40399, 1.78129, 0.45027],
							"size": [0.32023, 0.06672, 0.74656],
							"pivot": [0.62176, 1.7792, 0.78891],
							"rotation": [-13.06431, 7.43547, 29.14743],
							"uv": {
								"north": {"uv": [26, 12], "uv_size": [0.25, 0.25]},
								"east": {"uv": [22, 22], "uv_size": [0.5, 0.25]},
								"south": {"uv": [13, 26], "uv_size": [0.25, 0.25]},
								"west": {"uv": [0, 23], "uv_size": [0.5, 0.25]},
								"up": {"uv": [23, 0], "uv_size": [0.25, 0.5]},
								"down": {"uv": [1, 23.5], "uv_size": [0.25, -0.5]}
							}
						},
						{
							"origin": [0.61634, 1.5906, 0.41161],
							"size": [0.12857, 0.12398, 0.74656],
							"pivot": [0.68062, 1.59587, 1.04675],
							"rotation": [-15, 0, 0],
							"uv": {
								"north": {"uv": [26, 1], "uv_size": [0.25, 0.25]},
								"east": {"uv": [15, 22], "uv_size": [0.5, 0.25]},
								"south": {"uv": [2, 26], "uv_size": [0.25, 0.25]},
								"west": {"uv": [22, 15], "uv_size": [0.5, 0.25]},
								"up": {"uv": [16, 22], "uv_size": [0.25, 0.5]},
								"down": {"uv": [22, 16.5], "uv_size": [0.25, -0.5]}
							}
						},
						{
							"origin": [-0.46757, 1.79857, 0.41161],
							"size": [0.93514, 0.07613, 0.74656],
							"pivot": [-0.68063, 1.59587, 1.04675],
							"rotation": [-15, 0, 0],
							"uv": {
								"north": {"uv": [4, 20], "uv_size": [0.75, 0.25]},
								"east": {"uv": [21, 22], "uv_size": [0.5, 0.25]},
								"south": {"uv": [20, 4], "uv_size": [0.75, 0.25]},
								"west": {"uv": [22, 21], "uv_size": [0.5, 0.25]},
								"up": {"uv": [6, 11], "uv_size": [0.75, 0.5]},
								"down": {"uv": [11, 7.5], "uv_size": [0.75, -0.5]}
							}
						},
						{
							"origin": [-0.72422, 1.78129, 0.45027],
							"size": [0.32023, 0.06672, 0.74656],
							"pivot": [-0.62176, 1.7792, 0.78891],
							"rotation": [-13.06431, -7.43547, -29.14743],
							"uv": {
								"north": {"uv": [26, 13], "uv_size": [0.25, 0.25]},
								"east": {"uv": [23, 1], "uv_size": [0.5, 0.25]},
								"south": {"uv": [14, 26], "uv_size": [0.25, 0.25]},
								"west": {"uv": [2, 23], "uv_size": [0.5, 0.25]},
								"up": {"uv": [23, 2], "uv_size": [0.25, 0.5]},
								"down": {"uv": [3, 23.5], "uv_size": [0.25, -0.5]}
							}
						},
						{
							"origin": [-0.74491, 1.54587, 1.0157],
							"size": [0.12857, 0.121, 0.18128],
							"pivot": [-0.68063, 1.60637, 1.10634],
							"rotation": [10, 0, 0],
							"uv": {
								"north": {"uv": [26.25, 9], "uv_size": [-0.25, 0.25]},
								"east": {"uv": [11.25, 26], "uv_size": [-0.25, 0.25]},
								"south": {"uv": [26.25, 10], "uv_size": [-0.25, 0.25]},
								"west": {"uv": [10.25, 26], "uv_size": [-0.25, 0.25]},
								"up": {"uv": [26.25, 11], "uv_size": [-0.25, 0.25]},
								"down": {"uv": [12.25, 26.25], "uv_size": [-0.25, -0.25]}
							}
						},
						{
							"origin": [-0.69932, 1.19494, 1.04924],
							"size": [0.08277, 0.36258, 0.32078],
							"inflate": -0.001,
							"pivot": [-0.68063, 0.62222, 1.26068],
							"rotation": [10, 0, 0],
							"uv": {
								"north": {"uv": [21.25, 25], "uv_size": [-0.25, 0.25]},
								"east": {"uv": [25.25, 21.725], "uv_size": [-0.25, 0.525]},
								"south": {"uv": [22.25, 25], "uv_size": [-0.25, 0.25]},
								"west": {"uv": [25.25, 21], "uv_size": [-0.25, 0.25]},
								"up": {"uv": [23.25, 25], "uv_size": [-0.25, 0.25]},
								"down": {"uv": [25.25, 23.25], "uv_size": [-0.25, -0.25]}
							}
						},
						{
							"origin": [-0.74491, 0.95273, 1.06793],
							"size": [0.12857, 0.242, 0.3023],
							"pivot": [-0.68063, 0.62222, 1.26068],
							"rotation": [10, 0, 0],
							"uv": {
								"north": {"uv": [23, 29], "uv_size": [0.25, 0.25]},
								"east": {"uv": [29, 23], "uv_size": [0.25, 0.25]},
								"south": {"uv": [24, 29], "uv_size": [0.25, 0.25]},
								"west": {"uv": [29, 24], "uv_size": [0.25, 0.25]},
								"up": {"uv": [25, 29], "uv_size": [0.25, 0.25]},
								"down": {"uv": [29, 25.25], "uv_size": [0.25, -0.25]}
							}
						},
						{
							"origin": [-0.83888, 0.91392, 1.04259],
							"size": [0.10154, 0.21458, 0.30229],
							"pivot": [-0.70572, 0.7623, 1.19373],
							"rotation": [9.6658, -2.57594, 14.78217],
							"uv": {
								"north": {"uv": [20, 29], "uv_size": [0.25, 0.25]},
								"east": {"uv": [29, 20], "uv_size": [0.25, 0.25]},
								"south": {"uv": [21, 29], "uv_size": [0.25, 0.25]},
								"west": {"uv": [29, 21], "uv_size": [0.25, 0.25]},
								"up": {"uv": [22, 29], "uv_size": [0.25, 0.25]},
								"down": {"uv": [29, 22.25], "uv_size": [0.25, -0.25]}
							}
						},
						{
							"origin": [0.61634, 0.95273, 1.06793],
							"size": [0.12857, 0.242, 0.3023],
							"pivot": [0.68062, 0.62222, 1.26068],
							"rotation": [10, 0, 0],
							"uv": {
								"north": {"uv": [17, 25], "uv_size": [0.25, 0.25]},
								"east": {"uv": [25, 17], "uv_size": [0.25, 0.25]},
								"south": {"uv": [18, 25], "uv_size": [0.25, 0.25]},
								"west": {"uv": [25, 18], "uv_size": [0.25, 0.25]},
								"up": {"uv": [19, 25], "uv_size": [0.25, 0.25]},
								"down": {"uv": [25, 19.25], "uv_size": [0.25, -0.25]}
							}
						},
						{
							"origin": [0.73734, 0.91392, 1.04259],
							"size": [0.10154, 0.21458, 0.30229],
							"pivot": [0.70572, 0.7623, 1.19373],
							"rotation": [9.6658, 2.57594, -14.78217],
							"uv": {
								"north": {"uv": [26, 20], "uv_size": [0.25, 0.25]},
								"east": {"uv": [21, 26], "uv_size": [0.25, 0.25]},
								"south": {"uv": [26, 21], "uv_size": [0.25, 0.25]},
								"west": {"uv": [22, 26], "uv_size": [0.25, 0.25]},
								"up": {"uv": [26, 22], "uv_size": [0.25, 0.25]},
								"down": {"uv": [23, 26.25], "uv_size": [0.25, -0.25]}
							}
						},
						{
							"origin": [0.61634, 0.59088, 1.06793],
							"size": [0.17876, 0.36185, 0.3023],
							"pivot": [0.68062, 0.62222, 1.26068],
							"rotation": [10, 0, 0],
							"uv": {
								"north": {"uv": [26, 17], "uv_size": [0.25, 0.25]},
								"east": {"uv": [18, 26], "uv_size": [0.25, 0.25]},
								"south": {"uv": [26, 18], "uv_size": [0.25, 0.25]},
								"west": {"uv": [19, 25.75], "uv_size": [0.25, 0.5]},
								"up": {"uv": [26, 19], "uv_size": [0.25, 0.25]},
								"down": {"uv": [20, 26.25], "uv_size": [0.25, -0.25]}
							}
						},
						{
							"origin": [-0.7951, 0.59088, 1.06793],
							"size": [0.17876, 0.36185, 0.3023],
							"pivot": [-0.68063, 0.62222, 1.26068],
							"rotation": [10, 0, 0],
							"uv": {
								"north": {"uv": [26.25, 17], "uv_size": [-0.25, 0.25]},
								"east": {"uv": [19.25, 25.75], "uv_size": [-0.25, 0.5]},
								"south": {"uv": [26.25, 18], "uv_size": [-0.25, 0.25]},
								"west": {"uv": [18.25, 26], "uv_size": [-0.25, 0.25]},
								"up": {"uv": [26.25, 19], "uv_size": [-0.25, 0.25]},
								"down": {"uv": [20.25, 26.25], "uv_size": [-0.25, -0.25]}
							}
						},
						{
							"origin": [0.61655, 0.62895, 1.04818],
							"size": [0.17834, 0.17659, 0.14307],
							"inflate": -0.001,
							"pivot": [0.68062, 0.83988, 1.30491],
							"rotation": [45, 0, 0],
							"uv": {
								"north": {"uv": [14, 25], "uv_size": [0.25, 0.25]},
								"east": {"uv": [25, 14], "uv_size": [0.25, 0.25]},
								"south": {"uv": [15, 25], "uv_size": [0.25, 0.25]},
								"west": {"uv": [25, 15], "uv_size": [0.25, 0.25]},
								"up": {"uv": [16, 25], "uv_size": [0.25, 0.25]},
								"down": {"uv": [25, 16.25], "uv_size": [0.25, -0.25]}
							}
						},
						{
							"origin": [-0.79489, 0.62895, 1.04818],
							"size": [0.17834, 0.17659, 0.14307],
							"inflate": -0.001,
							"pivot": [-0.68063, 0.83988, 1.30491],
							"rotation": [45, 0, 0],
							"uv": {
								"north": {"uv": [14, 29], "uv_size": [0.25, 0.25]},
								"east": {"uv": [29, 14], "uv_size": [0.25, 0.25]},
								"south": {"uv": [15, 29], "uv_size": [0.25, 0.25]},
								"west": {"uv": [29, 15], "uv_size": [0.25, 0.25]},
								"up": {"uv": [16, 29], "uv_size": [0.25, 0.25]},
								"down": {"uv": [29, 16.25], "uv_size": [0.25, -0.25]}
							}
						},
						{
							"origin": [-0.61634, 0.5089, 0.7545],
							"size": [1.23268, 0.35358, 0.51803],
							"uv": {
								"north": {"uv": [19, 8], "uv_size": [1, 0.25]},
								"east": {"uv": [11, 1], "uv_size": [1.75, 0.25]},
								"south": {"uv": [8.5625, 18.75], "uv_size": [1.875, 0.25]},
								"west": {"uv": [11, 2], "uv_size": [1.75, 0.25]},
								"up": {"uv": [3, 0], "uv_size": [1, 1.75]},
								"down": {"uv": [3, 3.75], "uv_size": [1, -1.75]}
							}
						},
						{
							"origin": [-0.49534, 0.86248, 0.3915],
							"size": [0.9869, 0.09452, 0.88103],
							"uv": {
								"north": {"uv": [20, 20], "uv_size": [0.75, 0.25]},
								"east": {"uv": [0, 21], "uv_size": [0.75, 0.25]},
								"south": {"uv": [21, 0], "uv_size": [0.75, 0.25]},
								"west": {"uv": [1, 21], "uv_size": [0.75, 0.25]},
								"up": {"uv": [0, 8], "uv_size": [0.75, 0.75]},
								"down": {"uv": [1, 8.75], "uv_size": [0.75, -0.75]}
							}
						},
						{
							"origin": [-0.61634, 1.37481, 1.2385],
							"size": [1.23268, 0.09971, 0.22718],
							"pivot": [0.56907, 1.52891, 0.22702],
							"rotation": [-30, 0, 0],
							"uv": {
								"north": {"uv": [19, 9], "uv_size": [1, 0.25]},
								"east": {"uv": [28, 29], "uv_size": [0.25, 0.25]},
								"south": {"uv": [10, 19], "uv_size": [1, 0.25]},
								"west": {"uv": [29, 28], "uv_size": [0.25, 0.25]},
								"up": {"uv": [19, 10], "uv_size": [1, 0.25]},
								"down": {"uv": [11, 19.25], "uv_size": [1, -0.25]}
							}
						},
						{
							"origin": [-0.64282, 0.86248, 0.7545],
							"size": [1.28564, 0.1399, 0.40082],
							"uv": {
								"north": {"uv": [7, 19], "uv_size": [1, 0.25]},
								"east": {"uv": [9, 10], "uv_size": [1.75, 0.25]},
								"south": {"uv": [8, 19], "uv_size": [1, 0.25]},
								"west": {"uv": [11, 0], "uv_size": [1.75, 0.25]},
								"up": {"uv": [1, 2], "uv_size": [1, 1.75]},
								"down": {"uv": [2, 3.75], "uv_size": [1, -1.75]}
							}
						},
						{
							"origin": [0.55963, 1.00238, 0.7545],
							"size": [0.08319, 0.73921, 0.40082],
							"uv": {
								"north": {"uv": [23, 15], "uv_size": [0.25, 0.5]},
								"east": {"uv": [0, 6], "uv_size": [1.75, 0.5]},
								"south": {"uv": [16, 23], "uv_size": [0.25, 0.5]},
								"west": {"uv": [2, 6], "uv_size": [1.75, 0.5]},
								"up": {"uv": [2, 10], "uv_size": [0.25, 1.75]},
								"down": {"uv": [4, 11.75], "uv_size": [0.25, -1.75]}
							}
						},
						{
							"origin": [0.47246, 1.70948, 0.7545],
							"size": [0.18359, 0.12077, 0.40082],
							"pivot": [0.484, 1.81061, 0.1684],
							"rotation": [0, 0, 30],
							"uv": {
								"north": {"uv": [10, 29], "uv_size": [0.25, 0.25]},
								"east": {"uv": [5, 10], "uv_size": [1.75, 0.25]},
								"south": {"uv": [29, 10], "uv_size": [0.25, 0.25]},
								"west": {"uv": [10, 6], "uv_size": [1.75, 0.25]},
								"up": {"uv": [7, 10], "uv_size": [0.25, 1.75]},
								"down": {"uv": [10, 9.75], "uv_size": [0.25, -1.75]}
							}
						},
						{
							"origin": [-0.48382, 1.72838, 0.7545],
							"size": [0.96763, 0.10501, 0.40082],
							"uv": {
								"north": {"uv": [19, 20], "uv_size": [0.75, 0.25]},
								"east": {"uv": [9, 4], "uv_size": [1.75, 0.25]},
								"south": {"uv": [20, 19], "uv_size": [0.75, 0.25]},
								"west": {"uv": [9, 5], "uv_size": [1.75, 0.25]},
								"up": {"uv": [1, 4], "uv_size": [0.75, 1.75]},
								"down": {"uv": [2, 5.75], "uv_size": [0.75, -1.75]}
							}
						},
						{
							"origin": [-0.65605, 1.70948, 0.7545],
							"size": [0.18359, 0.12077, 0.40082],
							"pivot": [-0.484, 1.81061, 0.1684],
							"rotation": [0, 0, -30],
							"uv": {
								"north": {"uv": [9, 29], "uv_size": [0.25, 0.25]},
								"east": {"uv": [6, 9], "uv_size": [1.75, 0.25]},
								"south": {"uv": [29, 9], "uv_size": [0.25, 0.25]},
								"west": {"uv": [9, 7], "uv_size": [1.75, 0.25]},
								"up": {"uv": [8, 9], "uv_size": [0.25, 1.75]},
								"down": {"uv": [9, 9.75], "uv_size": [0.25, -1.75]}
							}
						},
						{
							"origin": [-0.64282, 1.00238, 0.7545],
							"size": [0.08319, 0.73921, 0.40082],
							"uv": {
								"north": {"uv": [23, 14], "uv_size": [0.25, 0.5]},
								"east": {"uv": [5, 4], "uv_size": [1.75, 0.5]},
								"south": {"uv": [15, 23], "uv_size": [0.25, 0.5]},
								"west": {"uv": [5, 5], "uv_size": [1.75, 0.5]},
								"up": {"uv": [1, 10], "uv_size": [0.25, 1.75]},
								"down": {"uv": [10, 2.75], "uv_size": [0.25, -1.75]}
							}
						},
						{
							"origin": [-0.61634, 0.8719, 1.1175],
							"size": [1.23268, 0.18345, 0.10335],
							"pivot": [0, 0.68569, 0.22702],
							"rotation": [-30, 0, 0],
							"uv": {
								"north": {"uv": [19, 11], "uv_size": [1, 0.25]},
								"east": {"uv": [29, 29], "uv_size": [0.25, 0.25]},
								"south": {"uv": [12, 19], "uv_size": [1, 0.25]},
								"west": {"uv": [0, 30], "uv_size": [0.25, 0.25]},
								"up": {"uv": [19, 12], "uv_size": [1, 0.25]},
								"down": {"uv": [13, 19.25], "uv_size": [1, -0.25]}
							}
						},
						{
							"origin": [-0.61634, 0.2726, 1.15909],
							"size": [1.23268, 0.2363, 0.0605],
							"uv": {
								"north": {"uv": [4, 19], "uv_size": [1, 0.25]},
								"east": {"uv": [8, 29], "uv_size": [0.25, 0.25]},
								"south": {"uv": [19, 4], "uv_size": [1, 0.25]},
								"west": {"uv": [29, 8], "uv_size": [0.25, 0.25]},
								"up": {"uv": [5, 19], "uv_size": [1, 0.25]},
								"down": {"uv": [6, 19.25], "uv_size": [1, -0.25]}
							}
						},
						{
							"origin": [-0.61634, 0.95708, 0.81508],
							"size": [1.23268, 0.08556, 0.08556],
							"pivot": [0, 0.27259, 0.13059],
							"rotation": [-45, 0, 0],
							"uv": {
								"north": {"uv": [18, 13], "uv_size": [1, 0.25]},
								"east": {"uv": [0, 25], "uv_size": [0.25, 0.25]},
								"south": {"uv": [14, 18], "uv_size": [1, 0.25]},
								"west": {"uv": [25, 0], "uv_size": [0.25, 0.25]},
								"up": {"uv": [18, 14], "uv_size": [1, 0.25]},
								"down": {"uv": [15, 18.25], "uv_size": [1, -0.25]}
							}
						}
					]
				},
				{
					"name": "scope_body",
					"parent": "bone",
					"pivot": [0, -0.737, 0.089],
					"cubes": [
						{
							"origin": [0.59744, 0.00791, 0.694],
							"size": [0.10965, 0.20419, 0.605],
							"uv": {
								"north": {"uv": [24, 10], "uv_size": [0.25, 0.25]},
								"east": {"uv": [21, 16], "uv_size": [0.5, 0.25]},
								"south": {"uv": [11, 24], "uv_size": [0.25, 0.25]},
								"west": {"uv": [17, 21], "uv_size": [0.5, 0.25]},
								"up": {"uv": [21, 17], "uv_size": [0.25, 0.5]},
								"down": {"uv": [18, 21.5], "uv_size": [0.25, -0.5]}
							}
						},
						{
							"origin": [0.55963, 1.00238, -0.8185],
							"size": [0.08319, 0.73921, 1.61082],
							"uv": {
								"north": {"uv": [23, 15], "uv_size": [0.25, 0.5]},
								"east": {"uv": [0, 6], "uv_size": [1.75, 0.5]},
								"south": {"uv": [16, 23], "uv_size": [0.25, 0.5]},
								"west": {"uv": [2, 6], "uv_size": [1.75, 0.5]},
								"up": {"uv": [2, 10], "uv_size": [0.25, 1.75]},
								"down": {"uv": [4, 11.75], "uv_size": [0.25, -1.75]}
							}
						},
						{
							"origin": [-0.64282, 0.86248, -0.8185],
							"size": [1.28564, 0.1399, 1.61082],
							"uv": {
								"north": {"uv": [7, 19], "uv_size": [1, 0.25]},
								"east": {"uv": [9, 10], "uv_size": [1.75, 0.25]},
								"south": {"uv": [8, 19], "uv_size": [1, 0.25]},
								"west": {"uv": [11, 0], "uv_size": [1.75, 0.25]},
								"up": {"uv": [1, 2], "uv_size": [1, 1.75]},
								"down": {"uv": [2, 3.75], "uv_size": [1, -1.75]}
							}
						},
						{
							"origin": [-0.64282, 1.00238, -0.8185],
							"size": [0.08319, 0.73921, 1.61082],
							"uv": {
								"north": {"uv": [23, 14], "uv_size": [0.25, 0.5]},
								"east": {"uv": [5, 4], "uv_size": [1.75, 0.5]},
								"south": {"uv": [15, 23], "uv_size": [0.25, 0.5]},
								"west": {"uv": [5, 5], "uv_size": [1.75, 0.5]},
								"up": {"uv": [1, 10], "uv_size": [0.25, 1.75]},
								"down": {"uv": [10, 2.75], "uv_size": [0.25, -1.75]}
							}
						},
						{
							"origin": [-0.65605, 1.70948, -0.8185],
							"size": [0.18359, 0.12077, 1.61082],
							"pivot": [-0.484, 1.81061, -1.4046],
							"rotation": [0, 0, -30],
							"uv": {
								"north": {"uv": [9, 29], "uv_size": [0.25, 0.25]},
								"east": {"uv": [6, 9], "uv_size": [1.75, 0.25]},
								"south": {"uv": [29, 9], "uv_size": [0.25, 0.25]},
								"west": {"uv": [9, 7], "uv_size": [1.75, 0.25]},
								"up": {"uv": [8, 9], "uv_size": [0.25, 1.75]},
								"down": {"uv": [9, 9.75], "uv_size": [0.25, -1.75]}
							}
						},
						{
							"origin": [-0.48382, 1.72838, -0.8185],
							"size": [0.96763, 0.10501, 1.61082],
							"uv": {
								"north": {"uv": [19, 20], "uv_size": [0.75, 0.25]},
								"east": {"uv": [9, 4], "uv_size": [1.75, 0.25]},
								"south": {"uv": [20, 19], "uv_size": [0.75, 0.25]},
								"west": {"uv": [9, 5], "uv_size": [1.75, 0.25]},
								"up": {"uv": [1, 4], "uv_size": [0.75, 1.75]},
								"down": {"uv": [2, 5.75], "uv_size": [0.75, -1.75]}
							}
						},
						{
							"origin": [0.47246, 1.70948, -0.8185],
							"size": [0.18359, 0.12077, 1.61082],
							"pivot": [0.484, 1.81061, -1.4046],
							"rotation": [0, 0, 30],
							"uv": {
								"north": {"uv": [10, 29], "uv_size": [0.25, 0.25]},
								"east": {"uv": [5, 10], "uv_size": [1.75, 0.25]},
								"south": {"uv": [29, 10], "uv_size": [0.25, 0.25]},
								"west": {"uv": [10, 6], "uv_size": [1.75, 0.25]},
								"up": {"uv": [7, 10], "uv_size": [0.25, 1.75]},
								"down": {"uv": [10, 9.75], "uv_size": [0.25, -1.75]}
							}
						},
						{
							"origin": [-0.70709, 0.00791, 0.694],
							"size": [0.10965, 0.20419, 0.605],
							"uv": {
								"north": {"uv": [24.25, 10], "uv_size": [-0.25, 0.25]},
								"east": {"uv": [17.5, 21], "uv_size": [-0.5, 0.25]},
								"south": {"uv": [11.25, 24], "uv_size": [-0.25, 0.25]},
								"west": {"uv": [21.5, 16], "uv_size": [-0.5, 0.25]},
								"up": {"uv": [21.25, 17], "uv_size": [-0.25, 0.5]},
								"down": {"uv": [18.25, 21.5], "uv_size": [-0.25, -0.5]}
							}
						},
						{
							"origin": [0.38191, 0.14948, -0.153],
							"size": [0.13354, 0.2833, 0.52348],
							"pivot": [0, -0.05177, 0.10873],
							"rotation": [0, 0, 45],
							"uv": {
								"north": {"uv": [24, 17], "uv_size": [0.25, 0.25]},
								"east": {"uv": [8, 22], "uv_size": [0.5, 0.25]},
								"south": {"uv": [18, 24], "uv_size": [0.25, 0.25]},
								"west": {"uv": [22, 8], "uv_size": [0.5, 0.25]},
								"up": {"uv": [9, 22], "uv_size": [0.25, 0.5]},
								"down": {"uv": [22, 9.5], "uv_size": [0.25, -0.5]}
							}
						},
						{
							"origin": [-0.51545, 0.14948, -0.758],
							"size": [0.13354, 0.2833, 0.28148],
							"pivot": [0, -0.05177, -0.73827],
							"rotation": [0, 0, -45],
							"uv": {
								"north": {"uv": [4, 25], "uv_size": [0.25, 0.25]},
								"east": {"uv": [25, 4], "uv_size": [0.25, 0.25]},
								"south": {"uv": [5, 25], "uv_size": [0.25, 0.25]},
								"west": {"uv": [25, 5], "uv_size": [0.25, 0.25]},
								"up": {"uv": [6, 25], "uv_size": [0.25, 0.25]},
								"down": {"uv": [25, 6.25], "uv_size": [0.25, -0.25]}
							}
						},
						{
							"origin": [-0.51545, 0.14948, 0.694],
							"size": [0.13354, 0.2833, 0.52348],
							"pivot": [0, -0.05177, 0.95573],
							"rotation": [0, 0, -45],
							"uv": {
								"north": {"uv": [3, 25], "uv_size": [0.25, 0.25]},
								"east": {"uv": [12, 22], "uv_size": [0.5, 0.25]},
								"south": {"uv": [25, 3], "uv_size": [0.25, 0.25]},
								"west": {"uv": [22, 12], "uv_size": [0.5, 0.25]},
								"up": {"uv": [13, 22], "uv_size": [0.25, 0.5]},
								"down": {"uv": [22, 13.5], "uv_size": [0.25, -0.5]}
							}
						},
						{
							"origin": [-0.51545, 0.14948, -0.153],
							"size": [0.13354, 0.2833, 0.52348],
							"pivot": [0, -0.05177, 0.10873],
							"rotation": [0, 0, -45],
							"uv": {
								"north": {"uv": [2, 25], "uv_size": [0.25, 0.25]},
								"east": {"uv": [10, 22], "uv_size": [0.5, 0.25]},
								"south": {"uv": [25, 2], "uv_size": [0.25, 0.25]},
								"west": {"uv": [22, 10], "uv_size": [0.5, 0.25]},
								"up": {"uv": [11, 22], "uv_size": [0.25, 0.5]},
								"down": {"uv": [22, 11.5], "uv_size": [0.25, -0.5]}
							}
						},
						{
							"origin": [-0.7071, -0.07362, -0.153],
							"size": [1.4142, 0.28571, 0.52348],
							"uv": {
								"north": {"uv": [9, 12], "uv_size": [1.25, 0.25]},
								"east": {"uv": [7, 22], "uv_size": [0.5, 0.25]},
								"south": {"uv": [12, 9], "uv_size": [1.25, 0.25]},
								"west": {"uv": [22, 7], "uv_size": [0.5, 0.25]},
								"up": {"uv": [7, 0], "uv_size": [1.25, 0.5]},
								"down": {"uv": [7, 1.5], "uv_size": [1.25, -0.5]}
							}
						},
						{
							"origin": [0.38191, 0.14948, -0.758],
							"size": [0.13354, 0.2833, 0.28148],
							"pivot": [0, -0.05177, -0.73827],
							"rotation": [0, 0, 45],
							"uv": {
								"north": {"uv": [24, 19], "uv_size": [0.25, 0.25]},
								"east": {"uv": [20, 24], "uv_size": [0.25, 0.25]},
								"south": {"uv": [24, 20], "uv_size": [0.25, 0.25]},
								"west": {"uv": [21, 24], "uv_size": [0.25, 0.25]},
								"up": {"uv": [24, 21], "uv_size": [0.25, 0.25]},
								"down": {"uv": [22, 24.25], "uv_size": [0.25, -0.25]}
							}
						},
						{
							"origin": [-0.7071, -0.07362, -0.758],
							"size": [1.4142, 0.28571, 0.28148],
							"uv": {
								"north": {"uv": [12, 10], "uv_size": [1.25, 0.25]},
								"east": {"uv": [24, 18], "uv_size": [0.25, 0.25]},
								"south": {"uv": [11, 12], "uv_size": [1.25, 0.25]},
								"west": {"uv": [19, 24], "uv_size": [0.25, 0.25]},
								"up": {"uv": [12, 11], "uv_size": [1.25, 0.25]},
								"down": {"uv": [0, 13.25], "uv_size": [1.25, -0.25]}
							}
						},
						{
							"origin": [-0.7071, 0.0104, -0.90352],
							"size": [1.4142, 0.20169, 0.14552],
							"uv": {
								"north": {"uv": [13, 3], "uv_size": [1.25, 0.25]},
								"east": {"uv": [24, 23], "uv_size": [0.25, 0.25]},
								"south": {"uv": [4, 13], "uv_size": [1.25, 0.25]},
								"west": {"uv": [24, 24], "uv_size": [0.25, 0.25]},
								"up": {"uv": [13, 4], "uv_size": [1.25, 0.25]},
								"down": {"uv": [6, 13.25], "uv_size": [1.25, -0.25]}
							}
						},
						{
							"origin": [-0.70689, 0.11991, -0.81114],
							"size": [1.41378, 0.1676, 0.09241],
							"inflate": -0.001,
							"pivot": [0, 0.06923, -0.61727],
							"rotation": [60, 0, 0],
							"uv": {
								"north": {"uv": [13, 0], "uv_size": [1.25, 0.25]},
								"east": {"uv": [24, 22], "uv_size": [0.25, 0.25]},
								"south": {"uv": [13, 1], "uv_size": [1.25, 0.25]},
								"west": {"uv": [23, 24], "uv_size": [0.25, 0.25]},
								"up": {"uv": [2, 13], "uv_size": [1.25, 0.25]},
								"down": {"uv": [13, 2.25], "uv_size": [1.25, -0.25]}
							}
						},
						{
							"origin": [-0.59744, 0.12891, 0.694],
							"size": [1.19488, 0.08319, 0.605],
							"uv": {
								"north": {"uv": [18, 8], "uv_size": [1, 0.25]},
								"east": {"uv": [4, 22], "uv_size": [0.5, 0.25]},
								"south": {"uv": [18, 9], "uv_size": [1, 0.25]},
								"west": {"uv": [22, 4], "uv_size": [0.5, 0.25]},
								"up": {"uv": [4, 8], "uv_size": [1, 0.5]},
								"down": {"uv": [5, 8.5], "uv_size": [1, -0.5]}
							}
						},
						{
							"origin": [-0.63525, -0.1131, -0.637],
							"size": [1.2705, 0.32519, 1.75072],
							"uv": {
								"north": {"uv": [12, 18], "uv_size": [1, 0.25]},
								"east": {"uv": [11, 3], "uv_size": [1.5, 0.25]},
								"south": {"uv": [13, 18], "uv_size": [1, 0.25]},
								"west": {"uv": [11, 4], "uv_size": [1.5, 0.25]},
								"up": {"uv": [0, 4], "uv_size": [1, 1.5]},
								"down": {"uv": [4, 1.5], "uv_size": [1, -1.5]}
							}
						},
						{
							"origin": [-0.61632, 0.21209, -0.90352],
							"size": [1.23263, 0.29681, 2.06261],
							"uv": {
								"north": {"uv": [18, 15], "uv_size": [1, 0.25]},
								"east": {"uv": [9, 3], "uv_size": [1.75, 0.25]},
								"south": {"uv": [16, 18], "uv_size": [1, 0.25]},
								"west": {"uv": [4, 9], "uv_size": [1.75, 0.25]},
								"up": {"uv": [0, 2], "uv_size": [1, 1.75]},
								"down": {"uv": [2, 1.75], "uv_size": [1, -1.75]}
							}
						},
						{
							"origin": [-0.61632, 0.23693, -0.90679],
							"size": [1.23263, 0.51397, 0.37188],
							"pivot": [0, 0.36049, 0.1278],
							"rotation": [-15, 0, 0],
							"uv": {
								"north": {"uv": [19, 13], "uv_size": [1, 0.25]},
								"east": {"uv": [30, 0], "uv_size": [0.25, 0.25]},
								"south": {"uv": [14, 19], "uv_size": [1, 0.25]},
								"west": {"uv": [1, 30], "uv_size": [0.25, 0.25]},
								"up": {"uv": [19, 14], "uv_size": [1, 0.25]},
								"down": {"uv": [15, 19.25], "uv_size": [1, -0.25]}
							}
						},
						{
							"origin": [0.61634, 0.5089, 1.057],
							"size": [0.17876, 0.18719, 0.21552],
							"uv": {
								"north": {"uv": [11, 25], "uv_size": [0.25, 0.25]},
								"east": {"uv": [25, 11], "uv_size": [0.25, 0.25]},
								"south": {"uv": [12, 25], "uv_size": [0.25, 0.25]},
								"west": {"uv": [25, 12], "uv_size": [0.25, 0.25]},
								"up": {"uv": [13, 25], "uv_size": [0.25, 0.25]},
								"down": {"uv": [25, 13.25], "uv_size": [0.25, -0.25]}
							}
						},
						{
							"origin": [0.61613, 0.50869, 0.06232],
							"size": [0.17918, 0.59243, 0.99489],
							"inflate": 0.001,
							"uv": {
								"north": {"uv": [14, 22], "uv_size": [0.25, 0.5]},
								"east": {"uv": [0, 11], "uv_size": [0.75, 0.5]},
								"south": {"uv": [22, 14], "uv_size": [0.25, 0.5]},
								"west": {"uv": [3, 11], "uv_size": [0.75, 0.5]},
								"up": {"uv": [2, 20], "uv_size": [0.25, 0.75]},
								"down": {"uv": [20, 2.75], "uv_size": [0.25, -0.75]}
							}
						},
						{
							"origin": [0.61634, 0.68663, 0.32344],
							"size": [0.21658, 0.2101, 0.20419],
							"uv": {
								"north": {"uv": [3, 31], "uv_size": [0.25, 0.25]},
								"east": {"uv": [31, 3], "uv_size": [0.25, 0.25]},
								"south": {"uv": [4, 31], "uv_size": [0.25, 0.25]},
								"west": {"uv": [30.75, 4], "uv_size": [0.5, 0.25]},
								"up": {"uv": [5, 31], "uv_size": [0.25, 0.25]},
								"down": {"uv": [31, 5.25], "uv_size": [0.25, -0.25]}
							}
						},
						{
							"origin": [0.61634, 0.68663, 0.56544],
							"size": [0.21658, 0.2101, 0.20419],
							"uv": {
								"north": {"uv": [6, 31], "uv_size": [0.25, 0.25]},
								"east": {"uv": [31, 6], "uv_size": [0.25, 0.25]},
								"south": {"uv": [7, 31], "uv_size": [0.25, 0.25]},
								"west": {"uv": [31, 7], "uv_size": [0.5, 0.25]},
								"up": {"uv": [8, 31], "uv_size": [0.25, 0.25]},
								"down": {"uv": [31, 8.25], "uv_size": [0.25, -0.25]}
							}
						},
						{
							"origin": [-0.83292, 0.68663, 0.32344],
							"size": [0.21658, 0.2101, 0.20419],
							"uv": {
								"north": {"uv": [12, 31], "uv_size": [0.25, 0.25]},
								"east": {"uv": [31, 12], "uv_size": [0.25, 0.25]},
								"south": {"uv": [13, 31], "uv_size": [0.25, 0.25]},
								"west": {"uv": [31, 13], "uv_size": [0.25, 0.25]},
								"up": {"uv": [14, 31], "uv_size": [0.25, 0.25]},
								"down": {"uv": [31, 14.25], "uv_size": [0.25, -0.25]}
							}
						},
						{
							"origin": [-0.83292, 0.68663, 0.56544],
							"size": [0.21658, 0.2101, 0.20419],
							"uv": {
								"north": {"uv": [9, 31], "uv_size": [0.25, 0.25]},
								"east": {"uv": [31, 9], "uv_size": [0.25, 0.25]},
								"south": {"uv": [10, 31], "uv_size": [0.25, 0.25]},
								"west": {"uv": [31, 10], "uv_size": [0.25, 0.25]},
								"up": {"uv": [11, 31], "uv_size": [0.25, 0.25]},
								"down": {"uv": [31, 11.25], "uv_size": [0.25, -0.25]}
							}
						},
						{
							"origin": [0.85834, 0.5089, -0.17947],
							"size": [0.07465, 0.59201, 0.28369],
							"pivot": [0.70572, 0.80491, 0.60702],
							"rotation": [0, 15, 0],
							"uv": {
								"north": {"uv": [23, 16], "uv_size": [0.25, 0.5]},
								"east": {"uv": [17, 23], "uv_size": [0.25, 0.5]},
								"south": {"uv": [23, 17], "uv_size": [0.25, 0.5]},
								"west": {"uv": [18, 23], "uv_size": [0.25, 0.5]},
								"up": {"uv": [26, 29], "uv_size": [0.25, 0.25]},
								"down": {"uv": [29, 26.25], "uv_size": [0.25, -0.25]}
							}
						},
						{
							"origin": [-0.93299, 0.5089, -0.17947],
							"size": [0.07465, 0.59201, 0.28369],
							"pivot": [-0.70572, 0.80491, 0.60702],
							"rotation": [0, -15, 0],
							"uv": {
								"north": {"uv": [23, 18], "uv_size": [0.25, 0.5]},
								"east": {"uv": [19, 23], "uv_size": [0.25, 0.5]},
								"south": {"uv": [23, 19], "uv_size": [0.25, 0.5]},
								"west": {"uv": [20, 23], "uv_size": [0.25, 0.5]},
								"up": {"uv": [27, 29], "uv_size": [0.25, 0.25]},
								"down": {"uv": [29, 27.25], "uv_size": [0.25, -0.25]}
							}
						},
						{
							"origin": [0.73734, 0.91392, 1.04259],
							"size": [0.10154, 0.21458, 0.30229],
							"pivot": [0.70572, 0.7623, 1.19373],
							"rotation": [9.6658, 2.57594, -14.78217],
							"uv": {
								"north": {"uv": [20.25, 29], "uv_size": [-0.25, 0.25]},
								"east": {"uv": [29.25, 21], "uv_size": [-0.25, 0.25]},
								"south": {"uv": [21.25, 29], "uv_size": [-0.25, 0.25]},
								"west": {"uv": [29.25, 20], "uv_size": [-0.25, 0.25]},
								"up": {"uv": [22.25, 29], "uv_size": [-0.25, 0.25]},
								"down": {"uv": [29.25, 22.25], "uv_size": [-0.25, -0.25]}
							}
						},
						{
							"origin": [-0.7951, 0.5089, 1.057],
							"size": [0.17876, 0.18719, 0.21552],
							"uv": {
								"north": {"uv": [11, 29], "uv_size": [0.25, 0.25]},
								"east": {"uv": [29, 11], "uv_size": [0.25, 0.25]},
								"south": {"uv": [12, 29], "uv_size": [0.25, 0.25]},
								"west": {"uv": [29, 12], "uv_size": [0.25, 0.25]},
								"up": {"uv": [13, 29], "uv_size": [0.25, 0.25]},
								"down": {"uv": [29, 13.25], "uv_size": [0.25, -0.25]}
							}
						},
						{
							"origin": [-0.79531, 0.50869, 0.06232],
							"size": [0.17918, 0.59243, 0.99489],
							"inflate": 0.001,
							"uv": {
								"north": {"uv": [23, 20], "uv_size": [0.25, 0.5]},
								"east": {"uv": [11, 11], "uv_size": [0.75, 0.5]},
								"south": {"uv": [21, 23], "uv_size": [0.25, 0.5]},
								"west": {"uv": [0, 12], "uv_size": [0.75, 0.5]},
								"up": {"uv": [21, 1], "uv_size": [0.25, 0.75]},
								"down": {"uv": [2, 21.75], "uv_size": [0.25, -0.75]}
							}
						},
						{
							"origin": [-0.74491, 0.6961, -0.032],
							"size": [0.12857, 0.24199, 1.30452],
							"uv": {
								"north": {"uv": [20, 25], "uv_size": [0.25, 0.25]},
								"east": {"uv": [18, 16], "uv_size": [1, 0.25]},
								"south": {"uv": [25, 20], "uv_size": [0.25, 0.25]},
								"west": {"uv": [17, 18], "uv_size": [1, 0.25]},
								"up": {"uv": [18, 17], "uv_size": [0.25, 1]},
								"down": {"uv": [18, 19], "uv_size": [0.25, -1]}
							}
						},
						{
							"origin": [0.61634, 0.5089, -1],
							"size": [0.12857, 0.30819, 2.27252],
							"uv": {
								"north": {"uv": [3, 27], "uv_size": [0.25, 0.25]},
								"east": {"uv": [6, 8], "uv_size": [2, 0.25]},
								"south": {"uv": [27, 3], "uv_size": [0.25, 0.25]},
								"west": {"uv": [8, 6], "uv_size": [2, 0.25]},
								"up": {"uv": [8, 7], "uv_size": [0.25, 2]},
								"down": {"uv": [0, 11], "uv_size": [0.25, -2]}
							}
						},
						{
							"origin": [-0.74491, 0.5089, -1],
							"size": [0.12857, 0.30819, 2.27252],
							"uv": {
								"north": {"uv": [20, 27], "uv_size": [0.25, 0.25]},
								"east": {"uv": [9, 0], "uv_size": [2, 0.25]},
								"south": {"uv": [27, 20], "uv_size": [0.25, 0.25]},
								"west": {"uv": [1, 9], "uv_size": [2, 0.25]},
								"up": {"uv": [9, 1], "uv_size": [0.25, 2]},
								"down": {"uv": [3, 11], "uv_size": [0.25, -2]}
							}
						},
						{
							"origin": [0.61634, 0.31222, -1.01736],
							"size": [0.12857, 0.19668, 0.69799],
							"uv": {
								"north": {"uv": [10, 27], "uv_size": [0.25, 0.25]},
								"east": {"uv": [23, 3], "uv_size": [0.5, 0.25]},
								"south": {"uv": [27, 10], "uv_size": [0.25, 0.25]},
								"west": {"uv": [4, 23], "uv_size": [0.5, 0.25]},
								"up": {"uv": [23, 4], "uv_size": [0.25, 0.5]},
								"down": {"uv": [5, 23.5], "uv_size": [0.25, -0.5]}
							}
						},
						{
							"origin": [-0.7447, 0.10115, -0.48816],
							"size": [0.12815, 0.16554, 0.30847],
							"inflate": -0.001,
							"pivot": [-0.68063, 0.41056, -0.65891],
							"rotation": [45, 0, 0],
							"uv": {
								"north": {"uv": [22, 27], "uv_size": [0.25, 0.25]},
								"east": {"uv": [27, 22], "uv_size": [0.25, 0.25]},
								"south": {"uv": [23, 27], "uv_size": [0.25, 0.25]},
								"west": {"uv": [27, 23], "uv_size": [0.25, 0.25]},
								"up": {"uv": [24, 27], "uv_size": [0.25, 0.25]},
								"down": {"uv": [27, 24.25], "uv_size": [0.25, -0.25]}
							}
						},
						{
							"origin": [-0.74491, 0.31222, -1.01736],
							"size": [0.12857, 0.19668, 0.69799],
							"uv": {
								"north": {"uv": [21, 27], "uv_size": [0.25, 0.25]},
								"east": {"uv": [23, 5], "uv_size": [0.5, 0.25]},
								"south": {"uv": [27, 21], "uv_size": [0.25, 0.25]},
								"west": {"uv": [6, 23], "uv_size": [0.5, 0.25]},
								"up": {"uv": [23, 6], "uv_size": [0.25, 0.5]},
								"down": {"uv": [7, 23.5], "uv_size": [0.25, -0.5]}
							}
						},
						{
							"origin": [0.61655, 0.10115, -0.48816],
							"size": [0.12815, 0.16554, 0.30847],
							"inflate": -0.001,
							"pivot": [0.68062, 0.41056, -0.65891],
							"rotation": [45, 0, 0],
							"uv": {
								"north": {"uv": [11, 27], "uv_size": [0.25, 0.25]},
								"east": {"uv": [27, 11], "uv_size": [0.25, 0.25]},
								"south": {"uv": [12, 27], "uv_size": [0.25, 0.25]},
								"west": {"uv": [27, 12], "uv_size": [0.25, 0.25]},
								"up": {"uv": [13, 27], "uv_size": [0.25, 0.25]},
								"down": {"uv": [27, 13.25], "uv_size": [0.25, -0.25]}
							}
						},
						{
							"origin": [0.61655, 0.50911, -1.12079],
							"size": [0.12815, 0.29607, 0.24338],
							"inflate": -0.001,
							"pivot": [0.68062, 0.66299, -0.95273],
							"rotation": [45, 0, 0],
							"uv": {
								"north": {"uv": [4, 27], "uv_size": [0.25, 0.25]},
								"east": {"uv": [27, 4], "uv_size": [0.25, 0.25]},
								"south": {"uv": [5, 27], "uv_size": [0.25, 0.25]},
								"west": {"uv": [27, 5], "uv_size": [0.25, 0.25]},
								"up": {"uv": [6, 27], "uv_size": [0.25, 0.25]},
								"down": {"uv": [27, 6.25], "uv_size": [0.25, -0.25]}
							}
						},
						{
							"origin": [-0.7447, 0.35705, -1.14642],
							"size": [0.12815, 0.36642, 0.28674],
							"inflate": -0.001,
							"pivot": [-0.68063, 0.62608, -0.98138],
							"rotation": [25, 0, 0],
							"uv": {
								"north": {"uv": [17, 27], "uv_size": [0.25, 0.25]},
								"east": {"uv": [27, 17], "uv_size": [0.25, 0.25]},
								"south": {"uv": [18, 27], "uv_size": [0.25, 0.25]},
								"west": {"uv": [27, 18], "uv_size": [0.25, 0.25]},
								"up": {"uv": [19, 27], "uv_size": [0.25, 0.25]},
								"down": {"uv": [27, 19.25], "uv_size": [0.25, -0.25]}
							}
						},
						{
							"origin": [-0.7447, 0.50911, -1.12079],
							"size": [0.12815, 0.29607, 0.24338],
							"inflate": -0.001,
							"pivot": [-0.68063, 0.66299, -0.95273],
							"rotation": [45, 0, 0],
							"uv": {
								"north": {"uv": [14, 27], "uv_size": [0.25, 0.25]},
								"east": {"uv": [27, 14], "uv_size": [0.25, 0.25]},
								"south": {"uv": [15, 27], "uv_size": [0.25, 0.25]},
								"west": {"uv": [27, 15], "uv_size": [0.25, 0.25]},
								"up": {"uv": [16, 27], "uv_size": [0.25, 0.25]},
								"down": {"uv": [27, 16.25], "uv_size": [0.25, -0.25]}
							}
						},
						{
							"origin": [0.61655, 0.35705, -1.14642],
							"size": [0.12815, 0.36642, 0.28674],
							"inflate": -0.001,
							"pivot": [0.68062, 0.62608, -0.98138],
							"rotation": [25, 0, 0],
							"uv": {
								"north": {"uv": [7, 27], "uv_size": [0.25, 0.25]},
								"east": {"uv": [27, 7], "uv_size": [0.25, 0.25]},
								"south": {"uv": [8, 27], "uv_size": [0.25, 0.25]},
								"west": {"uv": [27, 8], "uv_size": [0.25, 0.25]},
								"up": {"uv": [9, 27], "uv_size": [0.25, 0.25]},
								"down": {"uv": [27, 9.25], "uv_size": [0.25, -0.25]}
							}
						},
						{
							"origin": [0.61634, 1.10091, 0.08386],
							"size": [0.12857, 0.10414, 1.18528],
							"uv": {
								"north": {"uv": [26, 2], "uv_size": [0.25, 0.25]},
								"east": {"uv": [0, 19], "uv_size": [1, 0.25]},
								"south": {"uv": [3, 26], "uv_size": [0.25, 0.25]},
								"west": {"uv": [19, 0], "uv_size": [1, 0.25]},
								"up": {"uv": [1, 19], "uv_size": [0.25, 1]},
								"down": {"uv": [19, 2], "uv_size": [0.25, -1]}
							}
						},
						{
							"origin": [-0.74491, 1.10091, 0.08386],
							"size": [0.12857, 0.10414, 1.18528],
							"uv": {
								"north": {"uv": [28, 6], "uv_size": [0.25, 0.25]},
								"east": {"uv": [2, 19], "uv_size": [1, 0.25]},
								"south": {"uv": [7, 28], "uv_size": [0.25, 0.25]},
								"west": {"uv": [19, 2], "uv_size": [1, 0.25]},
								"up": {"uv": [3, 19], "uv_size": [0.25, 1]},
								"down": {"uv": [19, 4], "uv_size": [0.25, -1]}
							}
						},
						{
							"origin": [-0.74491, 1.74577, -0.05401],
							"size": [1.48982, 0.12915, 0.51799],
							"uv": {
								"north": {"uv": [0, 15], "uv_size": [1.25, 0.25]},
								"east": {"uv": [18, 22], "uv_size": [0.5, 0.25]},
								"south": {"uv": [15, 0], "uv_size": [1.25, 0.25]},
								"west": {"uv": [22, 18], "uv_size": [0.5, 0.25]},
								"up": {"uv": [2, 7], "uv_size": [1.25, 0.5]},
								"down": {"uv": [7, 2.5], "uv_size": [1.25, -0.5]}
							}
						},
						{
							"origin": [-0.74494, 1.81063, 0.46398],
							"size": [1.48988, 0.12249, 0.121],
							"uv": {
								"north": {"uv": [6, 15], "uv_size": [1.25, 0.25]},
								"east": {"uv": [28, 20], "uv_size": [0.25, 0.25]},
								"south": {"uv": [8, 15], "uv_size": [1.25, 0.25]},
								"west": {"uv": [21, 28], "uv_size": [0.25, 0.25]},
								"up": {"uv": [10, 15], "uv_size": [1.25, 0.25]},
								"down": {"uv": [12, 15.25], "uv_size": [1.25, -0.25]}
							}
						},
						{
							"origin": [-0.68609, 1.81063, 0.46398],
							"size": [1.37218, 0.2244, 0.121],
							"uv": {
								"north": {"uv": [15, 12], "uv_size": [1.25, 0.25]},
								"east": {"uv": [28, 24], "uv_size": [0.25, 0.25]},
								"south": {"uv": [14, 15], "uv_size": [1.25, 0.25]},
								"west": {"uv": [25, 28], "uv_size": [0.25, 0.25]},
								"up": {"uv": [0, 16], "uv_size": [1.25, 0.25]},
								"down": {"uv": [2, 16.25], "uv_size": [1.25, -0.25]}
							}
						},
						{
							"origin": [0.47565, 1.55814, 0.46398],
							"size": [0.2, 0.11768, 0.121],
							"pivot": [0.01055, 1.87492, 0.5075],
							"rotation": [0, 0, -30],
							"uv": {
								"north": {"uv": [28, 21], "uv_size": [0.25, 0.25]},
								"east": {"uv": [22, 28], "uv_size": [0.25, 0.25]},
								"south": {"uv": [28, 22], "uv_size": [0.25, 0.25]},
								"west": {"uv": [23, 28], "uv_size": [0.25, 0.25]},
								"up": {"uv": [28, 23], "uv_size": [0.25, 0.25]},
								"down": {"uv": [24, 28.25], "uv_size": [0.25, -0.25]}
							}
						},
						{
							"origin": [-0.67565, 1.55814, -0.17501],
							"size": [0.2, 0.11768, 0.121],
							"pivot": [-0.01055, 1.87492, -0.13149],
							"rotation": [0, 0, 30],
							"uv": {
								"north": {"uv": [5, 29], "uv_size": [0.25, 0.25]},
								"east": {"uv": [29, 5], "uv_size": [0.25, 0.25]},
								"south": {"uv": [6, 29], "uv_size": [0.25, 0.25]},
								"west": {"uv": [29, 6], "uv_size": [0.25, 0.25]},
								"up": {"uv": [7, 29], "uv_size": [0.25, 0.25]},
								"down": {"uv": [29, 7.25], "uv_size": [0.25, -0.25]}
							}
						},
						{
							"origin": [-0.68609, 1.81063, -0.17501],
							"size": [1.37218, 0.2244, 0.121],
							"uv": {
								"north": {"uv": [16, 7], "uv_size": [1.25, 0.25]},
								"east": {"uv": [4, 29], "uv_size": [0.25, 0.25]},
								"south": {"uv": [8, 16], "uv_size": [1.25, 0.25]},
								"west": {"uv": [29, 4], "uv_size": [0.25, 0.25]},
								"up": {"uv": [16, 8], "uv_size": [1.25, 0.25]},
								"down": {"uv": [16, 9.25], "uv_size": [1.25, -0.25]}
							}
						},
						{
							"origin": [-0.74494, 1.81063, -0.17501],
							"size": [1.48988, 0.12249, 0.121],
							"uv": {
								"north": {"uv": [4, 16], "uv_size": [1.25, 0.25]},
								"east": {"uv": [3, 29], "uv_size": [0.25, 0.25]},
								"south": {"uv": [16, 5], "uv_size": [1.25, 0.25]},
								"west": {"uv": [29, 3], "uv_size": [0.25, 0.25]},
								"up": {"uv": [6, 16], "uv_size": [1.25, 0.25]},
								"down": {"uv": [16, 6.25], "uv_size": [1.25, -0.25]}
							}
						},
						{
							"origin": [0.47565, 1.55814, -0.17501],
							"size": [0.2, 0.11768, 0.121],
							"pivot": [0.01055, 1.87492, -0.13149],
							"rotation": [0, 0, -30],
							"uv": {
								"north": {"uv": [0, 29], "uv_size": [0.25, 0.25]},
								"east": {"uv": [29, 0], "uv_size": [0.25, 0.25]},
								"south": {"uv": [1, 29], "uv_size": [0.25, 0.25]},
								"west": {"uv": [29, 1], "uv_size": [0.25, 0.25]},
								"up": {"uv": [2, 29], "uv_size": [0.25, 0.25]},
								"down": {"uv": [29, 2.25], "uv_size": [0.25, -0.25]}
							}
						},
						{
							"origin": [-0.67565, 1.55814, 0.46398],
							"size": [0.2, 0.11768, 0.121],
							"pivot": [-0.01055, 1.87492, 0.5075],
							"rotation": [0, 0, 30],
							"uv": {
								"north": {"uv": [28, 25], "uv_size": [0.25, 0.25]},
								"east": {"uv": [26, 28], "uv_size": [0.25, 0.25]},
								"south": {"uv": [28, 26], "uv_size": [0.25, 0.25]},
								"west": {"uv": [27, 28], "uv_size": [0.25, 0.25]},
								"up": {"uv": [28, 27], "uv_size": [0.25, 0.25]},
								"down": {"uv": [28, 28.25], "uv_size": [0.25, -0.25]}
							}
						},
						{
							"origin": [0.61655, 1.74598, -0.4168],
							"size": [0.12815, 0.19356, 0.38812],
							"inflate": -0.001,
							"pivot": [0, 1.81034, 0.205],
							"rotation": [15, 0, 0],
							"uv": {
								"north": {"uv": [26, 14], "uv_size": [0.25, 0.25]},
								"east": {"uv": [15, 26], "uv_size": [0.25, 0.25]},
								"south": {"uv": [26, 15], "uv_size": [0.25, 0.25]},
								"west": {"uv": [16, 26], "uv_size": [0.25, 0.25]},
								"up": {"uv": [26, 16], "uv_size": [0.25, 0.25]},
								"down": {"uv": [17, 26.25], "uv_size": [0.25, -0.25]}
							}
						},
						{
							"origin": [-0.7447, 1.74598, -0.4168],
							"size": [0.12815, 0.19356, 0.38812],
							"inflate": -0.001,
							"pivot": [0, 1.81034, 0.205],
							"rotation": [15, 0, 0],
							"uv": {
								"north": {"uv": [28, 3], "uv_size": [0.25, 0.25]},
								"east": {"uv": [4, 28], "uv_size": [0.25, 0.25]},
								"south": {"uv": [28, 4], "uv_size": [0.25, 0.25]},
								"west": {"uv": [5, 28], "uv_size": [0.25, 0.25]},
								"up": {"uv": [28, 5], "uv_size": [0.25, 0.25]},
								"down": {"uv": [6, 28.25], "uv_size": [0.25, -0.25]}
							}
						},
						{
							"origin": [0.58609, 0.7006, 0.09085],
							"size": [0.15882, 0.12633, 0.19498],
							"pivot": [0.68062, 1.14455, 0.66807],
							"rotation": [-45, 0, 0],
							"uv": {
								"north": {"uv": [14, 11], "uv_size": [1.25, 0.25]},
								"east": {"uv": [26, 3], "uv_size": [0.25, 0.25]},
								"south": {"uv": [12, 14], "uv_size": [1.25, 0.25]},
								"west": {"uv": [4, 26], "uv_size": [0.25, 0.25]},
								"up": {"uv": [14, 13], "uv_size": [1.25, 0.25]},
								"down": {"uv": [14, 14.25], "uv_size": [1.25, -0.25]}
							}
						},
						{
							"origin": [-0.74491, 0.7006, 0.09085],
							"size": [0.15882, 0.12633, 0.19498],
							"pivot": [-0.68063, 1.14455, 0.66807],
							"rotation": [-45, 0, 0],
							"uv": {
								"north": {"uv": [15.25, 11], "uv_size": [-1.25, 0.25]},
								"east": {"uv": [4.25, 26], "uv_size": [-0.25, 0.25]},
								"south": {"uv": [13.25, 14], "uv_size": [-1.25, 0.25]},
								"west": {"uv": [26.25, 3], "uv_size": [-0.25, 0.25]},
								"up": {"uv": [15.25, 13], "uv_size": [-1.25, 0.25]},
								"down": {"uv": [15.25, 14.25], "uv_size": [-1.25, -0.25]}
							}
						},
						{
							"origin": [0.5863, 1.7026, 0.05016],
							"size": [0.1584, 0.14483, 0.10002],
							"inflate": -0.001,
							"pivot": [0, 1.75611, 0.05291],
							"rotation": [-45, 0, 0],
							"uv": {
								"north": {"uv": [15, 1], "uv_size": [1.25, 0.25]},
								"east": {"uv": [26, 5], "uv_size": [0.25, 0.25]},
								"south": {"uv": [2, 15], "uv_size": [1.25, 0.25]},
								"west": {"uv": [6, 26], "uv_size": [0.25, 0.25]},
								"up": {"uv": [15, 2], "uv_size": [1.25, 0.25]},
								"down": {"uv": [15, 3.25], "uv_size": [1.25, -0.25]}
							}
						},
						{
							"origin": [-0.7447, 1.7026, 0.05016],
							"size": [0.1584, 0.14483, 0.10002],
							"inflate": -0.001,
							"pivot": [0, 1.75611, 0.05291],
							"rotation": [-45, 0, 0],
							"uv": {
								"north": {"uv": [16.25, 1], "uv_size": [-1.25, 0.25]},
								"east": {"uv": [6.25, 26], "uv_size": [-0.25, 0.25]},
								"south": {"uv": [3.25, 15], "uv_size": [-1.25, 0.25]},
								"west": {"uv": [26.25, 5], "uv_size": [-0.25, 0.25]},
								"up": {"uv": [16.25, 2], "uv_size": [-1.25, 0.25]},
								"down": {"uv": [16.25, 3.25], "uv_size": [-1.25, -0.25]}
							}
						},
						{
							"origin": [-0.74491, 0.86349, -0.4095],
							"size": [0.12857, 0.51316, 0.95728],
							"pivot": [0, 1.32883, 0.03604],
							"rotation": [-90, 0, 0],
							"uv": {
								"north": {"uv": [17, 22], "uv_size": [0.25, 0.5]},
								"east": {"uv": [5, 11], "uv_size": [0.75, 0.5]},
								"south": {"uv": [22, 17], "uv_size": [0.25, 0.5]},
								"west": {"uv": [11, 5], "uv_size": [0.75, 0.5]},
								"up": {"uv": [3, 20], "uv_size": [0.25, 0.75]},
								"down": {"uv": [20, 3.75], "uv_size": [0.25, -0.75]}
							}
						},
						{
							"origin": [-0.7447, 0.69727, -0.14623],
							"size": [0.12814, 0.27074, 0.43102],
							"inflate": -0.001,
							"pivot": [0, 0.95363, -0.17272],
							"rotation": [-135, 0, 0],
							"uv": {
								"north": {"uv": [26, 23], "uv_size": [0.25, 0.25]},
								"east": {"uv": [24, 26], "uv_size": [0.25, 0.25]},
								"south": {"uv": [26, 24], "uv_size": [0.25, 0.25]},
								"west": {"uv": [25, 26], "uv_size": [0.25, 0.25]},
								"up": {"uv": [26, 25], "uv_size": [0.25, 0.25]},
								"down": {"uv": [26, 26.25], "uv_size": [0.25, -0.25]}
							}
						},
						{
							"origin": [0.61656, 0.69727, -0.14623],
							"size": [0.12814, 0.27074, 0.43102],
							"inflate": -0.001,
							"pivot": [0, 0.95363, -0.17272],
							"rotation": [-135, 0, 0],
							"uv": {
								"north": {"uv": [25, 27], "uv_size": [0.25, 0.25]},
								"east": {"uv": [27, 25], "uv_size": [0.25, 0.25]},
								"south": {"uv": [26, 27], "uv_size": [0.25, 0.25]},
								"west": {"uv": [27, 26], "uv_size": [0.25, 0.25]},
								"up": {"uv": [27, 27], "uv_size": [0.25, 0.25]},
								"down": {"uv": [0, 28.25], "uv_size": [0.25, -0.25]}
							}
						},
						{
							"origin": [-0.7447, 0.99242, -0.61444],
							"size": [0.12814, 0.14975, 0.43101],
							"inflate": -0.001,
							"pivot": [0, 1.0673, -0.39893],
							"rotation": [-112.5, 0, 0],
							"uv": {
								"north": {"uv": [0, 27], "uv_size": [0.25, 0.25]},
								"east": {"uv": [27, 0], "uv_size": [0.25, 0.25]},
								"south": {"uv": [1, 27], "uv_size": [0.25, 0.25]},
								"west": {"uv": [27, 1], "uv_size": [0.25, 0.25]},
								"up": {"uv": [2, 27], "uv_size": [0.25, 0.25]},
								"down": {"uv": [27, 2.25], "uv_size": [0.25, -0.25]}
							}
						},
						{
							"origin": [0.61634, 0.86349, -0.4095],
							"size": [0.12857, 0.51316, 0.95728],
							"pivot": [0, 1.32883, 0.03604],
							"rotation": [-90, 0, 0],
							"uv": {
								"north": {"uv": [23, 7], "uv_size": [0.25, 0.5]},
								"east": {"uv": [9, 11], "uv_size": [0.75, 0.5]},
								"south": {"uv": [8, 23], "uv_size": [0.25, 0.5]},
								"west": {"uv": [11, 9], "uv_size": [0.75, 0.5]},
								"up": {"uv": [5, 20], "uv_size": [0.25, 0.75]},
								"down": {"uv": [20, 5.75], "uv_size": [0.25, -0.75]}
							}
						},
						{
							"origin": [0.61656, 0.99242, -0.61444],
							"size": [0.12814, 0.14975, 0.43101],
							"inflate": -0.001,
							"pivot": [0, 1.0673, -0.39893],
							"rotation": [-112.5, 0, 0],
							"uv": {
								"north": {"uv": [28, 0], "uv_size": [0.25, 0.25]},
								"east": {"uv": [1, 28], "uv_size": [0.25, 0.25]},
								"south": {"uv": [28, 1], "uv_size": [0.25, 0.25]},
								"west": {"uv": [2, 28], "uv_size": [0.25, 0.25]},
								"up": {"uv": [28, 2], "uv_size": [0.25, 0.25]},
								"down": {"uv": [3, 28.25], "uv_size": [0.25, -0.25]}
							}
						},
						{
							"origin": [-0.69953, 1.23879, -0.19561],
							"size": [1.39906, 0.97621, 0.6847],
							"pivot": [0, 1.32883, 0.15704],
							"rotation": [-90, 0, 0],
							"uv": {
								"east": {"uv": [8, 11], "uv_size": [0.5, 0.75]},
								"south": {"uv": [3, 5], "uv_size": [1.25, 0.75]},
								"west": {"uv": [11, 8], "uv_size": [0.5, 0.75]}
							}
						},
						{
							"origin": [-0.69953, 1.64716, 0.16739],
							"size": [1.39906, 0.80984, 0.121],
							"pivot": [0, 1.81283, 0.15704],
							"rotation": [-90, 0, 0],
							"uv": {
								"north": {"uv": [7, 4], "uv_size": [1.25, 0.5]},
								"east": {"uv": [23, 8], "uv_size": [0.25, 0.5]},
								"west": {"uv": [9, 23], "uv_size": [0.25, 0.5]}
							}
						},
						{
							"origin": [0.45753, 1.84379, 0.27703],
							"size": [0.0832, 0.97621, 0.03781],
							"pivot": [0.121, 1.93383, 0.15704],
							"rotation": [-90, 0, 0],
							"uv": {
								"north": {"uv": [12, 20], "uv_size": [0.25, 0.75]},
								"east": {"uv": [20, 12], "uv_size": [0.25, 0.75]},
								"south": {"uv": [13, 20], "uv_size": [0.25, 0.75]},
								"west": {"uv": [20, 13], "uv_size": [0.25, 0.75]},
								"up": {"uv": [28, 9], "uv_size": [0.25, 0.25]},
								"down": {"uv": [10, 28.25], "uv_size": [0.25, -0.25]}
							}
						},
						{
							"origin": [-0.54073, 1.84379, 0.27703],
							"size": [0.0832, 0.97621, 0.03781],
							"pivot": [-0.121, 1.93383, 0.15704],
							"rotation": [-90, 0, 0],
							"uv": {
								"north": {"uv": [14, 20], "uv_size": [0.25, 0.75]},
								"east": {"uv": [20, 14], "uv_size": [0.25, 0.75]},
								"south": {"uv": [15, 20], "uv_size": [0.25, 0.75]},
								"west": {"uv": [20, 15], "uv_size": [0.25, 0.75]},
								"up": {"uv": [28, 10], "uv_size": [0.25, 0.25]},
								"down": {"uv": [11, 28.25], "uv_size": [0.25, -0.25]}
							}
						},
						{
							"origin": [-0.74491, 1.5906, 0.41161],
							"size": [0.12857, 0.12398, 0.74656],
							"pivot": [-0.68063, 1.59587, 1.04675],
							"rotation": [-15, 0, 0],
							"uv": {
								"north": {"uv": [26, 4], "uv_size": [0.25, 0.25]},
								"east": {"uv": [19, 22], "uv_size": [0.5, 0.25]},
								"south": {"uv": [5, 26], "uv_size": [0.25, 0.25]},
								"west": {"uv": [22, 19], "uv_size": [0.5, 0.25]},
								"up": {"uv": [20, 22], "uv_size": [0.25, 0.5]},
								"down": {"uv": [22, 20.5], "uv_size": [0.25, -0.5]}
							}
						},
						{
							"origin": [-0.77007, 1.71458, 0.57043],
							"size": [0.14616, 0.16012, 0.38356],
							"pivot": [-1.89063, 1.59587, 0.84257],
							"rotation": [-15, 0, 0],
							"uv": {
								"north": {"uv": [23, 21], "uv_size": [0.5, 0.25]},
								"east": {"uv": [30, 1], "uv_size": [0.25, 0.25]},
								"south": {"uv": [22, 23], "uv_size": [0.5, 0.25]},
								"west": {"uv": [2, 30], "uv_size": [0.25, 0.25]},
								"up": {"uv": [23, 22], "uv_size": [0.5, 0.25]},
								"down": {"uv": [23, 23.25], "uv_size": [0.5, -0.25]}
							}
						},
						{
							"origin": [-1.15241, 1.61257, 0.65145],
							"size": [0.15458, 0.11189, 0.45433],
							"inflate": 0.002,
							"uv": {
								"south": {"uv": [24.25, 30.5], "uv_size": [1.75, 1.25]}
							}
						},
						{
							"origin": [-1.15241, 1.34787, 0.65145],
							"size": [0.15458, 0.11191, 0.45433],
							"inflate": 0.002,
							"uv": {
								"south": {"uv": [22.5, 30.5], "uv_size": [1.75, 1.25]}
							}
						},
						{
							"origin": [-1.17088, 1.31048, 0.65187],
							"size": [0.19153, 0.19582, 0.45476],
							"uv": {
								"north": {"uv": [30, 21], "uv_size": [0.25, 0.25]},
								"east": {"uv": [4, 24], "uv_size": [0.5, 0.25]},
								"south": {"uv": [22, 30], "uv_size": [0.25, 0.25]},
								"west": {"uv": [24, 4], "uv_size": [0.5, 0.25]},
								"up": {"uv": [5, 24], "uv_size": [0.25, 0.5]},
								"down": {"uv": [24, 5.5], "uv_size": [0.25, -0.5]}
							}
						},
						{
							"origin": [-1.14529, 1.22817, 0.26779],
							"size": [0.14035, 0.06341, 0.80104],
							"uv": {
								"north": {"uv": [30, 20], "uv_size": [0.25, 0.25]},
								"east": {"uv": [21, 14], "uv_size": [0.75, 0.25]},
								"south": {"uv": [21, 30], "uv_size": [0.25, 0.25]},
								"west": {"uv": [15, 21], "uv_size": [0.75, 0.25]},
								"up": {"uv": [21, 15], "uv_size": [0.25, 0.75]},
								"down": {"uv": [16, 21.75], "uv_size": [0.25, -0.75]}
							}
						},
						{
							"origin": [-1.24651, 1.2701, 0.26779],
							"size": [0.08967, 0.15678, 0.80104],
							"pivot": [-1.07511, 1.54073, 0.84982],
							"rotation": [0, 0, -45],
							"uv": {
								"north": {"uv": [30, 18], "uv_size": [0.25, 0.25]},
								"east": {"uv": [21, 10], "uv_size": [0.75, 0.25]},
								"south": {"uv": [19, 30], "uv_size": [0.25, 0.25]},
								"west": {"uv": [11, 21], "uv_size": [0.75, 0.25]},
								"up": {"uv": [21, 11], "uv_size": [0.25, 0.75]},
								"down": {"uv": [12, 21.75], "uv_size": [0.25, -0.75]}
							}
						},
						{
							"origin": [-0.9934, 1.2701, 0.26779],
							"size": [0.08967, 0.15678, 0.80104],
							"pivot": [-1.07511, 1.54073, 0.84982],
							"rotation": [0, 0, 45],
							"uv": {
								"north": {"uv": [30, 19], "uv_size": [0.25, 0.25]},
								"east": {"uv": [21, 12], "uv_size": [0.75, 0.25]},
								"south": {"uv": [20, 30], "uv_size": [0.25, 0.25]},
								"west": {"uv": [13, 21], "uv_size": [0.75, 0.25]},
								"up": {"uv": [21, 13], "uv_size": [0.25, 0.75]},
								"down": {"uv": [14, 21.75], "uv_size": [0.25, -0.75]}
							}
						},
						{
							"origin": [-1.17088, 1.71458, 0.81243],
							"size": [0.19153, 0.19794, 0.14156],
							"pivot": [-2.32925, 1.59587, 0.84257],
							"rotation": [-15, 0, 0],
							"uv": {
								"north": {"uv": [30, 3], "uv_size": [0.25, 0.25]},
								"east": {"uv": [4, 30], "uv_size": [0.25, 0.25]},
								"south": {"uv": [30, 4], "uv_size": [0.25, 0.25]},
								"west": {"uv": [5, 30], "uv_size": [0.25, 0.25]},
								"up": {"uv": [30, 5], "uv_size": [0.25, 0.25]},
								"down": {"uv": [6, 30.25], "uv_size": [0.25, -0.25]}
							}
						},
						{
							"origin": [-1.17088, 1.69664, 0.74638],
							"size": [0.19153, 0.21288, 0.14903],
							"uv": {
								"north": {"uv": [30, 29], "uv_size": [0.25, 0.25]},
								"east": {"uv": [30, 30], "uv_size": [0.25, 0.25]},
								"south": {"uv": [0, 31], "uv_size": [0.25, 0.25]},
								"west": {"uv": [31, 0], "uv_size": [0.25, 0.25]},
								"up": {"uv": [1, 31], "uv_size": [0.25, 0.25]},
								"down": {"uv": [31, 1.25], "uv_size": [0.25, -0.25]}
							}
						},
						{
							"origin": [-1.20869, 1.29158, 0.65187],
							"size": [0.26716, 0.4983, 0.41696],
							"uv": {
								"north": {"uv": [6, 24], "uv_size": [0.25, 0.5]},
								"east": {"uv": [24, 6], "uv_size": [0.25, 0.5]},
								"south": {"uv": [7, 24], "uv_size": [0.25, 0.5]},
								"west": {"uv": [24, 7], "uv_size": [0.25, 0.5]},
								"up": {"uv": [30, 28], "uv_size": [0.25, 0.25]},
								"down": {"uv": [29, 30.25], "uv_size": [0.25, -0.25]}
							}
						},
						{
							"origin": [-1.20869, 1.72861, 0.94244],
							"size": [0.26716, 0.24527, 0.06572],
							"pivot": [-0.95411, 1.80866, 0.8164],
							"rotation": [-45, 0, 0],
							"uv": {
								"north": {"uv": [10, 16], "uv_size": [0.25, 0.25]},
								"east": {"uv": [16, 10], "uv_size": [0.25, 0.25]},
								"south": {"uv": [11, 16], "uv_size": [0.25, 0.25]},
								"west": {"uv": [16, 11], "uv_size": [0.25, 0.25]},
								"up": {"uv": [12, 16], "uv_size": [0.25, 0.25]},
								"down": {"uv": [13, 16.25], "uv_size": [0.25, -0.25]}
							}
						},
						{
							"origin": [-0.60537, 0.91754, -0.78294],
							"size": [1.21, 0.847, 0],
							"uv": {
								"north": {"uv": [1.5, 0], "uv_size": [-1.5, 1.5]}
							}
						},
						{
							"origin": [-1.20869, 1.71458, 0.57043],
							"size": [0.26716, 0.16012, 0.38356],
							"pivot": [-2.32925, 1.59587, 0.84257],
							"rotation": [-15, 0, 0],
							"uv": {
								"north": {"uv": [30, 22], "uv_size": [0.25, 0.25]},
								"east": {"uv": [23, 30], "uv_size": [0.25, 0.25]},
								"south": {"uv": [30, 23], "uv_size": [0.25, 0.25]},
								"west": {"uv": [24, 30], "uv_size": [0.25, 0.25]},
								"up": {"uv": [30, 24], "uv_size": [0.25, 0.25]},
								"down": {"uv": [25, 30.25], "uv_size": [0.25, -0.25]}
							}
						},
						{
							"origin": [-0.94152, 1.59358, 0.57043],
							"size": [0.17145, 0.28112, 0.06215],
							"pivot": [-2.32925, 1.59587, 0.84257],
							"rotation": [-15, 0, 0],
							"uv": {
								"north": {"uv": [30, 12], "uv_size": [0.25, 0.25]},
								"east": {"uv": [13, 30], "uv_size": [0.25, 0.25]},
								"south": {"uv": [30, 13], "uv_size": [0.25, 0.25]},
								"west": {"uv": [14, 30], "uv_size": [0.25, 0.25]},
								"up": {"uv": [30, 14], "uv_size": [0.25, 0.25]},
								"down": {"uv": [15, 30.25], "uv_size": [0.25, -0.25]}
							}
						},
						{
							"origin": [-0.77007, 1.72861, 0.94244],
							"size": [0.14616, 0.24527, 0.06572],
							"pivot": [-0.51548, 1.80866, 0.8164],
							"rotation": [-45, 0, 0],
							"uv": {
								"north": {"uv": [1, 24], "uv_size": [0.5, 0.25]},
								"east": {"uv": [30, 2], "uv_size": [0.25, 0.25]},
								"south": {"uv": [24, 1], "uv_size": [0.5, 0.25]},
								"west": {"uv": [3, 30], "uv_size": [0.25, 0.25]},
								"up": {"uv": [2, 24], "uv_size": [0.5, 0.25]},
								"down": {"uv": [24, 2.25], "uv_size": [0.5, -0.25]}
							}
						},
						{
							"origin": [-1.17088, 1.72861, 0.92354],
							"size": [0.19154, 0.27802, 0.10353],
							"pivot": [-0.95411, 1.80866, 0.8164],
							"rotation": [-45, 0, 0],
							"uv": {
								"north": {"uv": [30, 9], "uv_size": [0.25, 0.25]},
								"east": {"uv": [10, 30], "uv_size": [0.25, 0.25]},
								"south": {"uv": [30, 10], "uv_size": [0.25, 0.25]},
								"west": {"uv": [11, 30], "uv_size": [0.25, 0.25]},
								"up": {"uv": [30, 11], "uv_size": [0.25, 0.25]},
								"down": {"uv": [12, 30.25], "uv_size": [0.25, -0.25]}
							}
						},
						{
							"origin": [-0.77007, 1.17058, 0.26779],
							"size": [0.14616, 0.6193, 0.80104],
							"uv": {
								"north": {"uv": [0, 24], "uv_size": [0.25, 0.5]},
								"east": {"uv": [1, 12], "uv_size": [0.75, 0.5]},
								"south": {"uv": [24, 0], "uv_size": [0.25, 0.5]},
								"west": {"uv": [2, 12], "uv_size": [0.75, 0.5]},
								"up": {"uv": [21, 2], "uv_size": [0.25, 0.75]},
								"down": {"uv": [3, 21.75], "uv_size": [0.25, -0.75]}
							}
						},
						{
							"origin": [-0.94153, 1.7113, 0.38879],
							"size": [0.17146, 0.04077, 0.68004],
							"uv": {
								"north": {"uv": [30, 15], "uv_size": [0.25, 0.25]},
								"east": {"uv": [21, 4], "uv_size": [0.75, 0.25]},
								"south": {"uv": [16, 30], "uv_size": [0.25, 0.25]},
								"west": {"uv": [5, 21], "uv_size": [0.75, 0.25]},
								"up": {"uv": [21, 5], "uv_size": [0.25, 0.75]},
								"down": {"uv": [6, 21.75], "uv_size": [0.25, -0.75]}
							}
						},
						{
							"origin": [-0.94153, 1.3483, 0.26779],
							"size": [0.17146, 0.38487, 0.68004],
							"uv": {
								"north": {"uv": [2, 31], "uv_size": [0.25, 0.25]},
								"east": {"uv": [8, 24], "uv_size": [0.5, 0.25]},
								"south": {"uv": [31, 2], "uv_size": [0.25, 0.25]},
								"west": {"uv": [24, 8], "uv_size": [0.5, 0.25]},
								"up": {"uv": [9, 24], "uv_size": [0.25, 0.5]},
								"down": {"uv": [24, 9.5], "uv_size": [0.25, -0.5]}
							}
						},
						{
							"origin": [-0.94153, 1.52224, 0.38879],
							"size": [0.17146, 0.04076, 0.68004],
							"uv": {
								"north": {"uv": [30, 16], "uv_size": [0.25, 0.25]},
								"east": {"uv": [21, 6], "uv_size": [0.75, 0.25]},
								"south": {"uv": [17, 30], "uv_size": [0.25, 0.25]},
								"west": {"uv": [7, 21], "uv_size": [0.75, 0.25]},
								"up": {"uv": [21, 7], "uv_size": [0.25, 0.75]},
								"down": {"uv": [8, 21.75], "uv_size": [0.25, -0.75]}
							}
						},
						{
							"origin": [-0.96669, 1.29158, 0.65187],
							"size": [0.19662, 0.08236, 0.41696],
							"uv": {
								"north": {"uv": [30, 17], "uv_size": [0.25, 0.25]},
								"east": {"uv": [21, 8], "uv_size": [0.75, 0.25]},
								"south": {"uv": [18, 30], "uv_size": [0.25, 0.25]},
								"west": {"uv": [9, 21], "uv_size": [0.75, 0.25]},
								"up": {"uv": [21, 9], "uv_size": [0.25, 0.75]},
								"down": {"uv": [10, 21.75], "uv_size": [0.25, -0.75]}
							}
						},
						{
							"origin": [-1.20869, 1.29158, 0.26779],
							"size": [0.58478, 0.64406, 0.38408],
							"uv": {
								"north": {"uv": [3, 12], "uv_size": [0.75, 0.5]},
								"east": {"uv": [3, 24], "uv_size": [0.25, 0.5]},
								"south": {"uv": [4, 12], "uv_size": [0.75, 0.5]},
								"west": {"uv": [24, 3], "uv_size": [0.25, 0.5]},
								"up": {"uv": [21, 3], "uv_size": [0.75, 0.25]},
								"down": {"uv": [4, 21.25], "uv_size": [0.75, -0.25]}
							}
						},
						{
							"origin": [-0.46757, 1.85813, -0.05401],
							"size": [0.93514, 0.1769, 0.51799],
							"uv": {
								"north": {"uv": [16, 20], "uv_size": [0.75, 0.25]},
								"east": {"uv": [23, 13], "uv_size": [0.5, 0.25]},
								"south": {"uv": [20, 16], "uv_size": [0.75, 0.25]},
								"west": {"uv": [14, 23], "uv_size": [0.5, 0.25]},
								"up": {"uv": [10, 11], "uv_size": [0.75, 0.5]},
								"down": {"uv": [11, 10.5], "uv_size": [0.75, -0.5]}
							}
						},
						{
							"origin": [-0.46757, 2.0472, -0.45227],
							"size": [0.93514, 0.05732, 0.38855],
							"pivot": [0, 1.94658, 0.205],
							"rotation": [15, 0, 0],
							"uv": {
								"north": {"uv": [17, 20], "uv_size": [0.75, 0.25]},
								"east": {"uv": [28, 19], "uv_size": [0.25, 0.25]},
								"south": {"uv": [20, 17], "uv_size": [0.75, 0.25]},
								"west": {"uv": [20, 28], "uv_size": [0.25, 0.25]},
								"up": {"uv": [18, 20], "uv_size": [0.75, 0.25]},
								"down": {"uv": [20, 18.25], "uv_size": [0.75, -0.25]}
							}
						},
						{
							"origin": [0.42944, 1.89273, -0.05401],
							"size": [0.32024, 0.06672, 0.51799],
							"pivot": [0.58956, 1.92609, 0.31927],
							"rotation": [0, 0, 30],
							"uv": {
								"north": {"uv": [28, 11], "uv_size": [0.25, 0.25]},
								"east": {"uv": [23, 9], "uv_size": [0.5, 0.25]},
								"south": {"uv": [12, 28], "uv_size": [0.25, 0.25]},
								"west": {"uv": [10, 23], "uv_size": [0.5, 0.25]},
								"up": {"uv": [23, 10], "uv_size": [0.25, 0.5]},
								"down": {"uv": [11, 23.5], "uv_size": [0.25, -0.5]}
							}
						},
						{
							"origin": [-0.74968, 1.85746, -0.45137],
							"size": [0.32024, 0.06672, 0.38854],
							"pivot": [-0.58956, 1.89082, -0.19238],
							"rotation": [13.06431, 7.43547, -29.14743],
							"uv": {
								"north": {"uv": [28, 16], "uv_size": [0.25, 0.25]},
								"east": {"uv": [17, 28], "uv_size": [0.25, 0.25]},
								"south": {"uv": [28, 17], "uv_size": [0.25, 0.25]},
								"west": {"uv": [18, 28], "uv_size": [0.25, 0.25]},
								"up": {"uv": [28, 18], "uv_size": [0.25, 0.25]},
								"down": {"uv": [19, 28.25], "uv_size": [0.25, -0.25]}
							}
						},
						{
							"origin": [-0.74968, 1.89273, -0.05401],
							"size": [0.32024, 0.06672, 0.51799],
							"pivot": [-0.58956, 1.92609, 0.31927],
							"rotation": [0, 0, -30],
							"uv": {
								"north": {"uv": [28, 15], "uv_size": [0.25, 0.25]},
								"east": {"uv": [23, 11], "uv_size": [0.5, 0.25]},
								"south": {"uv": [16, 28], "uv_size": [0.25, 0.25]},
								"west": {"uv": [12, 23], "uv_size": [0.5, 0.25]},
								"up": {"uv": [23, 12], "uv_size": [0.25, 0.5]},
								"down": {"uv": [13, 23.5], "uv_size": [0.25, -0.5]}
							}
						},
						{
							"origin": [0.42944, 1.85746, -0.45137],
							"size": [0.32024, 0.06672, 0.38854],
							"pivot": [0.58956, 1.89082, -0.19238],
							"rotation": [13.06431, -7.43547, 29.14743],
							"uv": {
								"north": {"uv": [28, 12], "uv_size": [0.25, 0.25]},
								"east": {"uv": [13, 28], "uv_size": [0.25, 0.25]},
								"south": {"uv": [28, 13], "uv_size": [0.25, 0.25]},
								"west": {"uv": [14, 28], "uv_size": [0.25, 0.25]},
								"up": {"uv": [28, 14], "uv_size": [0.25, 0.25]},
								"down": {"uv": [15, 28.25], "uv_size": [0.25, -0.25]}
							}
						},
						{
							"origin": [-0.7071, 0.33309, -0.09627],
							"size": [1.4142, 0.04538, 0.91127],
							"uv": {
								"north": {"uv": [8, 13], "uv_size": [1.25, 0.25]},
								"east": {"uv": [19, 15], "uv_size": [0.75, 0.25]},
								"south": {"uv": [10, 13], "uv_size": [1.25, 0.25]},
								"west": {"uv": [16, 19], "uv_size": [0.75, 0.25]},
								"up": {"uv": [4, 2], "uv_size": [1.25, 0.75]},
								"down": {"uv": [3, 4.75], "uv_size": [1.25, -0.75]}
							}
						},
						{
							"origin": [-0.7071, 0.33309, -0.153],
							"size": [1.4142, 0.121, 0.05672],
							"uv": {
								"north": {"uv": [6, 14], "uv_size": [1.25, 0.25]},
								"east": {"uv": [9, 25], "uv_size": [0.25, 0.25]},
								"south": {"uv": [14, 6], "uv_size": [1.25, 0.25]},
								"west": {"uv": [25, 9], "uv_size": [0.25, 0.25]},
								"up": {"uv": [14, 7], "uv_size": [1.25, 0.25]},
								"down": {"uv": [8, 14.25], "uv_size": [1.25, -0.25]}
							}
						},
						{
							"origin": [-0.7071, 0.33309, 0.815],
							"size": [1.4142, 0.121, 0.05672],
							"uv": {
								"north": {"uv": [14, 8], "uv_size": [1.25, 0.25]},
								"east": {"uv": [10, 25], "uv_size": [0.25, 0.25]},
								"south": {"uv": [14, 9], "uv_size": [1.25, 0.25]},
								"west": {"uv": [25, 10], "uv_size": [0.25, 0.25]},
								"up": {"uv": [10, 14], "uv_size": [1.25, 0.25]},
								"down": {"uv": [14, 10.25], "uv_size": [1.25, -0.25]}
							}
						},
						{
							"origin": [-0.7071, 0.45409, -0.09819],
							"size": [1.4142, 0.05481, 0.96991],
							"uv": {
								"north": {"uv": [4, 14], "uv_size": [1.25, 0.25]},
								"east": {"uv": [1, 20], "uv_size": [0.75, 0.25]},
								"south": {"uv": [14, 5], "uv_size": [1.25, 0.25]},
								"west": {"uv": [20, 1], "uv_size": [0.75, 0.25]},
								"up": {"uv": [4, 3], "uv_size": [1.25, 0.75]},
								"down": {"uv": [5, 0.75], "uv_size": [1.25, -0.75]}
							}
						},
						{
							"origin": [-0.70731, 0.07386, -0.04592],
							"size": [1.41462, 0.07794, 0.07085],
							"inflate": 0.001,
							"pivot": [0, 0.39359, 0.35936],
							"rotation": [-45, 0, 0],
							"uv": {
								"north": {"uv": [12, 13], "uv_size": [1.25, 0.25]},
								"east": {"uv": [8, 25], "uv_size": [0.25, 0.25]},
								"south": {"uv": [13, 12], "uv_size": [1.25, 0.25]},
								"west": {"uv": [25, 8], "uv_size": [0.25, 0.25]},
								"up": {"uv": [0, 14], "uv_size": [1.25, 0.25]},
								"down": {"uv": [2, 14.25], "uv_size": [1.25, -0.25]}
							}
						},
						{
							"origin": [0.3819, 0.57509, -0.153],
							"size": [0.16087, 0.27572, 1.02473],
							"pivot": [0, 0.39359, 0.35936],
							"rotation": [0, 0, 45],
							"uv": {
								"north": {"uv": [1, 25], "uv_size": [0.25, 0.25]},
								"east": {"uv": [19, 16], "uv_size": [0.75, 0.25]},
								"south": {"uv": [25, 1], "uv_size": [0.25, 0.25]},
								"west": {"uv": [17, 19], "uv_size": [0.75, 0.25]},
								"up": {"uv": [19, 17], "uv_size": [0.25, 0.75]},
								"down": {"uv": [18, 19.75], "uv_size": [0.25, -0.75]}
							}
						},
						{
							"origin": [-0.54277, 0.57509, -0.153],
							"size": [0.16087, 0.27572, 1.02473],
							"pivot": [0, 0.39359, 0.35936],
							"rotation": [0, 0, -45],
							"uv": {
								"north": {"uv": [7, 25], "uv_size": [0.25, 0.25]},
								"east": {"uv": [19, 18], "uv_size": [0.75, 0.25]},
								"south": {"uv": [25, 7], "uv_size": [0.25, 0.25]},
								"west": {"uv": [19, 19], "uv_size": [0.75, 0.25]},
								"up": {"uv": [0, 20], "uv_size": [0.25, 0.75]},
								"down": {"uv": [20, 0.75], "uv_size": [0.25, -0.75]}
							}
						},
						{
							"origin": [-0.57853, 0.12891, 1.178],
							"size": [1.17597, 0.15682, 0.10127],
							"pivot": [0.00945, 0.1705, 0.9965],
							"rotation": [-30, 0, 0],
							"uv": {
								"north": {"uv": [10, 18], "uv_size": [1, 0.25]},
								"east": {"uv": [24, 16], "uv_size": [0.25, 0.25]},
								"south": {"uv": [18, 10], "uv_size": [1, 0.25]},
								"west": {"uv": [17, 24], "uv_size": [0.25, 0.25]},
								"up": {"uv": [11, 18], "uv_size": [1, 0.25]},
								"down": {"uv": [18, 11.25], "uv_size": [1, -0.25]}
							}
						},
						{
							"origin": [0.53854, 0.06989, 0.694],
							"size": [0.09293, 0.18002, 0.605],
							"pivot": [0.64282, 0.11, 0.9965],
							"rotation": [0, 0, -45],
							"uv": {
								"north": {"uv": [24, 14], "uv_size": [0.25, 0.25]},
								"east": {"uv": [2, 22], "uv_size": [0.5, 0.25]},
								"south": {"uv": [15, 24], "uv_size": [0.25, 0.25]},
								"west": {"uv": [22, 2], "uv_size": [0.5, 0.25]},
								"up": {"uv": [3, 22], "uv_size": [0.25, 0.5]},
								"down": {"uv": [22, 3.5], "uv_size": [0.25, -0.5]}
							}
						},
						{
							"origin": [-0.63148, 0.06989, 0.694],
							"size": [0.09294, 0.18002, 0.605],
							"pivot": [-0.64282, 0.11, 0.9965],
							"rotation": [0, 0, 45],
							"uv": {
								"north": {"uv": [24, 15], "uv_size": [0.25, 0.25]},
								"east": {"uv": [5, 22], "uv_size": [0.5, 0.25]},
								"south": {"uv": [16, 24], "uv_size": [0.25, 0.25]},
								"west": {"uv": [22, 5], "uv_size": [0.5, 0.25]},
								"up": {"uv": [6, 22], "uv_size": [0.25, 0.5]},
								"down": {"uv": [22, 6.5], "uv_size": [0.25, -0.5]}
							}
						},
						{
							"origin": [-0.7071, -0.07362, 0.694],
							"size": [1.41419, 0.08153, 0.52348],
							"uv": {
								"north": {"uv": [12, 7], "uv_size": [1.25, 0.25]},
								"east": {"uv": [21, 18], "uv_size": [0.6, 0.25]},
								"south": {"uv": [12, 8], "uv_size": [1.25, 0.25]},
								"west": {"uv": [18.9, 21], "uv_size": [0.6, 0.25]},
								"up": {"uv": [6, 6], "uv_size": [1.25, 0.5]},
								"down": {"uv": [0, 7.5], "uv_size": [1.25, -0.5]}
							}
						},
						{
							"origin": [0.38191, 0.14948, 0.694],
							"size": [0.13354, 0.2833, 0.52348],
							"pivot": [0, -0.05177, 0.95573],
							"rotation": [0, 0, 45],
							"uv": {
								"north": {"uv": [24, 12], "uv_size": [0.25, 0.25]},
								"east": {"uv": [21, 19], "uv_size": [0.5, 0.25]},
								"south": {"uv": [13, 24], "uv_size": [0.25, 0.25]},
								"west": {"uv": [20, 21], "uv_size": [0.5, 0.25]},
								"up": {"uv": [21, 20], "uv_size": [0.25, 0.5]},
								"down": {"uv": [21, 21.5], "uv_size": [0.25, -0.5]}
							}
						},
						{
							"origin": [-0.7071, -0.34057, 0.936],
							"size": [1.41419, 0.17075, 0.11529],
							"pivot": [0, 0.13269, 0.7545],
							"rotation": [45, 0, 0],
							"uv": {
								"north": {"uv": [5, 12], "uv_size": [1.25, 0.25]},
								"east": {"uv": [24, 11], "uv_size": [0.25, 0.25]},
								"south": {"uv": [12, 5], "uv_size": [1.25, 0.25]},
								"west": {"uv": [12, 24], "uv_size": [0.25, 0.25]},
								"up": {"uv": [12, 6], "uv_size": [1.25, 0.25]},
								"down": {"uv": [7, 12.25], "uv_size": [1.25, -0.25]}
							}
						}
					]
				},
				{
					"name": "deco",
					"parent": "scope_body",
					"pivot": [0, -0.737, 0.089],
					"cubes": [
						{
							"origin": [-0.19326, 0.75427, -0.81892],
							"size": [0.38652, 0.05568, 2.09187],
							"inflate": 0.002,
							"uv": {
								"south": {"uv": [15.7625, 30.5], "uv_size": [6.75, 1.25]}
							}
						},
						{
							"origin": [0.61592, 1.33746, -0.31524],
							"size": [0.12941, 0.151, 0.27748],
							"inflate": 0.002,
							"uv": {
								"west": {"uv": [26.75, 29.75], "uv_size": [3.75, 2.25]}
							}
						},
						{
							"origin": [0.70392, 0.72402, 0.35267],
							"size": [0.12942, 0.151, 0.13757],
							"inflate": 0.002,
							"uv": {
								"west": {"uv": [14.5, 30.5], "uv_size": [0.75, 1.25]}
							}
						},
						{
							"origin": [0.70392, 0.72402, 0.59905],
							"size": [0.12942, 0.151, 0.13758],
							"inflate": 0.002,
							"uv": {
								"west": {"uv": [15.25, 30.5], "uv_size": [-0.75, 1.25]}
							}
						},
						{
							"origin": [0.484, 0.352, -1.52182],
							"size": [0.242, 0.2231, 0.2231],
							"pivot": [0, 1.562, -0.31181],
							"rotation": [45, 0, 0],
							"uv": {
								"north": {"uv": [16, 13], "uv_size": [1.25, 0.25]},
								"east": {"uv": [16, 30.75], "uv_size": [0.5, 0.5]},
								"south": {"uv": [14, 16], "uv_size": [1.25, 0.25]},
								"west": {"uv": [31, 15.75], "uv_size": [0.5, 0.5]},
								"up": {"uv": [16, 14], "uv_size": [1.25, 0.25]},
								"down": {"uv": [16, 15.25], "uv_size": [1.25, -0.25]}
							}
						},
						{
							"origin": [-1.17088, 1.59408, 0.65187],
							"size": [0.19154, 0.20559, 0.45349],
							"uv": {
								"north": {"uv": [30, 6], "uv_size": [0.25, 0.25]},
								"east": {"uv": [7, 30], "uv_size": [0.25, 0.25]},
								"south": {"uv": [30, 7], "uv_size": [0.25, 0.25]},
								"west": {"uv": [8, 30], "uv_size": [0.25, 0.25]},
								"up": {"uv": [30, 8], "uv_size": [0.25, 0.25]},
								"down": {"uv": [9, 30.25], "uv_size": [0.25, -0.25]}
							}
						},
						{
							"origin": [-0.79028, 0.87382, -1.54072],
							"size": [1.58056, 0.14746, 0.14748],
							"pivot": [0, 2.046, -0.31181],
							"rotation": [45, 0, 0],
							"uv": {
								"north": {"uv": [16, 13], "uv_size": [1.25, 0.25]},
								"east": {"uv": [16, 30.75], "uv_size": [0.5, 0.5]},
								"south": {"uv": [14, 16], "uv_size": [1.25, 0.25]},
								"west": {"uv": [31, 15.75], "uv_size": [0.5, 0.5]},
								"up": {"uv": [16, 14], "uv_size": [1.25, 0.25]},
								"down": {"uv": [16, 15.25], "uv_size": [1.25, -0.25]}
							}
						},
						{
							"origin": [-0.8281, 1.03263, -0.96218],
							"size": [1.65619, 0.07185, 0.07184],
							"pivot": [0, 2.167, 0.17219],
							"rotation": [45, 0, 0],
							"uv": {
								"north": {"uv": [16, 13], "uv_size": [1.25, 0.25]},
								"east": {"uv": [16, 30.75], "uv_size": [0.5, 0.5]},
								"south": {"uv": [14, 16], "uv_size": [1.25, 0.25]},
								"west": {"uv": [31, 15.75], "uv_size": [0.5, 0.5]},
								"up": {"uv": [16, 14], "uv_size": [1.25, 0.25]},
								"down": {"uv": [16, 15.25], "uv_size": [1.25, -0.25]}
							}
						},
						{
							"origin": [-0.8281, 1.39563, -0.20593],
							"size": [0.20419, 0.07185, 0.07184],
							"pivot": [0, 2.53, 0.92844],
							"rotation": [45, 0, 0],
							"uv": {
								"north": {"uv": [16, 13], "uv_size": [1.25, 0.25]},
								"east": {"uv": [16, 30.75], "uv_size": [0.5, 0.5]},
								"south": {"uv": [14, 16], "uv_size": [1.25, 0.25]},
								"west": {"uv": [31, 15.75], "uv_size": [0.5, 0.5]},
								"up": {"uv": [16, 14], "uv_size": [1.25, 0.25]},
								"down": {"uv": [16, 15.25], "uv_size": [1.25, -0.25]}
							}
						},
						{
							"origin": [0.62391, 1.39563, -0.96218],
							"size": [0.20419, 0.07185, 0.07184],
							"pivot": [0, 2.53, 0.17219],
							"rotation": [45, 0, 0],
							"uv": {
								"north": {"uv": [17.25, 13], "uv_size": [-1.25, 0.25]},
								"east": {"uv": [31.5, 15.75], "uv_size": [-0.5, 0.5]},
								"south": {"uv": [15.25, 16], "uv_size": [-1.25, 0.25]},
								"west": {"uv": [16.5, 30.75], "uv_size": [-0.5, 0.5]},
								"up": {"uv": [17.25, 14], "uv_size": [-1.25, 0.25]},
								"down": {"uv": [17.25, 15.25], "uv_size": [-1.25, -0.25]}
							}
						},
						{
							"origin": [0.62391, 1.39563, -0.20593],
							"size": [0.20419, 0.07185, 0.07184],
							"pivot": [0, 2.53, 0.92844],
							"rotation": [45, 0, 0],
							"uv": {
								"north": {"uv": [17.25, 13], "uv_size": [-1.25, 0.25]},
								"east": {"uv": [31.5, 15.75], "uv_size": [-0.5, 0.5]},
								"south": {"uv": [15.25, 16], "uv_size": [-1.25, 0.25]},
								"west": {"uv": [16.5, 30.75], "uv_size": [-0.5, 0.5]},
								"up": {"uv": [17.25, 14], "uv_size": [-1.25, 0.25]},
								"down": {"uv": [17.25, 15.25], "uv_size": [-1.25, -0.25]}
							}
						},
						{
							"origin": [-0.8281, 1.39563, -0.96218],
							"size": [0.20419, 0.07185, 0.07184],
							"pivot": [0, 2.53, 0.17219],
							"rotation": [45, 0, 0],
							"uv": {
								"north": {"uv": [16, 13], "uv_size": [1.25, 0.25]},
								"east": {"uv": [16, 30.75], "uv_size": [0.5, 0.5]},
								"south": {"uv": [14, 16], "uv_size": [1.25, 0.25]},
								"west": {"uv": [31, 15.75], "uv_size": [0.5, 0.5]},
								"up": {"uv": [16, 14], "uv_size": [1.25, 0.25]},
								"down": {"uv": [16, 15.25], "uv_size": [1.25, -0.25]}
							}
						},
						{
							"origin": [-0.8281, 1.03263, -0.20593],
							"size": [1.65619, 0.07185, 0.07184],
							"pivot": [0, 2.167, 0.92844],
							"rotation": [45, 0, 0],
							"uv": {
								"north": {"uv": [16, 13], "uv_size": [1.25, 0.25]},
								"east": {"uv": [16, 30.75], "uv_size": [0.5, 0.5]},
								"south": {"uv": [14, 16], "uv_size": [1.25, 0.25]},
								"west": {"uv": [31, 15.75], "uv_size": [0.5, 0.5]},
								"up": {"uv": [16, 14], "uv_size": [1.25, 0.25]},
								"down": {"uv": [16, 15.25], "uv_size": [1.25, -0.25]}
							}
						},
						{
							"origin": [0.66172, 2.08382, -1.41972],
							"size": [0.12856, 0.14746, 0.14748],
							"pivot": [0, 3.256, -0.19081],
							"rotation": [45, 0, 0],
							"uv": {
								"north": {"uv": [16, 13], "uv_size": [1.25, 0.25]},
								"east": {"uv": [16, 30.75], "uv_size": [0.5, 0.5]},
								"south": {"uv": [14, 16], "uv_size": [1.25, 0.25]},
								"west": {"uv": [31, 15.75], "uv_size": [0.5, 0.5]},
								"up": {"uv": [16, 14], "uv_size": [1.25, 0.25]},
								"down": {"uv": [16, 15.25], "uv_size": [1.25, -0.25]}
							}
						},
						{
							"origin": [-0.79028, 2.08382, -1.41972],
							"size": [0.12856, 0.14746, 0.14748],
							"pivot": [0, 3.256, -0.19081],
							"rotation": [45, 0, 0],
							"uv": {
								"north": {"uv": [17.25, 13], "uv_size": [-1.25, 0.25]},
								"east": {"uv": [31.5, 15.75], "uv_size": [-0.5, 0.5]},
								"south": {"uv": [15.25, 16], "uv_size": [-1.25, 0.25]},
								"west": {"uv": [16.5, 30.75], "uv_size": [-0.5, 0.5]},
								"up": {"uv": [17.25, 14], "uv_size": [-1.25, 0.25]},
								"down": {"uv": [17.25, 15.25], "uv_size": [-1.25, -0.25]}
							}
						},
						{
							"origin": [0.484, 0.352, -0.67481],
							"size": [0.242, 0.2231, 0.22309],
							"pivot": [0, 1.562, 0.53519],
							"rotation": [45, 0, 0],
							"uv": {
								"north": {"uv": [16, 13], "uv_size": [1.25, 0.25]},
								"east": {"uv": [16, 30.75], "uv_size": [0.5, 0.5]},
								"south": {"uv": [14, 16], "uv_size": [1.25, 0.25]},
								"west": {"uv": [31, 15.75], "uv_size": [0.5, 0.5]},
								"up": {"uv": [16, 14], "uv_size": [1.25, 0.25]},
								"down": {"uv": [16, 15.25], "uv_size": [1.25, -0.25]}
							}
						},
						{
							"origin": [-0.726, 0.352, -1.52182],
							"size": [0.242, 0.2231, 0.2231],
							"pivot": [0, 1.562, -0.31181],
							"rotation": [45, 0, 0],
							"uv": {
								"north": {"uv": [17.25, 13], "uv_size": [-1.25, 0.25]},
								"east": {"uv": [31.5, 15.75], "uv_size": [-0.5, 0.5]},
								"south": {"uv": [15.25, 16], "uv_size": [-1.25, 0.25]},
								"west": {"uv": [16.5, 30.75], "uv_size": [-0.5, 0.5]},
								"up": {"uv": [17.25, 14], "uv_size": [-1.25, 0.25]},
								"down": {"uv": [17.25, 15.25], "uv_size": [-1.25, -0.25]}
							}
						},
						{
							"origin": [-0.726, 0.352, -0.67481],
							"size": [0.242, 0.2231, 0.22309],
							"pivot": [0, 1.562, 0.53519],
							"rotation": [45, 0, 0],
							"uv": {
								"north": {"uv": [17.25, 13], "uv_size": [-1.25, 0.25]},
								"east": {"uv": [31.5, 15.75], "uv_size": [-0.5, 0.5]},
								"south": {"uv": [15.25, 16], "uv_size": [-1.25, 0.25]},
								"west": {"uv": [16.5, 30.75], "uv_size": [-0.5, 0.5]},
								"up": {"uv": [17.25, 14], "uv_size": [-1.25, 0.25]},
								"down": {"uv": [17.25, 15.25], "uv_size": [-1.25, -0.25]}
							}
						}
					]
				},
				{
					"name": "scope_illuminated",
					"parent": "scope_body",
					"pivot": [0, 15.78247, -2.31843]
				},
				{
					"name": "ocular",
					"parent": "bone",
					"pivot": [-0.00037, 1.34104, 1.01732],
					"cubes": [
						{
							"origin": [-0.60537, 0.91754, 1.01732],
							"size": [1.21, 0.847, 0],
							"uv": {
								"south": {"uv": [0, 0], "uv_size": [1.5, 1.5]}
							}
						}
					]
				},
				{
					"name": "division",
					"parent": "bone",
					"pivot": [0, -0.16982, -47.848]
				},
				{
					"name": "2_illuminated",
					"parent": "division",
					"pivot": [0, 1.34269, -49.06935],
					"cubes": [
						{
							"origin": [-0.121, 1.34269, -49.19035],
							"size": [0.242, 0, 0.242],
							"pivot": [0, 1.34269, -49.06935],
							"rotation": [-90, 0, 0],
							"uv": {
								"up": {"uv": [23.75, 31.25], "uv_size": [0.25, 0.25]}
							}
						}
					]
				},
				{
					"name": "hexadecagon",
					"parent": "2_illuminated",
					"pivot": [0, 1.34269, -49.058],
					"cubes": [
						{
							"origin": [-0.24068, 0.13269, -49.058],
							"size": [0.48136, 0.242, 0],
							"pivot": [0, 1.34269, -47.848],
							"rotation": [0, 0, -45],
							"uv": {
								"north": {"uv": [22.75, 30.5], "uv_size": [0.25, 0.75]},
								"east": {"uv": [22.75, 30.5], "uv_size": [0.25, 0.75]},
								"south": {"uv": [22.75, 30.5], "uv_size": [0.25, 0.75]},
								"west": {"uv": [22.75, 30.5], "uv_size": [0.25, 0.75]},
								"up": {"uv": [23, 31.25], "uv_size": [-0.25, -0.75]},
								"down": {"uv": [23, 31.25], "uv_size": [-0.25, -0.75]}
							}
						},
						{
							"origin": [-0.24068, 0.13269, -49.058],
							"size": [0.48136, 0.242, 0],
							"pivot": [0, 1.34269, -47.848],
							"rotation": [0, 0, -22.5],
							"uv": {
								"north": {"uv": [22.75, 30.5], "uv_size": [0.25, 0.75]},
								"east": {"uv": [22.75, 30.5], "uv_size": [0.25, 0.75]},
								"south": {"uv": [22.75, 30.5], "uv_size": [0.25, 0.75]},
								"west": {"uv": [22.75, 30.5], "uv_size": [0.25, 0.75]},
								"up": {"uv": [23, 31.25], "uv_size": [-0.25, -0.75]},
								"down": {"uv": [23, 31.25], "uv_size": [-0.25, -0.75]}
							}
						},
						{
							"origin": [-0.24068, 0.13269, -49.058],
							"size": [0.48136, 0.242, 0],
							"uv": {
								"north": {"uv": [22.75, 30.5], "uv_size": [0.25, 0.75]},
								"east": {"uv": [22.75, 30.5], "uv_size": [0.25, 0.75]},
								"south": {"uv": [22.75, 30.5], "uv_size": [0.25, 0.75]},
								"west": {"uv": [22.75, 30.5], "uv_size": [0.25, 0.75]},
								"up": {"uv": [23, 31.25], "uv_size": [-0.25, -0.75]},
								"down": {"uv": [23, 31.25], "uv_size": [-0.25, -0.75]}
							}
						},
						{
							"origin": [-0.24068, 0.13269, -49.058],
							"size": [0.48136, 0.242, 0],
							"pivot": [0, 1.34269, -47.848],
							"rotation": [0, 0, 22.5],
							"uv": {
								"north": {"uv": [22.75, 30.5], "uv_size": [0.25, 0.75]},
								"east": {"uv": [22.75, 30.5], "uv_size": [0.25, 0.75]},
								"south": {"uv": [22.75, 30.5], "uv_size": [0.25, 0.75]},
								"west": {"uv": [22.75, 30.5], "uv_size": [0.25, 0.75]},
								"up": {"uv": [23, 31.25], "uv_size": [-0.25, -0.75]},
								"down": {"uv": [23, 31.25], "uv_size": [-0.25, -0.75]}
							}
						},
						{
							"origin": [-0.24068, 0.13269, -49.058],
							"size": [0.48136, 0.242, 0],
							"pivot": [0, 1.34269, -47.848],
							"rotation": [0, 0, 45],
							"uv": {
								"north": {"uv": [22.75, 30.5], "uv_size": [0.25, 0.75]},
								"east": {"uv": [22.75, 30.5], "uv_size": [0.25, 0.75]},
								"south": {"uv": [22.75, 30.5], "uv_size": [0.25, 0.75]},
								"west": {"uv": [22.75, 30.5], "uv_size": [0.25, 0.75]},
								"up": {"uv": [23, 31.25], "uv_size": [-0.25, -0.75]},
								"down": {"uv": [23, 31.25], "uv_size": [-0.25, -0.75]}
							}
						},
						{
							"origin": [-0.24068, 2.31069, -49.058],
							"size": [0.48136, 0.242, 0],
							"pivot": [0, 1.34269, -47.848],
							"rotation": [0, 0, -45],
							"uv": {
								"north": {"uv": [22.75, 30.5], "uv_size": [0.25, 0.75]},
								"east": {"uv": [22.75, 30.5], "uv_size": [0.25, 0.75]},
								"south": {"uv": [22.75, 30.5], "uv_size": [0.25, 0.75]},
								"west": {"uv": [22.75, 30.5], "uv_size": [0.25, 0.75]},
								"up": {"uv": [23, 31.25], "uv_size": [-0.25, -0.75]},
								"down": {"uv": [23, 31.25], "uv_size": [-0.25, -0.75]}
							}
						},
						{
							"origin": [-0.24068, 2.31069, -49.058],
							"size": [0.48136, 0.242, 0],
							"pivot": [0, 1.34269, -47.848],
							"rotation": [0, 0, -22.5],
							"uv": {
								"north": {"uv": [22.75, 30.5], "uv_size": [0.25, 0.75]},
								"east": {"uv": [22.75, 30.5], "uv_size": [0.25, 0.75]},
								"south": {"uv": [22.75, 30.5], "uv_size": [0.25, 0.75]},
								"west": {"uv": [22.75, 30.5], "uv_size": [0.25, 0.75]},
								"up": {"uv": [23, 31.25], "uv_size": [-0.25, -0.75]},
								"down": {"uv": [23, 31.25], "uv_size": [-0.25, -0.75]}
							}
						},
						{
							"origin": [-0.24068, 2.31069, -49.058],
							"size": [0.48136, 0.242, 0],
							"uv": {
								"north": {"uv": [22.75, 30.5], "uv_size": [0.25, 0.75]},
								"east": {"uv": [22.75, 30.5], "uv_size": [0.25, 0.75]},
								"south": {"uv": [22.75, 30.5], "uv_size": [0.25, 0.75]},
								"west": {"uv": [22.75, 30.5], "uv_size": [0.25, 0.75]},
								"up": {"uv": [23, 31.25], "uv_size": [-0.25, -0.75]},
								"down": {"uv": [23, 31.25], "uv_size": [-0.25, -0.75]}
							}
						},
						{
							"origin": [-0.24068, 2.31069, -49.058],
							"size": [0.48136, 0.242, 0],
							"pivot": [0, 1.34269, -47.848],
							"rotation": [0, 0, 22.5],
							"uv": {
								"north": {"uv": [22.75, 30.5], "uv_size": [0.25, 0.75]},
								"east": {"uv": [22.75, 30.5], "uv_size": [0.25, 0.75]},
								"south": {"uv": [22.75, 30.5], "uv_size": [0.25, 0.75]},
								"west": {"uv": [22.75, 30.5], "uv_size": [0.25, 0.75]},
								"up": {"uv": [23, 31.25], "uv_size": [-0.25, -0.75]},
								"down": {"uv": [23, 31.25], "uv_size": [-0.25, -0.75]}
							}
						},
						{
							"origin": [-0.24068, 2.31069, -49.058],
							"size": [0.48136, 0.242, 0],
							"pivot": [0, 1.34269, -47.848],
							"rotation": [0, 0, 45],
							"uv": {
								"north": {"uv": [22.75, 30.5], "uv_size": [0.25, 0.75]},
								"east": {"uv": [22.75, 30.5], "uv_size": [0.25, 0.75]},
								"south": {"uv": [22.75, 30.5], "uv_size": [0.25, 0.75]},
								"west": {"uv": [22.75, 30.5], "uv_size": [0.25, 0.75]},
								"up": {"uv": [23, 31.25], "uv_size": [-0.25, -0.75]},
								"down": {"uv": [23, 31.25], "uv_size": [-0.25, -0.75]}
							}
						},
						{
							"origin": [0.968, 1.102, -49.058],
							"size": [0.242, 0.48137, 0],
							"pivot": [0, 1.34269, -47.848],
							"rotation": [0, 0, -22.5],
							"uv": {
								"north": {"uv": [22.75, 30.5], "uv_size": [0.25, 0.75]},
								"east": {"uv": [22.75, 30.5], "uv_size": [0.25, 0.75]},
								"south": {"uv": [22.75, 30.5], "uv_size": [0.25, 0.75]},
								"west": {"uv": [22.75, 30.5], "uv_size": [0.25, 0.75]},
								"up": {"uv": [23, 31.25], "uv_size": [-0.25, -0.75]},
								"down": {"uv": [23, 31.25], "uv_size": [-0.25, -0.75]}
							}
						},
						{
							"origin": [0.968, 1.102, -49.058],
							"size": [0.242, 0.48137, 0],
							"uv": {
								"north": {"uv": [22.75, 30.5], "uv_size": [0.25, 0.75]},
								"east": {"uv": [22.75, 30.5], "uv_size": [0.25, 0.75]},
								"south": {"uv": [22.75, 30.5], "uv_size": [0.25, 0.75]},
								"west": {"uv": [22.75, 30.5], "uv_size": [0.25, 0.75]},
								"up": {"uv": [23, 31.25], "uv_size": [-0.25, -0.75]},
								"down": {"uv": [23, 31.25], "uv_size": [-0.25, -0.75]}
							}
						},
						{
							"origin": [0.968, 1.102, -49.058],
							"size": [0.242, 0.48137, 0],
							"pivot": [0, 1.34269, -47.848],
							"rotation": [0, 0, 22.5],
							"uv": {
								"north": {"uv": [22.75, 30.5], "uv_size": [0.25, 0.75]},
								"east": {"uv": [22.75, 30.5], "uv_size": [0.25, 0.75]},
								"south": {"uv": [22.75, 30.5], "uv_size": [0.25, 0.75]},
								"west": {"uv": [22.75, 30.5], "uv_size": [0.25, 0.75]},
								"up": {"uv": [23, 31.25], "uv_size": [-0.25, -0.75]},
								"down": {"uv": [23, 31.25], "uv_size": [-0.25, -0.75]}
							}
						},
						{
							"origin": [-1.21, 1.102, -49.058],
							"size": [0.242, 0.48137, 0],
							"pivot": [0, 1.34269, -47.848],
							"rotation": [0, 0, -22.5],
							"uv": {
								"north": {"uv": [22.75, 30.5], "uv_size": [0.25, 0.75]},
								"east": {"uv": [22.75, 30.5], "uv_size": [0.25, 0.75]},
								"south": {"uv": [22.75, 30.5], "uv_size": [0.25, 0.75]},
								"west": {"uv": [22.75, 30.5], "uv_size": [0.25, 0.75]},
								"up": {"uv": [23, 31.25], "uv_size": [-0.25, -0.75]},
								"down": {"uv": [23, 31.25], "uv_size": [-0.25, -0.75]}
							}
						},
						{
							"origin": [-1.21, 1.102, -49.058],
							"size": [0.242, 0.48137, 0],
							"uv": {
								"north": {"uv": [22.75, 30.5], "uv_size": [0.25, 0.75]},
								"east": {"uv": [22.75, 30.5], "uv_size": [0.25, 0.75]},
								"south": {"uv": [22.75, 30.5], "uv_size": [0.25, 0.75]},
								"west": {"uv": [22.75, 30.5], "uv_size": [0.25, 0.75]},
								"up": {"uv": [23, 31.25], "uv_size": [-0.25, -0.75]},
								"down": {"uv": [23, 31.25], "uv_size": [-0.25, -0.75]}
							}
						},
						{
							"origin": [-1.21, 1.102, -49.058],
							"size": [0.242, 0.48137, 0],
							"pivot": [0, 1.34269, -47.848],
							"rotation": [0, 0, 22.5],
							"uv": {
								"north": {"uv": [22.75, 30.5], "uv_size": [0.25, 0.75]},
								"east": {"uv": [22.75, 30.5], "uv_size": [0.25, 0.75]},
								"south": {"uv": [22.75, 30.5], "uv_size": [0.25, 0.75]},
								"west": {"uv": [22.75, 30.5], "uv_size": [0.25, 0.75]},
								"up": {"uv": [23, 31.25], "uv_size": [-0.25, -0.75]},
								"down": {"uv": [23, 31.25], "uv_size": [-0.25, -0.75]}
							}
						}
					]
				}
			]
		}
	]
}