{
	"format_version": "1.12.0",
	"minecraft:geometry": [
		{
			"description": {
				"identifier": "geometry.unknown",
				"texture_width": 32,
				"texture_height": 32,
				"visible_bounds_width": 3,
				"visible_bounds_height": 2.5,
				"visible_bounds_offset": [0, 0.75, 0]
			},
			"bones": [
				{
					"name": "scope_view",
					"pivot": [0, 1.1262, 4.845]
				},
				{
					"name": "scope_body",
					"pivot": [0, 0.11233, 1.61741],
					"rotation": [-90, 0, -180],
					"cubes": [
						{
							"origin": [-0.57286, 1.05543, 2.42865],
							"size": [1.14572, 0.30261, 4.38668],
							"pivot": [-0.02997, 1.3746, 1.72374],
							"rotation": [-90, 0, 0],
							"uv": {
								"north": {"uv": [15.016, 8.016], "uv_size": [1.234, 0.234]},
								"east": {"uv": [7.016, 4.016], "uv_size": [4.484, 0.234]},
								"south": {"uv": [15.016, 9.016], "uv_size": [1.234, 0.234]},
								"west": {"uv": [7.016, 5.016], "uv_size": [4.484, 0.234]},
								"up": {"uv": [0.016, 0.016], "uv_size": [1.234, 4.484]},
								"down": {"uv": [2.016, 4.5], "uv_size": [1.234, -4.484]}
							}
						},
						{
							"origin": [-0.67712, -0.73369, 0.82865],
							"size": [0.19607, 0.38746, 1.79543],
							"inflate": -0.001,
							"pivot": [-0.02997, -0.2254, 1.72374],
							"rotation": [-90, 0, 0],
							"uv": {
								"north": {"uv": [19.016, 16.016], "uv_size": [0.234, 0.484]},
								"east": {"uv": [8.016, 11.016], "uv_size": [1.734, 0.484]},
								"south": {"uv": [17.016, 19.016], "uv_size": [0.234, 0.484]},
								"west": {"uv": [11.016, 8.016], "uv_size": [1.734, 0.484]},
								"up": {"uv": [3.016, 13.016], "uv_size": [0.234, 1.734]},
								"down": {"uv": [13.016, 4.75], "uv_size": [0.234, -1.734]}
							}
						},
						{
							"origin": [0.48124, -1.28061, 0.98457],
							"size": [0.19568, 0.26705, 0.28378],
							"inflate": -0.001,
							"pivot": [0.57908, -1.29368, 1.93208],
							"rotation": [60, 0, 0],
							"uv": {
								"north": {"uv": [22.016, 1.016], "uv_size": [0.234, 0.234]},
								"east": {"uv": [2.016, 22.016], "uv_size": [0.234, 0.234]},
								"south": {"uv": [22.016, 2.016], "uv_size": [0.234, 0.234]},
								"west": {"uv": [3.016, 22.016], "uv_size": [0.234, 0.234]},
								"up": {"uv": [22.016, 3.016], "uv_size": [0.234, 0.234]},
								"down": {"uv": [4.016, 22.25], "uv_size": [0.234, -0.234]}
							}
						},
						{
							"origin": [0.48005, -2.48611, 0.88035],
							"size": [0.19707, 0.1198, 1.74373],
							"inflate": -0.001,
							"pivot": [0.02997, -2.8746, 1.72374],
							"rotation": [90, 0, 0],
							"uv": {
								"north": {"uv": [22.016, 0.016], "uv_size": [0.234, 0.234]},
								"east": {"uv": [15.016, 1.016], "uv_size": [1.734, 0.234]},
								"south": {"uv": [1.016, 22.016], "uv_size": [0.234, 0.234]},
								"west": {"uv": [5.016, 15.016], "uv_size": [1.734, 0.234]},
								"up": {"uv": [15.016, 5.016], "uv_size": [0.234, 1.734]},
								"down": {"uv": [7.016, 16.75], "uv_size": [0.234, -1.734]}
							}
						},
						{
							"origin": [-0.67692, -1.28061, 0.98457],
							"size": [0.19568, 0.26705, 0.28378],
							"inflate": -0.001,
							"pivot": [-0.57908, -1.29368, 1.93208],
							"rotation": [60, 0, 0],
							"uv": {
								"north": {"uv": [19.016, 21.016], "uv_size": [0.234, 0.234]},
								"east": {"uv": [21.016, 19.016], "uv_size": [0.234, 0.234]},
								"south": {"uv": [20.016, 21.016], "uv_size": [0.234, 0.234]},
								"west": {"uv": [21.016, 20.016], "uv_size": [0.234, 0.234]},
								"up": {"uv": [21.016, 21.016], "uv_size": [0.234, 0.234]},
								"down": {"uv": [0.016, 22.25], "uv_size": [0.234, -0.234]}
							}
						},
						{
							"origin": [-0.67812, -2.48611, 0.88035],
							"size": [0.19707, 0.1198, 1.74373],
							"inflate": -0.001,
							"pivot": [-0.02997, -2.8746, 1.72374],
							"rotation": [90, 0, 0],
							"uv": {
								"north": {"uv": [18.016, 21.016], "uv_size": [0.234, 0.234]},
								"east": {"uv": [0.016, 15.016], "uv_size": [1.734, 0.234]},
								"south": {"uv": [21.016, 18.016], "uv_size": [0.234, 0.234]},
								"west": {"uv": [15.016, 0.016], "uv_size": [1.734, 0.234]},
								"up": {"uv": [3.016, 15.016], "uv_size": [0.234, 1.734]},
								"down": {"uv": [4.016, 16.75], "uv_size": [0.234, -1.734]}
							}
						},
						{
							"origin": [0.48124, -2.08644, 0.98457],
							"size": [0.19568, 0.26705, 0.28378],
							"inflate": -0.001,
							"pivot": [0.57908, -1.80632, 1.93208],
							"rotation": [-60, 0, 0],
							"uv": {
								"north": {"uv": [20.016, 7.016], "uv_size": [0.234, 0.234]},
								"east": {"uv": [8.016, 20.016], "uv_size": [0.234, 0.234]},
								"south": {"uv": [20.016, 8.016], "uv_size": [0.234, 0.234]},
								"west": {"uv": [9.016, 20.016], "uv_size": [0.234, 0.234]},
								"up": {"uv": [20.016, 9.016], "uv_size": [0.234, 0.234]},
								"down": {"uv": [10.016, 20.25], "uv_size": [0.234, -0.234]}
							}
						},
						{
							"origin": [0.48085, 0.98611, 2.42845],
							"size": [0.19528, 0.26666, 4.38588],
							"inflate": 0.001,
							"pivot": [0.02997, 1.3746, 1.72374],
							"rotation": [-90, 0, 0],
							"uv": {
								"north": {"uv": [20.016, 10.016], "uv_size": [0.234, 0.234]},
								"east": {"uv": [7.016, 6.016], "uv_size": [4.484, 0.234]},
								"south": {"uv": [11.016, 20.016], "uv_size": [0.234, 0.234]},
								"west": {"uv": [7.016, 7.016], "uv_size": [4.484, 0.234]},
								"up": {"uv": [0.016, 8.016], "uv_size": [0.234, 4.484]},
								"down": {"uv": [1.016, 12.5], "uv_size": [0.234, -4.484]}
							}
						},
						{
							"origin": [0.48105, -0.73369, 0.82865],
							"size": [0.19607, 0.38746, 1.79543],
							"inflate": -0.001,
							"pivot": [0.02997, -0.2254, 1.72374],
							"rotation": [-90, 0, 0],
							"uv": {
								"north": {"uv": [19.016, 17.016], "uv_size": [0.234, 0.484]},
								"east": {"uv": [11.016, 9.016], "uv_size": [1.734, 0.484]},
								"south": {"uv": [18.016, 19.016], "uv_size": [0.234, 0.484]},
								"west": {"uv": [10.016, 11.016], "uv_size": [1.734, 0.484]},
								"up": {"uv": [4.016, 13.016], "uv_size": [0.234, 1.734]},
								"down": {"uv": [5.016, 14.75], "uv_size": [0.234, -1.734]}
							}
						},
						{
							"origin": [-0.67612, 0.98611, 2.42845],
							"size": [0.19527, 0.26666, 4.38588],
							"inflate": 0.001,
							"pivot": [-0.02997, 1.3746, 1.72374],
							"rotation": [-90, 0, 0],
							"uv": {
								"north": {"uv": [20.016, 11.016], "uv_size": [0.234, 0.234]},
								"east": {"uv": [8.016, 0.016], "uv_size": [4.484, 0.234]},
								"south": {"uv": [12.016, 20.016], "uv_size": [0.234, 0.234]},
								"west": {"uv": [8.016, 1.016], "uv_size": [4.484, 0.234]},
								"up": {"uv": [2.016, 8.016], "uv_size": [0.234, 4.484]},
								"down": {"uv": [3.016, 12.5], "uv_size": [0.234, -4.484]}
							}
						},
						{
							"origin": [-0.40214, 0.83155, 2.42865],
							"size": [0.19608, 0.14745, 4.38668],
							"pivot": [-0.02997, 1.3746, 1.72374],
							"rotation": [-90, 45, 0],
							"uv": {
								"north": {"uv": [20.016, 12.016], "uv_size": [0.234, 0.234]},
								"east": {"uv": [8.016, 2.016], "uv_size": [4.484, 0.234]},
								"south": {"uv": [13.016, 20.016], "uv_size": [0.234, 0.234]},
								"west": {"uv": [8.016, 3.016], "uv_size": [4.484, 0.234]},
								"up": {"uv": [4.016, 8.016], "uv_size": [0.234, 4.484]},
								"down": {"uv": [5.016, 12.5], "uv_size": [0.234, -4.484]}
							}
						},
						{
							"origin": [0.20606, 0.83155, 2.42865],
							"size": [0.19608, 0.14745, 4.38668],
							"pivot": [0.02997, 1.3746, 1.72374],
							"rotation": [-90, -45, 0],
							"uv": {
								"north": {"uv": [20.016, 13.016], "uv_size": [0.234, 0.234]},
								"east": {"uv": [6.016, 8.016], "uv_size": [4.484, 0.234]},
								"south": {"uv": [14.016, 20.016], "uv_size": [0.234, 0.234]},
								"west": {"uv": [6.016, 9.016], "uv_size": [4.484, 0.234]},
								"up": {"uv": [6.016, 10.016], "uv_size": [0.234, 4.484]},
								"down": {"uv": [7.016, 14.5], "uv_size": [0.234, -4.484]}
							}
						},
						{
							"origin": [-0.67692, -2.08644, 0.98457],
							"size": [0.19568, 0.26705, 0.28378],
							"inflate": -0.001,
							"pivot": [-0.57908, -1.80632, 1.93208],
							"rotation": [-60, 0, 0],
							"uv": {
								"north": {"uv": [20.016, 14.016], "uv_size": [0.234, 0.234]},
								"east": {"uv": [15.016, 20.016], "uv_size": [0.234, 0.234]},
								"south": {"uv": [20.016, 15.016], "uv_size": [0.234, 0.234]},
								"west": {"uv": [16.016, 20.016], "uv_size": [0.234, 0.234]},
								"up": {"uv": [20.016, 16.016], "uv_size": [0.234, 0.234]},
								"down": {"uv": [17.016, 20.25], "uv_size": [0.234, -0.234]}
							}
						},
						{
							"origin": [-0.57286, 2.3509, 5.62395],
							"size": [1.14572, 0.53046, 1.00638],
							"pivot": [-0.02997, 2.9771, 2.08374],
							"rotation": [-90, 0, 0],
							"uv": {
								"north": {"uv": [12.016, 6.016], "uv_size": [1.234, 0.484]},
								"east": {"uv": [2.016, 13.016], "uv_size": [0.968, 0.484]},
								"south": {"uv": [12.016, 7.016], "uv_size": [1.234, 0.484]},
								"west": {"uv": [13.016, 2.016], "uv_size": [0.968, 0.484]},
								"up": {"uv": [6.016, 2.016], "uv_size": [1.234, 0.968]},
								"down": {"uv": [6.016, 3.984], "uv_size": [1.234, -0.968]}
							}
						},
						{
							"origin": [-0.57286, 1.60054, 6.42395],
							"size": [1.14572, 0.17123, 1.35388],
							"inflate": 0.001,
							"pivot": [-0.02997, 1.9771, 2.08374],
							"rotation": [-90, 0, 0],
							"uv": {
								"north": {"uv": [10.016, 15.016], "uv_size": [1.234, 0.234]},
								"east": {"uv": [15.016, 10.016], "uv_size": [1.234, 0.234]},
								"south": {"uv": [15.016, 11.016], "uv_size": [1.234, 0.234]},
								"west": {"uv": [12.016, 15.016], "uv_size": [1.234, 0.234]},
								"up": {"uv": [4.016, 4.016], "uv_size": [1.234, 1.234]},
								"down": {"uv": [0.016, 6.25], "uv_size": [1.234, -1.234]}
							}
						},
						{
							"origin": [-0.57286, 4.18136, 7.42395],
							"size": [1.14572, 0.06445, 0.50638],
							"pivot": [-0.02997, 4.2771, 2.08374],
							"rotation": [-90, 0, 0],
							"uv": {
								"north": {"uv": [15.016, 12.016], "uv_size": [1.234, 0.234]},
								"east": {"uv": [19.016, 18.016], "uv_size": [0.484, 0.234]},
								"south": {"uv": [15.016, 13.016], "uv_size": [1.234, 0.234]},
								"west": {"uv": [19.016, 19.016], "uv_size": [0.484, 0.234]},
								"up": {"uv": [8.016, 12.016], "uv_size": [1.234, 0.484]},
								"down": {"uv": [10.016, 12.5], "uv_size": [1.234, -0.484]}
							}
						},
						{
							"origin": [-0.57286, 1.77277, 6.42295],
							"size": [1.14672, 0.17304, 0.44946],
							"pivot": [-0.02997, 1.9771, 2.08374],
							"rotation": [-90, 0, 0],
							"uv": {
								"north": {"uv": [17.016, 16.016], "uv_size": [1.234, 0.234]},
								"east": {"uv": [4.016, 20.016], "uv_size": [0.484, 0.234]},
								"south": {"uv": [17.016, 17.016], "uv_size": [1.234, 0.234]},
								"west": {"uv": [20.016, 4.016], "uv_size": [0.484, 0.234]},
								"up": {"uv": [12.016, 10.016], "uv_size": [1.234, 0.484]},
								"down": {"uv": [12.016, 11.5], "uv_size": [1.234, -0.484]}
							}
						},
						{
							"origin": [-1.48732, -0.33117, 2.54503],
							"size": [1.08707, 0.18888, 0.15064],
							"pivot": [-0.23603, -0.13673, 1.92073],
							"rotation": [-90, 0, -45],
							"uv": {
								"north": {"uv": [18.016, 10.016], "uv_size": [0.968, 0.234]},
								"east": {"uv": [8.016, 21.016], "uv_size": [0.234, 0.234]},
								"south": {"uv": [18.016, 11.016], "uv_size": [0.968, 0.234]},
								"west": {"uv": [21.016, 8.016], "uv_size": [0.234, 0.234]},
								"up": {"uv": [12.016, 18.016], "uv_size": [0.968, 0.234]},
								"down": {"uv": [13.016, 18.25], "uv_size": [0.968, -0.234]}
							}
						},
						{
							"origin": [-0.99106, -0.36555, 2.05006],
							"size": [0.38579, 0.18888, 0.16562],
							"pivot": [-0.23603, -0.17111, 1.92073],
							"rotation": [-90, 0, -45],
							"uv": {
								"north": {"uv": [0.016, 20.016], "uv_size": [0.484, 0.234]},
								"east": {"uv": [9.016, 21.016], "uv_size": [0.234, 0.234]},
								"south": {"uv": [20.016, 0.016], "uv_size": [0.484, 0.234]},
								"west": {"uv": [21.016, 9.016], "uv_size": [0.234, 0.234]},
								"up": {"uv": [1.016, 20.016], "uv_size": [0.484, 0.234]},
								"down": {"uv": [20.016, 1.25], "uv_size": [0.484, -0.234]}
							}
						},
						{
							"origin": [0.40025, -0.33117, 2.54503],
							"size": [1.08707, 0.18888, 0.15064],
							"pivot": [0.23603, -0.13673, 1.92073],
							"rotation": [-90, 0, 45],
							"uv": {
								"north": {"uv": [14.016, 18.016], "uv_size": [0.968, 0.234]},
								"east": {"uv": [10.016, 21.016], "uv_size": [0.234, 0.234]},
								"south": {"uv": [15.016, 18.016], "uv_size": [0.968, 0.234]},
								"west": {"uv": [21.016, 10.016], "uv_size": [0.234, 0.234]},
								"up": {"uv": [16.016, 18.016], "uv_size": [0.968, 0.234]},
								"down": {"uv": [17.016, 18.25], "uv_size": [0.968, -0.234]}
							}
						},
						{
							"origin": [0.60527, -0.36555, 2.05006],
							"size": [0.38579, 0.18888, 0.16562],
							"pivot": [0.23603, -0.17111, 1.92073],
							"rotation": [-90, 0, 45],
							"uv": {
								"north": {"uv": [2.016, 20.016], "uv_size": [0.484, 0.234]},
								"east": {"uv": [11.016, 21.016], "uv_size": [0.234, 0.234]},
								"south": {"uv": [20.016, 2.016], "uv_size": [0.484, 0.234]},
								"west": {"uv": [21.016, 11.016], "uv_size": [0.234, 0.234]},
								"up": {"uv": [3.016, 20.016], "uv_size": [0.484, 0.234]},
								"down": {"uv": [20.016, 3.25], "uv_size": [0.484, -0.234]}
							}
						},
						{
							"origin": [-0.67938, -0.93392, 2.04018],
							"size": [1.35785, 0.18887, 0.66653],
							"pivot": [0.12686, -0.70823, 1.95198],
							"rotation": [-90, 0, 0],
							"uv": {
								"north": {"uv": [16.016, 4.016], "uv_size": [1.234, 0.234]},
								"east": {"uv": [6.016, 19.016], "uv_size": [0.734, 0.234]},
								"south": {"uv": [5.016, 16.016], "uv_size": [1.234, 0.234]},
								"west": {"uv": [7.016, 19.016], "uv_size": [0.734, 0.234]},
								"up": {"uv": [8.016, 10.016], "uv_size": [1.234, 0.734]},
								"down": {"uv": [10.016, 10.75], "uv_size": [1.234, -0.734]}
							}
						},
						{
							"origin": [-0.57286, 0.02567, 2.19857],
							"size": [1.14572, 0.20645, 0.17282],
							"inflate": -0.001,
							"pivot": [-0.02997, -0.39592, 1.95198],
							"rotation": [-150, 0, 0],
							"uv": {
								"north": {"uv": [17.016, 13.016], "uv_size": [1.234, 0.234]},
								"east": {"uv": [22.016, 5.016], "uv_size": [0.234, 0.234]},
								"south": {"uv": [17.016, 14.016], "uv_size": [1.234, 0.234]},
								"west": {"uv": [6.016, 22.016], "uv_size": [0.234, 0.234]},
								"up": {"uv": [15.016, 17.016], "uv_size": [1.234, 0.234]},
								"down": {"uv": [17.016, 15.25], "uv_size": [1.234, -0.234]}
							}
						},
						{
							"origin": [-0.3735, 3.5509, 7.22395],
							"size": [0.28579, 0.28888, 1.26562],
							"pivot": [-0.03061, 3.9771, 2.08374],
							"rotation": [-90, 0, 0],
							"uv": {
								"north": {"uv": [12.016, 21.016], "uv_size": [0.234, 0.234]},
								"east": {"uv": [16.016, 5.016], "uv_size": [1.234, 0.234]},
								"south": {"uv": [21.016, 12.016], "uv_size": [0.234, 0.234]},
								"west": {"uv": [16.016, 6.016], "uv_size": [1.234, 0.234]},
								"up": {"uv": [8.016, 16.016], "uv_size": [0.234, 1.234]},
								"down": {"uv": [9.016, 17.25], "uv_size": [0.234, -1.234]}
							}
						},
						{
							"origin": [0.30023, -0.04044, 3.2398],
							"size": [0.14398, 0.34761, 1.26562],
							"pivot": [0.30151, 0.20408, 1.87261],
							"rotation": [-90, 45, 0],
							"uv": {
								"north": {"uv": [13.016, 21.016], "uv_size": [0.234, 0.234]},
								"east": {"uv": [10.016, 16.016], "uv_size": [1.234, 0.234]},
								"south": {"uv": [21.016, 13.016], "uv_size": [0.234, 0.234]},
								"west": {"uv": [12.016, 16.016], "uv_size": [1.234, 0.234]},
								"up": {"uv": [14.016, 16.016], "uv_size": [0.234, 1.234]},
								"down": {"uv": [16.016, 15.25], "uv_size": [0.234, -1.234]}
							}
						},
						{
							"origin": [0.08771, 3.5509, 7.22395],
							"size": [0.28579, 0.28888, 1.26562],
							"pivot": [0.03061, 3.9771, 2.08374],
							"rotation": [-90, 0, 0],
							"uv": {
								"north": {"uv": [14.016, 21.016], "uv_size": [0.234, 0.234]},
								"east": {"uv": [15.016, 16.016], "uv_size": [1.234, 0.234]},
								"south": {"uv": [21.016, 14.016], "uv_size": [0.234, 0.234]},
								"west": {"uv": [0.016, 17.016], "uv_size": [1.234, 0.234]},
								"up": {"uv": [17.016, 0.016], "uv_size": [0.234, 1.234]},
								"down": {"uv": [17.016, 3.25], "uv_size": [0.234, -1.234]}
							}
						},
						{
							"origin": [-0.47467, 3.5509, 7.22395],
							"size": [0.88813, 0.18835, 1.26562],
							"pivot": [-0.02997, 3.9771, 2.08374],
							"rotation": [-90, 0, 0],
							"uv": {
								"north": {"uv": [18.016, 18.016], "uv_size": [0.968, 0.234]},
								"east": {"uv": [3.016, 17.016], "uv_size": [1.234, 0.234]},
								"south": {"uv": [0.016, 19.016], "uv_size": [0.968, 0.234]},
								"west": {"uv": [5.016, 17.016], "uv_size": [1.234, 0.234]},
								"up": {"uv": [4.016, 6.016], "uv_size": [0.968, 1.234]},
								"down": {"uv": [6.016, 5.25], "uv_size": [0.968, -1.234]}
							}
						},
						{
							"origin": [-0.41346, 3.5509, 7.22395],
							"size": [0.88813, 0.18835, 1.26562],
							"pivot": [0.02997, 3.9771, 2.08374],
							"rotation": [-90, 0, 0],
							"uv": {
								"north": {"uv": [1.016, 19.016], "uv_size": [0.968, 0.234]},
								"east": {"uv": [17.016, 7.016], "uv_size": [1.234, 0.234]},
								"south": {"uv": [2.016, 19.016], "uv_size": [0.968, 0.234]},
								"west": {"uv": [17.016, 8.016], "uv_size": [1.234, 0.234]},
								"up": {"uv": [5.016, 6.016], "uv_size": [0.968, 1.234]},
								"down": {"uv": [6.016, 7.25], "uv_size": [0.968, -1.234]}
							}
						},
						{
							"origin": [-0.44421, -0.04044, 3.2398],
							"size": [0.14398, 0.34761, 1.26562],
							"pivot": [-0.30151, 0.20408, 1.87261],
							"rotation": [-90, -45, 0],
							"uv": {
								"north": {"uv": [15.016, 21.016], "uv_size": [0.234, 0.234]},
								"east": {"uv": [17.016, 9.016], "uv_size": [1.234, 0.234]},
								"south": {"uv": [21.016, 15.016], "uv_size": [0.234, 0.234]},
								"west": {"uv": [10.016, 17.016], "uv_size": [1.234, 0.234]},
								"up": {"uv": [7.016, 17.016], "uv_size": [0.234, 1.234]},
								"down": {"uv": [17.016, 11.25], "uv_size": [0.234, -1.234]}
							}
						},
						{
							"origin": [-0.57286, 0.87243, 2.89225],
							"size": [1.08579, 0.86165, 0.23943],
							"pivot": [-0.0821, 0.69323, 2.08236],
							"rotation": [-150, 0, 0],
							"uv": {
								"north": {"uv": [12.016, 4.016], "uv_size": [0.968, 0.734]},
								"east": {"uv": [19.016, 7.016], "uv_size": [0.234, 0.734]},
								"south": {"uv": [12.016, 5.016], "uv_size": [0.968, 0.734]},
								"west": {"uv": [8.016, 19.016], "uv_size": [0.234, 0.734]},
								"up": {"uv": [19.016, 2.016], "uv_size": [0.968, 0.234]},
								"down": {"uv": [3.016, 19.25], "uv_size": [0.968, -0.234]}
							}
						},
						{
							"origin": [-0.57286, 0.87243, 2.79225],
							"size": [0.28579, 0.86165, 0.33943],
							"pivot": [-0.0821, 0.69323, 2.08236],
							"rotation": [-150, 0, 0],
							"uv": {
								"north": {"uv": [19.016, 8.016], "uv_size": [0.234, 0.734]},
								"east": {"uv": [9.016, 19.016], "uv_size": [0.234, 0.734]},
								"south": {"uv": [19.016, 9.016], "uv_size": [0.234, 0.734]},
								"west": {"uv": [10.016, 19.016], "uv_size": [0.234, 0.734]},
								"up": {"uv": [16.016, 21.016], "uv_size": [0.234, 0.234]},
								"down": {"uv": [21.016, 16.25], "uv_size": [0.234, -0.234]}
							}
						},
						{
							"origin": [0.28707, 0.87243, 2.79225],
							"size": [0.28579, 0.86165, 0.33943],
							"pivot": [0.0821, 0.69323, 2.08236],
							"rotation": [-150, 0, 0],
							"uv": {
								"north": {"uv": [19.016, 10.016], "uv_size": [0.234, 0.734]},
								"east": {"uv": [11.016, 19.016], "uv_size": [0.234, 0.734]},
								"south": {"uv": [19.016, 11.016], "uv_size": [0.234, 0.734]},
								"west": {"uv": [12.016, 19.016], "uv_size": [0.234, 0.734]},
								"up": {"uv": [17.016, 21.016], "uv_size": [0.234, 0.234]},
								"down": {"uv": [21.016, 17.25], "uv_size": [0.234, -0.234]}
							}
						},
						{
							"origin": [-0.57286, -3.59832, 1.75407],
							"size": [1.14572, 0.90428, 0.28208],
							"inflate": -0.001,
							"pivot": [-0.02997, -3.17487, 1.82561],
							"rotation": [157.5, 0, 0],
							"uv": {
								"north": {"uv": [0.016, 7.016], "uv_size": [1.234, 0.968]},
								"east": {"uv": [19.016, 3.016], "uv_size": [0.234, 0.968]},
								"south": {"uv": [2.016, 7.016], "uv_size": [1.234, 0.968]},
								"west": {"uv": [5.016, 19.016], "uv_size": [0.234, 0.968]},
								"up": {"uv": [12.016, 17.016], "uv_size": [1.234, 0.234]},
								"down": {"uv": [17.016, 12.25], "uv_size": [1.234, -0.234]}
							}
						}
					]
				},
				{
					"name": "1_illuminated",
					"parent": "scope_body",
					"pivot": [0, -7.55667, 2.65517],
					"cubes": [
						{
							"origin": [0.55603, -4.75063, 4.55051],
							"size": [0.7792, 0.0375, 0],
							"pivot": [0.85439, -4.66313, 2.55865],
							"rotation": [-90, -75, 180],
							"uv": {
								"north": {"uv": [17.016, 22.016], "uv_size": [0.734, 0.234]},
								"east": {"uv": [0.016, 0.016], "uv_size": [0, 0.234]},
								"south": {"uv": [22.016, 17.016], "uv_size": [0.734, 0.234]},
								"west": {"uv": [0.016, 0.016], "uv_size": [0, 0.234]},
								"up": {"uv": [0.016, 0.016], "uv_size": [0.734, 0]},
								"down": {"uv": [0.016, 0.016], "uv_size": [0.734, 0]}
							}
						},
						{
							"origin": [-0.61076, -3.65378, 3.71426],
							"size": [0.28578, 0.0375, 0],
							"pivot": [-0.45899, -3.45408, 2.93145],
							"rotation": [90, -45, 0],
							"uv": {
								"north": {"uv": [19.016, 22.016], "uv_size": [0.234, 0.234]},
								"east": {"uv": [0.016, 0.016], "uv_size": [0, 0.234]},
								"south": {"uv": [22.016, 19.016], "uv_size": [0.234, 0.234]},
								"west": {"uv": [0.016, 0.016], "uv_size": [0, 0.234]},
								"up": {"uv": [0.016, 0.016], "uv_size": [0.234, 0]},
								"down": {"uv": [0.016, 0.016], "uv_size": [0.234, 0]}
							}
						},
						{
							"origin": [-1.33523, -4.75063, 4.55051],
							"size": [0.7792, 0.0375, 0],
							"pivot": [-0.85439, -4.66313, 2.55865],
							"rotation": [-90, 75, -180],
							"uv": {
								"north": {"uv": [18.016, 22.016], "uv_size": [0.734, 0.234]},
								"east": {"uv": [0.016, 0.016], "uv_size": [0, 0.234]},
								"south": {"uv": [22.016, 18.016], "uv_size": [0.734, 0.234]},
								"west": {"uv": [0.016, 0.016], "uv_size": [0, 0.234]},
								"up": {"uv": [0.016, 0.016], "uv_size": [0.734, 0]},
								"down": {"uv": [0.016, 0.016], "uv_size": [0.734, 0]}
							}
						},
						{
							"origin": [0.32498, -3.65378, 3.71426],
							"size": [0.28578, 0.0375, 0],
							"pivot": [0.45899, -3.45408, 2.93145],
							"rotation": [90, 45, 0],
							"uv": {
								"north": {"uv": [20.016, 22.016], "uv_size": [0.234, 0.234]},
								"east": {"uv": [0.016, 0.016], "uv_size": [0, 0.234]},
								"south": {"uv": [22.016, 20.016], "uv_size": [0.234, 0.234]},
								"west": {"uv": [0.016, 0.016], "uv_size": [0, 0.234]},
								"up": {"uv": [0.016, 0.016], "uv_size": [0.234, 0]},
								"down": {"uv": [0.016, 0.016], "uv_size": [0.234, 0]}
							}
						},
						{
							"origin": [-0.51024, -2.79312, 3.34397],
							"size": [0.28579, 0.1, 0],
							"pivot": [-0.02267, -3.45408, 2.56116],
							"rotation": [90, 45, 0],
							"uv": {
								"north": {"uv": [21.016, 22.016], "uv_size": [0.234, 0.234]},
								"east": {"uv": [0.016, 0.016], "uv_size": [0, 0.234]},
								"south": {"uv": [22.016, 21.016], "uv_size": [0.234, 0.234]},
								"west": {"uv": [0.016, 0.016], "uv_size": [0, 0.234]},
								"up": {"uv": [0.016, 0.016], "uv_size": [0.234, 0]},
								"down": {"uv": [0.016, 0.016], "uv_size": [0.234, 0]}
							}
						},
						{
							"origin": [-0.77414, -3.44158, 3.02786],
							"size": [1.54828, 0.0375, 0],
							"pivot": [0, -3.45408, 2.24504],
							"rotation": [90, 0, 0],
							"uv": {
								"north": {"uv": [22.016, 14.016], "uv_size": [1.484, 0.234]},
								"east": {"uv": [0.016, 0.016], "uv_size": [0, 0.234]},
								"south": {"uv": [15.016, 22.016], "uv_size": [1.484, 0.234]},
								"west": {"uv": [0.016, 0.016], "uv_size": [0, 0.234]},
								"up": {"uv": [0.016, 0.016], "uv_size": [1.484, 0]},
								"down": {"uv": [0.016, 0.016], "uv_size": [1.484, 0]}
							}
						},
						{
							"origin": [-0.57615, -3.30409, 4.07095],
							"size": [1.15231, 0.0375, 0],
							"pivot": [-0.19799, -3.45409, 3.28813],
							"rotation": [90, 0, 0],
							"uv": {
								"north": {"uv": [22.016, 15.016], "uv_size": [1.234, 0.234]},
								"east": {"uv": [0.016, 0.016], "uv_size": [0, 0.234]},
								"south": {"uv": [22.016, 16.016], "uv_size": [1.234, 0.234]},
								"west": {"uv": [0.016, 0.016], "uv_size": [0, 0.234]},
								"up": {"uv": [0.016, 0.016], "uv_size": [1.234, 0]},
								"down": {"uv": [0.016, 0.016], "uv_size": [1.234, 0]}
							}
						},
						{
							"origin": [0.22445, -2.79312, 3.34397],
							"size": [0.28579, 0.1, 0],
							"pivot": [0.02267, -3.45408, 2.56116],
							"rotation": [90, -45, 0],
							"uv": {
								"north": {"uv": [22.016, 22.016], "uv_size": [0.234, 0.234]},
								"east": {"uv": [0.016, 0.016], "uv_size": [0, 0.234]},
								"south": {"uv": [0.016, 23.016], "uv_size": [0.234, 0.234]},
								"west": {"uv": [0.016, 0.016], "uv_size": [0, 0.234]},
								"up": {"uv": [0.016, 0.016], "uv_size": [0.234, 0]},
								"down": {"uv": [0.016, 0.016], "uv_size": [0.234, 0]}
							}
						}
					]
				},
				{
					"name": "1",
					"parent": "scope_body",
					"pivot": [0, -1.29644, 2.50934],
					"cubes": [
						{
							"origin": [0.57024, -0.88687, 2.78489],
							"size": [0.18579, 0.1, 1.76562],
							"pivot": [0.85439, -0.83687, 2.55865],
							"rotation": [90, -75, -180],
							"uv": {
								"north": {"uv": [4.016, 21.016], "uv_size": [0.234, 0.234]},
								"east": {"uv": [13.016, 12.016], "uv_size": [1.734, 0.234]},
								"south": {"uv": [21.016, 4.016], "uv_size": [0.234, 0.234]},
								"west": {"uv": [13.016, 13.016], "uv_size": [1.734, 0.234]},
								"up": {"uv": [11.016, 13.016], "uv_size": [0.234, 1.734]},
								"down": {"uv": [14.016, 1.75], "uv_size": [0.234, -1.734]}
							}
						},
						{
							"origin": [0.75603, -0.88687, 3.41929],
							"size": [0.5792, 0.1, 1.13122],
							"pivot": [0.85439, -0.83687, 2.55865],
							"rotation": [90, -75, -180],
							"uv": {
								"north": {"uv": [6.016, 20.016], "uv_size": [0.484, 0.234]},
								"east": {"uv": [8.016, 18.016], "uv_size": [1.234, 0.234]},
								"south": {"uv": [20.016, 6.016], "uv_size": [0.484, 0.234]},
								"west": {"uv": [10.016, 18.016], "uv_size": [1.234, 0.234]},
								"up": {"uv": [13.016, 0.016], "uv_size": [0.484, 1.234]},
								"down": {"uv": [1.016, 14.25], "uv_size": [0.484, -1.234]}
							}
						},
						{
							"origin": [-0.61076, -1.84622, 2.58304],
							"size": [0.28578, 0.1, 1.13122],
							"pivot": [-0.45899, -2.04592, 2.93145],
							"rotation": [-90, -45, 0],
							"uv": {
								"north": {"uv": [22.016, 7.016], "uv_size": [0.234, 0.234]},
								"east": {"uv": [18.016, 1.016], "uv_size": [1.234, 0.234]},
								"south": {"uv": [8.016, 22.016], "uv_size": [0.234, 0.234]},
								"west": {"uv": [2.016, 18.016], "uv_size": [1.234, 0.234]},
								"up": {"uv": [18.016, 2.016], "uv_size": [0.234, 1.234]},
								"down": {"uv": [4.016, 19.25], "uv_size": [0.234, -1.234]}
							}
						},
						{
							"origin": [-0.93847, -1.71162, 2.04507],
							"size": [0.16459, 0.101, 0.56004],
							"inflate": -0.003,
							"pivot": [-0.82436, -1.66062, 2.67071],
							"rotation": [28.18679, 56.77406, 114.14611],
							"uv": {
								"north": {"uv": [5, 23], "uv_size": [0.25, 0.25]},
								"east": {"uv": [3, 23], "uv_size": [0.5, 0.25]},
								"south": {"uv": [23, 5], "uv_size": [0.25, 0.25]},
								"west": {"uv": [23, 3], "uv_size": [0.5, 0.25]},
								"up": {"uv": [4, 23], "uv_size": [0.25, 0.5]},
								"down": {"uv": [23, 4.5], "uv_size": [0.25, -0.5]}
							}
						},
						{
							"origin": [0.77389, -1.71162, 2.04507],
							"size": [0.16459, 0.101, 0.56004],
							"inflate": -0.003,
							"pivot": [0.82436, -1.66062, 2.67071],
							"rotation": [28.18679, -56.77406, -114.14611],
							"uv": {
								"north": {"uv": [5.25, 23], "uv_size": [-0.25, 0.25]},
								"east": {"uv": [23.5, 3], "uv_size": [-0.5, 0.25]},
								"south": {"uv": [23.25, 5], "uv_size": [-0.25, 0.25]},
								"west": {"uv": [3.5, 23], "uv_size": [-0.5, 0.25]},
								"up": {"uv": [4.25, 23], "uv_size": [-0.25, 0.5]},
								"down": {"uv": [23.25, 4.5], "uv_size": [-0.25, -0.5]}
							}
						},
						{
							"origin": [-0.97483, -1.71062, 2.33631],
							"size": [0.30095, 0.1, 0.6688],
							"inflate": -0.001,
							"pivot": [-0.82436, -1.66062, 2.67071],
							"rotation": [17.19212, 28.87909, 98.49878],
							"uv": {
								"north": {"uv": [22.016, 6.016], "uv_size": [0.234, 0.234]},
								"east": {"uv": [19.016, 14.016], "uv_size": [0.734, 0.234]},
								"south": {"uv": [7.016, 22.016], "uv_size": [0.234, 0.234]},
								"west": {"uv": [15.016, 19.016], "uv_size": [0.734, 0.234]},
								"up": {"uv": [19.016, 15.016], "uv_size": [0.234, 0.734]},
								"down": {"uv": [16.016, 19.75], "uv_size": [0.234, -0.734]}
							}
						},
						{
							"origin": [-1.33523, -0.88687, 3.41929],
							"size": [0.5792, 0.1, 1.13122],
							"pivot": [-0.85439, -0.83687, 2.55865],
							"rotation": [90, 75, 180],
							"uv": {
								"north": {"uv": [5.016, 20.016], "uv_size": [0.484, 0.234]},
								"east": {"uv": [0.016, 18.016], "uv_size": [1.234, 0.234]},
								"south": {"uv": [20.016, 5.016], "uv_size": [0.484, 0.234]},
								"west": {"uv": [18.016, 0.016], "uv_size": [1.234, 0.234]},
								"up": {"uv": [12.016, 12.016], "uv_size": [0.484, 1.234]},
								"down": {"uv": [0.016, 14.25], "uv_size": [0.484, -1.234]}
							}
						},
						{
							"origin": [1.34757, -2.38687, 1.9866],
							"size": [0.30095, 0.1, 0.6688],
							"inflate": -0.001,
							"pivot": [0.85439, -2.33687, 2.55865],
							"rotation": [17.19212, -28.87909, -98.49878],
							"uv": {
								"north": {"uv": [22.016, 4.016], "uv_size": [0.234, 0.234]},
								"east": {"uv": [19.016, 12.016], "uv_size": [0.734, 0.234]},
								"south": {"uv": [5.016, 22.016], "uv_size": [0.234, 0.234]},
								"west": {"uv": [13.016, 19.016], "uv_size": [0.734, 0.234]},
								"up": {"uv": [19.016, 13.016], "uv_size": [0.234, 0.734]},
								"down": {"uv": [14.016, 19.75], "uv_size": [0.234, -0.734]}
							}
						},
						{
							"origin": [0.32498, -1.84622, 2.58304],
							"size": [0.28578, 0.1, 1.13122],
							"pivot": [0.45899, -2.04592, 2.93145],
							"rotation": [-90, 45, 0],
							"uv": {
								"north": {"uv": [5.016, 21.016], "uv_size": [0.234, 0.234]},
								"east": {"uv": [14.016, 15.016], "uv_size": [1.234, 0.234]},
								"south": {"uv": [21.016, 5.016], "uv_size": [0.234, 0.234]},
								"west": {"uv": [0.016, 16.016], "uv_size": [1.234, 0.234]},
								"up": {"uv": [2.016, 16.016], "uv_size": [0.234, 1.234]},
								"down": {"uv": [16.016, 3.25], "uv_size": [0.234, -1.234]}
							}
						},
						{
							"origin": [-0.75603, -0.88687, 2.78489],
							"size": [0.18579, 0.1, 1.76562],
							"pivot": [-0.85439, -0.83687, 2.55865],
							"rotation": [90, 75, 180],
							"uv": {
								"north": {"uv": [6.016, 21.016], "uv_size": [0.234, 0.234]},
								"east": {"uv": [14.016, 2.016], "uv_size": [1.734, 0.234]},
								"south": {"uv": [21.016, 6.016], "uv_size": [0.234, 0.234]},
								"west": {"uv": [14.016, 3.016], "uv_size": [1.734, 0.234]},
								"up": {"uv": [2.016, 14.016], "uv_size": [0.234, 1.734]},
								"down": {"uv": [14.016, 7.75], "uv_size": [0.234, -1.734]}
							}
						},
						{
							"origin": [-0.51024, -2.90688, 1.57835],
							"size": [0.28579, 0.1, 1.76562],
							"pivot": [-0.02267, -2.04592, 2.56116],
							"rotation": [-90, 45, 0],
							"uv": {
								"north": {"uv": [7.016, 21.016], "uv_size": [0.234, 0.234]},
								"east": {"uv": [14.016, 4.016], "uv_size": [1.734, 0.234]},
								"south": {"uv": [21.016, 7.016], "uv_size": [0.234, 0.234]},
								"west": {"uv": [8.016, 14.016], "uv_size": [1.734, 0.234]},
								"up": {"uv": [14.016, 8.016], "uv_size": [0.234, 1.734]},
								"down": {"uv": [14.016, 11.75], "uv_size": [0.234, -1.734]}
							}
						},
						{
							"origin": [-0.77414, -2.19592, 1.26223],
							"size": [1.54828, 0.1, 1.76563],
							"pivot": [0, -2.04592, 2.24504],
							"rotation": [-90, 0, 0],
							"uv": {
								"north": {"uv": [15.016, 7.016], "uv_size": [1.484, 0.234]},
								"east": {"uv": [12.016, 14.016], "uv_size": [1.734, 0.234]},
								"south": {"uv": [8.016, 15.016], "uv_size": [1.484, 0.234]},
								"west": {"uv": [14.016, 14.016], "uv_size": [1.734, 0.234]},
								"up": {"uv": [4.016, 0.016], "uv_size": [1.484, 1.734]},
								"down": {"uv": [4.016, 3.75], "uv_size": [1.484, -1.734]}
							}
						},
						{
							"origin": [-0.57615, -2.19591, 2.93973],
							"size": [1.15231, 0.1, 1.13122],
							"pivot": [-0.19799, -2.04591, 3.28813],
							"rotation": [-90, 0, 0],
							"uv": {
								"north": {"uv": [18.016, 4.016], "uv_size": [1.234, 0.234]},
								"east": {"uv": [5.016, 18.016], "uv_size": [1.234, 0.234]},
								"south": {"uv": [18.016, 5.016], "uv_size": [1.234, 0.234]},
								"west": {"uv": [18.016, 6.016], "uv_size": [1.234, 0.234]},
								"up": {"uv": [2.016, 5.016], "uv_size": [1.234, 1.234]},
								"down": {"uv": [6.016, 1.25], "uv_size": [1.234, -1.234]}
							}
						},
						{
							"origin": [0.22445, -2.90688, 1.57835],
							"size": [0.28579, 0.1, 1.76562],
							"pivot": [0.02267, -2.04592, 2.56116],
							"rotation": [-90, -45, 0],
							"uv": {
								"north": {"uv": [3.016, 21.016], "uv_size": [0.234, 0.234]},
								"east": {"uv": [13.016, 5.016], "uv_size": [1.734, 0.234]},
								"south": {"uv": [21.016, 3.016], "uv_size": [0.234, 0.234]},
								"west": {"uv": [8.016, 13.016], "uv_size": [1.734, 0.234]},
								"up": {"uv": [13.016, 8.016], "uv_size": [0.234, 1.734]},
								"down": {"uv": [10.016, 14.75], "uv_size": [0.234, -1.734]}
							}
						},
						{
							"origin": [0.18707, 2.2884, 5.87708],
							"size": [0.28579, 0.1, 0.06562],
							"pivot": [0.02997, 2.3771, 2.08374],
							"rotation": [-90, 0, 0],
							"uv": {
								"north": {"uv": [0.016, 21.016], "uv_size": [0.234, 0.234]},
								"east": {"uv": [21.016, 0.016], "uv_size": [0.234, 0.234]},
								"south": {"uv": [1.016, 21.016], "uv_size": [0.234, 0.234]},
								"west": {"uv": [21.016, 1.016], "uv_size": [0.234, 0.234]},
								"up": {"uv": [2.016, 21.016], "uv_size": [0.234, 0.234]},
								"down": {"uv": [21.016, 2.25], "uv_size": [0.234, -0.234]}
							}
						},
						{
							"origin": [-0.47286, 2.2884, 5.87708],
							"size": [0.28579, 0.1, 0.06562],
							"pivot": [-0.02997, 2.3771, 2.08374],
							"rotation": [-90, 0, 0],
							"uv": {
								"north": {"uv": [20.016, 17.016], "uv_size": [0.234, 0.234]},
								"east": {"uv": [18.016, 20.016], "uv_size": [0.234, 0.234]},
								"south": {"uv": [20.016, 18.016], "uv_size": [0.234, 0.234]},
								"west": {"uv": [19.016, 20.016], "uv_size": [0.234, 0.234]},
								"up": {"uv": [20.016, 19.016], "uv_size": [0.234, 0.234]},
								"down": {"uv": [20.016, 20.25], "uv_size": [0.234, -0.234]}
							}
						},
						{
							"origin": [0.18707, 0.2884, 4.87708],
							"size": [0.28579, 0.1, 0.06562],
							"pivot": [0.02997, 0.3771, 2.08374],
							"rotation": [-90, 0, 0],
							"uv": {
								"north": {"uv": [22.016, 11.016], "uv_size": [0.234, 0.234]},
								"east": {"uv": [12.016, 22.016], "uv_size": [0.234, 0.234]},
								"south": {"uv": [22.016, 12.016], "uv_size": [0.234, 0.234]},
								"west": {"uv": [13.016, 22.016], "uv_size": [0.234, 0.234]},
								"up": {"uv": [22.016, 13.016], "uv_size": [0.234, 0.234]},
								"down": {"uv": [14.016, 22.25], "uv_size": [0.234, -0.234]}
							}
						},
						{
							"origin": [-0.47286, 0.2884, 4.87708],
							"size": [0.28579, 0.1, 0.06562],
							"pivot": [-0.02997, 0.3771, 2.08374],
							"rotation": [-90, 0, 0],
							"uv": {
								"north": {"uv": [22.016, 8.016], "uv_size": [0.234, 0.234]},
								"east": {"uv": [9.016, 22.016], "uv_size": [0.234, 0.234]},
								"south": {"uv": [22.016, 9.016], "uv_size": [0.234, 0.234]},
								"west": {"uv": [10.016, 22.016], "uv_size": [0.234, 0.234]},
								"up": {"uv": [22.016, 10.016], "uv_size": [0.234, 0.234]},
								"down": {"uv": [11.016, 22.25], "uv_size": [0.234, -0.234]}
							}
						}
					]
				},
				{
					"name": "ocular",
					"pivot": [0, 1.11163, -1.57021],
					"cubes": [
						{
							"origin": [-0.87916, 0.57805, -1.91854],
							"size": [1.75832, 1.06715, 0.69666],
							"uv": {
								"south": {"uv": [5, 11], "uv_size": [1, 1]}
							}
						}
					]
				},
				{
					"name": "division",
					"pivot": [0, 0, -6]
				},
				{
					"name": "2_illuminated",
					"parent": "division",
					"pivot": [0, 1.1262, -3.3187],
					"cubes": [
						{
							"origin": [-1.45, -0.3238, -27.3687],
							"size": [2.9, 2.9, 0.1],
							"uv": {
								"south": {"uv": [21.75, 31.984], "uv_size": [9.234, -9.734]}
							}
						}
					]
				}
			]
		}
	]
}