{
	"format_version": "1.12.0",
	"minecraft:geometry": [
		{
			"description": {
				"identifier": "geometry.unknown",
				"texture_width": 256,
				"texture_height": 256,
				"visible_bounds_width": 5,
				"visible_bounds_height": 1.5,
				"visible_bounds_offset": [0, 0.25, 0]
			},
			"bones": [
				{
					"name": "scope_body",
					"pivot": [0, 1.41664, 3.65325],
					"cubes": [
						{
							"origin": [-0.96627, 0.90771, 3.73945],
							"size": [0.09367, 0.61786, 0.8276],
							"inflate": -0.001,
							"uv": {
								"north": {"uv": [37, 24], "uv_size": [0.25, 0.5]},
								"east": {"uv": [16, 30], "uv_size": [0.75, 0.5]},
								"south": {"uv": [25, 37], "uv_size": [0.25, 0.5]},
								"west": {"uv": [30, 16], "uv_size": [0.75, 0.5]},
								"up": {"uv": [37, 5], "uv_size": [0.25, 0.75]},
								"down": {"uv": [6, 37.75], "uv_size": [0.25, -0.75]}
							}
						},
						{
							"origin": [0.8726, 0.90771, 3.73945],
							"size": [0.09367, 0.61786, 0.8276],
							"inflate": -0.001,
							"uv": {
								"north": {"uv": [8, 38], "uv_size": [0.25, 0.5]},
								"east": {"uv": [25, 32], "uv_size": [0.75, 0.5]},
								"south": {"uv": [38, 8], "uv_size": [0.25, 0.5]},
								"west": {"uv": [32, 27], "uv_size": [0.75, 0.5]},
								"up": {"uv": [37, 20], "uv_size": [0.25, 0.75]},
								"down": {"uv": [21, 37.75], "uv_size": [0.25, -0.75]}
							}
						}
					]
				},
				{
					"name": "down",
					"parent": "scope_body",
					"pivot": [-0.00514, 0.11233, -0.27878],
					"rotation": [-90, 0, -180],
					"cubes": [
						{
							"origin": [-0.56301, 1.05543, -1.56755],
							"size": [1.12603, 0.3026, 3.95543],
							"pivot": [-0.02012, 1.3746, -0.17245],
							"rotation": [-90, 0, 0],
							"uv": {
								"north": {"uv": [31, 28], "uv_size": [1.25, 0.25]},
								"east": {"uv": [23, 1], "uv_size": [4, 0.25]},
								"south": {"uv": [29, 31], "uv_size": [1.25, 0.25]},
								"west": {"uv": [23, 2], "uv_size": [4, 0.25]},
								"up": {"uv": [21, 22], "uv_size": [1.25, 4]},
								"down": {"uv": [0, 27], "uv_size": [1.25, -4]}
							}
						},
						{
							"origin": [-0.66728, 0.86631, -1.56755],
							"size": [0.19608, 0.38746, 1.79543],
							"pivot": [-0.02012, 1.3746, -0.17245],
							"rotation": [-90, 0, 0],
							"uv": {
								"north": {"uv": [31, 5], "uv_size": [0.25, 0.5]},
								"east": {"uv": [0, 27], "uv_size": [1.75, 0.5]},
								"south": {"uv": [14, 31], "uv_size": [0.25, 0.5]},
								"west": {"uv": [29, 22], "uv_size": [1.75, 0.5]},
								"up": {"uv": [23, 6], "uv_size": [0.25, 1.75]},
								"down": {"uv": [20, 24.75], "uv_size": [0.25, -1.75]}
							}
						},
						{
							"origin": [-0.66748, 0.98611, -1.56775],
							"size": [0.19648, 0.26786, 3.83584],
							"inflate": 0.001,
							"pivot": [-0.02012, 1.3746, -0.17245],
							"rotation": [-90, 0, 0],
							"uv": {
								"north": {"uv": [21, 32], "uv_size": [0.25, 0.25]},
								"east": {"uv": [23, 16], "uv_size": [3.83584, 0.26786]},
								"south": {"uv": [32, 21], "uv_size": [0.25, 0.25]},
								"west": {"uv": [23, 18], "uv_size": [3.75, 0.25]},
								"up": {"uv": [9, 30], "uv_size": [0.25, 3.75]},
								"down": {"uv": [31, 4.75], "uv_size": [0.25, -3.75]}
							}
						},
						{
							"origin": [-0.39229, 0.83155, -1.56755],
							"size": [0.19608, 0.14745, 3.95543],
							"pivot": [-0.02012, 1.3746, -0.17245],
							"rotation": [-90, 45, 0],
							"uv": {
								"north": {"uv": [22, 32], "uv_size": [0.25, 0.25]},
								"east": {"uv": [23, 3], "uv_size": [4, 0.25]},
								"south": {"uv": [32, 24], "uv_size": [0.25, 0.25]},
								"west": {"uv": [23, 4], "uv_size": [4, 0.25]},
								"up": {"uv": [14, 8], "uv_size": [0.25, 4]},
								"down": {"uv": [10, 18], "uv_size": [0.25, -4]}
							}
						},
						{
							"origin": [0.19621, 0.83155, -1.56755],
							"size": [0.19608, 0.14745, 3.95543],
							"pivot": [0.02012, 1.3746, -0.17245],
							"rotation": [-90, -45, 0],
							"uv": {
								"north": {"uv": [32, 25], "uv_size": [0.25, 0.25]},
								"east": {"uv": [23, 5], "uv_size": [4, 0.25]},
								"south": {"uv": [27, 32], "uv_size": [0.25, 0.25]},
								"west": {"uv": [14, 23], "uv_size": [4, 0.25]},
								"up": {"uv": [19, 23], "uv_size": [0.25, 4]},
								"down": {"uv": [30, 5], "uv_size": [0.25, -4]}
							}
						},
						{
							"origin": [-0.66708, -0.23644, -1.34463],
							"size": [0.19568, 0.26705, 0.28378],
							"inflate": -0.001,
							"pivot": [-0.56924, -0.20632, 0.03589],
							"rotation": [-60, 0, 0],
							"uv": {
								"north": {"uv": [28, 32], "uv_size": [0.25, 0.25]},
								"east": {"uv": [29, 32], "uv_size": [0.25, 0.25]},
								"south": {"uv": [30, 32], "uv_size": [0.25, 0.25]},
								"west": {"uv": [32, 30], "uv_size": [0.25, 0.25]},
								"up": {"uv": [31, 32], "uv_size": [0.25, 0.25]},
								"down": {"uv": [32, 32.25], "uv_size": [0.25, -0.25]}
							}
						},
						{
							"origin": [-0.66708, -2.27644, -1.22463],
							"size": [0.19392, 0.26705, 0.64378],
							"inflate": -0.001,
							"pivot": [0.529, -2.24632, 0.15589],
							"rotation": [-60, 0, 0],
							"uv": {
								"north": {"uv": [0, 33], "uv_size": [0.25, 0.25]},
								"east": {"uv": [23, 19], "uv_size": [0.75, 0.25]},
								"south": {"uv": [33, 0], "uv_size": [0.25, 0.25]},
								"west": {"uv": [23, 22], "uv_size": [0.75, 0.25]},
								"up": {"uv": [20, 25], "uv_size": [0.25, 0.75]},
								"down": {"uv": [14, 26.75], "uv_size": [0.25, -0.75]}
							}
						},
						{
							"origin": [0.4712, 0.86631, -1.56755],
							"size": [0.19608, 0.38746, 1.79543],
							"pivot": [0.02012, 1.3746, -0.17245],
							"rotation": [-90, 0, 0],
							"uv": {
								"north": {"uv": [32, 18], "uv_size": [0.25, 0.5]},
								"east": {"uv": [29, 29], "uv_size": [1.75, 0.5]},
								"south": {"uv": [19, 32], "uv_size": [0.25, 0.5]},
								"west": {"uv": [0, 30], "uv_size": [1.75, 0.5]},
								"up": {"uv": [14, 24], "uv_size": [0.25, 1.75]},
								"down": {"uv": [10, 32.75], "uv_size": [0.25, -1.75]}
							}
						},
						{
							"origin": [0.4714, -0.23644, -1.34463],
							"size": [0.19568, 0.26705, 0.28378],
							"inflate": -0.001,
							"pivot": [0.56924, -0.20632, 0.03589],
							"rotation": [-60, 0, 0],
							"uv": {
								"north": {"uv": [1, 33], "uv_size": [0.25, 0.25]},
								"east": {"uv": [33, 1], "uv_size": [0.25, 0.25]},
								"south": {"uv": [2, 33], "uv_size": [0.25, 0.25]},
								"west": {"uv": [33, 2], "uv_size": [0.25, 0.25]},
								"up": {"uv": [3, 33], "uv_size": [0.25, 0.25]},
								"down": {"uv": [33, 3.25], "uv_size": [0.25, -0.25]}
							}
						},
						{
							"origin": [0.471, 0.98611, -1.56775],
							"size": [0.19648, 0.26786, 3.83584],
							"inflate": 0.001,
							"pivot": [0.02012, 1.3746, -0.17245],
							"rotation": [-90, 0, 0],
							"uv": {
								"north": {"uv": [4, 33], "uv_size": [0.25, 0.25]},
								"east": {"uv": [23, 20], "uv_size": [3.75, 0.25]},
								"south": {"uv": [33, 4], "uv_size": [0.25, 0.25]},
								"west": {"uv": [23, 23], "uv_size": [3.75, 0.25]},
								"up": {"uv": [32, 1], "uv_size": [0.25, 3.75]},
								"down": {"uv": [32, 8.75], "uv_size": [0.25, -3.75]}
							}
						},
						{
							"origin": [0.47316, -2.27644, -1.22463],
							"size": [0.19392, 0.26705, 0.64378],
							"inflate": -0.001,
							"pivot": [-0.529, -2.24632, 0.15589],
							"rotation": [-60, 0, 0],
							"uv": {
								"north": {"uv": [5, 33], "uv_size": [0.25, 0.25]},
								"east": {"uv": [22, 26], "uv_size": [0.75, 0.25]},
								"south": {"uv": [33, 5], "uv_size": [0.25, 0.25]},
								"west": {"uv": [28, 12], "uv_size": [0.75, 0.25]},
								"up": {"uv": [22, 29], "uv_size": [0.25, 0.75]},
								"down": {"uv": [12, 30.75], "uv_size": [0.25, -0.75]}
							}
						},
						{
							"origin": [-0.66728, 1.30848, 2.39245],
							"size": [1.33436, 0.68706, 0.43304],
							"pivot": [-0.02012, 1.3746, -0.17245],
							"rotation": [-90, 0, 0],
							"uv": {
								"north": {"uv": [20, 3], "uv_size": [1.25, 0.75]},
								"east": {"uv": [23, 8], "uv_size": [0.5, 0.75]},
								"south": {"uv": [20, 4], "uv_size": [1.25, 0.75]},
								"west": {"uv": [18, 23], "uv_size": [0.5, 0.75]},
								"up": {"uv": [2, 30], "uv_size": [1.25, 0.5]},
								"down": {"uv": [4, 30.5], "uv_size": [1.25, -0.5]}
							}
						},
						{
							"origin": [-0.66728, 1.09269, -0.72518],
							"size": [1.3346, 0.16964, 0.32543],
							"pivot": [0.07229, 0.89467, -0.1382],
							"rotation": [-45, 0, 0],
							"uv": {
								"north": {"uv": [31, 29], "uv_size": [1.25, 0.25]},
								"east": {"uv": [6, 33], "uv_size": [0.25, 0.25]},
								"south": {"uv": [31, 31], "uv_size": [1.25, 0.25]},
								"west": {"uv": [33, 6], "uv_size": [0.25, 0.25]},
								"up": {"uv": [2, 32], "uv_size": [1.25, 0.25]},
								"down": {"uv": [32, 9.25], "uv_size": [1.25, -0.25]}
							}
						},
						{
							"origin": [-0.66728, -0.05001, -0.58376],
							"size": [1.3346, 0.16964, 0.32543],
							"pivot": [0.07229, 0.45907, -0.1382],
							"rotation": [-135, 0, 0],
							"uv": {
								"north": {"uv": [32, 10], "uv_size": [1.25, 0.25]},
								"east": {"uv": [7, 33], "uv_size": [0.25, 0.25]},
								"south": {"uv": [32, 11], "uv_size": [1.25, 0.25]},
								"west": {"uv": [33, 7], "uv_size": [0.25, 0.25]},
								"up": {"uv": [32, 12], "uv_size": [1.25, 0.25]},
								"down": {"uv": [13, 32.25], "uv_size": [1.25, -0.25]}
							}
						},
						{
							"origin": [-0.66728, 3.45803, 2.92506],
							"size": [1.33456, 0.42614, 0.33919],
							"pivot": [-0.02012, 3.96074, 0.31766],
							"rotation": [-90, 0, 0],
							"uv": {
								"north": {"uv": [15, 14], "uv_size": [1.25, 0.5]},
								"east": {"uv": [22, 9], "uv_size": [0.25, 0.5]},
								"south": {"uv": [15, 15], "uv_size": [1.25, 0.5]},
								"west": {"uv": [22, 10], "uv_size": [0.25, 0.5]},
								"up": {"uv": [15, 16], "uv_size": [1.25, 0.25]},
								"down": {"uv": [15, 17.25], "uv_size": [1.25, -0.25]}
							}
						}
					]
				},
				{
					"name": "scooope",
					"parent": "scope_body",
					"pivot": [0, 0, 12.4],
					"rotation": [0, 180, 0]
				},
				{
					"name": "deco",
					"parent": "scooope",
					"pivot": [-0.00514, -3.02336, 21.67725],
					"cubes": [
						{
							"origin": [-0.60514, 0.9607, 23.02578],
							"size": [1.2, 0.4, 0.4],
							"pivot": [-0.00514, 0.51217, 25.21278],
							"rotation": [-45, 0, 0],
							"uv": {
								"north": {"uv": [15, 20], "uv_size": [1.25, 0.5]},
								"east": {"uv": [17, 20], "uv_size": [0.5, 0.5]},
								"south": {"uv": [16, 21], "uv_size": [1.25, 0.5]},
								"west": {"uv": [22, 1], "uv_size": [0.5, 0.5]},
								"up": {"uv": [21, 21], "uv_size": [1.25, 0.5]},
								"down": {"uv": [23, 10.5], "uv_size": [1.25, -0.5]}
							}
						},
						{
							"origin": [-1.00514, -1.08991, 23.09649],
							"size": [2, 0.4, 0.4],
							"pivot": [-0.00514, 0.51217, 25.21278],
							"rotation": [-45, 0, 0],
							"uv": {
								"north": {"uv": [15, 20], "uv_size": [1.25, 0.5]},
								"east": {"uv": [17, 20], "uv_size": [0.5, 0.5]},
								"south": {"uv": [16, 21], "uv_size": [1.25, 0.5]},
								"west": {"uv": [22, 1], "uv_size": [0.5, 0.5]},
								"up": {"uv": [21, 21], "uv_size": [1.25, 0.5]},
								"down": {"uv": [23, 10.5], "uv_size": [1.25, -0.5]}
							}
						},
						{
							"origin": [-0.60514, -0.56564, 21.39943],
							"size": [1.2, 0.3, 0.3],
							"pivot": [-0.00514, 0.51217, 25.21278],
							"rotation": [-45, 0, 0],
							"uv": {
								"north": {"uv": [15, 20], "uv_size": [1.25, 0.5]},
								"east": {"uv": [17, 20], "uv_size": [0.5, 0.5]},
								"south": {"uv": [16, 21], "uv_size": [1.25, 0.5]},
								"west": {"uv": [22, 1], "uv_size": [0.5, 0.5]},
								"up": {"uv": [21, 21], "uv_size": [1.25, 0.5]},
								"down": {"uv": [23, 10.5], "uv_size": [1.25, -0.5]}
							}
						}
					]
				},
				{
					"name": "1",
					"parent": "scooope",
					"pivot": [-0.01028, 1.53664, 25.27725],
					"cubes": [
						{
							"origin": [-1.092, 1.54498, 24.33578],
							"size": [2.184, 0.40758, 0.984],
							"pivot": [0, 1.53664, 25.32275],
							"rotation": [45, 0, 0],
							"uv": {
								"north": {"uv": [23, 29], "uv_size": [1.75, 0.25]},
								"east": {"uv": [37, 12], "uv_size": [0.75, 0.25]},
								"south": {"uv": [29, 23], "uv_size": [1.75, 0.25]},
								"west": {"uv": [13, 37], "uv_size": [0.75, 0.25]},
								"up": {"uv": [20, 5], "uv_size": [1.75, 0.75]},
								"down": {"uv": [20, 6.75], "uv_size": [1.75, -0.75]}
							}
						},
						{
							"origin": [-1.092, 1.13285, 24.33075],
							"size": [2.184, 0.40758, 0.984],
							"uv": {
								"north": {"uv": [29, 24], "uv_size": [1.75, 0.25]},
								"east": {"uv": [37, 13], "uv_size": [0.75, 0.25]},
								"south": {"uv": [25, 29], "uv_size": [1.75, 0.25]},
								"west": {"uv": [14, 37], "uv_size": [0.75, 0.25]},
								"up": {"uv": [20, 7], "uv_size": [1.75, 0.75]},
								"down": {"uv": [8, 20.75], "uv_size": [1.75, -0.75]}
							}
						},
						{
							"origin": [-1.092, 1.25677, 24.62399],
							"size": [2.184, 0.984, 0.40758],
							"pivot": [0, 1.53664, 25.32275],
							"rotation": [45, 0, 0],
							"uv": {
								"north": {"uv": [20, 8], "uv_size": [1.75, 0.75]},
								"east": {"uv": [37, 14], "uv_size": [0.25, 0.75]},
								"south": {"uv": [20, 9], "uv_size": [1.75, 0.75]},
								"west": {"uv": [15, 37], "uv_size": [0.25, 0.75]},
								"up": {"uv": [29, 25], "uv_size": [1.75, 0.25]},
								"down": {"uv": [29, 26.25], "uv_size": [1.75, -0.25]}
							}
						},
						{
							"origin": [-1.092, 0.84464, 24.61896],
							"size": [2.184, 0.984, 0.40758],
							"uv": {
								"north": {"uv": [10, 20], "uv_size": [1.75, 0.75]},
								"east": {"uv": [37, 15], "uv_size": [0.25, 0.75]},
								"south": {"uv": [20, 10], "uv_size": [1.75, 0.75]},
								"west": {"uv": [16, 37], "uv_size": [0.25, 0.75]},
								"up": {"uv": [27, 29], "uv_size": [1.75, 0.25]},
								"down": {"uv": [29, 28.25], "uv_size": [1.75, -0.25]}
							}
						}
					]
				},
				{
					"name": "octagon8",
					"parent": "1",
					"pivot": [-0.01028, 1.53664, 25.27725],
					"cubes": [
						{
							"origin": [-1.13544, 1.58166, 24.42434],
							"size": [2.27088, 0.33422, 0.80688],
							"pivot": [0, 1.53664, 25.32275],
							"rotation": [45, 0, 0],
							"uv": {
								"north": {"uv": [27, 28], "uv_size": [2, 0.25]},
								"east": {"uv": [37, 16], "uv_size": [0.75, 0.25]},
								"south": {"uv": [28, 27], "uv_size": [2, 0.25]},
								"west": {"uv": [17, 37], "uv_size": [0.75, 0.25]},
								"up": {"uv": [18, 10], "uv_size": [2, 0.75]},
								"down": {"uv": [11, 19.75], "uv_size": [2, -0.75]}
							}
						},
						{
							"origin": [-1.13544, 1.16953, 24.41931],
							"size": [2.27088, 0.33422, 0.80688],
							"inflate": 0.001,
							"uv": {
								"north": {"uv": [0, 29], "uv_size": [2, 0.25]},
								"east": {"uv": [37, 17], "uv_size": [0.75, 0.25]},
								"south": {"uv": [29, 0], "uv_size": [2, 0.25]},
								"west": {"uv": [18, 37], "uv_size": [0.75, 0.25]},
								"up": {"uv": [19, 11], "uv_size": [2, 0.75]},
								"down": {"uv": [19, 12.75], "uv_size": [2, -0.75]}
							}
						},
						{
							"origin": [-1.13544, 1.34533, 24.66067],
							"size": [2.27088, 0.80688, 0.33422],
							"pivot": [0, 1.53664, 25.32275],
							"rotation": [45, 0, 0],
							"uv": {
								"north": {"uv": [19, 13], "uv_size": [2, 0.75]},
								"east": {"uv": [37, 18], "uv_size": [0.25, 0.75]},
								"south": {"uv": [19, 14], "uv_size": [2, 0.75]},
								"west": {"uv": [19, 37], "uv_size": [0.25, 0.75]},
								"up": {"uv": [2, 29], "uv_size": [2, 0.25]},
								"down": {"uv": [4, 29.25], "uv_size": [2, -0.25]}
							}
						},
						{
							"origin": [-1.13544, 0.9332, 24.65564],
							"size": [2.27088, 0.80688, 0.33422],
							"inflate": 0.002,
							"uv": {
								"north": {"uv": [19, 15], "uv_size": [2, 0.75]},
								"east": {"uv": [37, 19], "uv_size": [0.25, 0.75]},
								"south": {"uv": [19, 16], "uv_size": [2, 0.75]},
								"west": {"uv": [20, 37], "uv_size": [0.25, 0.75]},
								"up": {"uv": [29, 6], "uv_size": [2, 0.25]},
								"down": {"uv": [29, 7.25], "uv_size": [2, -0.25]}
							}
						}
					]
				},
				{
					"name": "2",
					"parent": "scooope",
					"pivot": [0.63986, 2.01664, 23.95725],
					"cubes": [
						{
							"origin": [0.70209, 1.65922, 23.28675],
							"size": [0.17894, 0.432, 0.432],
							"pivot": [0.65014, 2.01664, 24.00275],
							"rotation": [0, 0, 45],
							"uv": {
								"north": {"uv": [39, 14], "uv_size": [0.25, 0.25]},
								"east": {"uv": [15, 39], "uv_size": [0.25, 0.25]},
								"south": {"uv": [39, 15], "uv_size": [0.25, 0.25]},
								"west": {"uv": [16, 39], "uv_size": [0.25, 0.25]},
								"up": {"uv": [39, 16], "uv_size": [0.25, 0.25]},
								"down": {"uv": [17, 39.25], "uv_size": [0.25, -0.25]}
							}
						},
						{
							"origin": [0.56067, 1.60064, 23.28675],
							"size": [0.17894, 0.432, 0.432],
							"uv": {
								"north": {"uv": [39, 17], "uv_size": [0.25, 0.25]},
								"east": {"uv": [18, 39], "uv_size": [0.25, 0.25]},
								"south": {"uv": [39, 18], "uv_size": [0.25, 0.25]},
								"west": {"uv": [19, 39], "uv_size": [0.25, 0.25]},
								"up": {"uv": [39, 19], "uv_size": [0.25, 0.25]},
								"down": {"uv": [20, 39.25], "uv_size": [0.25, -0.25]}
							}
						},
						{
							"origin": [0.57556, 1.78575, 23.28675],
							"size": [0.432, 0.17894, 0.432],
							"pivot": [0.65014, 2.01664, 24.00275],
							"rotation": [0, 0, 45],
							"uv": {
								"north": {"uv": [39, 20], "uv_size": [0.25, 0.25]},
								"east": {"uv": [21, 39], "uv_size": [0.25, 0.25]},
								"south": {"uv": [39, 21], "uv_size": [0.25, 0.25]},
								"west": {"uv": [22, 39], "uv_size": [0.25, 0.25]},
								"up": {"uv": [39, 22], "uv_size": [0.25, 0.25]},
								"down": {"uv": [23, 39.25], "uv_size": [0.25, -0.25]}
							}
						},
						{
							"origin": [0.43414, 1.72717, 23.28675],
							"size": [0.432, 0.17894, 0.432],
							"uv": {
								"north": {"uv": [39, 23], "uv_size": [0.25, 0.25]},
								"east": {"uv": [24, 39], "uv_size": [0.25, 0.25]},
								"south": {"uv": [39, 24], "uv_size": [0.25, 0.25]},
								"west": {"uv": [25, 39], "uv_size": [0.25, 0.25]},
								"up": {"uv": [39, 25], "uv_size": [0.25, 0.25]},
								"down": {"uv": [26, 39.25], "uv_size": [0.25, -0.25]}
							}
						}
					]
				},
				{
					"name": "octagon7",
					"parent": "scooope",
					"pivot": [-0.65014, 2.01664, 23.95725],
					"cubes": [
						{
							"origin": [-0.87075, 1.65922, 23.28675],
							"size": [0.17894, 0.432, 0.432],
							"pivot": [-0.63986, 2.01664, 24.00275],
							"rotation": [0, 0, -45],
							"uv": {
								"north": {"uv": [11, 40], "uv_size": [0.25, 0.25]},
								"east": {"uv": [40, 11], "uv_size": [0.25, 0.25]},
								"south": {"uv": [12, 40], "uv_size": [0.25, 0.25]},
								"west": {"uv": [40, 12], "uv_size": [0.25, 0.25]},
								"up": {"uv": [13, 40], "uv_size": [0.25, 0.25]},
								"down": {"uv": [40, 13.25], "uv_size": [0.25, -0.25]}
							}
						},
						{
							"origin": [-0.72933, 1.60064, 23.28675],
							"size": [0.17894, 0.432, 0.432],
							"uv": {
								"north": {"uv": [14, 40], "uv_size": [0.25, 0.25]},
								"east": {"uv": [40, 14], "uv_size": [0.25, 0.25]},
								"south": {"uv": [15, 40], "uv_size": [0.25, 0.25]},
								"west": {"uv": [40, 15], "uv_size": [0.25, 0.25]},
								"up": {"uv": [16, 40], "uv_size": [0.25, 0.25]},
								"down": {"uv": [40, 16.25], "uv_size": [0.25, -0.25]}
							}
						},
						{
							"origin": [-0.99728, 1.78575, 23.28675],
							"size": [0.432, 0.17894, 0.432],
							"pivot": [-0.63986, 2.01664, 24.00275],
							"rotation": [0, 0, -45],
							"uv": {
								"north": {"uv": [17, 40], "uv_size": [0.25, 0.25]},
								"east": {"uv": [40, 17], "uv_size": [0.25, 0.25]},
								"south": {"uv": [18, 40], "uv_size": [0.25, 0.25]},
								"west": {"uv": [40, 18], "uv_size": [0.25, 0.25]},
								"up": {"uv": [19, 40], "uv_size": [0.25, 0.25]},
								"down": {"uv": [40, 19.25], "uv_size": [0.25, -0.25]}
							}
						},
						{
							"origin": [-0.85586, 1.72717, 23.28675],
							"size": [0.432, 0.17894, 0.432],
							"uv": {
								"north": {"uv": [20, 40], "uv_size": [0.25, 0.25]},
								"east": {"uv": [40, 20], "uv_size": [0.25, 0.25]},
								"south": {"uv": [21, 40], "uv_size": [0.25, 0.25]},
								"west": {"uv": [40, 21], "uv_size": [0.25, 0.25]},
								"up": {"uv": [22, 40], "uv_size": [0.25, 0.25]},
								"down": {"uv": [40, 22.25], "uv_size": [0.25, -0.25]}
							}
						}
					]
				},
				{
					"name": "octagon4",
					"parent": "scooope",
					"pivot": [-0.65014, 0.81664, 23.95725],
					"cubes": [
						{
							"origin": [-0.58791, 0.45922, 23.28675],
							"size": [0.17894, 0.432, 0.432],
							"pivot": [-0.63986, 0.81664, 24.00275],
							"rotation": [0, 0, 45],
							"uv": {
								"north": {"uv": [39, 26], "uv_size": [0.25, 0.25]},
								"east": {"uv": [27, 39], "uv_size": [0.25, 0.25]},
								"south": {"uv": [39, 27], "uv_size": [0.25, 0.25]},
								"west": {"uv": [28, 39], "uv_size": [0.25, 0.25]},
								"up": {"uv": [39, 28], "uv_size": [0.25, 0.25]},
								"down": {"uv": [29, 39.25], "uv_size": [0.25, -0.25]}
							}
						},
						{
							"origin": [-0.72933, 0.40064, 23.28675],
							"size": [0.17894, 0.432, 0.432],
							"uv": {
								"north": {"uv": [39, 29], "uv_size": [0.25, 0.25]},
								"east": {"uv": [30, 39], "uv_size": [0.25, 0.25]},
								"south": {"uv": [39, 30], "uv_size": [0.25, 0.25]},
								"west": {"uv": [31, 39], "uv_size": [0.25, 0.25]},
								"up": {"uv": [39, 31], "uv_size": [0.25, 0.25]},
								"down": {"uv": [32, 39.25], "uv_size": [0.25, -0.25]}
							}
						},
						{
							"origin": [-0.71444, 0.58575, 23.28675],
							"size": [0.432, 0.17894, 0.432],
							"pivot": [-0.63986, 0.81664, 24.00275],
							"rotation": [0, 0, 45],
							"uv": {
								"north": {"uv": [39, 32], "uv_size": [0.25, 0.25]},
								"east": {"uv": [33, 39], "uv_size": [0.25, 0.25]},
								"south": {"uv": [39, 33], "uv_size": [0.25, 0.25]},
								"west": {"uv": [34, 39], "uv_size": [0.25, 0.25]},
								"up": {"uv": [39, 34], "uv_size": [0.25, 0.25]},
								"down": {"uv": [35, 39.25], "uv_size": [0.25, -0.25]}
							}
						},
						{
							"origin": [-0.85586, 0.52717, 23.28675],
							"size": [0.432, 0.17894, 0.432],
							"uv": {
								"north": {"uv": [39, 35], "uv_size": [0.25, 0.25]},
								"east": {"uv": [36, 39], "uv_size": [0.25, 0.25]},
								"south": {"uv": [39, 36], "uv_size": [0.25, 0.25]},
								"west": {"uv": [37, 39], "uv_size": [0.25, 0.25]},
								"up": {"uv": [39, 37], "uv_size": [0.25, 0.25]},
								"down": {"uv": [38, 39.25], "uv_size": [0.25, -0.25]}
							}
						}
					]
				},
				{
					"name": "octagon6",
					"parent": "scooope",
					"pivot": [0.63986, 0.81664, 23.95725],
					"cubes": [
						{
							"origin": [0.41925, 0.45922, 23.28675],
							"size": [0.17894, 0.432, 0.432],
							"pivot": [0.65014, 0.81664, 24.00275],
							"rotation": [0, 0, -45],
							"uv": {
								"north": {"uv": [39, 38], "uv_size": [0.25, 0.25]},
								"east": {"uv": [39, 39], "uv_size": [0.25, 0.25]},
								"south": {"uv": [0, 40], "uv_size": [0.25, 0.25]},
								"west": {"uv": [40, 0], "uv_size": [0.25, 0.25]},
								"up": {"uv": [1, 40], "uv_size": [0.25, 0.25]},
								"down": {"uv": [40, 1.25], "uv_size": [0.25, -0.25]}
							}
						},
						{
							"origin": [0.56067, 0.40064, 23.28675],
							"size": [0.17894, 0.432, 0.432],
							"uv": {
								"north": {"uv": [2, 40], "uv_size": [0.25, 0.25]},
								"east": {"uv": [40, 2], "uv_size": [0.25, 0.25]},
								"south": {"uv": [3, 40], "uv_size": [0.25, 0.25]},
								"west": {"uv": [40, 3], "uv_size": [0.25, 0.25]},
								"up": {"uv": [4, 40], "uv_size": [0.25, 0.25]},
								"down": {"uv": [40, 4.25], "uv_size": [0.25, -0.25]}
							}
						},
						{
							"origin": [0.29272, 0.58575, 23.28675],
							"size": [0.432, 0.17894, 0.432],
							"pivot": [0.65014, 0.81664, 24.00275],
							"rotation": [0, 0, -45],
							"uv": {
								"north": {"uv": [5, 40], "uv_size": [0.25, 0.25]},
								"east": {"uv": [40, 5], "uv_size": [0.25, 0.25]},
								"south": {"uv": [6, 40], "uv_size": [0.25, 0.25]},
								"west": {"uv": [40, 6], "uv_size": [0.25, 0.25]},
								"up": {"uv": [7, 40], "uv_size": [0.25, 0.25]},
								"down": {"uv": [40, 7.25], "uv_size": [0.25, -0.25]}
							}
						},
						{
							"origin": [0.43414, 0.52717, 23.28675],
							"size": [0.432, 0.17894, 0.432],
							"uv": {
								"north": {"uv": [8, 40], "uv_size": [0.25, 0.25]},
								"east": {"uv": [40, 8], "uv_size": [0.25, 0.25]},
								"south": {"uv": [9, 40], "uv_size": [0.25, 0.25]},
								"west": {"uv": [40, 9], "uv_size": [0.25, 0.25]},
								"up": {"uv": [10, 40], "uv_size": [0.25, 0.25]},
								"down": {"uv": [40, 10.25], "uv_size": [0.25, -0.25]}
							}
						}
					]
				},
				{
					"name": "hexadecagon3",
					"parent": "scooope",
					"pivot": [-0.00514, 1.41664, 32.10375],
					"cubes": [
						{
							"origin": [-0.32425, 0.33022, 27.86925],
							"size": [0.37594, 1.89, 3.213],
							"pivot": [0.00514, 1.41664, 32.14925],
							"rotation": [0, 0, -45],
							"uv": {
								"north": {"uv": [4, 31], "uv_size": [0.25, 1.5]},
								"east": {"uv": [8, 10], "uv_size": [2.75, 1.5]},
								"south": {"uv": [5, 31], "uv_size": [0.25, 1.5]},
								"west": {"uv": [10, 8], "uv_size": [2.75, 1.5]},
								"up": {"uv": [25, 11], "uv_size": [0.25, 2.75]},
								"down": {"uv": [15, 27.75], "uv_size": [0.25, -2.75]}
							}
						},
						{
							"origin": [-0.25937, 0.28686, 27.86925],
							"size": [0.37594, 1.89, 3.213],
							"pivot": [0.00514, 1.41664, 32.14925],
							"rotation": [0, 0, -22.5],
							"uv": {
								"north": {"uv": [6, 31], "uv_size": [0.25, 1.5]},
								"east": {"uv": [11, 10], "uv_size": [2.75, 1.5]},
								"south": {"uv": [31, 6], "uv_size": [0.25, 1.5]},
								"west": {"uv": [12, 0], "uv_size": [2.75, 1.5]},
								"up": {"uv": [16, 25], "uv_size": [0.25, 2.75]},
								"down": {"uv": [17, 27.75], "uv_size": [0.25, -2.75]}
							}
						},
						{
							"origin": [-0.18283, 0.27164, 27.86925],
							"size": [0.37594, 1.89, 3.213],
							"uv": {
								"north": {"uv": [7, 31], "uv_size": [0.25, 1.5]},
								"east": {"uv": [12, 2], "uv_size": [2.75, 1.5]},
								"south": {"uv": [8, 31], "uv_size": [0.25, 1.5]},
								"west": {"uv": [4, 12], "uv_size": [2.75, 1.5]},
								"up": {"uv": [18, 25], "uv_size": [0.25, 2.75]},
								"down": {"uv": [23, 27.75], "uv_size": [0.25, -2.75]}
							}
						},
						{
							"origin": [-0.10629, 0.28686, 27.86925],
							"size": [0.37594, 1.89, 3.213],
							"pivot": [0.00514, 1.41664, 32.14925],
							"rotation": [0, 0, 22.5],
							"uv": {
								"north": {"uv": [31, 9], "uv_size": [0.25, 1.5]},
								"east": {"uv": [12, 4], "uv_size": [2.75, 1.5]},
								"south": {"uv": [11, 31], "uv_size": [0.25, 1.5]},
								"west": {"uv": [12, 6], "uv_size": [2.75, 1.5]},
								"up": {"uv": [24, 25], "uv_size": [0.25, 2.75]},
								"down": {"uv": [25, 27.75], "uv_size": [0.25, -2.75]}
							}
						},
						{
							"origin": [-0.04141, 0.33022, 27.86925],
							"size": [0.37594, 1.89, 3.213],
							"pivot": [0.00514, 1.41664, 32.14925],
							"rotation": [0, 0, 45],
							"uv": {
								"north": {"uv": [31, 11], "uv_size": [0.25, 1.5]},
								"east": {"uv": [7, 12], "uv_size": [2.75, 1.5]},
								"south": {"uv": [12, 31], "uv_size": [0.25, 1.5]},
								"west": {"uv": [10, 12], "uv_size": [2.75, 1.5]},
								"up": {"uv": [2, 26], "uv_size": [0.25, 2.75]},
								"down": {"uv": [3, 28.75], "uv_size": [0.25, -2.75]}
							}
						},
						{
							"origin": [-1.0164, 1.04389, 27.86925],
							"size": [1.89, 0.37594, 3.213],
							"pivot": [0.00514, 1.41664, 32.14925],
							"rotation": [0, 0, -22.5],
							"uv": {
								"north": {"uv": [31, 13], "uv_size": [1.5, 0.25]},
								"east": {"uv": [25, 14], "uv_size": [2.75, 0.25]},
								"south": {"uv": [31, 14], "uv_size": [1.5, 0.25]},
								"west": {"uv": [25, 15], "uv_size": [2.75, 0.25]},
								"up": {"uv": [13, 12], "uv_size": [1.5, 2.75]},
								"down": {"uv": [0, 16.75], "uv_size": [1.5, -2.75]}
							}
						},
						{
							"origin": [-0.93986, 1.02867, 27.86925],
							"size": [1.89, 0.37594, 3.213],
							"uv": {
								"north": {"uv": [15, 31], "uv_size": [1.5, 0.25]},
								"east": {"uv": [25, 21], "uv_size": [2.75, 0.25]},
								"south": {"uv": [31, 15], "uv_size": [1.5, 0.25]},
								"west": {"uv": [26, 0], "uv_size": [2.75, 0.25]},
								"up": {"uv": [2, 14], "uv_size": [1.5, 2.75]},
								"down": {"uv": [4, 16.75], "uv_size": [1.5, -2.75]}
							}
						},
						{
							"origin": [-0.86332, 1.04389, 27.86925],
							"size": [1.89, 0.37594, 3.213],
							"pivot": [0.00514, 1.41664, 32.14925],
							"rotation": [0, 0, 22.5],
							"uv": {
								"north": {"uv": [31, 16], "uv_size": [1.5, 0.25]},
								"east": {"uv": [26, 6], "uv_size": [2.75, 0.25]},
								"south": {"uv": [31, 17], "uv_size": [1.5, 0.25]},
								"west": {"uv": [7, 26], "uv_size": [2.75, 0.25]},
								"up": {"uv": [6, 14], "uv_size": [1.5, 2.75]},
								"down": {"uv": [8, 16.75], "uv_size": [1.5, -2.75]}
							}
						}
					]
				},
				{
					"name": "hexadecagon4",
					"parent": "hexadecagon3",
					"pivot": [-0.00514, 1.41664, 33.07575],
					"cubes": [
						{
							"origin": [-0.32445, 1.95002, 31.00105],
							"size": [0.37634, 0.2704, 0.2974],
							"inflate": 0.001,
							"pivot": [0.00514, 1.41664, 33.12125],
							"rotation": [0, 0, -45],
							"uv": {
								"north": {"uv": [25, 40], "uv_size": [0.25, 0.25]},
								"east": {"uv": [40, 25], "uv_size": [0.25, 0.25]},
								"south": {"uv": [26, 40], "uv_size": [0.25, 0.25]},
								"west": {"uv": [40, 26], "uv_size": [0.25, 0.25]},
								"up": {"uv": [27, 40], "uv_size": [0.25, 0.25]},
								"down": {"uv": [40, 27.25], "uv_size": [0.25, -0.25]}
							}
						},
						{
							"origin": [0.75648, 1.04369, 31.00105],
							"size": [0.2704, 0.37634, 0.2974],
							"inflate": 0.001,
							"pivot": [0.00514, 1.41664, 33.12125],
							"rotation": [0, 0, 22.5],
							"uv": {
								"north": {"uv": [41, 29], "uv_size": [0.25, 0.25]},
								"east": {"uv": [30, 41], "uv_size": [0.25, 0.25]},
								"south": {"uv": [41, 30], "uv_size": [0.25, 0.25]},
								"west": {"uv": [31, 41], "uv_size": [0.25, 0.25]},
								"up": {"uv": [41, 31], "uv_size": [0.25, 0.25]},
								"down": {"uv": [32, 41.25], "uv_size": [0.25, -0.25]}
							}
						},
						{
							"origin": [0.67994, 1.02847, 31.00105],
							"size": [0.2704, 0.37634, 0.2974],
							"inflate": 0.001,
							"uv": {
								"north": {"uv": [41, 26], "uv_size": [0.25, 0.25]},
								"east": {"uv": [27, 41], "uv_size": [0.25, 0.25]},
								"south": {"uv": [41, 27], "uv_size": [0.25, 0.25]},
								"west": {"uv": [28, 41], "uv_size": [0.25, 0.25]},
								"up": {"uv": [41, 28], "uv_size": [0.25, 0.25]},
								"down": {"uv": [29, 41.25], "uv_size": [0.25, -0.25]}
							}
						},
						{
							"origin": [-1.0166, 1.04369, 31.00105],
							"size": [0.2704, 0.37634, 0.2974],
							"inflate": 0.001,
							"pivot": [0.00514, 1.41664, 33.12125],
							"rotation": [0, 0, -22.5],
							"uv": {
								"north": {"uv": [41, 23], "uv_size": [0.25, 0.25]},
								"east": {"uv": [24, 41], "uv_size": [0.25, 0.25]},
								"south": {"uv": [41, 24], "uv_size": [0.25, 0.25]},
								"west": {"uv": [25, 41], "uv_size": [0.25, 0.25]},
								"up": {"uv": [41, 25], "uv_size": [0.25, 0.25]},
								"down": {"uv": [26, 41.25], "uv_size": [0.25, -0.25]}
							}
						},
						{
							"origin": [-0.04161, 0.33002, 31.00105],
							"size": [0.37634, 0.2704, 0.2974],
							"inflate": 0.001,
							"pivot": [0.00514, 1.41664, 33.12125],
							"rotation": [0, 0, 45],
							"uv": {
								"north": {"uv": [41, 20], "uv_size": [0.25, 0.25]},
								"east": {"uv": [21, 41], "uv_size": [0.25, 0.25]},
								"south": {"uv": [41, 21], "uv_size": [0.25, 0.25]},
								"west": {"uv": [22, 41], "uv_size": [0.25, 0.25]},
								"up": {"uv": [41, 22], "uv_size": [0.25, 0.25]},
								"down": {"uv": [23, 41.25], "uv_size": [0.25, -0.25]}
							}
						},
						{
							"origin": [-0.10649, 0.28666, 31.00105],
							"size": [0.37634, 0.2704, 0.2974],
							"inflate": 0.001,
							"pivot": [0.00514, 1.41664, 33.12125],
							"rotation": [0, 0, 22.5],
							"uv": {
								"north": {"uv": [41, 17], "uv_size": [0.25, 0.25]},
								"east": {"uv": [18, 41], "uv_size": [0.25, 0.25]},
								"south": {"uv": [41, 18], "uv_size": [0.25, 0.25]},
								"west": {"uv": [19, 41], "uv_size": [0.25, 0.25]},
								"up": {"uv": [41, 19], "uv_size": [0.25, 0.25]},
								"down": {"uv": [20, 41.25], "uv_size": [0.25, -0.25]}
							}
						},
						{
							"origin": [-0.18303, 0.27144, 31.00105],
							"size": [0.37634, 0.2704, 0.2974],
							"inflate": 0.001,
							"uv": {
								"north": {"uv": [41, 14], "uv_size": [0.25, 0.25]},
								"east": {"uv": [15, 41], "uv_size": [0.25, 0.25]},
								"south": {"uv": [41, 15], "uv_size": [0.25, 0.25]},
								"west": {"uv": [16, 41], "uv_size": [0.25, 0.25]},
								"up": {"uv": [41, 16], "uv_size": [0.25, 0.25]},
								"down": {"uv": [17, 41.25], "uv_size": [0.25, -0.25]}
							}
						},
						{
							"origin": [-0.25957, 0.28666, 31.00105],
							"size": [0.37634, 0.2704, 0.2974],
							"inflate": 0.001,
							"pivot": [0.00514, 1.41664, 33.12125],
							"rotation": [0, 0, -22.5],
							"uv": {
								"north": {"uv": [41, 11], "uv_size": [0.25, 0.25]},
								"east": {"uv": [12, 41], "uv_size": [0.25, 0.25]},
								"south": {"uv": [41, 12], "uv_size": [0.25, 0.25]},
								"west": {"uv": [13, 41], "uv_size": [0.25, 0.25]},
								"up": {"uv": [41, 13], "uv_size": [0.25, 0.25]},
								"down": {"uv": [14, 41.25], "uv_size": [0.25, -0.25]}
							}
						},
						{
							"origin": [-0.32445, 0.33002, 31.00105],
							"size": [0.37634, 0.2704, 0.2974],
							"inflate": 0.001,
							"pivot": [0.00514, 1.41664, 33.12125],
							"rotation": [0, 0, -45],
							"uv": {
								"north": {"uv": [41, 8], "uv_size": [0.25, 0.25]},
								"east": {"uv": [9, 41], "uv_size": [0.25, 0.25]},
								"south": {"uv": [41, 9], "uv_size": [0.25, 0.25]},
								"west": {"uv": [10, 41], "uv_size": [0.25, 0.25]},
								"up": {"uv": [41, 10], "uv_size": [0.25, 0.25]},
								"down": {"uv": [11, 41.25], "uv_size": [0.25, -0.25]}
							}
						},
						{
							"origin": [-0.25957, 1.90666, 31.00105],
							"size": [0.37634, 0.2704, 0.2974],
							"inflate": 0.001,
							"pivot": [0.00514, 1.41664, 33.12125],
							"rotation": [0, 0, -22.5],
							"uv": {
								"north": {"uv": [28, 40], "uv_size": [0.25, 0.25]},
								"east": {"uv": [40, 28], "uv_size": [0.25, 0.25]},
								"south": {"uv": [29, 40], "uv_size": [0.25, 0.25]},
								"west": {"uv": [40, 29], "uv_size": [0.25, 0.25]},
								"up": {"uv": [30, 40], "uv_size": [0.25, 0.25]},
								"down": {"uv": [40, 30.25], "uv_size": [0.25, -0.25]}
							}
						},
						{
							"origin": [-0.18303, 1.89144, 31.00105],
							"size": [0.37634, 0.2704, 0.2974],
							"inflate": 0.001,
							"uv": {
								"north": {"uv": [31, 40], "uv_size": [0.25, 0.25]},
								"east": {"uv": [40, 31], "uv_size": [0.25, 0.25]},
								"south": {"uv": [32, 40], "uv_size": [0.25, 0.25]},
								"west": {"uv": [40, 32], "uv_size": [0.25, 0.25]},
								"up": {"uv": [33, 40], "uv_size": [0.25, 0.25]},
								"down": {"uv": [40, 33.25], "uv_size": [0.25, -0.25]}
							}
						},
						{
							"origin": [-0.10649, 1.90666, 31.00105],
							"size": [0.37634, 0.2704, 0.2974],
							"inflate": 0.001,
							"pivot": [0.00514, 1.41664, 33.12125],
							"rotation": [0, 0, 22.5],
							"uv": {
								"north": {"uv": [34, 40], "uv_size": [0.25, 0.25]},
								"east": {"uv": [40, 34], "uv_size": [0.25, 0.25]},
								"south": {"uv": [35, 40], "uv_size": [0.25, 0.25]},
								"west": {"uv": [40, 35], "uv_size": [0.25, 0.25]},
								"up": {"uv": [36, 40], "uv_size": [0.25, 0.25]},
								"down": {"uv": [40, 36.25], "uv_size": [0.25, -0.25]}
							}
						},
						{
							"origin": [-0.04161, 1.95002, 31.00105],
							"size": [0.37634, 0.2704, 0.2974],
							"inflate": 0.001,
							"pivot": [0.00514, 1.41664, 33.12125],
							"rotation": [0, 0, 45],
							"uv": {
								"north": {"uv": [37, 40], "uv_size": [0.25, 0.25]},
								"east": {"uv": [40, 37], "uv_size": [0.25, 0.25]},
								"south": {"uv": [38, 40], "uv_size": [0.25, 0.25]},
								"west": {"uv": [40, 38], "uv_size": [0.25, 0.25]},
								"up": {"uv": [39, 40], "uv_size": [0.25, 0.25]},
								"down": {"uv": [40, 39.25], "uv_size": [0.25, -0.25]}
							}
						},
						{
							"origin": [0.6034, 1.04369, 31.00105],
							"size": [0.2704, 0.37634, 0.2974],
							"inflate": 0.001,
							"pivot": [0.00514, 1.41664, 33.12125],
							"rotation": [0, 0, -22.5],
							"uv": {
								"north": {"uv": [40, 40], "uv_size": [0.25, 0.25]},
								"east": {"uv": [0, 41], "uv_size": [0.25, 0.25]},
								"south": {"uv": [41, 0], "uv_size": [0.25, 0.25]},
								"west": {"uv": [1, 41], "uv_size": [0.25, 0.25]},
								"up": {"uv": [41, 1], "uv_size": [0.25, 0.25]},
								"down": {"uv": [2, 41.25], "uv_size": [0.25, -0.25]}
							}
						},
						{
							"origin": [-0.94006, 1.02847, 31.00105],
							"size": [0.2704, 0.37634, 0.2974],
							"inflate": 0.001,
							"uv": {
								"north": {"uv": [41, 2], "uv_size": [0.25, 0.25]},
								"east": {"uv": [3, 41], "uv_size": [0.25, 0.25]},
								"south": {"uv": [41, 3], "uv_size": [0.25, 0.25]},
								"west": {"uv": [4, 41], "uv_size": [0.25, 0.25]},
								"up": {"uv": [41, 4], "uv_size": [0.25, 0.25]},
								"down": {"uv": [5, 41.25], "uv_size": [0.25, -0.25]}
							}
						},
						{
							"origin": [-0.86352, 1.04369, 31.00105],
							"size": [0.2704, 0.37634, 0.2974],
							"inflate": 0.001,
							"pivot": [0.00514, 1.41664, 33.12125],
							"rotation": [0, 0, 22.5],
							"uv": {
								"north": {"uv": [41, 5], "uv_size": [0.25, 0.25]},
								"east": {"uv": [6, 41], "uv_size": [0.25, 0.25]},
								"south": {"uv": [41, 6], "uv_size": [0.25, 0.25]},
								"west": {"uv": [7, 41], "uv_size": [0.25, 0.25]},
								"up": {"uv": [41, 7], "uv_size": [0.25, 0.25]},
								"down": {"uv": [8, 41.25], "uv_size": [0.25, -0.25]}
							}
						}
					]
				},
				{
					"name": "hexadecagon",
					"parent": "scooope",
					"pivot": [-0.00514, 1.41664, 27.27225],
					"cubes": [
						{
							"origin": [-0.31172, 0.39322, 22.78575],
							"size": [0.35088, 1.764, 4.914],
							"pivot": [0.00514, 1.41664, 27.31775],
							"rotation": [0, 0, -45],
							"uv": {
								"north": {"uv": [17, 30], "uv_size": [0.25, 1.5]},
								"east": {"uv": [0, 0], "uv_size": [4, 1.5]},
								"south": {"uv": [30, 18], "uv_size": [0.25, 1.5]},
								"west": {"uv": [0, 2], "uv_size": [4, 1.5]},
								"up": {"uv": [2, 21], "uv_size": [0.25, 4]},
								"down": {"uv": [3, 25], "uv_size": [0.25, -4]}
							}
						},
						{
							"origin": [-0.24684, 0.34986, 22.78575],
							"size": [0.35088, 1.764, 4.914],
							"pivot": [0.00514, 1.41664, 27.31775],
							"rotation": [0, 0, -22.5],
							"uv": {
								"north": {"uv": [19, 30], "uv_size": [0.25, 1.5]},
								"east": {"uv": [0, 4], "uv_size": [4, 1.5]},
								"south": {"uv": [20, 30], "uv_size": [0.25, 1.5]},
								"west": {"uv": [4, 0], "uv_size": [4, 1.5]},
								"up": {"uv": [4, 21], "uv_size": [0.25, 4]},
								"down": {"uv": [5, 25], "uv_size": [0.25, -4]}
							}
						},
						{
							"origin": [-0.1703, 0.33464, 22.78575],
							"size": [0.35088, 1.764, 4.914],
							"uv": {
								"north": {"uv": [30, 20], "uv_size": [0.25, 1.5]},
								"east": {"uv": [4, 2], "uv_size": [4, 1.5]},
								"south": {"uv": [21, 30], "uv_size": [0.25, 1.5]},
								"west": {"uv": [4, 4], "uv_size": [4, 1.5]},
								"up": {"uv": [6, 21], "uv_size": [0.25, 4]},
								"down": {"uv": [7, 25], "uv_size": [0.25, -4]}
							}
						},
						{
							"origin": [-0.09376, 0.34986, 22.78575],
							"size": [0.35088, 1.764, 4.914],
							"pivot": [0.00514, 1.41664, 27.31775],
							"rotation": [0, 0, 22.5],
							"uv": {
								"north": {"uv": [22, 30], "uv_size": [0.25, 1.5]},
								"east": {"uv": [0, 6], "uv_size": [4, 1.5]},
								"south": {"uv": [23, 30], "uv_size": [0.25, 1.5]},
								"west": {"uv": [4, 6], "uv_size": [4, 1.5]},
								"up": {"uv": [8, 21], "uv_size": [0.25, 4]},
								"down": {"uv": [9, 25], "uv_size": [0.25, -4]}
							}
						},
						{
							"origin": [-0.02888, 0.39322, 22.78575],
							"size": [0.35088, 1.764, 4.914],
							"pivot": [0.00514, 1.41664, 27.31775],
							"rotation": [0, 0, 45],
							"uv": {
								"north": {"uv": [24, 30], "uv_size": [0.25, 1.5]},
								"east": {"uv": [0, 8], "uv_size": [4, 1.5]},
								"south": {"uv": [25, 30], "uv_size": [0.25, 1.5]},
								"west": {"uv": [8, 0], "uv_size": [4, 1.5]},
								"up": {"uv": [10, 21], "uv_size": [0.25, 4]},
								"down": {"uv": [11, 25], "uv_size": [0.25, -4]}
							}
						},
						{
							"origin": [-0.9534, 1.05642, 22.78575],
							"size": [1.764, 0.35088, 4.914],
							"pivot": [0.00514, 1.41664, 27.31775],
							"rotation": [0, 0, -22.5],
							"uv": {
								"north": {"uv": [26, 30], "uv_size": [1.5, 0.25]},
								"east": {"uv": [21, 11], "uv_size": [4, 0.25]},
								"south": {"uv": [30, 27], "uv_size": [1.5, 0.25]},
								"west": {"uv": [12, 21], "uv_size": [4, 0.25]},
								"up": {"uv": [8, 2], "uv_size": [1.5, 4]},
								"down": {"uv": [4, 12], "uv_size": [1.5, -4]}
							}
						},
						{
							"origin": [-0.87686, 1.0412, 22.78575],
							"size": [1.764, 0.35088, 4.914],
							"uv": {
								"north": {"uv": [28, 30], "uv_size": [1.5, 0.25]},
								"east": {"uv": [21, 12], "uv_size": [4, 0.25]},
								"south": {"uv": [30, 30], "uv_size": [1.5, 0.25]},
								"west": {"uv": [21, 13], "uv_size": [4, 0.25]},
								"up": {"uv": [6, 8], "uv_size": [1.5, 4]},
								"down": {"uv": [8, 10], "uv_size": [1.5, -4]}
							}
						},
						{
							"origin": [-0.80032, 1.05642, 22.78575],
							"size": [1.764, 0.35088, 4.914],
							"pivot": [0.00514, 1.41664, 27.31775],
							"rotation": [0, 0, 22.5],
							"uv": {
								"north": {"uv": [0, 31], "uv_size": [1.5, 0.25]},
								"east": {"uv": [21, 14], "uv_size": [4, 0.25]},
								"south": {"uv": [31, 0], "uv_size": [1.5, 0.25]},
								"west": {"uv": [21, 15], "uv_size": [4, 0.25]},
								"up": {"uv": [0, 10], "uv_size": [1.5, 4]},
								"down": {"uv": [2, 14], "uv_size": [1.5, -4]}
							}
						}
					]
				},
				{
					"name": "hexadecagon2",
					"parent": "scooope",
					"pivot": [-0.00514, 1.41664, 30.79725],
					"cubes": [
						{
							"origin": [-0.29668, 0.46882, 26.59635],
							"size": [0.3208, 1.6128, 1.4928],
							"pivot": [0.00514, 1.41664, 30.78275],
							"rotation": [0, 0, -45],
							"uv": {
								"north": {"uv": [19, 34], "uv_size": [0.25, 1.25]},
								"east": {"uv": [11, 17], "uv_size": [1.25, 1.25]},
								"south": {"uv": [34, 19], "uv_size": [0.25, 1.25]},
								"west": {"uv": [17, 11], "uv_size": [1.25, 1.25]},
								"up": {"uv": [20, 34], "uv_size": [0.25, 1.25]},
								"down": {"uv": [21, 35.25], "uv_size": [0.25, -1.25]}
							}
						},
						{
							"origin": [-0.2318, 0.42546, 26.59635],
							"size": [0.3208, 1.6128, 1.4928],
							"pivot": [0.00514, 1.41664, 30.78275],
							"rotation": [0, 0, -22.5],
							"uv": {
								"north": {"uv": [22, 34], "uv_size": [0.25, 1.25]},
								"east": {"uv": [17, 13], "uv_size": [1.25, 1.25]},
								"south": {"uv": [23, 34], "uv_size": [0.25, 1.25]},
								"west": {"uv": [17, 15], "uv_size": [1.25, 1.25]},
								"up": {"uv": [24, 34], "uv_size": [0.25, 1.25]},
								"down": {"uv": [34, 25.25], "uv_size": [0.25, -1.25]}
							}
						},
						{
							"origin": [-0.15526, 0.41024, 26.59635],
							"size": [0.3208, 1.6128, 1.4928],
							"uv": {
								"north": {"uv": [25, 34], "uv_size": [0.25, 1.25]},
								"east": {"uv": [17, 17], "uv_size": [1.25, 1.25]},
								"south": {"uv": [26, 34], "uv_size": [0.25, 1.25]},
								"west": {"uv": [18, 2], "uv_size": [1.25, 1.25]},
								"up": {"uv": [27, 34], "uv_size": [0.25, 1.25]},
								"down": {"uv": [28, 35.25], "uv_size": [0.25, -1.25]}
							}
						},
						{
							"origin": [-0.07872, 0.42546, 26.59635],
							"size": [0.3208, 1.6128, 1.4928],
							"pivot": [0.00514, 1.41664, 30.78275],
							"rotation": [0, 0, 22.5],
							"uv": {
								"north": {"uv": [29, 34], "uv_size": [0.25, 1.25]},
								"east": {"uv": [18, 4], "uv_size": [1.25, 1.25]},
								"south": {"uv": [30, 34], "uv_size": [0.25, 1.25]},
								"west": {"uv": [18, 6], "uv_size": [1.25, 1.25]},
								"up": {"uv": [31, 34], "uv_size": [0.25, 1.25]},
								"down": {"uv": [32, 35.25], "uv_size": [0.25, -1.25]}
							}
						},
						{
							"origin": [-0.01384, 0.46882, 26.59635],
							"size": [0.3208, 1.6128, 1.4928],
							"pivot": [0.00514, 1.41664, 30.78275],
							"rotation": [0, 0, 45],
							"uv": {
								"north": {"uv": [33, 34], "uv_size": [0.25, 1.25]},
								"east": {"uv": [18, 8], "uv_size": [1.25, 1.25]},
								"south": {"uv": [34, 33], "uv_size": [0.25, 1.25]},
								"west": {"uv": [9, 18], "uv_size": [1.25, 1.25]},
								"up": {"uv": [35, 0], "uv_size": [0.25, 1.25]},
								"down": {"uv": [3, 36.25], "uv_size": [0.25, -1.25]}
							}
						},
						{
							"origin": [-0.8778, 1.07146, 26.59635],
							"size": [1.6128, 0.3208, 1.4928],
							"pivot": [0.00514, 1.41664, 30.78275],
							"rotation": [0, 0, -22.5],
							"uv": {
								"north": {"uv": [34, 21], "uv_size": [1.25, 0.25]},
								"east": {"uv": [34, 30], "uv_size": [1.25, 0.25]},
								"south": {"uv": [35, 2], "uv_size": [1.25, 0.25]},
								"west": {"uv": [4, 35], "uv_size": [1.25, 0.25]},
								"up": {"uv": [13, 18], "uv_size": [1.25, 1.25]},
								"down": {"uv": [15, 19.25], "uv_size": [1.25, -1.25]}
							}
						},
						{
							"origin": [-0.80126, 1.05624, 26.59635],
							"size": [1.6128, 0.3208, 1.4928],
							"uv": {
								"north": {"uv": [6, 35], "uv_size": [1.25, 0.25]},
								"east": {"uv": [8, 35], "uv_size": [1.25, 0.25]},
								"south": {"uv": [35, 9], "uv_size": [1.25, 0.25]},
								"west": {"uv": [35, 10], "uv_size": [1.25, 0.25]},
								"up": {"uv": [0, 19], "uv_size": [1.25, 1.25]},
								"down": {"uv": [19, 1.25], "uv_size": [1.25, -1.25]}
							}
						},
						{
							"origin": [-0.72472, 1.07146, 26.59635],
							"size": [1.6128, 0.3208, 1.4928],
							"pivot": [0.00514, 1.41664, 30.78275],
							"rotation": [0, 0, 22.5],
							"uv": {
								"north": {"uv": [35, 11], "uv_size": [1.25, 0.25]},
								"east": {"uv": [35, 12], "uv_size": [1.25, 0.25]},
								"south": {"uv": [35, 13], "uv_size": [1.25, 0.25]},
								"west": {"uv": [35, 14], "uv_size": [1.25, 0.25]},
								"up": {"uv": [2, 19], "uv_size": [1.25, 1.25]},
								"down": {"uv": [4, 20.25], "uv_size": [1.25, -1.25]}
							}
						}
					]
				},
				{
					"name": "bone",
					"parent": "scooope",
					"pivot": [0, 0, 12.4]
				},
				{
					"name": "bone3",
					"parent": "bone",
					"pivot": [0.04746, 1.56678, 25.71721],
					"cubes": [
						{
							"origin": [-0.75515, 1.93664, 20.50275],
							"size": [1.5103, 0.20485, 2.88],
							"uv": {
								"north": {"uv": [32, 33], "uv_size": [1.25, 0.25]},
								"east": {"uv": [26, 7], "uv_size": [2.5, 0.25]},
								"south": {"uv": [33, 32], "uv_size": [1.25, 0.25]},
								"west": {"uv": [26, 9], "uv_size": [2.5, 0.25]},
								"up": {"uv": [11, 14], "uv_size": [1.25, 2.5]},
								"down": {"uv": [15, 2.5], "uv_size": [1.25, -2.5]}
							}
						},
						{
							"origin": [-0.55265, 2.31011, 20.94689],
							"size": [1.1053, 0.56485, 0.96],
							"pivot": [0, 2.71906, 22.08275],
							"rotation": [27.5, 0, 0],
							"uv": {
								"north": {"uv": [28, 15], "uv_size": [1, 0.5]},
								"east": {"uv": [2, 31], "uv_size": [0.75, 0.5]},
								"south": {"uv": [16, 28], "uv_size": [1, 0.5]},
								"west": {"uv": [3, 31], "uv_size": [0.75, 0.5]},
								"up": {"uv": [17, 2], "uv_size": [1, 0.75]},
								"down": {"uv": [9, 17.75], "uv_size": [1, -0.75]}
							}
						},
						{
							"origin": [-0.55215, 1.09654, 21.85528],
							"size": [1.1049, 1.67911, 2.48757],
							"inflate": 0.0005,
							"uv": {
								"north": {"uv": [6, 19], "uv_size": [1, 1.5]},
								"east": {"uv": [20, 20], "uv_size": [0.75, 1.5]},
								"south": {"uv": [7, 19], "uv_size": [1, 1.5]},
								"west": {"uv": [0, 21], "uv_size": [0.75, 1.5]},
								"up": {"uv": [8, 19], "uv_size": [1, 0.75]},
								"down": {"uv": [24, 8.75], "uv_size": [1, -0.75]}
							}
						},
						{
							"origin": [-0.55265, 1.93664, 24.61478],
							"size": [1.1053, 0.47951, 2.12797],
							"uv": {
								"north": {"uv": [23, 28], "uv_size": [1, 0.5]},
								"east": {"uv": [21, 18], "uv_size": [1.75, 0.5]},
								"south": {"uv": [24, 28], "uv_size": [1, 0.5]},
								"west": {"uv": [21, 20], "uv_size": [1.75, 0.5]},
								"up": {"uv": [7, 17], "uv_size": [1, 1.75]},
								"down": {"uv": [8, 18.75], "uv_size": [1, -1.75]}
							}
						},
						{
							"origin": [-0.55285, 1.73265, 24.34167],
							"size": [1.1057, 0.97432, 2.08361],
							"inflate": 0.001,
							"pivot": [0, 2.73639, 24.73876],
							"rotation": [-10, 0, 0],
							"uv": {
								"north": {"uv": [15, 24], "uv_size": [1, 0.75]},
								"east": {"uv": [19, 18], "uv_size": [1.75, 0.75]},
								"south": {"uv": [16, 24], "uv_size": [1, 0.75]},
								"west": {"uv": [20, 2], "uv_size": [1.75, 0.75]},
								"up": {"uv": [5, 17], "uv_size": [1, 1.75]},
								"down": {"uv": [6, 18.75], "uv_size": [1, -1.75]}
							}
						},
						{
							"origin": [-0.55275, 2.05654, 21.00315],
							"size": [1.1055, 0.27643, 2.3797],
							"inflate": 0.0005,
							"uv": {
								"north": {"uv": [19, 36], "uv_size": [1, 0.25]},
								"east": {"uv": [21, 28], "uv_size": [2, 0.25]},
								"south": {"uv": [20, 36], "uv_size": [1, 0.25]},
								"west": {"uv": [28, 21], "uv_size": [2, 0.25]},
								"up": {"uv": [13, 8], "uv_size": [1, 2]},
								"down": {"uv": [0, 19], "uv_size": [1, -2]}
							}
						},
						{
							"origin": [-0.26142, 2.22316, 20.50275],
							"size": [0.24, 0.24, 2.88],
							"pivot": [0, 1.41664, 21.72275],
							"rotation": [0, 0, -45],
							"uv": {
								"north": {"uv": [33, 38], "uv_size": [0.25, 0.25]},
								"east": {"uv": [26, 19], "uv_size": [2.5, 0.25]},
								"south": {"uv": [38, 33], "uv_size": [0.25, 0.25]},
								"west": {"uv": [26, 22], "uv_size": [2.5, 0.25]},
								"up": {"uv": [26, 24], "uv_size": [0.25, 2.5]},
								"down": {"uv": [27, 3.5], "uv_size": [0.25, -2.5]}
							}
						},
						{
							"origin": [0.02142, 0.08728, 20.50275],
							"size": [0.24, 0.24, 2.88],
							"pivot": [0, 1.41664, 21.72275],
							"rotation": [0, 0, 45],
							"uv": {
								"north": {"uv": [35, 38], "uv_size": [0.25, 0.25]},
								"east": {"uv": [27, 16], "uv_size": [2.5, 0.25]},
								"south": {"uv": [38, 35], "uv_size": [0.25, 0.25]},
								"west": {"uv": [27, 18], "uv_size": [2.5, 0.25]},
								"up": {"uv": [19, 27], "uv_size": [0.25, 2.5]},
								"down": {"uv": [20, 29.5], "uv_size": [0.25, -2.5]}
							}
						},
						{
							"origin": [-0.26142, 0.08728, 20.50275],
							"size": [0.24, 0.24, 2.88],
							"pivot": [0, 1.41664, 21.72275],
							"rotation": [0, 0, -45],
							"uv": {
								"north": {"uv": [38, 42], "uv_size": [0.25, 0.25]},
								"east": {"uv": [28, 10], "uv_size": [2.5, 0.25]},
								"south": {"uv": [42, 38], "uv_size": [0.25, 0.25]},
								"west": {"uv": [28, 11], "uv_size": [2.5, 0.25]},
								"up": {"uv": [11, 28], "uv_size": [0.25, 2.5]},
								"down": {"uv": [15, 30.5], "uv_size": [0.25, -2.5]}
							}
						},
						{
							"origin": [0.02142, 2.22316, 20.50275],
							"size": [0.24, 0.24, 2.88],
							"pivot": [0, 1.41664, 21.72275],
							"rotation": [0, 0, 45],
							"uv": {
								"north": {"uv": [34, 38], "uv_size": [0.25, 0.25]},
								"east": {"uv": [27, 4], "uv_size": [2.5, 0.25]},
								"south": {"uv": [38, 34], "uv_size": [0.25, 0.25]},
								"west": {"uv": [7, 27], "uv_size": [2.5, 0.25]},
								"up": {"uv": [27, 10], "uv_size": [0.25, 2.5]},
								"down": {"uv": [14, 29.5], "uv_size": [0.25, -2.5]}
							}
						},
						{
							"origin": [-0.75515, 0.29179, 20.50275],
							"size": [1.5103, 0.20485, 2.88],
							"uv": {
								"north": {"uv": [3, 34], "uv_size": [1.25, 0.25]},
								"east": {"uv": [26, 13], "uv_size": [2.5, 0.25]},
								"south": {"uv": [34, 3], "uv_size": [1.25, 0.25]},
								"west": {"uv": [26, 17], "uv_size": [2.5, 0.25]},
								"up": {"uv": [15, 11], "uv_size": [1.25, 2.5]},
								"down": {"uv": [13, 17.5], "uv_size": [1.25, -2.5]}
							}
						},
						{
							"origin": [0.72, 0.46149, 20.50275],
							"size": [0.20485, 1.5103, 2.88],
							"uv": {
								"north": {"uv": [0, 34], "uv_size": [0.25, 1.25]},
								"east": {"uv": [15, 3], "uv_size": [2.5, 1.25]},
								"south": {"uv": [1, 34], "uv_size": [0.25, 1.25]},
								"west": {"uv": [15, 5], "uv_size": [2.5, 1.25]},
								"up": {"uv": [4, 26], "uv_size": [0.25, 2.5]},
								"down": {"uv": [26, 12.5], "uv_size": [0.25, -2.5]}
							}
						},
						{
							"origin": [-0.92485, 0.46149, 20.50275],
							"size": [0.20485, 1.5103, 2.88],
							"uv": {
								"north": {"uv": [34, 1], "uv_size": [0.25, 1.25]},
								"east": {"uv": [15, 7], "uv_size": [2.5, 1.25]},
								"south": {"uv": [2, 34], "uv_size": [0.25, 1.25]},
								"west": {"uv": [15, 9], "uv_size": [2.5, 1.25]},
								"up": {"uv": [12, 26], "uv_size": [0.25, 2.5]},
								"down": {"uv": [13, 28.5], "uv_size": [0.25, -2.5]}
							}
						},
						{
							"origin": [-0.92485, 0.10149, 24.34275],
							"size": [1.8497, 0.5503, 3.24],
							"uv": {
								"north": {"uv": [24, 6], "uv_size": [1.5, 0.5]},
								"east": {"uv": [17, 19], "uv_size": [2.75, 0.5]},
								"south": {"uv": [24, 7], "uv_size": [1.5, 0.5]},
								"west": {"uv": [19, 17], "uv_size": [2.75, 0.5]},
								"up": {"uv": [10, 2], "uv_size": [1.5, 2.75]},
								"down": {"uv": [10, 7.75], "uv_size": [1.5, -2.75]}
							}
						},
						{
							"origin": [0.46854, 0.58231, 23.13075],
							"size": [0.26932, 0.2705, 2.232],
							"pivot": [0.65794, 0.60937, 24.56675],
							"rotation": [0, 0, -32.5],
							"uv": {
								"north": {"uv": [41, 33], "uv_size": [0.25, 0.25]},
								"east": {"uv": [16, 29], "uv_size": [1.75, 0.25]},
								"south": {"uv": [34, 41], "uv_size": [0.25, 0.25]},
								"west": {"uv": [29, 17], "uv_size": [1.75, 0.25]},
								"up": {"uv": [18, 29], "uv_size": [0.25, 1.75]},
								"down": {"uv": [29, 20.75], "uv_size": [0.25, -1.75]}
							}
						},
						{
							"origin": [-0.73786, 0.58231, 23.13075],
							"size": [0.26932, 0.2705, 2.232],
							"pivot": [-0.65794, 0.60937, 24.56675],
							"rotation": [0, 0, 32.5],
							"uv": {
								"north": {"uv": [41, 32], "uv_size": [0.25, 0.25]},
								"east": {"uv": [29, 12], "uv_size": [1.75, 0.25]},
								"south": {"uv": [33, 41], "uv_size": [0.25, 0.25]},
								"west": {"uv": [29, 13], "uv_size": [1.75, 0.25]},
								"up": {"uv": [6, 29], "uv_size": [0.25, 1.75]},
								"down": {"uv": [29, 15.75], "uv_size": [0.25, -1.75]}
							}
						},
						{
							"origin": [-0.73988, 0.18925, 23.13075],
							"size": [1.47976, 0.44024, 2.232],
							"uv": {
								"north": {"uv": [20, 26], "uv_size": [1.5, 0.5]},
								"east": {"uv": [10, 33], "uv_size": [2.25, 0.5]},
								"south": {"uv": [13, 30], "uv_size": [1.5, 0.5]},
								"west": {"uv": [13, 33], "uv_size": [2.25, 0.5]},
								"up": {"uv": [33, 13], "uv_size": [1.5, 2.25]},
								"down": {"uv": [33, 28.25], "uv_size": [1.5, -2.25]}
							}
						},
						{
							"origin": [-0.97786, 0.46231, 27.93075],
							"size": [0.26932, 0.2705, 1.032],
							"pivot": [-0.89794, 0.48937, 29.36675],
							"rotation": [0, 0, 32.5],
							"uv": {
								"north": {"uv": [41, 35], "uv_size": [0.25, 0.25]},
								"east": {"uv": [37, 9], "uv_size": [0.75, 0.25]},
								"south": {"uv": [36, 41], "uv_size": [0.25, 0.25]},
								"west": {"uv": [10, 37], "uv_size": [0.75, 0.25]},
								"up": {"uv": [37, 10], "uv_size": [0.25, 0.75]},
								"down": {"uv": [11, 37.75], "uv_size": [0.25, -0.75]}
							}
						},
						{
							"origin": [0.00389, 1.66959, 28.6095],
							"size": [0.4457, 0.46392, 1.872],
							"pivot": [-0.0253, 2.31837, 30.0455],
							"rotation": [0, 0, -32.5],
							"uv": {
								"north": {"uv": [37, 26], "uv_size": [0.25, 0.5]},
								"east": {"uv": [24, 19], "uv_size": [1.5, 0.5]},
								"south": {"uv": [27, 37], "uv_size": [0.25, 0.5]},
								"west": {"uv": [24, 22], "uv_size": [1.5, 0.5]},
								"up": {"uv": [31, 24], "uv_size": [0.25, 1.5]},
								"down": {"uv": [26, 32.5], "uv_size": [0.25, -1.5]}
							}
						},
						{
							"origin": [-0.47454, 1.97739, 28.6095],
							"size": [0.94908, 0.44023, 1.872],
							"uv": {
								"north": {"uv": [37, 11], "uv_size": [0.75, 0.25]},
								"east": {"uv": [31, 22], "uv_size": [1.5, 0.25]},
								"south": {"uv": [12, 37], "uv_size": [0.75, 0.25]},
								"west": {"uv": [31, 23], "uv_size": [1.5, 0.25]},
								"up": {"uv": [21, 0], "uv_size": [0.75, 1.5]},
								"down": {"uv": [1, 22.5], "uv_size": [0.75, -1.5]}
							}
						},
						{
							"origin": [-0.72381, 1.73739, 28.6095],
							"size": [1.44762, 0.28896, 1.872],
							"uv": {
								"north": {"uv": [17, 35], "uv_size": [1.25, 0.25]},
								"east": {"uv": [31, 26], "uv_size": [1.5, 0.25]},
								"south": {"uv": [35, 17], "uv_size": [1.25, 0.25]},
								"west": {"uv": [27, 31], "uv_size": [1.5, 0.25]},
								"up": {"uv": [17, 0], "uv_size": [1.25, 1.5]},
								"down": {"uv": [1, 18.5], "uv_size": [1.25, -1.5]}
							}
						},
						{
							"origin": [-0.45752, 1.69678, 28.6095],
							"size": [0.3257, 0.46392, 1.872],
							"pivot": [-0.0253, 2.31837, 30.0455],
							"rotation": [0, 0, 32.5],
							"uv": {
								"north": {"uv": [37, 25], "uv_size": [0.25, 0.5]},
								"east": {"uv": [17, 24], "uv_size": [1.5, 0.5]},
								"south": {"uv": [26, 37], "uv_size": [0.25, 0.5]},
								"west": {"uv": [24, 17], "uv_size": [1.5, 0.5]},
								"up": {"uv": [31, 18], "uv_size": [0.25, 1.5]},
								"down": {"uv": [31, 21.5], "uv_size": [0.25, -1.5]}
							}
						},
						{
							"origin": [0.70854, 0.46231, 27.93075],
							"size": [0.26932, 0.2705, 1.032],
							"pivot": [0.89794, 0.48937, 29.36675],
							"rotation": [0, 0, -32.5],
							"uv": {
								"north": {"uv": [41, 34], "uv_size": [0.25, 0.25]},
								"east": {"uv": [37, 7], "uv_size": [0.75, 0.25]},
								"south": {"uv": [35, 41], "uv_size": [0.25, 0.25]},
								"west": {"uv": [8, 37], "uv_size": [0.75, 0.25]},
								"up": {"uv": [37, 8], "uv_size": [0.25, 0.75]},
								"down": {"uv": [9, 37.75], "uv_size": [0.25, -0.75]}
							}
						},
						{
							"origin": [-0.97988, 0.06925, 27.93075],
							"size": [1.95976, 0.44024, 1.032],
							"uv": {
								"north": {"uv": [22, 17], "uv_size": [2, 0.5]},
								"east": {"uv": [22, 19], "uv_size": [1, 0.5]},
								"south": {"uv": [18, 22], "uv_size": [2, 0.5]},
								"west": {"uv": [20, 22], "uv_size": [1, 0.5]},
								"up": {"uv": [14, 22], "uv_size": [2, 1]},
								"down": {"uv": [16, 23], "uv_size": [2, -1]}
							}
						},
						{
							"origin": [-0.74008, 0.06905, 28.89055],
							"size": [1.48016, 0.68064, 0.9124],
							"inflate": 0.001,
							"uv": {
								"north": {"uv": [27, 26], "uv_size": [1.25, 0.5]},
								"east": {"uv": [13, 31], "uv_size": [0.75, 0.5]},
								"south": {"uv": [0, 28], "uv_size": [1.25, 0.5]},
								"west": {"uv": [18, 31], "uv_size": [0.75, 0.5]},
								"up": {"uv": [21, 16], "uv_size": [1.25, 0.75]},
								"down": {"uv": [18, 21.75], "uv_size": [1.25, -0.75]}
							}
						},
						{
							"origin": [-0.73988, 0.54455, 29.59859],
							"size": [1.47976, 0.56024, 1.152],
							"pivot": [0, 0.68788, 30.5876],
							"rotation": [30, 0, 0],
							"uv": {
								"north": {"uv": [28, 1], "uv_size": [1.25, 0.5]},
								"east": {"uv": [25, 28], "uv_size": [1, 0.5]},
								"south": {"uv": [28, 2], "uv_size": [1.25, 0.5]},
								"west": {"uv": [26, 28], "uv_size": [1, 0.5]},
								"up": {"uv": [18, 20], "uv_size": [1.25, 1]},
								"down": {"uv": [20, 20], "uv_size": [1.25, -1]}
							}
						},
						{
							"origin": [-0.94919, 0.58498, 24.34275],
							"size": [0.33665, 0.33813, 3.24],
							"pivot": [-0.82243, 0.57664, 26.46275],
							"rotation": [0, 0, 32.5],
							"uv": {
								"north": {"uv": [23, 40], "uv_size": [0.25, 0.25]},
								"east": {"uv": [23, 24], "uv_size": [2.75, 0.25]},
								"south": {"uv": [40, 23], "uv_size": [0.25, 0.25]},
								"west": {"uv": [2, 25], "uv_size": [2.75, 0.25]},
								"up": {"uv": [5, 25], "uv_size": [0.25, 2.75]},
								"down": {"uv": [6, 27.75], "uv_size": [0.25, -2.75]}
							}
						},
						{
							"origin": [0.61254, 0.58498, 24.34275],
							"size": [0.33665, 0.33813, 3.24],
							"pivot": [0.82243, 0.57664, 26.46275],
							"rotation": [0, 0, -32.5],
							"uv": {
								"north": {"uv": [24, 40], "uv_size": [0.25, 0.25]},
								"east": {"uv": [7, 25], "uv_size": [2.75, 0.25]},
								"south": {"uv": [40, 24], "uv_size": [0.25, 0.25]},
								"west": {"uv": [25, 8], "uv_size": [2.75, 0.25]},
								"up": {"uv": [10, 25], "uv_size": [0.25, 2.75]},
								"down": {"uv": [11, 27.75], "uv_size": [0.25, -2.75]}
							}
						}
					]
				},
				{
					"name": "text",
					"parent": "scope_body",
					"pivot": [0, 0.45664, 0.19725],
					"cubes": [
						{
							"origin": [0.9248, 3.05159, 5.61705],
							"size": [0.0004, 0.1204, 0.2404],
							"inflate": 0.001,
							"pivot": [-0.27499, 1.79179, 1.65725],
							"rotation": [180, 0, 0],
							"uv": {
								"west": {"uv": [42.25, 50.5], "uv_size": [6, 5.25]}
							}
						},
						{
							"origin": [0.64729, 1.97159, -2.70795],
							"size": [0.0004, 0.1204, 0.2404],
							"inflate": 0.001,
							"pivot": [0.66312, 2.15179, -3.98275],
							"rotation": [180, 0, -30],
							"uv": {
								"west": {"uv": [42.25, 50.5], "uv_size": [6, 5.25]}
							}
						},
						{
							"origin": [0.9248, 1.73159, 4.05705],
							"size": [0.0004, 0.1204, 0.2404],
							"inflate": 0.001,
							"pivot": [-0.27499, 1.79179, 4.17725],
							"rotation": [180, 0, 0],
							"uv": {
								"west": {"uv": [42.25, 50.5], "uv_size": [6, 5.25]}
							}
						},
						{
							"origin": [0.9248, 1.73159, 6.41705],
							"size": [0.0004, 0.2404, 0.2404],
							"inflate": 0.001,
							"pivot": [-0.27499, 1.79179, 4.17725],
							"rotation": [180, 0, 0],
							"uv": {
								"west": {"uv": [49.25, 49.75], "uv_size": [6, 6]}
							}
						}
					]
				},
				{
					"name": "ocular",
					"pivot": [0, 1.43421, 3.91725],
					"cubes": [
						{
							"origin": [-0.8564, 0.43054, 4.41725],
							"size": [1.7128, 1.60735, 0],
							"uv": {
								"south": {"uv": [3, 17], "uv_size": [1.5, 1.25]}
							}
						}
					]
				},
				{
					"name": "ocular_ring",
					"pivot": [0, 1.41664, 4.05525],
					"cubes": [
						{
							"origin": [-0.1254, -0.02476, 4.45925],
							"size": [0.2508, 0.2508, 0.228],
							"pivot": [0, 1.21664, 3.43325],
							"rotation": [0, 0, 45],
							"uv": {
								"north": {"uv": [39, 5], "uv_size": [0.25, 0.25]},
								"east": {"uv": [6, 39], "uv_size": [0.25, 0.25]},
								"south": {"uv": [39, 6], "uv_size": [0.25, 0.25]},
								"west": {"uv": [7, 39], "uv_size": [0.25, 0.25]},
								"up": {"uv": [39, 7], "uv_size": [0.25, 0.25]},
								"down": {"uv": [8, 39.25], "uv_size": [0.25, -0.25]}
							}
						},
						{
							"origin": [-0.78913, 0.25017, 4.45925],
							"size": [1.57826, 0.21407, 0.228],
							"uv": {
								"north": {"uv": [7, 34], "uv_size": [1.25, 0.25]},
								"east": {"uv": [39, 11], "uv_size": [0.25, 0.25]},
								"south": {"uv": [34, 7], "uv_size": [1.25, 0.25]},
								"west": {"uv": [12, 39], "uv_size": [0.25, 0.25]},
								"up": {"uv": [34, 8], "uv_size": [1.25, 0.25]},
								"down": {"uv": [9, 34.25], "uv_size": [1.25, -0.25]}
							}
						},
						{
							"origin": [-0.1254, -0.02476, 4.45925],
							"size": [0.2508, 0.2508, 0.228],
							"pivot": [0, 1.21664, 3.43325],
							"rotation": [0, 0, -45],
							"uv": {
								"north": {"uv": [39, 2], "uv_size": [0.25, 0.25]},
								"east": {"uv": [3, 39], "uv_size": [0.25, 0.25]},
								"south": {"uv": [39, 3], "uv_size": [0.25, 0.25]},
								"west": {"uv": [4, 39], "uv_size": [0.25, 0.25]},
								"up": {"uv": [39, 4], "uv_size": [0.25, 0.25]},
								"down": {"uv": [5, 39.25], "uv_size": [0.25, -0.25]}
							}
						},
						{
							"origin": [-0.1254, 2.20724, 4.45925],
							"size": [0.2508, 0.2508, 0.228],
							"pivot": [0, 1.21664, 3.43325],
							"rotation": [0, 0, 45],
							"uv": {
								"north": {"uv": [39, 8], "uv_size": [0.25, 0.25]},
								"east": {"uv": [9, 39], "uv_size": [0.25, 0.25]},
								"south": {"uv": [39, 9], "uv_size": [0.25, 0.25]},
								"west": {"uv": [10, 39], "uv_size": [0.25, 0.25]},
								"up": {"uv": [39, 10], "uv_size": [0.25, 0.25]},
								"down": {"uv": [11, 39.25], "uv_size": [0.25, -0.25]}
							}
						},
						{
							"origin": [0.7524, 0.42751, 4.45925],
							"size": [0.21407, 1.57826, 0.228],
							"uv": {
								"north": {"uv": [34, 9], "uv_size": [0.25, 1.25]},
								"east": {"uv": [11, 34], "uv_size": [0.25, 1.25]},
								"south": {"uv": [34, 11], "uv_size": [0.25, 1.25]},
								"west": {"uv": [12, 34], "uv_size": [0.25, 1.25]},
								"up": {"uv": [39, 12], "uv_size": [0.25, 0.25]},
								"down": {"uv": [13, 39.25], "uv_size": [0.25, -0.25]}
							}
						},
						{
							"origin": [-0.96647, 0.42751, 4.45925],
							"size": [0.21407, 1.57826, 0.228],
							"uv": {
								"north": {"uv": [13, 34], "uv_size": [0.25, 1.25]},
								"east": {"uv": [14, 34], "uv_size": [0.25, 1.25]},
								"south": {"uv": [15, 34], "uv_size": [0.25, 1.25]},
								"west": {"uv": [16, 34], "uv_size": [0.25, 1.25]},
								"up": {"uv": [39, 13], "uv_size": [0.25, 0.25]},
								"down": {"uv": [14, 39.25], "uv_size": [0.25, -0.25]}
							}
						},
						{
							"origin": [-0.1254, 2.20724, 4.45925],
							"size": [0.2508, 0.2508, 0.228],
							"pivot": [0, 1.21664, 3.43325],
							"rotation": [0, 0, -45],
							"uv": {
								"north": {"uv": [38, 38], "uv_size": [0.25, 0.25]},
								"east": {"uv": [0, 39], "uv_size": [0.25, 0.25]},
								"south": {"uv": [39, 0], "uv_size": [0.25, 0.25]},
								"west": {"uv": [1, 39], "uv_size": [0.25, 0.25]},
								"up": {"uv": [39, 1], "uv_size": [0.25, 0.25]},
								"down": {"uv": [2, 39.25], "uv_size": [0.25, -0.25]}
							}
						},
						{
							"origin": [-0.78913, 1.96904, 4.45925],
							"size": [1.57826, 0.21407, 0.228],
							"uv": {
								"north": {"uv": [34, 4], "uv_size": [1.25, 0.25]},
								"east": {"uv": [37, 38], "uv_size": [0.25, 0.25]},
								"south": {"uv": [5, 34], "uv_size": [1.25, 0.25]},
								"west": {"uv": [38, 37], "uv_size": [0.25, 0.25]},
								"up": {"uv": [34, 5], "uv_size": [1.25, 0.25]},
								"down": {"uv": [34, 6.25], "uv_size": [1.25, -0.25]}
							}
						},
						{
							"origin": [-0.12, 0.0287, 4.29725],
							"size": [0.24, 0.12, 0.48],
							"pivot": [0, 1.21664, 3.57725],
							"rotation": [0, 0, -45],
							"uv": {
								"north": {"uv": [36, 38], "uv_size": [0.25, 0.25]},
								"east": {"uv": [37, 22], "uv_size": [0.5, 0.25]},
								"south": {"uv": [38, 36], "uv_size": [0.25, 0.25]},
								"west": {"uv": [23, 37], "uv_size": [0.5, 0.25]},
								"up": {"uv": [37, 23], "uv_size": [0.25, 0.5]},
								"down": {"uv": [24, 37.5], "uv_size": [0.25, -0.5]}
							}
						},
						{
							"origin": [-0.12, 2.28458, 4.29725],
							"size": [0.24, 0.12, 0.48],
							"pivot": [0, 1.21664, 3.57725],
							"rotation": [0, 0, -45],
							"uv": {
								"north": {"uv": [35, 42], "uv_size": [0.25, 0.25]},
								"east": {"uv": [37, 35], "uv_size": [0.5, 0.25]},
								"south": {"uv": [42, 35], "uv_size": [0.25, 0.25]},
								"west": {"uv": [36, 37], "uv_size": [0.5, 0.25]},
								"up": {"uv": [37, 36], "uv_size": [0.25, 0.5]},
								"down": {"uv": [37, 37.5], "uv_size": [0.25, -0.5]}
							}
						},
						{
							"origin": [-0.75515, 2.05664, 4.29725],
							"size": [1.5103, 0.08485, 0.48],
							"uv": {
								"north": {"uv": [35, 28], "uv_size": [1.25, 0.25]},
								"east": {"uv": [0, 38], "uv_size": [0.5, 0.25]},
								"south": {"uv": [35, 29], "uv_size": [1.25, 0.25]},
								"west": {"uv": [38, 0], "uv_size": [0.5, 0.25]},
								"up": {"uv": [28, 3], "uv_size": [1.25, 0.5]},
								"down": {"uv": [5, 28.5], "uv_size": [1.25, -0.5]}
							}
						},
						{
							"origin": [-0.92485, 0.46149, 4.29725],
							"size": [0.08485, 1.5103, 0.48],
							"uv": {
								"north": {"uv": [10, 35], "uv_size": [0.25, 1.25]},
								"east": {"uv": [7, 28], "uv_size": [0.5, 1.25]},
								"south": {"uv": [35, 31], "uv_size": [0.25, 1.25]},
								"west": {"uv": [8, 28], "uv_size": [0.5, 1.25]},
								"up": {"uv": [1, 38], "uv_size": [0.25, 0.5]},
								"down": {"uv": [38, 1.5], "uv_size": [0.25, -0.5]}
							}
						},
						{
							"origin": [0.84, 0.46149, 4.29725],
							"size": [0.08485, 1.5103, 0.48],
							"uv": {
								"north": {"uv": [35, 33], "uv_size": [0.25, 1.25]},
								"east": {"uv": [9, 28], "uv_size": [0.5, 1.25]},
								"south": {"uv": [34, 35], "uv_size": [0.25, 1.25]},
								"west": {"uv": [10, 28], "uv_size": [0.5, 1.25]},
								"up": {"uv": [2, 38], "uv_size": [0.25, 0.5]},
								"down": {"uv": [38, 2.5], "uv_size": [0.25, -0.5]}
							}
						},
						{
							"origin": [-0.12, 2.28458, 4.29725],
							"size": [0.24, 0.12, 0.48],
							"pivot": [0, 1.21664, 3.57725],
							"rotation": [0, 0, 45],
							"uv": {
								"north": {"uv": [36, 42], "uv_size": [0.25, 0.25]},
								"east": {"uv": [3, 38], "uv_size": [0.5, 0.25]},
								"south": {"uv": [42, 36], "uv_size": [0.25, 0.25]},
								"west": {"uv": [38, 3], "uv_size": [0.5, 0.25]},
								"up": {"uv": [4, 38], "uv_size": [0.25, 0.5]},
								"down": {"uv": [38, 4.5], "uv_size": [0.25, -0.5]}
							}
						},
						{
							"origin": [-0.75515, 0.29179, 4.29725],
							"size": [1.5103, 0.08485, 0.48],
							"uv": {
								"north": {"uv": [35, 35], "uv_size": [1.25, 0.25]},
								"east": {"uv": [5, 38], "uv_size": [0.5, 0.25]},
								"south": {"uv": [0, 36], "uv_size": [1.25, 0.25]},
								"west": {"uv": [38, 5], "uv_size": [0.5, 0.25]},
								"up": {"uv": [28, 5], "uv_size": [1.25, 0.5]},
								"down": {"uv": [28, 8.5], "uv_size": [1.25, -0.5]}
							}
						},
						{
							"origin": [-0.12, 0.0287, 4.29725],
							"size": [0.24, 0.12, 0.48],
							"pivot": [0, 1.21664, 3.57725],
							"rotation": [0, 0, 45],
							"uv": {
								"north": {"uv": [37, 42], "uv_size": [0.25, 0.25]},
								"east": {"uv": [6, 38], "uv_size": [0.5, 0.25]},
								"south": {"uv": [42, 37], "uv_size": [0.25, 0.25]},
								"west": {"uv": [38, 6], "uv_size": [0.5, 0.25]},
								"up": {"uv": [7, 38], "uv_size": [0.25, 0.5]},
								"down": {"uv": [38, 7.5], "uv_size": [0.25, -0.5]}
							}
						}
					]
				},
				{
					"name": "3_illuminated",
					"parent": "ocular_ring",
					"pivot": [-0.00514, 1.41664, 2.784],
					"cubes": [
						{
							"origin": [0.71478, 0.46697, 4.2587],
							"size": [0.20337, 1.49934, 0.2166],
							"uv": {
								"south": {"uv": [43, 2], "uv_size": [0.25, 1.25]}
							}
						},
						{
							"origin": [-0.11913, 2.15771, 4.2587],
							"size": [0.23826, 0.23826, 0.2166],
							"pivot": [0, 1.21664, 3.284],
							"rotation": [0, 0, 45],
							"uv": {
								"south": {"uv": [43, 6], "uv_size": [0.25, 0.25]}
							}
						},
						{
							"origin": [-0.74967, 1.93142, 4.2587],
							"size": [1.49934, 0.20337, 0.2166],
							"uv": {
								"south": {"uv": [3, 43], "uv_size": [1.25, 0.25]}
							}
						},
						{
							"origin": [-0.91815, 0.46697, 4.2587],
							"size": [0.20337, 1.49934, 0.2166],
							"uv": {
								"south": {"uv": [43, 4], "uv_size": [0.25, 1.25]}
							}
						},
						{
							"origin": [-0.11913, 2.15771, 4.2587],
							"size": [0.23826, 0.23826, 0.2166],
							"pivot": [0, 1.21664, 3.284],
							"rotation": [0, 0, -45],
							"uv": {
								"south": {"uv": [7, 43], "uv_size": [0.25, 0.25]}
							}
						},
						{
							"origin": [-0.74967, 0.29849, 4.2587],
							"size": [1.49934, 0.20337, 0.2166],
							"uv": {
								"south": {"uv": [5, 43], "uv_size": [1.25, 0.25]}
							}
						},
						{
							"origin": [-0.11913, 0.03731, 4.2587],
							"size": [0.23826, 0.23826, 0.2166],
							"pivot": [0, 1.21664, 3.284],
							"rotation": [0, 0, 45],
							"uv": {
								"south": {"uv": [43, 7], "uv_size": [0.25, 0.25]}
							}
						},
						{
							"origin": [-0.11913, 0.03731, 4.2587],
							"size": [0.23826, 0.23826, 0.2166],
							"pivot": [0, 1.21664, 3.284],
							"rotation": [0, 0, -45],
							"uv": {
								"south": {"uv": [8, 43], "uv_size": [0.25, 0.25]}
							}
						}
					]
				},
				{
					"name": "division",
					"pivot": [0, 0, 0.8]
				},
				{
					"name": "2_illuminated",
					"parent": "division",
					"pivot": [0, 0, 0.8],
					"cubes": [
						{
							"origin": [-1.2164, -0.06946, 3.31725],
							"size": [2.4328, 2.60735, 0.1],
							"uv": {
								"south": {"uv": [15, 64.2], "uv_size": [228.5, 175.55]}
							}
						}
					]
				},
				{
					"name": "scope_view",
					"pivot": [-0.00514, 1.21664, 6.83725]
				}
			]
		}
	]
}