{
	"format_version": "1.12.0",
	"minecraft:geometry": [
		{
			"description": {
				"identifier": "geometry.hk_mp5a5 - Converted",
				"texture_width": 128,
				"texture_height": 128,
				"visible_bounds_width": 4,
				"visible_bounds_height": 2.5,
				"visible_bounds_offset": [0, 0.75, 0]
			},
			"bones": [
				{
					"name": "division",
					"pivot": [0, 1.20709, 5.06867]
				},
				{
					"name": "1_illuminated",
					"parent": "division",
					"pivot": [0.00001, 1.2071, 0.06867],
					"cubes": [
						{
							"origin": [-2.22602, -0.42369, 0.06867],
							"size": [4.45205, 3.26157, 0],
							"uv": {
								"south": {"uv": [34.25, 45.125], "uv_size": [93.75, 72]}
							}
						}
					]
				},
				{
					"name": "ammo_count_text",
					"parent": "1_illuminated",
					"pivot": [0, -0.3929, -2.93133]
				},
				{
					"name": "ocular_ring",
					"pivot": [-0.56008, 0.38107, 3.54174],
					"cubes": [
						{
							"origin": [0.93079, 0.78107, 4.91481],
							"size": [0.1, 1.26157, 0.25386],
							"pivot": [0.98079, 0.43107, 3.54174],
							"rotation": [0, 0, -90],
							"uv": {
								"north": {"uv": [39, 26], "uv_size": [0.125, 1.25]},
								"east": {"uv": [39, 15], "uv_size": [0.25, 1.25]},
								"south": {"uv": [39, 28], "uv_size": [0.125, 1.25]},
								"west": {"uv": [39, 17], "uv_size": [0.25, 1.25]},
								"up": {"uv": [40, 24], "uv_size": [0.125, 0.25]},
								"down": {"uv": [40, 25.25], "uv_size": [0.125, -0.25]}
							}
						},
						{
							"origin": [0.51008, 0.43107, 4.91481],
							"size": [0.1, 0.3, 0.25386],
							"pivot": [0.56008, 0.38107, 3.54174],
							"rotation": [0, 0, 45],
							"uv": {
								"north": {"uv": [40, 26], "uv_size": [0.125, 0.25]},
								"east": {"uv": [30, 39], "uv_size": [0.25, 0.25]},
								"south": {"uv": [40, 27], "uv_size": [0.125, 0.25]},
								"west": {"uv": [31, 39], "uv_size": [0.25, 0.25]},
								"up": {"uv": [40, 28], "uv_size": [0.125, 0.25]},
								"down": {"uv": [40, 29.25], "uv_size": [0.125, -0.25]}
							}
						},
						{
							"origin": [0.92833, 0.46738, 4.91481],
							"size": [0.1, 0.3, 0.25386],
							"pivot": [0.97833, 0.66738, 3.54174],
							"rotation": [0, 0, 75],
							"uv": {
								"north": {"uv": [40, 33], "uv_size": [0.125, 0.25]},
								"east": {"uv": [32, 39], "uv_size": [0.25, 0.25]},
								"south": {"uv": [40, 34], "uv_size": [0.125, 0.25]},
								"west": {"uv": [33, 39], "uv_size": [0.25, 0.25]},
								"up": {"uv": [40, 35], "uv_size": [0.125, 0.25]},
								"down": {"uv": [40, 36.25], "uv_size": [0.125, -0.25]}
							}
						},
						{
							"origin": [0.96716, 0.69496, 4.91481],
							"size": [0.1, 0.3, 0.25386],
							"pivot": [1.01716, 0.64496, 3.54174],
							"rotation": [0, 0, 45],
							"uv": {
								"north": {"uv": [40, 37], "uv_size": [0.125, 0.25]},
								"east": {"uv": [34, 39], "uv_size": [0.25, 0.25]},
								"south": {"uv": [40, 38], "uv_size": [0.125, 0.25]},
								"west": {"uv": [37, 39], "uv_size": [0.25, 0.25]},
								"up": {"uv": [40, 39], "uv_size": [0.125, 0.25]},
								"down": {"uv": [41, 0.25], "uv_size": [0.125, -0.25]}
							}
						},
						{
							"origin": [1.2, 0.85709, 4.91481],
							"size": [0.1, 0.7, 0.25386],
							"inflate": 0.001,
							"uv": {
								"north": {"uv": [26, 39], "uv_size": [0.125, 0.75]},
								"east": {"uv": [39, 23], "uv_size": [0.25, 0.75]},
								"south": {"uv": [27, 39], "uv_size": [0.125, 0.75]},
								"west": {"uv": [39, 24], "uv_size": [0.25, 0.75]},
								"up": {"uv": [41, 1], "uv_size": [0.125, 0.25]},
								"down": {"uv": [41, 5.25], "uv_size": [0.125, -0.25]}
							}
						},
						{
							"origin": [0.96716, 1.41923, 4.91481],
							"size": [0.1, 0.3, 0.25386],
							"pivot": [1.01716, 1.76923, 3.54174],
							"rotation": [0, 0, -45],
							"uv": {
								"north": {"uv": [43, 15], "uv_size": [0.125, 0.25]},
								"east": {"uv": [39, 37], "uv_size": [0.25, 0.25]},
								"south": {"uv": [16, 43], "uv_size": [0.125, 0.25]},
								"west": {"uv": [38, 39], "uv_size": [0.25, 0.25]},
								"up": {"uv": [43, 16], "uv_size": [0.125, 0.25]},
								"down": {"uv": [17, 43.25], "uv_size": [0.125, -0.25]}
							}
						},
						{
							"origin": [0.92833, 1.64681, 4.91481],
							"size": [0.1, 0.3, 0.25386],
							"pivot": [0.97833, 1.74681, 3.54174],
							"rotation": [0, 0, -75],
							"uv": {
								"north": {"uv": [43, 17], "uv_size": [0.125, 0.25]},
								"east": {"uv": [39, 38], "uv_size": [0.25, 0.25]},
								"south": {"uv": [18, 43], "uv_size": [0.125, 0.25]},
								"west": {"uv": [39, 39], "uv_size": [0.25, 0.25]},
								"up": {"uv": [43, 18], "uv_size": [0.125, 0.25]},
								"down": {"uv": [19, 43.25], "uv_size": [0.125, -0.25]}
							}
						},
						{
							"origin": [-1.02833, 1.64681, 4.91481],
							"size": [0.1, 0.3, 0.25386],
							"pivot": [-0.97833, 1.74681, 3.54174],
							"rotation": [0, 0, 75],
							"uv": {
								"north": {"uv": [43.125, 17], "uv_size": [-0.125, 0.25]},
								"east": {"uv": [39.25, 39], "uv_size": [-0.25, 0.25]},
								"south": {"uv": [18.125, 43], "uv_size": [-0.125, 0.25]},
								"west": {"uv": [39.25, 38], "uv_size": [-0.25, 0.25]},
								"up": {"uv": [43.125, 18], "uv_size": [-0.125, 0.25]},
								"down": {"uv": [19.125, 43.25], "uv_size": [-0.125, -0.25]}
							}
						},
						{
							"origin": [0.51008, 1.68312, 4.91481],
							"size": [0.1, 0.3, 0.25386],
							"pivot": [0.56008, 2.03312, 3.54174],
							"rotation": [0, 0, -45],
							"uv": {
								"north": {"uv": [43, 19], "uv_size": [0.125, 0.25]},
								"east": {"uv": [40, 0], "uv_size": [0.25, 0.25]},
								"south": {"uv": [20, 43], "uv_size": [0.125, 0.25]},
								"west": {"uv": [40, 1], "uv_size": [0.25, 0.25]},
								"up": {"uv": [43, 20], "uv_size": [0.125, 0.25]},
								"down": {"uv": [21, 43.25], "uv_size": [0.125, -0.25]}
							}
						},
						{
							"origin": [-0.61008, 1.68312, 4.91481],
							"size": [0.1, 0.3, 0.25386],
							"pivot": [-0.56008, 2.03312, 3.54174],
							"rotation": [0, 0, 45],
							"uv": {
								"north": {"uv": [43.125, 19], "uv_size": [-0.125, 0.25]},
								"east": {"uv": [40.25, 1], "uv_size": [-0.25, 0.25]},
								"south": {"uv": [20.125, 43], "uv_size": [-0.125, 0.25]},
								"west": {"uv": [40.25, 0], "uv_size": [-0.25, 0.25]},
								"up": {"uv": [43.125, 20], "uv_size": [-0.125, 0.25]},
								"down": {"uv": [21.125, 43.25], "uv_size": [-0.125, -0.25]}
							}
						},
						{
							"origin": [0.93079, 0.37155, 4.91481],
							"size": [0.1, 1.26157, 0.25386],
							"pivot": [0.98079, 1.98312, 3.54174],
							"rotation": [0, 0, 90],
							"uv": {
								"north": {"uv": [39, 33], "uv_size": [0.125, 1.25]},
								"east": {"uv": [39, 19], "uv_size": [0.25, 1.25]},
								"south": {"uv": [39, 35], "uv_size": [0.125, 1.25]},
								"west": {"uv": [39, 21], "uv_size": [0.25, 1.25]},
								"up": {"uv": [43, 21], "uv_size": [0.125, 0.25]},
								"down": {"uv": [22, 43.25], "uv_size": [0.125, -0.25]}
							}
						},
						{
							"origin": [-1.06716, 1.41923, 4.91481],
							"size": [0.1, 0.3, 0.25386],
							"pivot": [-1.01716, 1.76923, 3.54174],
							"rotation": [0, 0, 45],
							"uv": {
								"north": {"uv": [43, 28], "uv_size": [0.125, 0.25]},
								"east": {"uv": [40, 16], "uv_size": [0.25, 0.25]},
								"south": {"uv": [29, 43], "uv_size": [0.125, 0.25]},
								"west": {"uv": [40, 17], "uv_size": [0.25, 0.25]},
								"up": {"uv": [43, 29], "uv_size": [0.125, 0.25]},
								"down": {"uv": [30, 43.25], "uv_size": [0.125, -0.25]}
							}
						},
						{
							"origin": [-1.3, 0.85709, 4.91481],
							"size": [0.1, 0.7, 0.25386],
							"inflate": 0.001,
							"uv": {
								"north": {"uv": [28, 39], "uv_size": [0.125, 0.75]},
								"east": {"uv": [25, 39], "uv_size": [0.25, 0.75]},
								"south": {"uv": [29, 39], "uv_size": [0.125, 0.75]},
								"west": {"uv": [39, 25], "uv_size": [0.25, 0.75]},
								"up": {"uv": [43, 30], "uv_size": [0.125, 0.25]},
								"down": {"uv": [31, 43.25], "uv_size": [0.125, -0.25]}
							}
						},
						{
							"origin": [-1.06716, 0.69496, 4.91481],
							"size": [0.1, 0.3, 0.25386],
							"pivot": [-1.01716, 0.64496, 3.54174],
							"rotation": [0, 0, -45],
							"uv": {
								"north": {"uv": [43, 31], "uv_size": [0.125, 0.25]},
								"east": {"uv": [40, 18], "uv_size": [0.25, 0.25]},
								"south": {"uv": [32, 43], "uv_size": [0.125, 0.25]},
								"west": {"uv": [40, 19], "uv_size": [0.25, 0.25]},
								"up": {"uv": [43, 32], "uv_size": [0.125, 0.25]},
								"down": {"uv": [33, 43.25], "uv_size": [0.125, -0.25]}
							}
						},
						{
							"origin": [-1.02833, 0.46738, 4.91481],
							"size": [0.1, 0.3, 0.25386],
							"pivot": [-0.97833, 0.66738, 3.54174],
							"rotation": [0, 0, -75],
							"uv": {
								"north": {"uv": [43, 33], "uv_size": [0.125, 0.25]},
								"east": {"uv": [40, 20], "uv_size": [0.25, 0.25]},
								"south": {"uv": [34, 43], "uv_size": [0.125, 0.25]},
								"west": {"uv": [40, 21], "uv_size": [0.25, 0.25]},
								"up": {"uv": [43, 34], "uv_size": [0.125, 0.25]},
								"down": {"uv": [35, 43.25], "uv_size": [0.125, -0.25]}
							}
						},
						{
							"origin": [-0.61008, 0.43107, 4.91481],
							"size": [0.1, 0.3, 0.25386],
							"pivot": [-0.56008, 0.38107, 3.54174],
							"rotation": [0, 0, -45],
							"uv": {
								"north": {"uv": [43, 35], "uv_size": [0.125, 0.25]},
								"east": {"uv": [40, 22], "uv_size": [0.25, 0.25]},
								"south": {"uv": [36, 43], "uv_size": [0.125, 0.25]},
								"west": {"uv": [40, 23], "uv_size": [0.25, 0.25]},
								"up": {"uv": [43, 36], "uv_size": [0.125, 0.25]},
								"down": {"uv": [37, 43.25], "uv_size": [0.125, -0.25]}
							}
						}
					]
				},
				{
					"name": "ocular",
					"pivot": [0, 1.20236, 3.49174],
					"cubes": [
						{
							"origin": [0.33079, 1.48107, 4.96867],
							"size": [1.45205, 1.26157, 0],
							"pivot": [0.98079, 1.13107, 3.64174],
							"rotation": [0, 0, -90],
							"uv": {
								"south": {"uv": [19, 24], "uv_size": [1.5, 1.25]}
							}
						},
						{
							"origin": [0.17397, 0.27631, 4.96867],
							"size": [0.55206, 0.36157, 0],
							"pivot": [0, 1.20709, 3.59174],
							"rotation": [0, 0, -30],
							"uv": {
								"south": {"uv": [39, 8], "uv_size": [0.5, 0.375]}
							}
						},
						{
							"origin": [0.17397, 1.76212, 4.96867],
							"size": [0.55206, 0.36157, 0],
							"pivot": [0, 1.19291, 3.59174],
							"rotation": [0, 0, 30],
							"uv": {
								"south": {"uv": [39, 10], "uv_size": [0.5, 0.375]}
							}
						},
						{
							"origin": [-0.72603, 0.27631, 4.96867],
							"size": [0.55206, 0.36157, 0],
							"pivot": [0, 1.20709, 3.59174],
							"rotation": [0, 0, 30],
							"uv": {
								"south": {"uv": [14, 39], "uv_size": [0.5, 0.375]}
							}
						},
						{
							"origin": [-0.72603, 1.76212, 4.96867],
							"size": [0.55206, 0.36157, 0],
							"pivot": [0, 1.19291, 3.59174],
							"rotation": [0, 0, -30],
							"uv": {
								"south": {"uv": [39, 12], "uv_size": [0.5, 0.375]}
							}
						},
						{
							"origin": [0.63079, 0.89669, 4.96867],
							"size": [0.85205, 2.43033, 0],
							"pivot": [0.98079, 1.13107, 3.64174],
							"rotation": [0, 0, -90],
							"uv": {
								"south": {"uv": [24, 8], "uv_size": [0.875, 2.375]}
							}
						}
					]
				},
				{
					"name": "2_illuminated",
					"parent": "ocular",
					"pivot": [-0.00001, 1.20709, 4.96867],
					"cubes": [
						{
							"origin": [-1.12603, 0.89193, 4.96867],
							"size": [0.2, 0.63033, 0],
							"inflate": 0.002,
							"uv": {
								"south": {"uv": [46.75, 8.875], "uv_size": [-1.25, 1.375]}
							}
						},
						{
							"origin": [0.92603, 0.89193, 4.96867],
							"size": [0.2, 0.63033, 0],
							"inflate": 0.002,
							"uv": {
								"south": {"uv": [45.5, 8.875], "uv_size": [1.25, 1.375]}
							}
						},
						{
							"origin": [-0.65, 1.89193, 4.96867],
							"size": [1.3, 0.03814, 0],
							"inflate": 0.002,
							"uv": {
								"south": {"uv": [46.75, 8.875], "uv_size": [-0.125, 0.125]}
							}
						},
						{
							"origin": [-1.44219, 1.09193, 4.96867],
							"size": [0.7, 0.03814, 0],
							"inflate": 0.002,
							"pivot": [-1.19219, 1.111, 4.96867],
							"rotation": [0, 0, -90],
							"uv": {
								"south": {"uv": [46.75, 8.875], "uv_size": [-0.125, 0.125]}
							}
						},
						{
							"origin": [-0.84375, 1.89193, 4.96867],
							"size": [0.4, 0.03814, 0],
							"inflate": 0.002,
							"pivot": [-0.59375, 1.911, 4.96867],
							"rotation": [0, 0, -45],
							"uv": {
								"south": {"uv": [46.75, 8.875], "uv_size": [-0.125, 0.125]}
							}
						},
						{
							"origin": [-1.34375, 1.59193, 4.96867],
							"size": [0.4, 0.03814, 0],
							"inflate": 0.002,
							"pivot": [-1.09375, 1.611, 4.96867],
							"rotation": [0, 0, -45],
							"uv": {
								"south": {"uv": [46.75, 8.875], "uv_size": [-0.125, 0.125]}
							}
						},
						{
							"origin": [-0.84375, 0.48399, 4.96867],
							"size": [0.4, 0.03814, 0],
							"inflate": 0.002,
							"pivot": [-0.59375, 0.50306, 4.96867],
							"rotation": [0, 0, 45],
							"uv": {
								"south": {"uv": [46.75, 9], "uv_size": [-0.125, -0.125]}
							}
						},
						{
							"origin": [0.44375, 1.89193, 4.96867],
							"size": [0.4, 0.03814, 0],
							"inflate": 0.002,
							"pivot": [0.59375, 1.911, 4.96867],
							"rotation": [0, 0, 45],
							"uv": {
								"south": {"uv": [46.625, 8.875], "uv_size": [0.125, 0.125]}
							}
						},
						{
							"origin": [0.75761, 1.66691, 4.96867],
							"size": [0.4, 0.03814, 0],
							"inflate": 0.002,
							"pivot": [0.95761, 1.68598, 4.96867],
							"rotation": [0, 0, 15],
							"uv": {
								"south": {"uv": [46.625, 8.875], "uv_size": [0.125, 0.125]}
							}
						},
						{
							"origin": [0.94375, 1.59193, 4.96867],
							"size": [0.4, 0.03814, 0],
							"inflate": 0.002,
							"pivot": [1.09375, 1.611, 4.96867],
							"rotation": [0, 0, 45],
							"uv": {
								"south": {"uv": [46.625, 8.875], "uv_size": [0.125, 0.125]}
							}
						},
						{
							"origin": [0.74219, 1.09193, 4.96867],
							"size": [0.7, 0.03814, 0],
							"inflate": 0.002,
							"pivot": [1.19219, 1.111, 4.96867],
							"rotation": [0, 0, 90],
							"uv": {
								"south": {"uv": [46.625, 8.875], "uv_size": [0.125, 0.125]}
							}
						},
						{
							"origin": [0.94375, 0.78399, 4.96867],
							"size": [0.4, 0.03814, 0],
							"inflate": 0.002,
							"pivot": [1.09375, 0.80306, 4.96867],
							"rotation": [0, 0, -45],
							"uv": {
								"south": {"uv": [46.625, 9], "uv_size": [0.125, -0.125]}
							}
						},
						{
							"origin": [0.75761, 0.70901, 4.96867],
							"size": [0.4, 0.03814, 0],
							"inflate": 0.002,
							"pivot": [0.95761, 0.72808, 4.96867],
							"rotation": [0, 0, -15],
							"uv": {
								"south": {"uv": [46.625, 9], "uv_size": [0.125, -0.125]}
							}
						},
						{
							"origin": [0.44375, 0.48399, 4.96867],
							"size": [0.4, 0.03814, 0],
							"inflate": 0.002,
							"pivot": [0.59375, 0.50306, 4.96867],
							"rotation": [0, 0, -45],
							"uv": {
								"south": {"uv": [46.625, 9], "uv_size": [0.125, -0.125]}
							}
						},
						{
							"origin": [-1.15761, 0.70901, 4.96867],
							"size": [0.4, 0.03814, 0],
							"inflate": 0.002,
							"pivot": [-0.95761, 0.72808, 4.96867],
							"rotation": [0, 0, 15],
							"uv": {
								"south": {"uv": [46.75, 9], "uv_size": [-0.125, -0.125]}
							}
						},
						{
							"origin": [-1.34375, 0.78399, 4.96867],
							"size": [0.4, 0.03814, 0],
							"inflate": 0.002,
							"pivot": [-1.09375, 0.80306, 4.96867],
							"rotation": [0, 0, 45],
							"uv": {
								"south": {"uv": [46.75, 9], "uv_size": [-0.125, -0.125]}
							}
						},
						{
							"origin": [-1.15761, 1.66691, 4.96867],
							"size": [0.4, 0.03814, 0],
							"inflate": 0.002,
							"pivot": [-0.95761, 1.68598, 4.96867],
							"rotation": [0, 0, -15],
							"uv": {
								"south": {"uv": [46.75, 8.875], "uv_size": [-0.125, 0.125]}
							}
						},
						{
							"origin": [-0.65, 0.47787, 4.96867],
							"size": [1.3, 0.03814, 0],
							"inflate": 0.002,
							"uv": {
								"south": {"uv": [46.75, 8.875], "uv_size": [-0.125, 0.125]}
							}
						}
					]
				},
				{
					"name": "scope_body",
					"pivot": [0, 1.20836, -1.20708],
					"cubes": [
						{
							"origin": [0.2, 0.7, -7.1],
							"size": [0.8, 1.2, 3.2],
							"inflate": 0.001,
							"uv": {
								"north": {"uv": [27, 18], "uv_size": [0.75, 1.25]},
								"east": {"uv": [19, 0], "uv_size": [3.25, 1.25]},
								"south": {"uv": [19, 27], "uv_size": [0.75, 1.25]},
								"west": {"uv": [2, 19], "uv_size": [3.25, 1.25]},
								"up": {"uv": [22, 23], "uv_size": [0.75, 3.25]},
								"down": {"uv": [23, 26.25], "uv_size": [0.75, -3.25]}
							}
						},
						{
							"origin": [0.33284, 0.56716, -7.1],
							"size": [0.53432, 1.46568, 3.2],
							"uv": {
								"north": {"uv": [2, 32], "uv_size": [0.5, 1.5]},
								"east": {"uv": [14, 14], "uv_size": [3.25, 1.5]},
								"south": {"uv": [3, 32], "uv_size": [0.5, 1.5]},
								"west": {"uv": [15, 2], "uv_size": [3.25, 1.5]},
								"up": {"uv": [15, 25], "uv_size": [0.5, 3.25]},
								"down": {"uv": [16, 28.25], "uv_size": [0.5, -3.25]}
							}
						},
						{
							"origin": [-1.37782, 1, -7.1],
							"size": [0.17782, 0.18787, 3.2],
							"pivot": [-0.6, 1.4, -6.5],
							"rotation": [0, 0, -45],
							"uv": {
								"north": {"uv": [43, 14], "uv_size": [0.125, 0.25]},
								"east": {"uv": [31, 9], "uv_size": [3.25, 0.25]},
								"south": {"uv": [15, 43], "uv_size": [0.125, 0.25]},
								"west": {"uv": [31, 10], "uv_size": [3.25, 0.25]},
								"up": {"uv": [24, 38], "uv_size": [0.125, 3.25]},
								"down": {"uv": [38, 27.25], "uv_size": [0.125, -3.25]}
							}
						},
						{
							"origin": [0.3, 1, -7.1],
							"size": [0.17782, 0.18787, 3.2],
							"pivot": [-0.3, 1.4, -6.5],
							"rotation": [0, 0, 45],
							"uv": {
								"north": {"uv": [43, 13], "uv_size": [0.125, 0.25]},
								"east": {"uv": [8, 31], "uv_size": [3.25, 0.25]},
								"south": {"uv": [14, 43], "uv_size": [0.125, 0.25]},
								"west": {"uv": [31, 8], "uv_size": [3.25, 0.25]},
								"up": {"uv": [22, 38], "uv_size": [0.125, 3.25]},
								"down": {"uv": [23, 41.25], "uv_size": [0.125, -3.25]}
							}
						},
						{
							"origin": [0.3, 1.41213, -7.1],
							"size": [0.17782, 0.18787, 3.2],
							"pivot": [-0.3, 1.2, -6.5],
							"rotation": [0, 0, -45],
							"uv": {
								"north": {"uv": [43, 12], "uv_size": [0.125, 0.25]},
								"east": {"uv": [4, 31], "uv_size": [3.25, 0.25]},
								"south": {"uv": [13, 43], "uv_size": [0.125, 0.25]},
								"west": {"uv": [31, 5], "uv_size": [3.25, 0.25]},
								"up": {"uv": [38, 20], "uv_size": [0.125, 3.25]},
								"down": {"uv": [21, 41.25], "uv_size": [0.125, -3.25]}
							}
						},
						{
							"origin": [-1, 0.7, -7.1],
							"size": [1.1, 1.2, 3.2],
							"inflate": 0.001,
							"uv": {
								"north": {"uv": [25, 18], "uv_size": [1.125, 1.25]},
								"east": {"uv": [19, 16], "uv_size": [3.25, 1.25]},
								"south": {"uv": [6, 26], "uv_size": [1.125, 1.25]},
								"west": {"uv": [19, 18], "uv_size": [3.25, 1.25]},
								"up": {"uv": [12, 21], "uv_size": [1.125, 3.25]},
								"down": {"uv": [6, 25.25], "uv_size": [1.125, -3.25]}
							}
						},
						{
							"origin": [-1.37782, 1.41213, -7.1],
							"size": [0.17782, 0.18787, 3.2],
							"pivot": [-0.6, 1.2, -6.5],
							"rotation": [0, 0, 45],
							"uv": {
								"north": {"uv": [43, 11], "uv_size": [0.125, 0.25]},
								"east": {"uv": [30, 29], "uv_size": [3.25, 0.25]},
								"south": {"uv": [12, 43], "uv_size": [0.125, 0.25]},
								"west": {"uv": [0, 31], "uv_size": [3.25, 0.25]},
								"up": {"uv": [19, 38], "uv_size": [0.125, 3.25]},
								"down": {"uv": [20, 41.25], "uv_size": [0.125, -3.25]}
							}
						},
						{
							"origin": [-0.86716, 0.56716, -7.1],
							"size": [0.83432, 1.46568, 3.2],
							"uv": {
								"north": {"uv": [10, 26], "uv_size": [0.875, 1.5]},
								"east": {"uv": [15, 4], "uv_size": [3.25, 1.5]},
								"south": {"uv": [11, 26], "uv_size": [0.875, 1.5]},
								"west": {"uv": [15, 11], "uv_size": [3.25, 1.5]},
								"up": {"uv": [11, 22], "uv_size": [0.875, 3.25]},
								"down": {"uv": [21, 25.25], "uv_size": [0.875, -3.25]}
							}
						},
						{
							"origin": [1.2, 1.41213, -7.1],
							"size": [0.17782, 0.18787, 3.2],
							"pivot": [0.6, 1.2, -6.5],
							"rotation": [0, 0, -45],
							"uv": {
								"north": {"uv": [43, 7], "uv_size": [0.125, 0.25]},
								"east": {"uv": [30, 6], "uv_size": [3.25, 0.25]},
								"south": {"uv": [8, 43], "uv_size": [0.125, 0.25]},
								"west": {"uv": [30, 7], "uv_size": [3.25, 0.25]},
								"up": {"uv": [1, 38], "uv_size": [0.125, 3.25]},
								"down": {"uv": [38, 7.25], "uv_size": [0.125, -3.25]}
							}
						},
						{
							"origin": [-0.17782, 1, -7.1],
							"size": [0.17782, 0.18787, 3.2],
							"pivot": [0.6, 1.4, -6.5],
							"rotation": [0, 0, -45],
							"uv": {
								"north": {"uv": [43, 10], "uv_size": [0.125, 0.25]},
								"east": {"uv": [27, 30], "uv_size": [3.25, 0.25]},
								"south": {"uv": [11, 43], "uv_size": [0.125, 0.25]},
								"west": {"uv": [30, 28], "uv_size": [3.25, 0.25]},
								"up": {"uv": [38, 16], "uv_size": [0.125, 3.25]},
								"down": {"uv": [18, 41.25], "uv_size": [0.125, -3.25]}
							}
						},
						{
							"origin": [1.2, 1, -7.1],
							"size": [0.17782, 0.18787, 3.2],
							"pivot": [0.6, 1.4, -6.5],
							"rotation": [0, 0, 45],
							"uv": {
								"north": {"uv": [43, 9], "uv_size": [0.125, 0.25]},
								"east": {"uv": [19, 30], "uv_size": [3.25, 0.25]},
								"south": {"uv": [10, 43], "uv_size": [0.125, 0.25]},
								"west": {"uv": [23, 30], "uv_size": [3.25, 0.25]},
								"up": {"uv": [38, 12], "uv_size": [0.125, 3.25]},
								"down": {"uv": [13, 41.25], "uv_size": [0.125, -3.25]}
							}
						},
						{
							"origin": [-0.17782, 1.41213, -7.1],
							"size": [0.17782, 0.18787, 3.2],
							"pivot": [0.6, 1.2, -6.5],
							"rotation": [0, 0, 45],
							"uv": {
								"north": {"uv": [43, 8], "uv_size": [0.125, 0.25]},
								"east": {"uv": [30, 11], "uv_size": [3.25, 0.25]},
								"south": {"uv": [9, 43], "uv_size": [0.125, 0.25]},
								"west": {"uv": [30, 12], "uv_size": [3.25, 0.25]},
								"up": {"uv": [38, 8], "uv_size": [0.125, 3.25]},
								"down": {"uv": [12, 41.25], "uv_size": [0.125, -3.25]}
							}
						},
						{
							"origin": [-1.3, 0.5, -6.5],
							"size": [2.6, 0.8, 1.92262],
							"uv": {
								"north": {"uv": [14, 24], "uv_size": [2.625, 0.75]},
								"east": {"uv": [15, 6], "uv_size": [1.875, 0.75]},
								"south": {"uv": [24, 14], "uv_size": [2.625, 0.75]},
								"west": {"uv": [17, 8], "uv_size": [1.875, 0.75]},
								"up": {"uv": [12, 5], "uv_size": [2.625, 1.875]},
								"down": {"uv": [13, 10.875], "uv_size": [2.625, -1.875]}
							}
						},
						{
							"origin": [-1.3, 0.5, -4.43906],
							"size": [2.6, 1.7, 6.35387],
							"inflate": 0.001,
							"uv": {
								"north": {"uv": [3, 17], "uv_size": [2.625, 1.75]},
								"east": {"uv": [6, 9], "uv_size": [6.375, 1.75]},
								"south": {"uv": [17, 6], "uv_size": [2.625, 1.75]},
								"west": {"uv": [10, 7], "uv_size": [6.375, 1.75]},
								"up": {"uv": [0, 0], "uv_size": [2.625, 6.375]},
								"down": {"uv": [3, 6.375], "uv_size": [2.625, -6.375]}
							}
						},
						{
							"origin": [1.2, 0.85709, 1.91481],
							"size": [0.1, 0.7, 3.05386],
							"uv": {
								"north": {"uv": [41, 29], "uv_size": [0.125, 0.75]},
								"east": {"uv": [23, 4], "uv_size": [3.25, 0.75]},
								"south": {"uv": [30, 41], "uv_size": [0.125, 0.75]},
								"west": {"uv": [23, 5], "uv_size": [3.25, 0.75]},
								"up": {"uv": [30, 34], "uv_size": [0.125, 3.25]},
								"down": {"uv": [33, 37.25], "uv_size": [0.125, -3.25]}
							}
						},
						{
							"origin": [0.96716, 1.41923, 1.91481],
							"size": [0.1, 0.3, 3.05386],
							"pivot": [1.01716, 1.76923, 3.54174],
							"rotation": [0, 0, -45],
							"uv": {
								"north": {"uv": [35, 42], "uv_size": [0.125, 0.25]},
								"east": {"uv": [28, 18], "uv_size": [3.25, 0.25]},
								"south": {"uv": [42, 35], "uv_size": [0.125, 0.25]},
								"west": {"uv": [28, 19], "uv_size": [3.25, 0.25]},
								"up": {"uv": [34, 34], "uv_size": [0.125, 3.25]},
								"down": {"uv": [2, 38.25], "uv_size": [0.125, -3.25]}
							}
						},
						{
							"origin": [-1.06716, 0.69496, 1.91481],
							"size": [0.1, 0.3, 3.05386],
							"pivot": [-1.01716, 0.64496, 3.54174],
							"rotation": [0, 0, -45],
							"uv": {
								"north": {"uv": [43, 3], "uv_size": [0.125, 0.25]},
								"east": {"uv": [30, 4], "uv_size": [3.25, 0.25]},
								"south": {"uv": [4, 43], "uv_size": [0.125, 0.25]},
								"west": {"uv": [6, 30], "uv_size": [3.25, 0.25]},
								"up": {"uv": [0, 38], "uv_size": [0.125, 3.25]},
								"down": {"uv": [38, 3.25], "uv_size": [0.125, -3.25]}
							}
						},
						{
							"origin": [-1.02833, 0.46738, 1.91481],
							"size": [0.1, 0.3, 3.05386],
							"pivot": [-0.97833, 0.66738, 3.54174],
							"rotation": [0, 0, -75],
							"uv": {
								"north": {"uv": [43, 2], "uv_size": [0.125, 0.25]},
								"east": {"uv": [30, 2], "uv_size": [3.25, 0.25]},
								"south": {"uv": [3, 43], "uv_size": [0.125, 0.25]},
								"west": {"uv": [30, 3], "uv_size": [3.25, 0.25]},
								"up": {"uv": [37, 31], "uv_size": [0.125, 3.25]},
								"down": {"uv": [37, 38.25], "uv_size": [0.125, -3.25]}
							}
						},
						{
							"origin": [-0.61008, 0.43107, 1.91481],
							"size": [0.1, 0.3, 3.05386],
							"pivot": [-0.56008, 0.38107, 3.54174],
							"rotation": [0, 0, -45],
							"uv": {
								"north": {"uv": [43, 1], "uv_size": [0.125, 0.25]},
								"east": {"uv": [30, 0], "uv_size": [3.25, 0.25]},
								"south": {"uv": [2, 43], "uv_size": [0.125, 0.25]},
								"west": {"uv": [30, 1], "uv_size": [3.25, 0.25]},
								"up": {"uv": [37, 10], "uv_size": [0.125, 3.25]},
								"down": {"uv": [37, 23.25], "uv_size": [0.125, -3.25]}
							}
						},
						{
							"origin": [0.93079, 0.78107, 1.91481],
							"size": [0.1, 1.26157, 3.05386],
							"pivot": [0.98079, 0.43107, 3.54174],
							"rotation": [0, 0, -90],
							"uv": {
								"north": {"uv": [11, 40], "uv_size": [0.125, 1.25]},
								"east": {"uv": [19, 8], "uv_size": [3.25, 1.25]},
								"south": {"uv": [40, 12], "uv_size": [0.125, 1.25]},
								"west": {"uv": [19, 10], "uv_size": [3.25, 1.25]},
								"up": {"uv": [37, 2], "uv_size": [0.125, 3.25]},
								"down": {"uv": [37, 9.25], "uv_size": [0.125, -3.25]}
							}
						},
						{
							"origin": [0.51008, 0.43107, 1.91481],
							"size": [0.1, 0.3, 3.05386],
							"pivot": [0.56008, 0.38107, 3.54174],
							"rotation": [0, 0, 45],
							"uv": {
								"north": {"uv": [43, 0], "uv_size": [0.125, 0.25]},
								"east": {"uv": [29, 26], "uv_size": [3.25, 0.25]},
								"south": {"uv": [1, 43], "uv_size": [0.125, 0.25]},
								"west": {"uv": [0, 30], "uv_size": [3.25, 0.25]},
								"up": {"uv": [36, 20], "uv_size": [0.125, 3.25]},
								"down": {"uv": [36, 37.25], "uv_size": [0.125, -3.25]}
							}
						},
						{
							"origin": [0.92833, 0.46738, 1.91481],
							"size": [0.1, 0.3, 3.05386],
							"pivot": [0.97833, 0.66738, 3.54174],
							"rotation": [0, 0, 75],
							"uv": {
								"north": {"uv": [42, 42], "uv_size": [0.125, 0.25]},
								"east": {"uv": [29, 25], "uv_size": [3.25, 0.25]},
								"south": {"uv": [0, 43], "uv_size": [0.125, 0.25]},
								"west": {"uv": [26, 29], "uv_size": [3.25, 0.25]},
								"up": {"uv": [36, 10], "uv_size": [0.125, 3.25]},
								"down": {"uv": [11, 39.25], "uv_size": [0.125, -3.25]}
							}
						},
						{
							"origin": [0.96716, 0.69496, 1.91481],
							"size": [0.1, 0.3, 3.05386],
							"pivot": [1.01716, 0.64496, 3.54174],
							"rotation": [0, 0, 45],
							"uv": {
								"north": {"uv": [41, 42], "uv_size": [0.125, 0.25]},
								"east": {"uv": [29, 23], "uv_size": [3.25, 0.25]},
								"south": {"uv": [42, 41], "uv_size": [0.125, 0.25]},
								"west": {"uv": [29, 24], "uv_size": [3.25, 0.25]},
								"up": {"uv": [9, 36], "uv_size": [0.125, 3.25]},
								"down": {"uv": [10, 39.25], "uv_size": [0.125, -3.25]}
							}
						},
						{
							"origin": [0.51008, 1.68312, 1.91481],
							"size": [0.1, 0.3, 3.05386],
							"pivot": [0.56008, 2.03312, 3.54174],
							"rotation": [0, 0, -45],
							"uv": {
								"north": {"uv": [37, 42], "uv_size": [0.125, 0.25]},
								"east": {"uv": [28, 27], "uv_size": [3.25, 0.25]},
								"south": {"uv": [42, 37], "uv_size": [0.125, 0.25]},
								"west": {"uv": [0, 29], "uv_size": [3.25, 0.25]},
								"up": {"uv": [5, 35], "uv_size": [0.125, 3.25]},
								"down": {"uv": [6, 38.25], "uv_size": [0.125, -3.25]}
							}
						},
						{
							"origin": [-1.3, 0.85709, 1.91481],
							"size": [0.1, 0.7, 3.05386],
							"uv": {
								"north": {"uv": [41, 30], "uv_size": [0.125, 0.75]},
								"east": {"uv": [23, 11], "uv_size": [3.25, 0.75]},
								"south": {"uv": [31, 41], "uv_size": [0.125, 0.75]},
								"west": {"uv": [23, 17], "uv_size": [3.25, 0.75]},
								"up": {"uv": [36, 6], "uv_size": [0.125, 3.25]},
								"down": {"uv": [8, 39.25], "uv_size": [0.125, -3.25]}
							}
						},
						{
							"origin": [-1.06716, 1.41923, 1.91481],
							"size": [0.1, 0.3, 3.05386],
							"pivot": [-1.01716, 1.76923, 3.54174],
							"rotation": [0, 0, 45],
							"uv": {
								"north": {"uv": [40, 42], "uv_size": [0.125, 0.25]},
								"east": {"uv": [22, 29], "uv_size": [3.25, 0.25]},
								"south": {"uv": [42, 40], "uv_size": [0.125, 0.25]},
								"west": {"uv": [29, 22], "uv_size": [3.25, 0.25]},
								"up": {"uv": [35, 34], "uv_size": [0.125, 3.25]},
								"down": {"uv": [36, 5.25], "uv_size": [0.125, -3.25]}
							}
						},
						{
							"origin": [-1.02833, 1.64681, 1.91481],
							"size": [0.1, 0.3, 3.05386],
							"pivot": [-0.97833, 1.74681, 3.54174],
							"rotation": [0, 0, 75],
							"uv": {
								"north": {"uv": [39, 42], "uv_size": [0.125, 0.25]},
								"east": {"uv": [29, 20], "uv_size": [3.25, 0.25]},
								"south": {"uv": [42, 39], "uv_size": [0.125, 0.25]},
								"west": {"uv": [29, 21], "uv_size": [3.25, 0.25]},
								"up": {"uv": [17, 35], "uv_size": [0.125, 3.25]},
								"down": {"uv": [35, 24.25], "uv_size": [0.125, -3.25]}
							}
						},
						{
							"origin": [-0.61008, 1.68312, 1.91481],
							"size": [0.1, 0.3, 3.05386],
							"pivot": [-0.56008, 2.03312, 3.54174],
							"rotation": [0, 0, 45],
							"uv": {
								"north": {"uv": [38, 42], "uv_size": [0.125, 0.25]},
								"east": {"uv": [6, 29], "uv_size": [3.25, 0.25]},
								"south": {"uv": [42, 38], "uv_size": [0.125, 0.25]},
								"west": {"uv": [29, 13], "uv_size": [3.25, 0.25]},
								"up": {"uv": [15, 35], "uv_size": [0.125, 3.25]},
								"down": {"uv": [16, 38.25], "uv_size": [0.125, -3.25]}
							}
						},
						{
							"origin": [0.93079, 0.37155, 1.91481],
							"size": [0.1, 1.26157, 3.05386],
							"pivot": [0.98079, 1.98312, 3.54174],
							"rotation": [0, 0, 90],
							"uv": {
								"north": {"uv": [10, 40], "uv_size": [0.125, 1.25]},
								"east": {"uv": [19, 2], "uv_size": [3.25, 1.25]},
								"south": {"uv": [40, 10], "uv_size": [0.125, 1.25]},
								"west": {"uv": [19, 4], "uv_size": [3.25, 1.25]},
								"up": {"uv": [7, 35], "uv_size": [0.125, 3.25]},
								"down": {"uv": [14, 38.25], "uv_size": [0.125, -3.25]}
							}
						},
						{
							"origin": [-0.61008, 1.58312, 1.91481],
							"size": [0.1, 0.5, 1.85386],
							"pivot": [-0.56008, 2.13312, 3.54174],
							"rotation": [0, 0, 45],
							"uv": {
								"north": {"uv": [1, 42], "uv_size": [0.125, 0.5]},
								"east": {"uv": [6, 28], "uv_size": [1.875, 0.5]},
								"south": {"uv": [42, 1], "uv_size": [0.125, 0.5]},
								"west": {"uv": [8, 28], "uv_size": [1.875, 0.5]},
								"up": {"uv": [39, 0], "uv_size": [0.125, 1.875]},
								"down": {"uv": [2, 40.875], "uv_size": [0.125, -1.875]}
							}
						},
						{
							"origin": [0.51008, 1.58312, 1.91481],
							"size": [0.1, 0.5, 1.85386],
							"pivot": [0.56008, 2.13312, 3.54174],
							"rotation": [0, 0, -45],
							"uv": {
								"north": {"uv": [0, 42], "uv_size": [0.125, 0.5]},
								"east": {"uv": [22, 27], "uv_size": [1.875, 0.5]},
								"south": {"uv": [42, 0], "uv_size": [0.125, 0.5]},
								"west": {"uv": [26, 27], "uv_size": [1.875, 0.5]},
								"up": {"uv": [36, 38], "uv_size": [0.125, 1.875]},
								"down": {"uv": [38, 38.875], "uv_size": [0.125, -1.875]}
							}
						},
						{
							"origin": [-0.61008, 1.58312, 3.91481],
							"size": [0.1, 0.5, 0.25386],
							"pivot": [-0.56008, 2.13312, 5.54174],
							"rotation": [0, 0, 45],
							"uv": {
								"north": {"uv": [3, 42], "uv_size": [0.125, 0.5]},
								"east": {"uv": [32, 40], "uv_size": [0.25, 0.5]},
								"south": {"uv": [42, 3], "uv_size": [0.125, 0.5]},
								"west": {"uv": [40, 32], "uv_size": [0.25, 0.5]},
								"up": {"uv": [43, 6], "uv_size": [0.125, 0.25]},
								"down": {"uv": [7, 43.25], "uv_size": [0.125, -0.25]}
							}
						},
						{
							"origin": [0.93079, 0.47155, 3.91481],
							"size": [0.1, 1.26157, 0.25386],
							"pivot": [0.98079, 2.08312, 5.54174],
							"rotation": [0, 0, 90],
							"uv": {
								"north": {"uv": [16, 40], "uv_size": [0.125, 1.25]},
								"east": {"uv": [35, 8], "uv_size": [0.25, 1.25]},
								"south": {"uv": [17, 40], "uv_size": [0.125, 1.25]},
								"west": {"uv": [38, 28], "uv_size": [0.25, 1.25]},
								"up": {"uv": [43, 5], "uv_size": [0.125, 0.25]},
								"down": {"uv": [6, 43.25], "uv_size": [0.125, -0.25]}
							}
						},
						{
							"origin": [0.51008, 1.58312, 3.91481],
							"size": [0.1, 0.5, 0.25386],
							"pivot": [0.56008, 2.13312, 5.54174],
							"rotation": [0, 0, -45],
							"uv": {
								"north": {"uv": [2, 42], "uv_size": [0.125, 0.5]},
								"east": {"uv": [31, 40], "uv_size": [0.25, 0.5]},
								"south": {"uv": [42, 2], "uv_size": [0.125, 0.5]},
								"west": {"uv": [40, 31], "uv_size": [0.25, 0.5]},
								"up": {"uv": [43, 4], "uv_size": [0.125, 0.25]},
								"down": {"uv": [5, 43.25], "uv_size": [0.125, -0.25]}
							}
						},
						{
							"origin": [0.93079, 0.47155, 1.91481],
							"size": [0.1, 1.26157, 1.85386],
							"pivot": [0.98079, 2.08312, 3.54174],
							"rotation": [0, 0, 90],
							"uv": {
								"north": {"uv": [14, 40], "uv_size": [0.125, 1.25]},
								"east": {"uv": [23, 18], "uv_size": [1.875, 1.25]},
								"south": {"uv": [15, 40], "uv_size": [0.125, 1.25]},
								"west": {"uv": [0, 24], "uv_size": [1.875, 1.25]},
								"up": {"uv": [35, 38], "uv_size": [0.125, 1.875]},
								"down": {"uv": [38, 36.875], "uv_size": [0.125, -1.875]}
							}
						},
						{
							"origin": [0.92833, 1.64681, 1.91481],
							"size": [0.1, 0.3, 3.05386],
							"pivot": [0.97833, 1.74681, 3.54174],
							"rotation": [0, 0, -75],
							"uv": {
								"north": {"uv": [36, 42], "uv_size": [0.125, 0.25]},
								"east": {"uv": [22, 28], "uv_size": [3.25, 0.25]},
								"south": {"uv": [42, 36], "uv_size": [0.125, 0.25]},
								"west": {"uv": [26, 28], "uv_size": [3.25, 0.25]},
								"up": {"uv": [3, 35], "uv_size": [0.125, 3.25]},
								"down": {"uv": [4, 38.25], "uv_size": [0.125, -3.25]}
							}
						},
						{
							"origin": [-1.18107, 0.38107, -6.07738],
							"size": [2.36529, 1.94102, 1.5],
							"uv": {
								"north": {"uv": [16, 0], "uv_size": [2.375, 2]},
								"east": {"uv": [17, 22], "uv_size": [1.5, 2]},
								"south": {"uv": [16, 9], "uv_size": [2.375, 2]},
								"west": {"uv": [19, 22], "uv_size": [1.5, 2]},
								"up": {"uv": [8, 22], "uv_size": [2.375, 1.5]},
								"down": {"uv": [14, 23.5], "uv_size": [2.375, -1.5]}
							}
						},
						{
							"origin": [-1.18107, 0.38107, -6.5],
							"size": [2.36214, 0.11893, 0.42262],
							"uv": {
								"north": {"uv": [38, 30], "uv_size": [2.375, 0.125]},
								"east": {"uv": [22, 42], "uv_size": [0.375, 0.125]},
								"south": {"uv": [31, 38], "uv_size": [2.375, 0.125]},
								"west": {"uv": [42, 22], "uv_size": [0.375, 0.125]},
								"up": {"uv": [28, 8], "uv_size": [2.375, 0.375]},
								"down": {"uv": [28, 9.375], "uv_size": [2.375, -0.375]}
							}
						},
						{
							"origin": [-1.18107, 0.38107, -4.43906],
							"size": [2.36214, 1.93786, 6.35387],
							"uv": {
								"north": {"uv": [14, 16], "uv_size": [2.375, 2]},
								"east": {"uv": [3, 7], "uv_size": [6.375, 2]},
								"south": {"uv": [0, 17], "uv_size": [2.375, 2]},
								"west": {"uv": [9, 0], "uv_size": [6.375, 2]},
								"up": {"uv": [6, 0], "uv_size": [2.375, 6.375]},
								"down": {"uv": [0, 13.375], "uv_size": [2.375, -6.375]}
							}
						},
						{
							"origin": [0.7, 1.0318, -4.43906],
							"size": [0.82028, 0.1682, 6.35387],
							"pivot": [0, 1.35, -1.26213],
							"rotation": [0, 0, -45],
							"uv": {
								"north": {"uv": [33, 40], "uv_size": [0.875, 0.125]},
								"east": {"uv": [12, 31], "uv_size": [6.375, 0.125]},
								"south": {"uv": [34, 40], "uv_size": [0.875, 0.125]},
								"west": {"uv": [31, 14], "uv_size": [6.375, 0.125]},
								"up": {"uv": [6, 14], "uv_size": [0.875, 6.375]},
								"down": {"uv": [7, 20.375], "uv_size": [0.875, -6.375]}
							}
						},
						{
							"origin": [0.7, 1.03626, -6.07738],
							"size": [0.82474, 0.16374, 1.5],
							"pivot": [0, 1.35, -1.26213],
							"rotation": [0, 0, -45],
							"uv": {
								"north": {"uv": [2, 41], "uv_size": [0.875, 0.125]},
								"east": {"uv": [39, 14], "uv_size": [1.5, 0.125]},
								"south": {"uv": [41, 2], "uv_size": [0.875, 0.125]},
								"west": {"uv": [15, 39], "uv_size": [1.5, 0.125]},
								"up": {"uv": [8, 26], "uv_size": [0.875, 1.5]},
								"down": {"uv": [9, 27.5], "uv_size": [0.875, -1.5]}
							}
						},
						{
							"origin": [-1.52474, 1.03626, -6.07738],
							"size": [0.82474, 0.16374, 1.5],
							"pivot": [0, 1.35, -1.26213],
							"rotation": [0, 0, 45],
							"uv": {
								"north": {"uv": [2.875, 41], "uv_size": [-0.875, 0.125]},
								"east": {"uv": [16.5, 39], "uv_size": [-1.5, 0.125]},
								"south": {"uv": [41.875, 2], "uv_size": [-0.875, 0.125]},
								"west": {"uv": [40.5, 14], "uv_size": [-1.5, 0.125]},
								"up": {"uv": [8.875, 26], "uv_size": [-0.875, 1.5]},
								"down": {"uv": [9.875, 27.5], "uv_size": [-0.875, -1.5]}
							}
						},
						{
							"origin": [-1.52028, 1.5, -4.43906],
							"size": [0.82028, 0.1682, 6.35387],
							"pivot": [0, 1.35, -1.26213],
							"rotation": [0, 0, -45],
							"uv": {
								"north": {"uv": [39, 40], "uv_size": [0.875, 0.125]},
								"east": {"uv": [26, 31], "uv_size": [6.375, 0.125]},
								"south": {"uv": [40, 40], "uv_size": [0.875, 0.125]},
								"west": {"uv": [31, 30], "uv_size": [6.375, 0.125]},
								"up": {"uv": [12, 14], "uv_size": [0.875, 6.375]},
								"down": {"uv": [13, 20.375], "uv_size": [0.875, -6.375]}
							}
						},
						{
							"origin": [0.7, 1.5, -4.43906],
							"size": [0.82028, 0.1682, 6.35387],
							"pivot": [0, 1.35, -1.26213],
							"rotation": [0, 0, 45],
							"uv": {
								"north": {"uv": [37, 40], "uv_size": [0.875, 0.125]},
								"east": {"uv": [31, 17], "uv_size": [6.375, 0.125]},
								"south": {"uv": [38, 40], "uv_size": [0.875, 0.125]},
								"west": {"uv": [19, 31], "uv_size": [6.375, 0.125]},
								"up": {"uv": [10, 14], "uv_size": [0.875, 6.375]},
								"down": {"uv": [11, 20.375], "uv_size": [0.875, -6.375]}
							}
						},
						{
							"origin": [-1.52028, 1.5, -6.5],
							"size": [0.82028, 0.1682, 1.92262],
							"pivot": [0, 1.35, -1.26213],
							"rotation": [0, 0, -45],
							"uv": {
								"north": {"uv": [4, 41], "uv_size": [0.875, 0.125]},
								"east": {"uv": [39, 3], "uv_size": [1.875, 0.125]},
								"south": {"uv": [41, 4], "uv_size": [0.875, 0.125]},
								"west": {"uv": [39, 4], "uv_size": [1.875, 0.125]},
								"up": {"uv": [13, 25], "uv_size": [0.875, 1.875]},
								"down": {"uv": [14, 26.875], "uv_size": [0.875, -1.875]}
							}
						},
						{
							"origin": [0.7, 1.5, -6.5],
							"size": [0.82028, 0.1682, 1.92262],
							"pivot": [0, 1.35, -1.26213],
							"rotation": [0, 0, 45],
							"uv": {
								"north": {"uv": [3, 41], "uv_size": [0.875, 0.125]},
								"east": {"uv": [39, 2], "uv_size": [1.875, 0.125]},
								"south": {"uv": [41, 3], "uv_size": [0.875, 0.125]},
								"west": {"uv": [3, 39], "uv_size": [1.875, 0.125]},
								"up": {"uv": [16, 18], "uv_size": [0.875, 1.875]},
								"down": {"uv": [12, 26.875], "uv_size": [0.875, -1.875]}
							}
						},
						{
							"origin": [-1.52028, 1.0318, -4.43906],
							"size": [0.82028, 0.1682, 6.35387],
							"pivot": [0, 1.35, -1.26213],
							"rotation": [0, 0, 45],
							"uv": {
								"north": {"uv": [35, 40], "uv_size": [0.875, 0.125]},
								"east": {"uv": [31, 15], "uv_size": [6.375, 0.125]},
								"south": {"uv": [36, 40], "uv_size": [0.875, 0.125]},
								"west": {"uv": [31, 16], "uv_size": [6.375, 0.125]},
								"up": {"uv": [8, 14], "uv_size": [0.875, 6.375]},
								"down": {"uv": [9, 20.375], "uv_size": [0.875, -6.375]}
							}
						},
						{
							"origin": [-1.3, 0.2149, -4.15396],
							"size": [2.6, 0.2851, 0.23752],
							"uv": {
								"north": {"uv": [32, 32], "uv_size": [2.625, 0.25]},
								"east": {"uv": [41, 39], "uv_size": [0.25, 0.25]},
								"south": {"uv": [4, 33], "uv_size": [2.625, 0.25]},
								"west": {"uv": [40, 41], "uv_size": [0.25, 0.25]},
								"up": {"uv": [7, 33], "uv_size": [2.625, 0.25]},
								"down": {"uv": [10, 33.25], "uv_size": [2.625, -0.25]}
							}
						},
						{
							"origin": [-1.3, 0.2149, -3.75396],
							"size": [2.6, 0.2851, 0.23752],
							"uv": {
								"north": {"uv": [13, 33], "uv_size": [2.625, 0.25]},
								"east": {"uv": [41, 40], "uv_size": [0.25, 0.25]},
								"south": {"uv": [33, 13], "uv_size": [2.625, 0.25]},
								"west": {"uv": [41, 41], "uv_size": [0.25, 0.25]},
								"up": {"uv": [16, 33], "uv_size": [2.625, 0.25]},
								"down": {"uv": [33, 20.25], "uv_size": [2.625, -0.25]}
							}
						},
						{
							"origin": [1.4, 0.8, -3.57813],
							"size": [0.1, 0.7, 5.43494],
							"uv": {
								"north": {"uv": [41, 10], "uv_size": [0.125, 0.75]},
								"east": {"uv": [19, 12], "uv_size": [5.375, 0.75]},
								"south": {"uv": [41, 11], "uv_size": [0.125, 0.75]},
								"west": {"uv": [20, 6], "uv_size": [5.375, 0.75]},
								"up": {"uv": [19, 32], "uv_size": [0.125, 5.375]},
								"down": {"uv": [20, 37.375], "uv_size": [0.125, -5.375]}
							}
						},
						{
							"origin": [-1.4, 0.16719, -3.67813],
							"size": [2.8, 0.2, 2.87087],
							"uv": {
								"north": {"uv": [10, 32], "uv_size": [2.75, 0.25]},
								"east": {"uv": [4, 32], "uv_size": [2.875, 0.25]},
								"south": {"uv": [13, 32], "uv_size": [2.75, 0.25]},
								"west": {"uv": [7, 32], "uv_size": [2.875, 0.25]},
								"up": {"uv": [6, 11], "uv_size": [2.75, 2.875]},
								"down": {"uv": [9, 13.875], "uv_size": [2.75, -2.875]}
							}
						},
						{
							"origin": [-1.4, 0.36719, -3.44851],
							"size": [2.8, 0.5809, 2.64125],
							"uv": {
								"north": {"uv": [2, 25], "uv_size": [2.75, 0.625]},
								"east": {"uv": [25, 8], "uv_size": [2.625, 0.625]},
								"south": {"uv": [8, 25], "uv_size": [2.75, 0.625]},
								"west": {"uv": [25, 9], "uv_size": [2.625, 0.625]},
								"up": {"uv": [12, 2], "uv_size": [2.75, 2.625]},
								"down": {"uv": [12, 13.625], "uv_size": [2.75, -2.625]}
							}
						},
						{
							"origin": [-1.4, 1.16719, -3.82003],
							"size": [2.8, 0.14992, 1.01277],
							"inflate": -0.001,
							"pivot": [0, 1.06719, -2.24269],
							"rotation": [35, 0, 0],
							"uv": {
								"north": {"uv": [35, 18], "uv_size": [2.75, 0.125]},
								"east": {"uv": [29, 40], "uv_size": [1, 0.125]},
								"south": {"uv": [35, 27], "uv_size": [2.75, 0.125]},
								"west": {"uv": [30, 40], "uv_size": [1, 0.125]},
								"up": {"uv": [15, 13], "uv_size": [2.75, 1]},
								"down": {"uv": [22, 23], "uv_size": [2.75, -1]}
							}
						},
						{
							"origin": [-1.4, 1.05528, -1.09478],
							"size": [2.8, 0.26183, 0.98752],
							"inflate": -0.001,
							"pivot": [0, 1.06719, 0.45731],
							"rotation": [35, 0, 0],
							"uv": {
								"north": {"uv": [16, 32], "uv_size": [2.75, 0.25]},
								"east": {"uv": [4, 30], "uv_size": [1, 0.25]},
								"south": {"uv": [32, 18], "uv_size": [2.75, 0.25]},
								"west": {"uv": [35, 5], "uv_size": [1, 0.25]},
								"up": {"uv": [23, 0], "uv_size": [2.75, 1]},
								"down": {"uv": [23, 2], "uv_size": [2.75, -1]}
							}
						},
						{
							"origin": [1.4, 0.47485, -1.67661],
							"size": [0.1, 0.32515, 3.53342],
							"uv": {
								"north": {"uv": [8, 42], "uv_size": [0.125, 0.375]},
								"east": {"uv": [25, 22], "uv_size": [3.5, 0.375]},
								"south": {"uv": [42, 8], "uv_size": [0.125, 0.375]},
								"west": {"uv": [26, 3], "uv_size": [3.5, 0.375]},
								"up": {"uv": [12, 34], "uv_size": [0.125, 3.5]},
								"down": {"uv": [13, 37.5], "uv_size": [0.125, -3.5]}
							}
						},
						{
							"origin": [1.4, 0.59848, -3.37661],
							"size": [0.1, 0.20152, 1.7],
							"uv": {
								"north": {"uv": [29, 42], "uv_size": [0.125, 0.25]},
								"east": {"uv": [34, 11], "uv_size": [1.75, 0.25]},
								"south": {"uv": [42, 29], "uv_size": [0.125, 0.25]},
								"west": {"uv": [34, 12], "uv_size": [1.75, 0.25]},
								"up": {"uv": [5, 39], "uv_size": [0.125, 1.75]},
								"down": {"uv": [39, 6.75], "uv_size": [0.125, -1.75]}
							}
						},
						{
							"origin": [1.4, 0.32777, -1.7059],
							"size": [0.1, 0.14708, 3.41563],
							"uv": {
								"north": {"uv": [43, 23], "uv_size": [0.125, 0.125]},
								"east": {"uv": [34, 19], "uv_size": [3.375, 0.125]},
								"south": {"uv": [24, 43], "uv_size": [0.125, 0.125]},
								"west": {"uv": [34, 25], "uv_size": [3.375, 0.125]},
								"up": {"uv": [26, 34], "uv_size": [0.125, 3.375]},
								"down": {"uv": [27, 37.375], "uv_size": [0.125, -3.375]}
							}
						},
						{
							"origin": [1.4, 1.5, -3.40938],
							"size": [0.1, 0.7, 5.05387],
							"uv": {
								"north": {"uv": [41, 14], "uv_size": [0.125, 0.75]},
								"east": {"uv": [19, 20], "uv_size": [5, 0.75]},
								"south": {"uv": [41, 15], "uv_size": [0.125, 0.75]},
								"west": {"uv": [2, 21], "uv_size": [5, 0.75]},
								"up": {"uv": [0, 33], "uv_size": [0.125, 5]},
								"down": {"uv": [1, 38], "uv_size": [0.125, -5]}
							}
						},
						{
							"origin": [-1.5, 1.192, 1.27513],
							"size": [0.1, 0.22579, 0.3672],
							"inflate": -0.001,
							"pivot": [0, 1.2, 1.84881],
							"rotation": [-45, 0, 0],
							"uv": {
								"north": {"uv": [34, 42], "uv_size": [0.125, 0.25]},
								"east": {"uv": [41, 28], "uv_size": [0.375, 0.25]},
								"south": {"uv": [42, 34], "uv_size": [0.125, 0.25]},
								"west": {"uv": [29, 41], "uv_size": [0.375, 0.25]},
								"up": {"uv": [21, 42], "uv_size": [0.125, 0.375]},
								"down": {"uv": [42, 21.375], "uv_size": [0.125, -0.375]}
							}
						},
						{
							"origin": [-1.5, 0.192, 1.27513],
							"size": [0.1, 0.208, 0.38499],
							"inflate": -0.001,
							"pivot": [0, 0.2, 1.84881],
							"rotation": [-45, 0, 0],
							"uv": {
								"north": {"uv": [33, 42], "uv_size": [0.125, 0.25]},
								"east": {"uv": [41, 27], "uv_size": [0.375, 0.25]},
								"south": {"uv": [42, 33], "uv_size": [0.125, 0.25]},
								"west": {"uv": [28, 41], "uv_size": [0.375, 0.25]},
								"up": {"uv": [20, 42], "uv_size": [0.125, 0.375]},
								"down": {"uv": [42, 20.375], "uv_size": [0.125, -0.375]}
							}
						},
						{
							"origin": [-1.5, 0.32777, -1.7059],
							"size": [0.1, 0.14708, 3.41563],
							"uv": {
								"north": {"uv": [43, 24], "uv_size": [0.125, 0.125]},
								"east": {"uv": [34, 28], "uv_size": [3.375, 0.125]},
								"south": {"uv": [25, 43], "uv_size": [0.125, 0.125]},
								"west": {"uv": [34, 29], "uv_size": [3.375, 0.125]},
								"up": {"uv": [28, 34], "uv_size": [0.125, 3.375]},
								"down": {"uv": [29, 37.375], "uv_size": [0.125, -3.375]}
							}
						},
						{
							"origin": [-1.5, 0.192, -2.1405],
							"size": [0.1, 0.408, 0.38499],
							"inflate": -0.001,
							"pivot": [0, 0.2, -1.56682],
							"rotation": [-45, 0, 0],
							"uv": {
								"north": {"uv": [18, 42], "uv_size": [0.125, 0.375]},
								"east": {"uv": [27, 40], "uv_size": [0.375, 0.375]},
								"south": {"uv": [42, 18], "uv_size": [0.125, 0.375]},
								"west": {"uv": [28, 40], "uv_size": [0.375, 0.375]},
								"up": {"uv": [19, 42], "uv_size": [0.125, 0.375]},
								"down": {"uv": [42, 19.375], "uv_size": [0.125, -0.375]}
							}
						},
						{
							"origin": [-1.5, 0.47485, -1.67661],
							"size": [0.1, 0.32515, 3.53342],
							"uv": {
								"north": {"uv": [17, 42], "uv_size": [0.125, 0.375]},
								"east": {"uv": [26, 6], "uv_size": [3.5, 0.375]},
								"south": {"uv": [42, 17], "uv_size": [0.125, 0.375]},
								"west": {"uv": [26, 7], "uv_size": [3.5, 0.375]},
								"up": {"uv": [18, 34], "uv_size": [0.125, 3.5]},
								"down": {"uv": [34, 24.5], "uv_size": [0.125, -3.5]}
							}
						},
						{
							"origin": [-1.5, 0.59848, -3.37661],
							"size": [0.1, 0.20152, 1.7],
							"uv": {
								"north": {"uv": [32, 42], "uv_size": [0.125, 0.25]},
								"east": {"uv": [14, 34], "uv_size": [1.75, 0.25]},
								"south": {"uv": [42, 32], "uv_size": [0.125, 0.25]},
								"west": {"uv": [16, 34], "uv_size": [1.75, 0.25]},
								"up": {"uv": [6, 39], "uv_size": [0.125, 1.75]},
								"down": {"uv": [7, 40.75], "uv_size": [0.125, -1.75]}
							}
						},
						{
							"origin": [-1.5, 0.392, -3.7405],
							"size": [0.1, 0.408, 0.28499],
							"inflate": -0.001,
							"pivot": [0, 0.4, -3.16682],
							"rotation": [-45, 0, 0],
							"uv": {
								"north": {"uv": [16, 42], "uv_size": [0.125, 0.375]},
								"east": {"uv": [41, 26], "uv_size": [0.25, 0.375]},
								"south": {"uv": [42, 16], "uv_size": [0.125, 0.375]},
								"west": {"uv": [27, 41], "uv_size": [0.25, 0.375]},
								"up": {"uv": [31, 42], "uv_size": [0.125, 0.25]},
								"down": {"uv": [42, 31.25], "uv_size": [0.125, -0.25]}
							}
						},
						{
							"origin": [-1.5, 0.8, -3.57813],
							"size": [0.1, 0.7, 5.43494],
							"uv": {
								"north": {"uv": [41, 25], "uv_size": [0.125, 0.75]},
								"east": {"uv": [20, 7], "uv_size": [5.375, 0.75]},
								"south": {"uv": [26, 41], "uv_size": [0.125, 0.75]},
								"west": {"uv": [20, 13], "uv_size": [5.375, 0.75]},
								"up": {"uv": [21, 32], "uv_size": [0.125, 5.375]},
								"down": {"uv": [22, 37.375], "uv_size": [0.125, -5.375]}
							}
						},
						{
							"origin": [-1.5, 1.092, -3.7405],
							"size": [0.1, 0.408, 0.28499],
							"inflate": -0.001,
							"pivot": [0, 1.1, -3.16682],
							"rotation": [-45, 0, 0],
							"uv": {
								"north": {"uv": [15, 42], "uv_size": [0.125, 0.375]},
								"east": {"uv": [41, 24], "uv_size": [0.25, 0.375]},
								"south": {"uv": [42, 15], "uv_size": [0.125, 0.375]},
								"west": {"uv": [25, 41], "uv_size": [0.25, 0.375]},
								"up": {"uv": [30, 42], "uv_size": [0.125, 0.25]},
								"down": {"uv": [42, 30.25], "uv_size": [0.125, -0.25]}
							}
						},
						{
							"origin": [-1.5, 1.5, -3.40938],
							"size": [0.1, 0.7, 5.05387],
							"uv": {
								"north": {"uv": [41, 22], "uv_size": [0.125, 0.75]},
								"east": {"uv": [7, 21], "uv_size": [5, 0.75]},
								"south": {"uv": [41, 23], "uv_size": [0.125, 0.75]},
								"west": {"uv": [19, 21], "uv_size": [5, 0.75]},
								"up": {"uv": [31, 33], "uv_size": [0.125, 5]},
								"down": {"uv": [32, 38], "uv_size": [0.125, -5]}
							}
						},
						{
							"origin": [-1.22249, 2.4, -3.40938],
							"size": [2.44498, 0.07751, 5.05387],
							"uv": {
								"north": {"uv": [25, 38], "uv_size": [2.5, 0.125]},
								"east": {"uv": [26, 33], "uv_size": [5, 0.125]},
								"south": {"uv": [28, 38], "uv_size": [2.5, 0.125]},
								"west": {"uv": [33, 26], "uv_size": [5, 0.125]},
								"up": {"uv": [9, 2], "uv_size": [2.5, 5]},
								"down": {"uv": [3, 14], "uv_size": [2.5, -5]}
							}
						},
						{
							"origin": [1.2, 1.03683, -3.40938],
							"size": [0.10815, 0.39246, 5.05387],
							"pivot": [0, 1.85, -0.88244],
							"rotation": [0, 0, -45],
							"uv": {
								"north": {"uv": [13, 42], "uv_size": [0.125, 0.375]},
								"east": {"uv": [24, 20], "uv_size": [5, 0.375]},
								"south": {"uv": [42, 13], "uv_size": [0.125, 0.375]},
								"west": {"uv": [24, 21], "uv_size": [5, 0.375]},
								"up": {"uv": [33, 21], "uv_size": [0.125, 5]},
								"down": {"uv": [23, 38], "uv_size": [0.125, -5]}
							}
						},
						{
							"origin": [-1.30815, 1.03683, -3.40938],
							"size": [0.10815, 0.39246, 5.05387],
							"pivot": [0, 1.85, -0.88244],
							"rotation": [0, 0, 45],
							"uv": {
								"north": {"uv": [14, 42], "uv_size": [0.125, 0.375]},
								"east": {"uv": [24, 23], "uv_size": [5, 0.375]},
								"south": {"uv": [42, 14], "uv_size": [0.125, 0.375]},
								"west": {"uv": [24, 24], "uv_size": [5, 0.375]},
								"up": {"uv": [24, 33], "uv_size": [0.125, 5]},
								"down": {"uv": [25, 38], "uv_size": [0.125, -5]}
							}
						},
						{
							"origin": [1.4, 1.092, -3.7405],
							"size": [0.1, 0.408, 0.28499],
							"inflate": -0.001,
							"pivot": [0, 1.1, -3.16682],
							"rotation": [-45, 0, 0],
							"uv": {
								"north": {"uv": [6, 42], "uv_size": [0.125, 0.375]},
								"east": {"uv": [41, 12], "uv_size": [0.25, 0.375]},
								"south": {"uv": [42, 6], "uv_size": [0.125, 0.375]},
								"west": {"uv": [41, 13], "uv_size": [0.25, 0.375]},
								"up": {"uv": [25, 42], "uv_size": [0.125, 0.25]},
								"down": {"uv": [42, 25.25], "uv_size": [0.125, -0.25]}
							}
						},
						{
							"origin": [1.4, 0.392, -3.7405],
							"size": [0.1, 0.408, 0.28499],
							"inflate": -0.001,
							"pivot": [0, 0.4, -3.16682],
							"rotation": [-45, 0, 0],
							"uv": {
								"north": {"uv": [7, 42], "uv_size": [0.125, 0.375]},
								"east": {"uv": [41, 16], "uv_size": [0.25, 0.375]},
								"south": {"uv": [42, 7], "uv_size": [0.125, 0.375]},
								"west": {"uv": [41, 17], "uv_size": [0.25, 0.375]},
								"up": {"uv": [26, 42], "uv_size": [0.125, 0.25]},
								"down": {"uv": [42, 26.25], "uv_size": [0.125, -0.25]}
							}
						},
						{
							"origin": [1.4, 0.192, -2.1405],
							"size": [0.1, 0.408, 0.38499],
							"inflate": -0.001,
							"pivot": [0, 0.2, -1.56682],
							"rotation": [-45, 0, 0],
							"uv": {
								"north": {"uv": [9, 42], "uv_size": [0.125, 0.375]},
								"east": {"uv": [25, 40], "uv_size": [0.375, 0.375]},
								"south": {"uv": [42, 9], "uv_size": [0.125, 0.375]},
								"west": {"uv": [26, 40], "uv_size": [0.375, 0.375]},
								"up": {"uv": [10, 42], "uv_size": [0.125, 0.375]},
								"down": {"uv": [42, 10.375], "uv_size": [0.125, -0.375]}
							}
						},
						{
							"origin": [1.4, 0.192, 1.27513],
							"size": [0.1, 0.208, 0.38499],
							"inflate": -0.001,
							"pivot": [0, 0.2, 1.84881],
							"rotation": [-45, 0, 0],
							"uv": {
								"north": {"uv": [27, 42], "uv_size": [0.125, 0.25]},
								"east": {"uv": [41, 18], "uv_size": [0.375, 0.25]},
								"south": {"uv": [42, 27], "uv_size": [0.125, 0.25]},
								"west": {"uv": [41, 19], "uv_size": [0.375, 0.25]},
								"up": {"uv": [11, 42], "uv_size": [0.125, 0.375]},
								"down": {"uv": [42, 11.375], "uv_size": [0.125, -0.375]}
							}
						},
						{
							"origin": [1.4, 1.192, 1.27513],
							"size": [0.1, 0.22579, 0.3672],
							"inflate": -0.001,
							"pivot": [0, 1.2, 1.84881],
							"rotation": [-45, 0, 0],
							"uv": {
								"north": {"uv": [28, 42], "uv_size": [0.125, 0.25]},
								"east": {"uv": [41, 20], "uv_size": [0.375, 0.25]},
								"south": {"uv": [42, 28], "uv_size": [0.125, 0.25]},
								"west": {"uv": [41, 21], "uv_size": [0.375, 0.25]},
								"up": {"uv": [12, 42], "uv_size": [0.125, 0.375]},
								"down": {"uv": [42, 12.375], "uv_size": [0.125, -0.375]}
							}
						},
						{
							"origin": [-1.3, 1.3, -6.07738],
							"size": [2.6, 0.90631, 1.5],
							"uv": {
								"north": {"uv": [2, 24], "uv_size": [2.625, 0.875]},
								"east": {"uv": [25, 10], "uv_size": [1.5, 0.875]},
								"south": {"uv": [8, 24], "uv_size": [2.625, 0.875]},
								"west": {"uv": [25, 12], "uv_size": [1.5, 0.875]},
								"up": {"uv": [20, 14], "uv_size": [2.625, 1.5]},
								"down": {"uv": [16, 21.5], "uv_size": [2.625, -1.5]}
							}
						},
						{
							"origin": [-1.3, 1.36537, -6.54164],
							"size": [2.6, 0.8, 1],
							"inflate": -0.005,
							"pivot": [0, 1.76537, -5.84164],
							"rotation": [65, 0, 0],
							"uv": {
								"north": {"uv": [24, 15], "uv_size": [2.625, 0.75]},
								"east": {"uv": [4, 29], "uv_size": [1, 0.75]},
								"south": {"uv": [24, 16], "uv_size": [2.625, 0.75]},
								"west": {"uv": [19, 29], "uv_size": [1, 0.75]},
								"up": {"uv": [23, 2], "uv_size": [2.625, 1]},
								"down": {"uv": [23, 4], "uv_size": [2.625, -1]}
							}
						},
						{
							"origin": [-1.3, 0.58411, -4.38973],
							"size": [2.6, 0.4032, 0.26356],
							"inflate": -0.005,
							"pivot": [0, 0.68411, -3.82617],
							"rotation": [45, 0, 0],
							"uv": {
								"north": {"uv": [27, 11], "uv_size": [2.625, 0.375]},
								"east": {"uv": [8, 41], "uv_size": [0.25, 0.375]},
								"south": {"uv": [27, 12], "uv_size": [2.625, 0.375]},
								"west": {"uv": [9, 41], "uv_size": [0.25, 0.375]},
								"up": {"uv": [32, 27], "uv_size": [2.625, 0.25]},
								"down": {"uv": [29, 32.25], "uv_size": [2.625, -0.25]}
							}
						}
					]
				},
				{
					"name": "body_deco",
					"parent": "scope_body",
					"pivot": [0, 1.20836, -1.20708],
					"cubes": [
						{
							"origin": [1.5, 0.9, -3.50938],
							"size": [0, 0.0761, 0.275],
							"inflate": 0.002,
							"pivot": [1.5, 0.93805, -3.37188],
							"rotation": [180, 0, 0],
							"uv": {
								"west": {"uv": [46, 7.625], "uv_size": [6, -5.125]}
							}
						},
						{
							"origin": [1.5, 0.9, 1.49062],
							"size": [0, 0.0761, 0.275],
							"inflate": 0.002,
							"pivot": [1.5, 0.93805, 1.62812],
							"rotation": [180, 0, 0],
							"uv": {
								"west": {"uv": [46, 7.625], "uv_size": [6, -5.125]}
							}
						}
					]
				},
				{
					"name": "down",
					"parent": "scope_body",
					"pivot": [-0.00514, 0.11233, 0.22122],
					"rotation": [-90, 0, -180],
					"cubes": [
						{
							"origin": [-0.56301, 1.15543, -0.56755],
							"size": [1.08578, 0.30261, 3.95543],
							"pivot": [-0.02012, 1.3746, 0.32755],
							"rotation": [-90, 0, 0],
							"uv": {
								"north": {"uv": [38, 31], "uv_size": [1.125, 0.25]},
								"east": {"uv": [27, 5], "uv_size": [4, 0.25]},
								"south": {"uv": [38, 32], "uv_size": [1.125, 0.25]},
								"west": {"uv": [27, 10], "uv_size": [4, 0.25]},
								"up": {"uv": [17, 16], "uv_size": [1.125, 4]},
								"down": {"uv": [14, 22], "uv_size": [1.125, -4]}
							}
						},
						{
							"origin": [-0.66728, 0.96631, -0.56755],
							"size": [0.19608, 0.38746, 1.79543],
							"pivot": [-0.02012, 1.3746, 0.32755],
							"rotation": [-90, 0, 0],
							"uv": {
								"north": {"uv": [5, 41], "uv_size": [0.25, 0.375]},
								"east": {"uv": [32, 19], "uv_size": [1.75, 0.375]},
								"south": {"uv": [6, 41], "uv_size": [0.25, 0.375]},
								"west": {"uv": [23, 32], "uv_size": [1.75, 0.375]},
								"up": {"uv": [8, 34], "uv_size": [0.25, 1.75]},
								"down": {"uv": [9, 35.75], "uv_size": [0.25, -1.75]}
							}
						},
						{
							"origin": [-0.66748, 1.08611, -0.56775],
							"size": [0.19648, 0.26786, 3.83584],
							"inflate": 0.001,
							"pivot": [-0.02012, 1.3746, 0.32755],
							"rotation": [-90, 0, 0],
							"uv": {
								"north": {"uv": [41, 31], "uv_size": [0.25, 0.25]},
								"east": {"uv": [27, 14], "uv_size": [3.875, 0.25]},
								"south": {"uv": [32, 41], "uv_size": [0.25, 0.25]},
								"west": {"uv": [27, 15], "uv_size": [3.875, 0.25]},
								"up": {"uv": [13, 27], "uv_size": [0.25, 3.875]},
								"down": {"uv": [14, 30.875], "uv_size": [0.25, -3.875]}
							}
						},
						{
							"origin": [-0.463, 0.90226, -0.56755],
							"size": [0.19608, 0.14745, 3.95543],
							"pivot": [-0.02012, 1.3746, 0.32755],
							"rotation": [-90, 45, 0],
							"uv": {
								"north": {"uv": [23, 42], "uv_size": [0.25, 0.125]},
								"east": {"uv": [33, 31], "uv_size": [4, 0.125]},
								"south": {"uv": [42, 23], "uv_size": [0.25, 0.125]},
								"west": {"uv": [33, 33], "uv_size": [4, 0.125]},
								"up": {"uv": [20, 26], "uv_size": [0.25, 4]},
								"down": {"uv": [21, 30], "uv_size": [0.25, -4]}
							}
						},
						{
							"origin": [0.22668, 0.90226, -0.56755],
							"size": [0.19608, 0.14745, 3.95543],
							"pivot": [-0.02012, 1.3746, 0.32755],
							"rotation": [-90, -45, 0],
							"uv": {
								"north": {"uv": [24, 42], "uv_size": [0.25, 0.125]},
								"east": {"uv": [34, 0], "uv_size": [4, 0.125]},
								"south": {"uv": [42, 24], "uv_size": [0.25, 0.125]},
								"west": {"uv": [34, 1], "uv_size": [4, 0.125]},
								"up": {"uv": [5, 27], "uv_size": [0.25, 4]},
								"down": {"uv": [12, 31], "uv_size": [0.25, -4]}
							}
						},
						{
							"origin": [0.43096, 0.96631, -0.56755],
							"size": [0.19608, 0.38746, 1.79543],
							"pivot": [-0.02012, 1.3746, 0.32755],
							"rotation": [-90, 0, 0],
							"uv": {
								"north": {"uv": [41, 6], "uv_size": [0.25, 0.375]},
								"east": {"uv": [25, 32], "uv_size": [1.75, 0.375]},
								"south": {"uv": [7, 41], "uv_size": [0.25, 0.375]},
								"west": {"uv": [27, 32], "uv_size": [1.75, 0.375]},
								"up": {"uv": [10, 34], "uv_size": [0.25, 1.75]},
								"down": {"uv": [11, 35.75], "uv_size": [0.25, -1.75]}
							}
						},
						{
							"origin": [0.43076, 1.08611, -0.56775],
							"size": [0.19648, 0.26786, 3.83583],
							"inflate": 0.001,
							"pivot": [-0.02012, 1.3746, 0.32755],
							"rotation": [-90, 0, 0],
							"uv": {
								"north": {"uv": [41, 32], "uv_size": [0.25, 0.25]},
								"east": {"uv": [27, 16], "uv_size": [3.875, 0.25]},
								"south": {"uv": [33, 41], "uv_size": [0.25, 0.25]},
								"west": {"uv": [27, 17], "uv_size": [3.875, 0.25]},
								"up": {"uv": [17, 27], "uv_size": [0.25, 3.875]},
								"down": {"uv": [18, 30.875], "uv_size": [0.25, -3.875]}
							}
						},
						{
							"origin": [0.43116, -0.39984, -0.36162],
							"size": [0.19568, 0.26705, 0.28378],
							"inflate": -0.001,
							"pivot": [0.529, -0.20632, 0.53589],
							"rotation": [-60, 0, 0],
							"uv": {
								"north": {"uv": [41, 33], "uv_size": [0.25, 0.25]},
								"east": {"uv": [34, 41], "uv_size": [0.25, 0.25]},
								"south": {"uv": [41, 34], "uv_size": [0.25, 0.25]},
								"west": {"uv": [35, 41], "uv_size": [0.25, 0.25]},
								"up": {"uv": [41, 35], "uv_size": [0.25, 0.25]},
								"down": {"uv": [36, 41.25], "uv_size": [0.25, -0.25]}
							}
						},
						{
							"origin": [-0.66708, -0.39984, -0.36162],
							"size": [0.19568, 0.26705, 0.28378],
							"inflate": -0.001,
							"pivot": [-0.56924, -0.20632, 0.53589],
							"rotation": [-60, 0, 0],
							"uv": {
								"north": {"uv": [41, 36], "uv_size": [0.25, 0.25]},
								"east": {"uv": [37, 41], "uv_size": [0.25, 0.25]},
								"south": {"uv": [41, 37], "uv_size": [0.25, 0.25]},
								"west": {"uv": [38, 41], "uv_size": [0.25, 0.25]},
								"up": {"uv": [41, 38], "uv_size": [0.25, 0.25]},
								"down": {"uv": [39, 41.25], "uv_size": [0.25, -0.25]}
							}
						},
						{
							"origin": [-0.66708, -2.43984, -0.24162],
							"size": [1.29392, 0.26705, 0.64378],
							"inflate": -0.001,
							"pivot": [0.529, -2.24632, 0.65589],
							"rotation": [-60, 0, 0],
							"uv": {
								"north": {"uv": [35, 32], "uv_size": [1.25, 0.25]},
								"east": {"uv": [17, 39], "uv_size": [0.625, 0.25]},
								"south": {"uv": [36, 24], "uv_size": [1.25, 0.25]},
								"west": {"uv": [40, 6], "uv_size": [0.625, 0.25]},
								"up": {"uv": [10, 28], "uv_size": [1.25, 0.625]},
								"down": {"uv": [10, 29.625], "uv_size": [1.25, -0.625]}
							}
						},
						{
							"origin": [-0.66728, 1.4084, 3.39245],
							"size": [1.29432, 0.68714, 0.43331],
							"pivot": [-0.02012, 1.3746, 0.32755],
							"rotation": [-90, 0, 0],
							"uv": {
								"north": {"uv": [15, 29], "uv_size": [1.25, 0.625]},
								"east": {"uv": [35, 10], "uv_size": [0.375, 0.625]},
								"south": {"uv": [10, 30], "uv_size": [1.25, 0.625]},
								"west": {"uv": [38, 33], "uv_size": [0.375, 0.625]},
								"up": {"uv": [2, 34], "uv_size": [1.25, 0.375]},
								"down": {"uv": [34, 2.375], "uv_size": [1.25, -0.375]}
							}
						},
						{
							"origin": [-0.66728, 0.82621, 0.19324],
							"size": [1.19005, 0.16964, 0.32543],
							"pivot": [-0.07226, 0.91103, 0.35595],
							"rotation": [-45, 0, 0],
							"uv": {
								"north": {"uv": [40, 7], "uv_size": [1.25, 0.125]},
								"east": {"uv": [4, 42], "uv_size": [0.375, 0.125]},
								"south": {"uv": [8, 40], "uv_size": [1.25, 0.125]},
								"west": {"uv": [42, 4], "uv_size": [0.375, 0.125]},
								"up": {"uv": [34, 3], "uv_size": [1.25, 0.375]},
								"down": {"uv": [4, 34.375], "uv_size": [1.25, -0.375]}
							}
						},
						{
							"origin": [-0.66728, 0.39061, 0.19324],
							"size": [1.19005, 0.16964, 0.32543],
							"pivot": [-0.07226, 0.47543, 0.35595],
							"rotation": [-135, 0, 0],
							"uv": {
								"north": {"uv": [40, 8], "uv_size": [1.25, 0.125]},
								"east": {"uv": [5, 42], "uv_size": [0.375, 0.125]},
								"south": {"uv": [40, 9], "uv_size": [1.25, 0.125]},
								"west": {"uv": [42, 5], "uv_size": [0.375, 0.125]},
								"up": {"uv": [34, 4], "uv_size": [1.25, 0.375]},
								"down": {"uv": [6, 34.375], "uv_size": [1.25, -0.375]}
							}
						},
						{
							"origin": [-0.66728, 3.6509, 3.8087],
							"size": [1.19005, 0.64964, 0.32544],
							"pivot": [-0.02012, 3.9771, 0.68755],
							"rotation": [-90, 0, 0],
							"uv": {
								"north": {"uv": [15, 30], "uv_size": [1.25, 0.625]},
								"east": {"uv": [34, 38], "uv_size": [0.375, 0.625]},
								"south": {"uv": [0, 32], "uv_size": [1.25, 0.625]},
								"west": {"uv": [38, 34], "uv_size": [0.375, 0.625]},
								"up": {"uv": [34, 6], "uv_size": [1.25, 0.375]},
								"down": {"uv": [34, 7.375], "uv_size": [1.25, -0.375]}
							}
						}
					]
				},
				{
					"name": "scope_view",
					"pivot": [0, 1.2071, 7.7]
				}
			]
		}
	]
}