{
	"format_version": "1.12.0",
	"minecraft:geometry": [
		{
			"description": {
				"identifier": "geometry.unknown",
				"texture_width": 64,
				"texture_height": 64,
				"visible_bounds_width": 2,
				"visible_bounds_height": 2.5,
				"visible_bounds_offset": [0, 0.75, 0]
			},
			"bones": [
				{
					"name": "screen",
					"pivot": [0.24323, -0.16363, -0.18838],
					"cubes": [
						{
							"origin": [0.39579, -0.06888, -0.46627],
							"size": [0.124, 0.1605, 0.2985],
							"inflate": -0.001,
							"pivot": [0.45779, 0.01137, -0.31702],
							"rotation": [-90, -60, -180],
							"uv": {
								"north": {"uv": [9, 17], "uv_size": [0.125, 0.125]},
								"east": {"uv": [15, 8], "uv_size": [0.25, 0.125]},
								"south": {"uv": [17, 9], "uv_size": [0.125, 0.125]},
								"west": {"uv": [9, 15], "uv_size": [0.25, 0.125]},
								"up": {"uv": [15, 9], "uv_size": [0.125, 0.25]},
								"down": {"uv": [10, 15.25], "uv_size": [0.125, -0.25]}
							}
						},
						{
							"origin": [0.29579, -0.06888, -0.66627],
							"size": [0.124, 0.1605, 0.2985],
							"inflate": 0.001,
							"pivot": [0.35779, 0.01137, -0.51702],
							"rotation": [-90, -30, -180],
							"uv": {
								"north": {"uv": [10, 17], "uv_size": [0.125, 0.125]},
								"east": {"uv": [15, 10], "uv_size": [0.25, 0.125]},
								"south": {"uv": [17, 10], "uv_size": [0.125, 0.125]},
								"west": {"uv": [11, 15], "uv_size": [0.25, 0.125]},
								"up": {"uv": [15, 11], "uv_size": [0.125, 0.25]},
								"down": {"uv": [15, 12.25], "uv_size": [0.125, -0.25]}
							}
						},
						{
							"origin": [0.39579, -0.06888, -0.1075],
							"size": [0.124, 0.1605, 0.2985],
							"inflate": -0.001,
							"pivot": [0.45779, 0.01137, 0.04176],
							"rotation": [90, -60, 0],
							"uv": {
								"north": {"uv": [11, 17], "uv_size": [0.125, 0.125]},
								"east": {"uv": [15, 13], "uv_size": [0.25, 0.125]},
								"south": {"uv": [17, 11], "uv_size": [0.125, 0.125]},
								"west": {"uv": [14, 15], "uv_size": [0.25, 0.125]},
								"up": {"uv": [15, 14], "uv_size": [0.125, 0.25]},
								"down": {"uv": [15, 15.25], "uv_size": [0.125, -0.25]}
							}
						},
						{
							"origin": [0.29579, -0.06888, 0.0925],
							"size": [0.124, 0.1605, 0.2985],
							"inflate": 0.001,
							"pivot": [0.35779, 0.01137, 0.24176],
							"rotation": [90, -30, 0],
							"uv": {
								"north": {"uv": [12, 17], "uv_size": [0.125, 0.125]},
								"east": {"uv": [16, 0], "uv_size": [0.25, 0.125]},
								"south": {"uv": [13, 17], "uv_size": [0.125, 0.125]},
								"west": {"uv": [16, 1], "uv_size": [0.25, 0.125]},
								"up": {"uv": [2, 16], "uv_size": [0.125, 0.25]},
								"down": {"uv": [16, 2.25], "uv_size": [0.125, -0.25]}
							}
						},
						{
							"origin": [0.43465, -0.30942, -0.66985],
							"size": [0.124, 0.38464, 0.2985],
							"inflate": -0.001,
							"pivot": [0.47165, 0.13862, -0.39335],
							"rotation": [90, 0, 0],
							"uv": {
								"north": {"uv": [14, 9], "uv_size": [0.125, 0.375]},
								"east": {"uv": [3, 14], "uv_size": [0.25, 0.375]},
								"south": {"uv": [14, 10], "uv_size": [0.125, 0.375]},
								"west": {"uv": [14, 3], "uv_size": [0.25, 0.375]},
								"up": {"uv": [3, 16], "uv_size": [0.125, 0.25]},
								"down": {"uv": [16, 3.25], "uv_size": [0.125, -0.25]}
							}
						},
						{
							"origin": [0.53465, -0.08095, -0.18688],
							"size": [0.124, 0.18464, 0.0985],
							"inflate": 0.001,
							"pivot": [0.59665, 0.01137, -0.13763],
							"rotation": [120, 0, 0],
							"uv": {
								"north": {"uv": [17, 13], "uv_size": [0.125, 0.125]},
								"east": {"uv": [14, 17], "uv_size": [0.125, 0.125]},
								"south": {"uv": [17, 14], "uv_size": [0.125, 0.125]},
								"west": {"uv": [15, 17], "uv_size": [0.125, 0.125]},
								"up": {"uv": [17, 15], "uv_size": [0.125, 0.125]},
								"down": {"uv": [16, 17.125], "uv_size": [0.125, -0.125]}
							}
						},
						{
							"origin": [0.32797, -0.30942, -0.52265],
							"size": [0.124, 0.67904, 0.2985],
							"inflate": 0.001,
							"pivot": [0.36497, 0.13862, -0.24615],
							"rotation": [90, 0, 0],
							"uv": {
								"north": {"uv": [6, 14], "uv_size": [0.125, 0.625]},
								"east": {"uv": [12, 4], "uv_size": [0.25, 0.625]},
								"south": {"uv": [14, 6], "uv_size": [0.125, 0.625]},
								"west": {"uv": [12, 6], "uv_size": [0.25, 0.625]},
								"up": {"uv": [16, 4], "uv_size": [0.125, 0.25]},
								"down": {"uv": [16, 5.25], "uv_size": [0.125, -0.25]}
							}
						},
						{
							"origin": [-0.00328, -0.39088, -0.46338],
							"size": [0.374, 0.9605, 0.2985],
							"inflate": 0.0012,
							"pivot": [0.28372, 0.13862, -0.18688],
							"rotation": [90, 0, 0],
							"uv": {
								"north": {"uv": [0, 6], "uv_size": [0.375, 1]},
								"east": {"uv": [11, 8], "uv_size": [0.25, 1]},
								"south": {"uv": [1, 7], "uv_size": [0.375, 1]},
								"west": {"uv": [9, 11], "uv_size": [0.25, 1]},
								"up": {"uv": [4, 14], "uv_size": [0.375, 0.25]},
								"down": {"uv": [5, 14.25], "uv_size": [0.375, -0.25]}
							}
						},
						{
							"origin": [0.08123, -0.34313, -0.25888],
							"size": [0.199, 0.959, 0.094],
							"inflate": 0.001,
							"pivot": [0.24323, 0.18637, -0.18688],
							"rotation": [90, 0, -45],
							"uv": {
								"north": {"uv": [11, 9], "uv_size": [0.25, 1]},
								"east": {"uv": [14, 0], "uv_size": [0.125, 1]},
								"south": {"uv": [10, 11], "uv_size": [0.25, 1]},
								"west": {"uv": [1, 14], "uv_size": [0.125, 1]},
								"up": {"uv": [6, 16], "uv_size": [0.25, 0.125]},
								"down": {"uv": [16, 6.125], "uv_size": [0.25, -0.125]}
							}
						},
						{
							"origin": [0.08123, -0.69313, -0.21038],
							"size": [0.199, 0.959, 0.094],
							"inflate": 0.001,
							"pivot": [0.24323, -0.16363, -0.18838],
							"rotation": [90, 0, 45],
							"uv": {
								"north": {"uv": [11, 10], "uv_size": [0.25, 1]},
								"east": {"uv": [14, 1], "uv_size": [0.125, 1]},
								"south": {"uv": [11, 11], "uv_size": [0.25, 1]},
								"west": {"uv": [2, 14], "uv_size": [0.125, 1]},
								"up": {"uv": [7, 16], "uv_size": [0.25, 0.125]},
								"down": {"uv": [16, 7.125], "uv_size": [0.25, -0.125]}
							}
						}
					]
				},
				{
					"name": "screen2",
					"parent": "screen",
					"pivot": [1.6344, 0.01138, -0.14076],
					"rotation": [30, 0, 0],
					"cubes": [
						{
							"origin": [0.7385, 0.10736, 0.07108],
							"size": [1.998, 0.12904, 0.10477],
							"inflate": 0.001,
							"pivot": [2.3245, 0.28041, -0.24615],
							"rotation": [90, 0, 0],
							"uv": {
								"north": {"uv": [5, 7], "uv_size": [2, 0.125]},
								"east": {"uv": [16, 9], "uv_size": [0.125, 0.125]},
								"south": {"uv": [9, 5], "uv_size": [2, 0.125]},
								"west": {"uv": [16, 10], "uv_size": [0.125, 0.125]},
								"up": {"uv": [9, 8], "uv_size": [2, 0.125]},
								"down": {"uv": [9, 9.125], "uv_size": [2, -0.125]}
							}
						},
						{
							"origin": [2.67684, 0.52345, -0.23688],
							"size": [0.149, 0.12904, 0.1985],
							"inflate": 0.001,
							"pivot": [2.76385, 0.58797, -0.13763],
							"rotation": [90, 0, -45],
							"uv": {
								"north": {"uv": [16, 11], "uv_size": [0.125, 0.125]},
								"east": {"uv": [11, 14], "uv_size": [0.25, 0.125]},
								"south": {"uv": [16, 13], "uv_size": [0.125, 0.125]},
								"west": {"uv": [14, 11], "uv_size": [0.25, 0.125]},
								"up": {"uv": [14, 12], "uv_size": [0.125, 0.25]},
								"down": {"uv": [14, 13.25], "uv_size": [0.125, -0.25]}
							}
						},
						{
							"origin": [2.67684, -0.62973, -0.23688],
							"size": [0.149, 0.12904, 0.1985],
							"inflate": 0.001,
							"pivot": [2.76385, -0.56522, -0.13763],
							"rotation": [90, 0, 45],
							"uv": {
								"north": {"uv": [16, 14], "uv_size": [0.125, 0.125]},
								"east": {"uv": [14, 14], "uv_size": [0.25, 0.125]},
								"south": {"uv": [16, 15], "uv_size": [0.125, 0.125]},
								"west": {"uv": [0, 15], "uv_size": [0.25, 0.125]},
								"up": {"uv": [15, 0], "uv_size": [0.125, 0.25]},
								"down": {"uv": [1, 15.25], "uv_size": [0.125, -0.25]}
							}
						},
						{
							"origin": [2.75428, -0.03441, -0.92265],
							"size": [0.124, 0.12904, 1.0985],
							"inflate": 0.001,
							"pivot": [2.86628, 0.13862, -0.24615],
							"rotation": [90, 0, 0],
							"uv": {
								"north": {"uv": [17, 0], "uv_size": [0.125, 0.125]},
								"east": {"uv": [12, 7], "uv_size": [1.125, 0.125]},
								"south": {"uv": [17, 1], "uv_size": [0.125, 0.125]},
								"west": {"uv": [9, 12], "uv_size": [1.125, 0.125]},
								"up": {"uv": [11, 12], "uv_size": [0.125, 1.125]},
								"down": {"uv": [13, 1.125], "uv_size": [0.125, -1.125]}
							}
						},
						{
							"origin": [0.7385, -1.16991, 0.07108],
							"size": [1.998, 0.12904, 0.10477],
							"inflate": 0.001,
							"pivot": [2.3245, -0.99687, -0.24615],
							"rotation": [90, 0, 0],
							"uv": {
								"north": {"uv": [10, 6], "uv_size": [2, 0.125]},
								"east": {"uv": [2, 17], "uv_size": [0.125, 0.125]},
								"south": {"uv": [10, 7], "uv_size": [2, 0.125]},
								"west": {"uv": [17, 2], "uv_size": [0.125, 0.125]},
								"up": {"uv": [9, 10], "uv_size": [2, 0.125]},
								"down": {"uv": [11, 5.125], "uv_size": [2, -0.125]}
							}
						},
						{
							"origin": [0.64916, -0.62973, -0.23688],
							"size": [0.149, 0.12904, 0.1985],
							"inflate": 0.001,
							"pivot": [0.71116, -0.56522, -0.13763],
							"rotation": [90, 0, -45],
							"uv": {
								"north": {"uv": [3, 17], "uv_size": [0.125, 0.125]},
								"east": {"uv": [15, 1], "uv_size": [0.25, 0.125]},
								"south": {"uv": [17, 3], "uv_size": [0.125, 0.125]},
								"west": {"uv": [2, 15], "uv_size": [0.25, 0.125]},
								"up": {"uv": [15, 2], "uv_size": [0.125, 0.25]},
								"down": {"uv": [3, 15.25], "uv_size": [0.125, -0.25]}
							}
						},
						{
							"origin": [0.64916, 0.52345, -0.23688],
							"size": [0.149, 0.12904, 0.1985],
							"inflate": 0.001,
							"pivot": [0.71116, 0.58797, -0.13763],
							"rotation": [90, 0, 45],
							"uv": {
								"north": {"uv": [17, 4], "uv_size": [0.125, 0.125]},
								"east": {"uv": [15, 3], "uv_size": [0.25, 0.125]},
								"south": {"uv": [17, 5], "uv_size": [0.125, 0.125]},
								"west": {"uv": [4, 15], "uv_size": [0.25, 0.125]},
								"up": {"uv": [15, 4], "uv_size": [0.125, 0.25]},
								"down": {"uv": [5, 15.25], "uv_size": [0.125, -0.25]}
							}
						},
						{
							"origin": [0.59672, -0.03441, -0.92265],
							"size": [0.124, 0.12904, 1.0985],
							"inflate": 0.001,
							"pivot": [0.73373, 0.13862, -0.24615],
							"rotation": [90, 0, 0],
							"uv": {
								"north": {"uv": [6, 17], "uv_size": [0.125, 0.125]},
								"east": {"uv": [13, 4], "uv_size": [1.125, 0.125]},
								"south": {"uv": [17, 6], "uv_size": [0.125, 0.125]},
								"west": {"uv": [13, 5], "uv_size": [1.125, 0.125]},
								"up": {"uv": [9, 13], "uv_size": [0.125, 1.125]},
								"down": {"uv": [10, 14.125], "uv_size": [0.125, -1.125]}
							}
						},
						{
							"origin": [0.69672, 0.02809, -1.02265],
							"size": [2.07712, 0.06654, 1.2985],
							"pivot": [0.73373, 0.13862, -0.24615],
							"rotation": [90, 0, 0],
							"uv": {
								"north": {"uv": [2, 7], "uv_size": [2.125, 0.125]},
								"east": {"uv": [12, 2], "uv_size": [1.25, 0.125]},
								"south": {"uv": [9, 4], "uv_size": [2.125, 0.125]},
								"west": {"uv": [12, 3], "uv_size": [1.25, 0.125]},
								"up": {"uv": [7, 6], "uv_size": [2.125, 1.25]},
								"down": {"uv": [9, 1.25], "uv_size": [2.125, -1.25]}
							}
						}
					]
				},
				{
					"name": "1_illuminated",
					"parent": "screen2",
					"pivot": [0.73373, 0.13862, -0.24615],
					"cubes": [
						{
							"origin": [0.69672, 0.02809, -1.02265],
							"size": [2.07712, 0.06654, 1.2985],
							"inflate": 0.001,
							"pivot": [0.73373, 0.13862, -0.24615],
							"rotation": [90, 0, 0],
							"uv": {
								"down": {"uv": [62.25, 64], "uv_size": [-12, -10.375]}
							}
						},
						{
							"origin": [2.6436, 0.02809, -0.82265],
							"size": [0.0615, 0.06654, 0.8985],
							"inflate": 0.002,
							"pivot": [0.73373, 0.13862, -0.24615],
							"rotation": [90, 0, 0],
							"uv": {
								"down": {"uv": [54.125, 56.125], "uv_size": [0.125, -0.875]}
							}
						},
						{
							"origin": [1.79673, 0.02809, -0.32265],
							"size": [0.77712, 0.06654, 0.1985],
							"inflate": 0.002,
							"pivot": [0.73373, 0.13862, -0.24615],
							"rotation": [90, 0, 0],
							"uv": {
								"down": {"uv": [62.375, 43], "uv_size": [-2.375, -0.875]}
							}
						},
						{
							"origin": [1.69672, 0.02809, -0.12265],
							"size": [0.87712, 0.06654, 0.1985],
							"inflate": 0.002,
							"pivot": [0.73373, 0.13862, -0.24615],
							"rotation": [90, 0, 0],
							"uv": {
								"down": {"uv": [63.125, 44.5], "uv_size": [-3.125, -1]}
							}
						},
						{
							"origin": [0.89672, 0.02809, -0.02265],
							"size": [0.37712, 0.06654, 0.16725],
							"inflate": 0.002,
							"pivot": [0.73373, 0.13862, -0.24615],
							"rotation": [90, 0, 0],
							"uv": {
								"down": {"uv": [55.625, 44], "uv_size": [3.25, -1.25]}
							}
						}
					]
				}
			]
		}
	]
}