{
	"format_version": "1.12.0",
	"minecraft:geometry": [
		{
			"description": {
				"identifier": "geometry.hk_mp5a5 - Converted",
				"texture_width": 32,
				"texture_height": 32,
				"visible_bounds_width": 4,
				"visible_bounds_height": 2.5,
				"visible_bounds_offset": [0, 0.75, 0]
			},
			"bones": [
				{
					"name": "grip2",
					"pivot": [0, -0.56657, 0.23286],
					"cubes": [
						{
							"origin": [-0.6875, -0.08976, 2.02176],
							"size": [1.375, 0.2, 0.2],
							"pivot": [0, 0.01024, 2.12176],
							"rotation": [45, 0, 0],
							"uv": {
								"north": {"uv": [9, 14], "uv_size": [1.5, 0.25]},
								"east": {"uv": [19, 14], "uv_size": [0.25, 0.25]},
								"south": {"uv": [14, 9], "uv_size": [1.5, 0.25]},
								"west": {"uv": [15, 19], "uv_size": [0.25, 0.25]},
								"up": {"uv": [14, 10], "uv_size": [1.5, 0.25]},
								"down": {"uv": [11, 14.25], "uv_size": [1.5, -0.25]}
							}
						},
						{
							"origin": [-0.6875, -0.08976, -2.07824],
							"size": [1.375, 0.2, 0.2],
							"pivot": [0, 0.01024, -1.97824],
							"rotation": [45, 0, 0],
							"uv": {
								"north": {"uv": [9, 14], "uv_size": [1.5, 0.25]},
								"east": {"uv": [19, 14], "uv_size": [0.25, 0.25]},
								"south": {"uv": [14, 9], "uv_size": [1.5, 0.25]},
								"west": {"uv": [15, 19], "uv_size": [0.25, 0.25]},
								"up": {"uv": [15.5, 10.25], "uv_size": [-1.5, -0.25]},
								"down": {"uv": [12.5, 14.25], "uv_size": [-1.5, -0.25]}
							}
						},
						{
							"origin": [-0.6, -0.13988, -1.67823],
							"size": [1.2, 0.2, 3.4],
							"uv": {
								"north": {"uv": [14, 11], "uv_size": [1.25, 0.25]},
								"east": {"uv": [9, 1], "uv_size": [3.5, 0.25]},
								"south": {"uv": [13, 14], "uv_size": [1.25, 0.25]},
								"west": {"uv": [9, 2], "uv_size": [3.5, 0.25]},
								"up": {"uv": [0, 0], "uv_size": [1.25, 3.5]},
								"down": {"uv": [2, 3.5], "uv_size": [1.25, -3.5]}
							}
						},
						{
							"origin": [-0.49142, -0.60191, -0.39284],
							"size": [0.98284, 0.30858, 0.5],
							"uv": {
								"north": {"uv": [8, 16], "uv_size": [1, 0.25]},
								"east": {"uv": [2, 18], "uv_size": [0.5, 0.25]},
								"south": {"uv": [9, 16], "uv_size": [1, 0.25]},
								"west": {"uv": [18, 2], "uv_size": [0.5, 0.25]},
								"up": {"uv": [10, 12], "uv_size": [1, 0.5]},
								"down": {"uv": [11, 12.5], "uv_size": [1, -0.5]}
							}
						},
						{
							"origin": [-0.49142, -0.24846, -1.97823],
							"size": [0.98284, 0.30858, 4],
							"uv": {
								"north": {"uv": [13, 16], "uv_size": [1, 0.25]},
								"east": {"uv": [7, 4], "uv_size": [4, 0.25]},
								"south": {"uv": [16, 13], "uv_size": [1, 0.25]},
								"west": {"uv": [7, 5], "uv_size": [4, 0.25]},
								"up": {"uv": [0, 4], "uv_size": [1, 4]},
								"down": {"uv": [4, 4], "uv_size": [1, -4]}
							}
						},
						{
							"origin": [-0.49142, 0.55143, -0.47725],
							"size": [0.98284, 0.10858, 0.7],
							"pivot": [0, 0.70572, -1.62725],
							"rotation": [-45, 0, 0],
							"uv": {
								"north": {"uv": [16, 9], "uv_size": [1, 0.25]},
								"east": {"uv": [17, 10], "uv_size": [0.75, 0.25]},
								"south": {"uv": [10, 16], "uv_size": [1, 0.25]},
								"west": {"uv": [11, 17], "uv_size": [0.75, 0.25]},
								"up": {"uv": [11, 0], "uv_size": [1, 0.75]},
								"down": {"uv": [1, 11.75], "uv_size": [1, -0.75]}
							}
						},
						{
							"origin": [-0.49142, -1.35268, -0.42298],
							"size": [0.98284, 0.10858, 1.8],
							"pivot": [0, -1.29839, 0.92702],
							"rotation": [-40, 0, 0],
							"uv": {
								"north": {"uv": [16, 11], "uv_size": [1, 0.25]},
								"east": {"uv": [0, 14], "uv_size": [1.75, 0.25]},
								"south": {"uv": [12, 16], "uv_size": [1, 0.25]},
								"west": {"uv": [14, 0], "uv_size": [1.75, 0.25]},
								"up": {"uv": [5, 6], "uv_size": [1, 1.75]},
								"down": {"uv": [6, 7.75], "uv_size": [1, -1.75]}
							}
						},
						{
							"origin": [-0.49142, -1.10591, 1.57575],
							"size": [0.98284, 0.10858, 0.5],
							"pivot": [0, -1.05162, 1.17575],
							"rotation": [-90, 0, 0],
							"uv": {
								"north": {"uv": [14, 16], "uv_size": [1, 0.25]},
								"east": {"uv": [12, 18], "uv_size": [0.5, 0.25]},
								"south": {"uv": [15, 16], "uv_size": [1, 0.25]},
								"west": {"uv": [18, 12], "uv_size": [0.5, 0.25]},
								"up": {"uv": [7, 13], "uv_size": [1, 0.5]},
								"down": {"uv": [8, 13.5], "uv_size": [1, -0.5]}
							}
						},
						{
							"origin": [-0.49142, -0.31539, -2.09327],
							"size": [0.98284, 0.10858, 0.4],
							"pivot": [0, -0.2611, -1.74327],
							"rotation": [60, 0, 0],
							"uv": {
								"north": {"uv": [16, 10], "uv_size": [1, 0.25]},
								"east": {"uv": [5, 18], "uv_size": [0.5, 0.25]},
								"south": {"uv": [11, 16], "uv_size": [1, 0.25]},
								"west": {"uv": [18, 5], "uv_size": [0.5, 0.25]},
								"up": {"uv": [12, 12], "uv_size": [1, 0.5]},
								"down": {"uv": [0, 13.5], "uv_size": [1, -0.5]}
							}
						},
						{
							"origin": [-0.38891, 1.47989, -2.06107],
							"size": [1.09498, 0.15356, 0.4],
							"pivot": [0.15858, 1.55667, -0.01107],
							"rotation": [90, -45, 0],
							"uv": {
								"north": {"uv": [16, 16], "uv_size": [1, 0.25]},
								"east": {"uv": [13, 18], "uv_size": [0.5, 0.25]},
								"south": {"uv": [17, 1], "uv_size": [1, 0.25]},
								"west": {"uv": [18, 13], "uv_size": [0.5, 0.25]},
								"up": {"uv": [13, 8], "uv_size": [1, 0.5]},
								"down": {"uv": [13, 9.5], "uv_size": [1, -0.5]}
							}
						},
						{
							"origin": [0.61109, 0.11619, -1.97823],
							"size": [0.09498, 0.15355, 4.1],
							"pivot": [0.15858, 0.19296, 1.52177],
							"rotation": [0, 0, 45],
							"uv": {
								"north": {"uv": [19, 13], "uv_size": [0.25, 0.25]},
								"east": {"uv": [7, 6], "uv_size": [4, 0.25]},
								"south": {"uv": [14, 19], "uv_size": [0.25, 0.25]},
								"west": {"uv": [7, 7], "uv_size": [4, 0.25]},
								"up": {"uv": [0, 8], "uv_size": [0.25, 4]},
								"down": {"uv": [8, 4], "uv_size": [0.25, -4]}
							}
						},
						{
							"origin": [0.61109, -1.49356, 0.82349],
							"size": [0.09498, 0.15355, 1.4],
							"pivot": [0.15858, -1.41678, 1.02349],
							"rotation": [149.31794, -27.03402, -37.45372],
							"uv": {
								"north": {"uv": [19, 10], "uv_size": [0.25, 0.25]},
								"east": {"uv": [6, 14], "uv_size": [1.5, 0.25]},
								"south": {"uv": [11, 19], "uv_size": [0.25, 0.25]},
								"west": {"uv": [14, 6], "uv_size": [1.5, 0.25]},
								"up": {"uv": [14, 7], "uv_size": [0.25, 1.5]},
								"down": {"uv": [8, 15.5], "uv_size": [0.25, -1.5]}
							}
						},
						{
							"origin": [-0.70607, -1.67854, 0.16235],
							"size": [0.09498, 0.15356, 0.5],
							"pivot": [-0.15858, -1.60176, 0.96235],
							"rotation": [-180, 0, 45],
							"uv": {
								"north": {"uv": [19.25, 11], "uv_size": [-0.25, 0.25]},
								"east": {"uv": [18.5, 14], "uv_size": [-0.5, 0.25]},
								"south": {"uv": [12.25, 19], "uv_size": [-0.25, 0.25]},
								"west": {"uv": [14.5, 18], "uv_size": [-0.5, 0.25]},
								"up": {"uv": [15, 18.5], "uv_size": [0.25, -0.5]},
								"down": {"uv": [18, 15.5], "uv_size": [0.25, -0.5]}
							}
						},
						{
							"origin": [-0.55962, -0.36139, 1.73847],
							"size": [0.09498, 0.15355, 1.3],
							"pivot": [-0.51213, -0.28461, 1.98847],
							"rotation": [-117.23631, -41.64114, 18.88172],
							"uv": {
								"north": {"uv": [19.25, 12], "uv_size": [-0.25, 0.25]},
								"east": {"uv": [16.25, 15], "uv_size": [-1.25, 0.25]},
								"south": {"uv": [13.25, 19], "uv_size": [-0.25, 0.25]},
								"west": {"uv": [16.25, 14], "uv_size": [-1.25, 0.25]},
								"up": {"uv": [0, 17.25], "uv_size": [0.25, -1.25]},
								"down": {"uv": [1, 17.25], "uv_size": [0.25, -1.25]}
							}
						},
						{
							"origin": [-0.70607, 0.11619, -1.97823],
							"size": [0.09498, 0.15355, 4.1],
							"pivot": [-0.15858, 0.19296, 1.52177],
							"rotation": [0, 0, -45],
							"uv": {
								"north": {"uv": [19.25, 13], "uv_size": [-0.25, 0.25]},
								"east": {"uv": [11, 7], "uv_size": [-4, 0.25]},
								"south": {"uv": [14.25, 19], "uv_size": [-0.25, 0.25]},
								"west": {"uv": [11, 6], "uv_size": [-4, 0.25]},
								"up": {"uv": [0, 12], "uv_size": [0.25, -4]},
								"down": {"uv": [8, 4], "uv_size": [0.25, -4]}
							}
						},
						{
							"origin": [-0.70607, 1.47989, -2.06107],
							"size": [1.09498, 0.15356, 0.4],
							"pivot": [-0.15858, 1.55667, -0.01107],
							"rotation": [90, 45, 0],
							"uv": {
								"north": {"uv": [17, 16], "uv_size": [-1, 0.25]},
								"east": {"uv": [18.5, 13], "uv_size": [-0.5, 0.25]},
								"south": {"uv": [18, 1], "uv_size": [-1, 0.25]},
								"west": {"uv": [13.5, 18], "uv_size": [-0.5, 0.25]},
								"up": {"uv": [13, 8.5], "uv_size": [1, -0.5]},
								"down": {"uv": [13, 9.5], "uv_size": [1, -0.5]}
							}
						},
						{
							"origin": [-0.70607, -1.49356, 0.82349],
							"size": [0.09498, 0.15355, 1.4],
							"pivot": [-0.15858, -1.41678, 1.02349],
							"rotation": [149.31794, 27.03402, 37.45372],
							"uv": {
								"north": {"uv": [19.25, 10], "uv_size": [-0.25, 0.25]},
								"east": {"uv": [15.5, 6], "uv_size": [-1.5, 0.25]},
								"south": {"uv": [11.25, 19], "uv_size": [-0.25, 0.25]},
								"west": {"uv": [7.5, 14], "uv_size": [-1.5, 0.25]},
								"up": {"uv": [14, 8.5], "uv_size": [0.25, -1.5]},
								"down": {"uv": [8, 15.5], "uv_size": [0.25, -1.5]}
							}
						},
						{
							"origin": [0.61109, -1.67854, 0.16235],
							"size": [0.09498, 0.15356, 0.5],
							"pivot": [0.15858, -1.60176, 0.96235],
							"rotation": [-180, 0, -45],
							"uv": {
								"north": {"uv": [19, 11], "uv_size": [0.25, 0.25]},
								"east": {"uv": [14, 18], "uv_size": [0.5, 0.25]},
								"south": {"uv": [12, 19], "uv_size": [0.25, 0.25]},
								"west": {"uv": [18, 14], "uv_size": [0.5, 0.25]},
								"up": {"uv": [15, 18], "uv_size": [0.25, 0.5]},
								"down": {"uv": [18, 15.5], "uv_size": [0.25, -0.5]}
							}
						},
						{
							"origin": [0.46464, -0.36139, 1.73847],
							"size": [0.09498, 0.15355, 1.3],
							"pivot": [0.51213, -0.28461, 1.98847],
							"rotation": [-117.23631, 41.64114, -18.88172],
							"uv": {
								"north": {"uv": [19, 12], "uv_size": [0.25, 0.25]},
								"east": {"uv": [15, 14], "uv_size": [1.25, 0.25]},
								"south": {"uv": [13, 19], "uv_size": [0.25, 0.25]},
								"west": {"uv": [15, 15], "uv_size": [1.25, 0.25]},
								"up": {"uv": [0, 16], "uv_size": [0.25, 1.25]},
								"down": {"uv": [1, 17.25], "uv_size": [0.25, -1.25]}
							}
						},
						{
							"origin": [0.4, -0.19333, -0.39284],
							"size": [0.09497, 0.15355, 0.71461],
							"pivot": [0, -0.39333, 1.50716],
							"rotation": [0, 0, 45],
							"uv": {
								"north": {"uv": [19, 6], "uv_size": [0.25, 0.25]},
								"east": {"uv": [17, 11], "uv_size": [0.75, 0.25]},
								"south": {"uv": [7, 19], "uv_size": [0.25, 0.25]},
								"west": {"uv": [12, 17], "uv_size": [0.75, 0.25]},
								"up": {"uv": [17, 12], "uv_size": [0.25, 0.75]},
								"down": {"uv": [13, 17.75], "uv_size": [0.25, -0.75]}
							}
						},
						{
							"origin": [-0.49497, -0.19333, -0.39284],
							"size": [0.09497, 0.15355, 0.71461],
							"pivot": [0, -0.39333, 1.50716],
							"rotation": [0, 0, -45],
							"uv": {
								"north": {"uv": [19, 7], "uv_size": [0.25, 0.25]},
								"east": {"uv": [17, 13], "uv_size": [0.75, 0.25]},
								"south": {"uv": [8, 19], "uv_size": [0.25, 0.25]},
								"west": {"uv": [14, 17], "uv_size": [0.75, 0.25]},
								"up": {"uv": [17, 14], "uv_size": [0.25, 0.75]},
								"down": {"uv": [15, 17.75], "uv_size": [0.25, -0.75]}
							}
						},
						{
							"origin": [0.61109, 0.9734, -0.31564],
							"size": [0.09498, 0.15355, 0.8],
							"pivot": [0.15858, 1.05017, -1.56564],
							"rotation": [-35.26439, 30, 35.26439],
							"uv": {
								"north": {"uv": [19, 0], "uv_size": [0.25, 0.25]},
								"east": {"uv": [17, 6], "uv_size": [0.75, 0.25]},
								"south": {"uv": [1, 19], "uv_size": [0.25, 0.25]},
								"west": {"uv": [7, 17], "uv_size": [0.75, 0.25]},
								"up": {"uv": [17, 7], "uv_size": [0.25, 0.75]},
								"down": {"uv": [8, 17.75], "uv_size": [0.25, -0.75]}
							}
						},
						{
							"origin": [0.61109, -1.04646, -0.26244],
							"size": [0.09498, 0.15355, 1.9],
							"pivot": [0.15858, -0.96969, 1.13756],
							"rotation": [-30.68206, 27.03402, 37.45372],
							"uv": {
								"north": {"uv": [19, 4], "uv_size": [0.25, 0.25]},
								"east": {"uv": [1, 13], "uv_size": [2, 0.25]},
								"south": {"uv": [5, 19], "uv_size": [0.25, 0.25]},
								"west": {"uv": [13, 1], "uv_size": [2, 0.25]},
								"up": {"uv": [13, 2], "uv_size": [0.25, 2]},
								"down": {"uv": [3, 15], "uv_size": [0.25, -2]}
							}
						},
						{
							"origin": [0.46464, -1.0784, 1.65932],
							"size": [0.09498, 0.15355, 0.5],
							"pivot": [0.51213, -1.00162, 1.20932],
							"rotation": [-90, 45, 0],
							"uv": {
								"north": {"uv": [19, 8], "uv_size": [0.25, 0.25]},
								"east": {"uv": [8, 18], "uv_size": [0.5, 0.25]},
								"south": {"uv": [9, 19], "uv_size": [0.25, 0.25]},
								"west": {"uv": [18, 8], "uv_size": [0.5, 0.25]},
								"up": {"uv": [9, 18], "uv_size": [0.25, 0.5]},
								"down": {"uv": [18, 9.5], "uv_size": [0.25, -0.5]}
							}
						},
						{
							"origin": [-0.55962, -1.0784, 1.65932],
							"size": [0.09498, 0.15355, 0.5],
							"pivot": [-0.51213, -1.00162, 1.20932],
							"rotation": [-90, -45, 0],
							"uv": {
								"north": {"uv": [19, 9], "uv_size": [0.25, 0.25]},
								"east": {"uv": [10, 18], "uv_size": [0.5, 0.25]},
								"south": {"uv": [10, 19], "uv_size": [0.25, 0.25]},
								"west": {"uv": [18, 10], "uv_size": [0.5, 0.25]},
								"up": {"uv": [11, 18], "uv_size": [0.25, 0.5]},
								"down": {"uv": [18, 11.5], "uv_size": [0.25, -0.5]}
							}
						},
						{
							"origin": [-0.70607, -1.04646, -0.26244],
							"size": [0.09498, 0.15355, 1.9],
							"pivot": [-0.15858, -0.96969, 1.13756],
							"rotation": [-30.68206, -27.03402, -37.45372],
							"uv": {
								"north": {"uv": [19, 5], "uv_size": [0.25, 0.25]},
								"east": {"uv": [13, 4], "uv_size": [2, 0.25]},
								"south": {"uv": [6, 19], "uv_size": [0.25, 0.25]},
								"west": {"uv": [13, 5], "uv_size": [2, 0.25]},
								"up": {"uv": [4, 13], "uv_size": [0.25, 2]},
								"down": {"uv": [13, 8], "uv_size": [0.25, -2]}
							}
						},
						{
							"origin": [0.61109, -0.10101, -2.45353],
							"size": [0.09498, 0.15355, 0.5],
							"pivot": [0.15858, -0.02424, -2.05353],
							"rotation": [50.76848, -37.76124, 26.56505],
							"uv": {
								"north": {"uv": [19, 2], "uv_size": [0.25, 0.25]},
								"east": {"uv": [3, 18], "uv_size": [0.5, 0.25]},
								"south": {"uv": [3, 19], "uv_size": [0.25, 0.25]},
								"west": {"uv": [18, 3], "uv_size": [0.5, 0.25]},
								"up": {"uv": [4, 18], "uv_size": [0.25, 0.5]},
								"down": {"uv": [18, 4.5], "uv_size": [0.25, -0.5]}
							}
						},
						{
							"origin": [-0.70607, -0.10101, -2.45353],
							"size": [0.09498, 0.15355, 0.5],
							"pivot": [-0.15858, -0.02424, -2.05353],
							"rotation": [50.76848, 37.76124, -26.56505],
							"uv": {
								"north": {"uv": [19, 3], "uv_size": [0.25, 0.25]},
								"east": {"uv": [6, 18], "uv_size": [0.5, 0.25]},
								"south": {"uv": [4, 19], "uv_size": [0.25, 0.25]},
								"west": {"uv": [18, 6], "uv_size": [0.5, 0.25]},
								"up": {"uv": [7, 18], "uv_size": [0.25, 0.5]},
								"down": {"uv": [18, 7.5], "uv_size": [0.25, -0.5]}
							}
						},
						{
							"origin": [-0.70607, 0.9734, -0.31564],
							"size": [0.09498, 0.15355, 0.8],
							"pivot": [-0.15858, 1.05017, -1.56564],
							"rotation": [-35.26439, -30, -35.26439],
							"uv": {
								"north": {"uv": [19, 1], "uv_size": [0.25, 0.25]},
								"east": {"uv": [17, 8], "uv_size": [0.75, 0.25]},
								"south": {"uv": [2, 19], "uv_size": [0.25, 0.25]},
								"west": {"uv": [9, 17], "uv_size": [0.75, 0.25]},
								"up": {"uv": [17, 9], "uv_size": [0.25, 0.75]},
								"down": {"uv": [10, 17.75], "uv_size": [0.25, -0.75]}
							}
						},
						{
							"origin": [0.44462, -0.24658, -1.67823],
							"size": [0.1, 0.15358, 3.4],
							"pivot": [0, 0.01012, 0.02177],
							"rotation": [0, 0, -30],
							"uv": {
								"north": {"uv": [17, 18], "uv_size": [0.25, 0.25]},
								"east": {"uv": [3, 9], "uv_size": [3.5, 0.25]},
								"south": {"uv": [18, 17], "uv_size": [0.25, 0.25]},
								"west": {"uv": [9, 3], "uv_size": [3.5, 0.25]},
								"up": {"uv": [7, 9], "uv_size": [0.25, 3.5]},
								"down": {"uv": [8, 12.5], "uv_size": [0.25, -3.5]}
							}
						},
						{
							"origin": [-0.54462, -0.24658, -1.67823],
							"size": [0.1, 0.15358, 3.4],
							"pivot": [0, 0.01012, 0.02177],
							"rotation": [0, 0, 30],
							"uv": {
								"north": {"uv": [18, 18], "uv_size": [0.25, 0.25]},
								"east": {"uv": [1, 10], "uv_size": [3.5, 0.25]},
								"south": {"uv": [0, 19], "uv_size": [0.25, 0.25]},
								"west": {"uv": [9, 10], "uv_size": [3.5, 0.25]},
								"up": {"uv": [5, 10], "uv_size": [0.25, 3.5]},
								"down": {"uv": [6, 13.5], "uv_size": [0.25, -3.5]}
							}
						},
						{
							"origin": [-0.6, -0.13988, -2.27823],
							"size": [1.2, 0.333, 0.6],
							"uv": {
								"north": {"uv": [15, 1], "uv_size": [1.25, 0.25]},
								"east": {"uv": [17, 16], "uv_size": [0.5, 0.25]},
								"south": {"uv": [2, 15], "uv_size": [1.25, 0.25]},
								"west": {"uv": [17, 17], "uv_size": [0.5, 0.25]},
								"up": {"uv": [11, 5], "uv_size": [1.25, 0.5]},
								"down": {"uv": [11, 6.5], "uv_size": [1.25, -0.5]}
							}
						},
						{
							"origin": [-0.6, -0.13988, 1.72177],
							"size": [1.2, 0.333, 0.6],
							"uv": {
								"north": {"uv": [4, 15], "uv_size": [1.25, 0.25]},
								"east": {"uv": [0, 18], "uv_size": [0.5, 0.25]},
								"south": {"uv": [15, 4], "uv_size": [1.25, 0.25]},
								"west": {"uv": [18, 0], "uv_size": [0.5, 0.25]},
								"up": {"uv": [11, 7], "uv_size": [1.25, 0.5]},
								"down": {"uv": [9, 11.5], "uv_size": [1.25, -0.5]}
							}
						},
						{
							"origin": [-0.6, -1.9546, 2.12221],
							"size": [1.2, 1.92802, 0.24299],
							"pivot": [0, 0.03992, 2.02221],
							"rotation": [-20, 0, 0],
							"uv": {
								"north": {"uv": [3, 4], "uv_size": [1.25, 2]},
								"east": {"uv": [4, 11], "uv_size": [0.25, 2]},
								"south": {"uv": [5, 0], "uv_size": [1.25, 2]},
								"west": {"uv": [9, 12], "uv_size": [0.25, 2]},
								"up": {"uv": [15, 7], "uv_size": [1.25, 0.25]},
								"down": {"uv": [15, 8.25], "uv_size": [1.25, -0.25]}
							}
						},
						{
							"origin": [-0.49142, -1.32658, 2.01363],
							"size": [0.98284, 1.3, 0.35157],
							"pivot": [0, 0.03992, 2.02221],
							"rotation": [-20, 0, 0],
							"uv": {
								"north": {"uv": [7, 0], "uv_size": [1, 1.25]},
								"east": {"uv": [16, 2], "uv_size": [0.25, 1.25]},
								"south": {"uv": [7, 2], "uv_size": [1, 1.25]},
								"west": {"uv": [4, 16], "uv_size": [0.25, 1.25]},
								"up": {"uv": [2, 17], "uv_size": [1, 0.25]},
								"down": {"uv": [17, 2.25], "uv_size": [1, -0.25]}
							}
						},
						{
							"origin": [-0.6, -1.95162, 1.23003],
							"size": [1.2, 0.6827, 0.43232],
							"uv": {
								"north": {"uv": [1, 8], "uv_size": [1.25, 0.75]},
								"east": {"uv": [2, 14], "uv_size": [0.5, 0.75]},
								"south": {"uv": [3, 8], "uv_size": [1.25, 0.75]},
								"west": {"uv": [5, 14], "uv_size": [0.5, 0.75]},
								"up": {"uv": [12, 0], "uv_size": [1.25, 0.5]},
								"down": {"uv": [2, 12.5], "uv_size": [1.25, -0.5]}
							}
						},
						{
							"origin": [-0.49142, -1.26033, 1.23003],
							"size": [0.98284, 0.1, 0.53232],
							"uv": {
								"north": {"uv": [3, 17], "uv_size": [1, 0.25]},
								"east": {"uv": [16, 18], "uv_size": [0.5, 0.25]},
								"south": {"uv": [17, 3], "uv_size": [1, 0.25]},
								"west": {"uv": [18, 16], "uv_size": [0.5, 0.25]},
								"up": {"uv": [10, 13], "uv_size": [1, 0.5]},
								"down": {"uv": [13, 10.5], "uv_size": [1, -0.5]}
							}
						},
						{
							"origin": [-0.6, -0.49333, -0.49284],
							"size": [1.2, 0.35345, 0.81461],
							"uv": {
								"north": {"uv": [9, 15], "uv_size": [1.25, 0.25]},
								"east": {"uv": [17, 4], "uv_size": [0.75, 0.25]},
								"south": {"uv": [11, 15], "uv_size": [1.25, 0.25]},
								"west": {"uv": [5, 17], "uv_size": [0.75, 0.25]},
								"up": {"uv": [5, 8], "uv_size": [1.25, 0.75]},
								"down": {"uv": [7, 8.75], "uv_size": [1.25, -0.75]}
							}
						},
						{
							"origin": [-0.49142, -0.49333, 0.43036],
							"size": [0.98284, 0.4, 0],
							"uv": {
								"north": {"uv": [11, 13], "uv_size": [1, 0.5]},
								"east": {"uv": [0, 0], "uv_size": [0, 0.5]},
								"south": {"uv": [13, 11], "uv_size": [1, 0.5]},
								"west": {"uv": [0, 0], "uv_size": [0, 0.5]},
								"up": {"uv": [0, 0], "uv_size": [1, 0]},
								"down": {"uv": [1, 0], "uv_size": [-1, 0]}
							}
						},
						{
							"origin": [-0.6, -0.72958, -0.76159],
							"size": [1.2, 0.25845, 0.71301],
							"pivot": [0, -0.3166, -0.08554],
							"rotation": [-45, 0, 0],
							"uv": {
								"north": {"uv": [15, 12], "uv_size": [1.25, 0.25]},
								"east": {"uv": [17, 5], "uv_size": [0.75, 0.25]},
								"south": {"uv": [13, 15], "uv_size": [1.25, 0.25]},
								"west": {"uv": [6, 17], "uv_size": [0.75, 0.25]},
								"up": {"uv": [9, 0], "uv_size": [1.25, 0.75]},
								"down": {"uv": [1, 9.75], "uv_size": [1.25, -0.75]}
							}
						},
						{
							"origin": [-0.49142, -1.28976, -0.29178],
							"size": [0.98284, 0.35845, 1.64875],
							"pivot": [0, -1.21139, 1.02972],
							"rotation": [-40, 0, 0],
							"uv": {
								"north": {"uv": [16, 6], "uv_size": [1, 0.25]},
								"east": {"uv": [12, 13], "uv_size": [1.75, 0.25]},
								"south": {"uv": [7, 16], "uv_size": [1, 0.25]},
								"west": {"uv": [13, 12], "uv_size": [1.75, 0.25]},
								"up": {"uv": [3, 6], "uv_size": [1, 1.75]},
								"down": {"uv": [4, 7.75], "uv_size": [1, -1.75]}
							}
						},
						{
							"origin": [-0.6, -1.28976, -0.29178],
							"size": [1.2, 0.24987, 1.64875],
							"pivot": [0, -1.21139, 1.02972],
							"rotation": [-40, 0, 0],
							"uv": {
								"north": {"uv": [16, 0], "uv_size": [1.25, 0.25]},
								"east": {"uv": [14, 2], "uv_size": [1.75, 0.25]},
								"south": {"uv": [2, 16], "uv_size": [1.25, 0.25]},
								"west": {"uv": [14, 3], "uv_size": [1.75, 0.25]},
								"up": {"uv": [5, 2], "uv_size": [1.25, 1.75]},
								"down": {"uv": [5, 5.75], "uv_size": [1.25, -1.75]}
							}
						},
						{
							"origin": [-0.52321, -0.03988, -1.67823],
							"size": [1.04642, 0.233, 3.4],
							"uv": {
								"north": {"uv": [5, 16], "uv_size": [1, 0.25]},
								"east": {"uv": [9, 8], "uv_size": [3.5, 0.25]},
								"south": {"uv": [6, 16], "uv_size": [1, 0.25]},
								"west": {"uv": [9, 9], "uv_size": [3.5, 0.25]},
								"up": {"uv": [1, 4], "uv_size": [1, 3.5]},
								"down": {"uv": [2, 7.5], "uv_size": [1, -3.5]}
							}
						},
						{
							"origin": [-0.6, -0.53707, -2.27823],
							"size": [1.2, 0.39719, 0.31295],
							"uv": {
								"north": {"uv": [2, 11], "uv_size": [1.25, 0.5]},
								"east": {"uv": [17, 15], "uv_size": [0.25, 0.5]},
								"south": {"uv": [11, 4], "uv_size": [1.25, 0.5]},
								"west": {"uv": [16, 17], "uv_size": [0.25, 0.5]},
								"up": {"uv": [14, 13], "uv_size": [1.25, 0.25]},
								"down": {"uv": [0, 15.25], "uv_size": [1.25, -0.25]}
							}
						},
						{
							"origin": [-0.6, -0.34969, -2.31573],
							"size": [1.2, 0.30981, 0.5741],
							"pivot": [0, -0.13988, -1.97823],
							"rotation": [60, 0, 0],
							"uv": {
								"north": {"uv": [15, 5], "uv_size": [1.25, 0.25]},
								"east": {"uv": [1, 18], "uv_size": [0.5, 0.25]},
								"south": {"uv": [6, 15], "uv_size": [1.25, 0.25]},
								"west": {"uv": [18, 1], "uv_size": [0.5, 0.25]},
								"up": {"uv": [11, 11], "uv_size": [1.25, 0.5]},
								"down": {"uv": [0, 12.5], "uv_size": [1.25, -0.5]}
							}
						}
					]
				}
			]
		}
	]
}