{
	"format_version": "1.12.0",
	"minecraft:geometry": [
		{
			"description": {
				"identifier": "geometry.hk_mp5a5 - Converted",
				"texture_width": 32,
				"texture_height": 32,
				"visible_bounds_width": 4,
				"visible_bounds_height": 2.5,
				"visible_bounds_offset": [0, 0.75, 0]
			},
			"bones": [
				{
					"name": "grip",
					"pivot": [0, 0, 1.1763],
					"cubes": [
						{
							"origin": [-0.5, 0, -2.6237],
							"size": [1, 0.2, 4.8],
							"uv": {
								"north": {"uv": [20, 20], "uv_size": [1, 0.25]},
								"east": {"uv": [8, 9], "uv_size": [4.75, 0.25]},
								"south": {"uv": [0, 21], "uv_size": [1, 0.25]},
								"west": {"uv": [0, 10], "uv_size": [4.75, 0.25]},
								"up": {"uv": [2, 5], "uv_size": [1, 4.75]},
								"down": {"uv": [3, 9.75], "uv_size": [1, -4.75]}
							}
						},
						{
							"origin": [-0.64142, -0.1, -2.6237],
							"size": [1.28284, 0.15858, 4.8],
							"inflate": 0.001,
							"uv": {
								"north": {"uv": [6, 17], "uv_size": [1.25, 0.25]},
								"east": {"uv": [10, 8], "uv_size": [4.75, 0.25]},
								"south": {"uv": [17, 12], "uv_size": [1.25, 0.25]},
								"west": {"uv": [11, 2], "uv_size": [4.75, 0.25]},
								"up": {"uv": [0, 0], "uv_size": [1.25, 4.75]},
								"down": {"uv": [2, 4.75], "uv_size": [1.25, -4.75]}
							}
						},
						{
							"origin": [-0.64142, -2.39706, 0.45684],
							"size": [1.28284, 0.15858, 1.2],
							"pivot": [0, -2.31777, 2.95684],
							"rotation": [-70, 0, 0],
							"uv": {
								"north": {"uv": [17, 13], "uv_size": [1.25, 0.25]},
								"east": {"uv": [15, 17], "uv_size": [1.25, 0.25]},
								"south": {"uv": [17, 16], "uv_size": [1.25, 0.25]},
								"west": {"uv": [17, 17], "uv_size": [1.25, 0.25]},
								"up": {"uv": [8, 0], "uv_size": [1.25, 1.25]},
								"down": {"uv": [8, 3.25], "uv_size": [1.25, -1.25]}
							}
						},
						{
							"origin": [-0.64142, -1.42754, 1.44975],
							"size": [1.28284, 0.15858, 1.2],
							"pivot": [0, -1.34825, 2.04975],
							"rotation": [-145, 0, 0],
							"uv": {
								"north": {"uv": [0, 18], "uv_size": [1.25, 0.25]},
								"east": {"uv": [2, 18], "uv_size": [1.25, 0.25]},
								"south": {"uv": [18, 2], "uv_size": [1.25, 0.25]},
								"west": {"uv": [18, 3], "uv_size": [1.25, 0.25]},
								"up": {"uv": [4, 8], "uv_size": [1.25, 1.25]},
								"down": {"uv": [8, 5.25], "uv_size": [1.25, -1.25]}
							}
						},
						{
							"origin": [-0.64142, -1.75734, 1.20374],
							"size": [1.28284, 0.15857, 0.4],
							"uv": {
								"north": {"uv": [18, 6], "uv_size": [1.25, 0.25]},
								"east": {"uv": [13, 22], "uv_size": [0.5, 0.25]},
								"south": {"uv": [18, 7], "uv_size": [1.25, 0.25]},
								"west": {"uv": [22, 13], "uv_size": [0.5, 0.25]},
								"up": {"uv": [14, 14], "uv_size": [1.25, 0.5]},
								"down": {"uv": [15, 0.5], "uv_size": [1.25, -0.5]}
							}
						},
						{
							"origin": [-0.64142, -1.62674, 1.23354],
							"size": [1.28284, 0.2992, 0.3],
							"pivot": [0, -1.47714, 1.28354],
							"rotation": [-75, 0, 0],
							"uv": {
								"north": {"uv": [8, 18], "uv_size": [1.25, 0.25]},
								"east": {"uv": [23, 9], "uv_size": [0.25, 0.25]},
								"south": {"uv": [18, 8], "uv_size": [1.25, 0.25]},
								"west": {"uv": [10, 23], "uv_size": [0.25, 0.25]},
								"up": {"uv": [18, 9], "uv_size": [1.25, 0.25]},
								"down": {"uv": [10, 18.25], "uv_size": [1.25, -0.25]}
							}
						},
						{
							"origin": [-0.64142, -1.62674, 0.93354],
							"size": [1.28284, 0.15857, 0.3],
							"pivot": [0, -1.47714, 1.28354],
							"rotation": [-75, 0, 0],
							"uv": {
								"north": {"uv": [18, 10], "uv_size": [1.25, 0.25]},
								"east": {"uv": [23, 10], "uv_size": [0.25, 0.25]},
								"south": {"uv": [18, 11], "uv_size": [1.25, 0.25]},
								"west": {"uv": [11, 23], "uv_size": [0.25, 0.25]},
								"up": {"uv": [12, 18], "uv_size": [1.25, 0.25]},
								"down": {"uv": [14, 18.25], "uv_size": [1.25, -0.25]}
							}
						},
						{
							"origin": [-0.64142, -0.28145, -0.02676],
							"size": [1.28284, 0.22108, 0.28437],
							"pivot": [0, -0.20216, 0.20136],
							"rotation": [-120, 0, 0],
							"uv": {
								"north": {"uv": [19, 1], "uv_size": [1.25, 0.25]},
								"east": {"uv": [23, 11], "uv_size": [0.25, 0.25]},
								"south": {"uv": [2, 19], "uv_size": [1.25, 0.25]},
								"west": {"uv": [12, 23], "uv_size": [0.25, 0.25]},
								"up": {"uv": [4, 19], "uv_size": [1.25, 0.25]},
								"down": {"uv": [19, 4.25], "uv_size": [1.25, -0.25]}
							}
						},
						{
							"origin": [-0.64142, -0.22265, 1.89796],
							"size": [1.28284, 0.14296, 0.34687],
							"pivot": [0, -0.14336, 2.07139],
							"rotation": [-40, 0, 0],
							"uv": {
								"north": {"uv": [19, 5], "uv_size": [1.25, 0.25]},
								"east": {"uv": [23, 12], "uv_size": [0.25, 0.25]},
								"south": {"uv": [6, 19], "uv_size": [1.25, 0.25]},
								"west": {"uv": [13, 23], "uv_size": [0.25, 0.25]},
								"up": {"uv": [8, 19], "uv_size": [1.25, 0.25]},
								"down": {"uv": [10, 19.25], "uv_size": [1.25, -0.25]}
							}
						},
						{
							"origin": [-0.64142, -0.98957, 2.20856],
							"size": [1.28284, 0.11171, 0.28437],
							"pivot": [0, -0.94934, 2.36637],
							"rotation": [-90, 0, 0],
							"uv": {
								"north": {"uv": [12, 19], "uv_size": [1.25, 0.25]},
								"east": {"uv": [23, 13], "uv_size": [0.25, 0.25]},
								"south": {"uv": [19, 12], "uv_size": [1.25, 0.25]},
								"west": {"uv": [14, 23], "uv_size": [0.25, 0.25]},
								"up": {"uv": [19, 13], "uv_size": [1.25, 0.25]},
								"down": {"uv": [14, 19.25], "uv_size": [1.25, -0.25]}
							}
						},
						{
							"origin": [-0.64142, -1.58957, 1.43981],
							"size": [1.28284, 0.16483, 0.39062],
							"uv": {
								"north": {"uv": [16, 19], "uv_size": [1.25, 0.25]},
								"east": {"uv": [14, 22], "uv_size": [0.5, 0.25]},
								"south": {"uv": [19, 16], "uv_size": [1.25, 0.25]},
								"west": {"uv": [22, 14], "uv_size": [0.5, 0.25]},
								"up": {"uv": [15, 1], "uv_size": [1.25, 0.5]},
								"down": {"uv": [5, 15.5], "uv_size": [1.25, -0.5]}
							}
						},
						{
							"origin": [-0.64142, -1.3563, 0.63554],
							"size": [1.28284, 0.15858, 2.4],
							"pivot": [0, -1.27701, 1.23554],
							"rotation": [135, 0, 0],
							"uv": {
								"north": {"uv": [4, 18], "uv_size": [1.25, 0.25]},
								"east": {"uv": [14, 12], "uv_size": [2.5, 0.25]},
								"south": {"uv": [6, 18], "uv_size": [1.25, 0.25]},
								"west": {"uv": [14, 13], "uv_size": [2.5, 0.25]},
								"up": {"uv": [4, 5], "uv_size": [1.25, 2.5]},
								"down": {"uv": [6, 2.5], "uv_size": [1.25, -2.5]}
							}
						},
						{
							"origin": [-0.57348, -1.01595, -0.09534],
							"size": [1.14696, 0.29445, 2.3],
							"pivot": [0, -0.90079, 0.90466],
							"rotation": [135, 0, 0],
							"uv": {
								"north": {"uv": [19, 17], "uv_size": [1.25, 0.25]},
								"east": {"uv": [16, 4], "uv_size": [2.25, 0.25]},
								"south": {"uv": [18, 19], "uv_size": [1.25, 0.25]},
								"west": {"uv": [16, 5], "uv_size": [2.25, 0.25]},
								"up": {"uv": [6, 3], "uv_size": [1.25, 2.25]},
								"down": {"uv": [6, 8.25], "uv_size": [1.25, -2.25]}
							}
						},
						{
							"origin": [-0.57348, -1.06462, -0.24272],
							"size": [1.14696, 0.1452, 0.56864],
							"pivot": [0, -0.81739, 0.77592],
							"rotation": [105, 0, 0],
							"uv": {
								"north": {"uv": [20, 14], "uv_size": [1.25, 0.25]},
								"east": {"uv": [23, 6], "uv_size": [0.5, 0.25]},
								"south": {"uv": [20, 15], "uv_size": [1.25, 0.25]},
								"west": {"uv": [7, 23], "uv_size": [0.5, 0.25]},
								"up": {"uv": [16, 3], "uv_size": [1.25, 0.5]},
								"down": {"uv": [4, 16.5], "uv_size": [1.25, -0.5]}
							}
						},
						{
							"origin": [-0.57348, -0.36462, -3.62348],
							"size": [1.14696, 0.11003, 0.8494],
							"pivot": [0, -0.11739, -2.72408],
							"rotation": [110, 0, 0],
							"uv": {
								"north": {"uv": [16, 20], "uv_size": [1.25, 0.25]},
								"east": {"uv": [11, 22], "uv_size": [0.75, 0.25]},
								"south": {"uv": [18, 20], "uv_size": [1.25, 0.25]},
								"west": {"uv": [22, 11], "uv_size": [0.75, 0.25]},
								"up": {"uv": [8, 14], "uv_size": [1.25, 0.75]},
								"down": {"uv": [14, 10.75], "uv_size": [1.25, -0.75]}
							}
						},
						{
							"origin": [-0.57348, -0.36462, -1.37332],
							"size": [1.14696, 0.11346, 0.84815],
							"pivot": [0, -0.11739, -1.42332],
							"rotation": [-110, 0, 0],
							"uv": {
								"north": {"uv": [20, 18], "uv_size": [1.25, 0.25]},
								"east": {"uv": [12, 22], "uv_size": [0.75, 0.25]},
								"south": {"uv": [20, 19], "uv_size": [1.25, 0.25]},
								"west": {"uv": [22, 12], "uv_size": [0.75, 0.25]},
								"up": {"uv": [14, 11], "uv_size": [1.25, 0.75]},
								"down": {"uv": [12, 14.75], "uv_size": [1.25, -0.75]}
							}
						},
						{
							"origin": [-0.57348, -0.17616, 1.0353],
							"size": [1.14696, 0.2, 0.26941],
							"pivot": [0, -0.82873, 0.8353],
							"rotation": [60, 0, 0],
							"uv": {
								"north": {"uv": [20, 10], "uv_size": [1.25, 0.25]},
								"east": {"uv": [11, 24], "uv_size": [0.25, 0.25]},
								"south": {"uv": [20, 11], "uv_size": [1.25, 0.25]},
								"west": {"uv": [24, 11], "uv_size": [0.25, 0.25]},
								"up": {"uv": [12, 20], "uv_size": [1.25, 0.25]},
								"down": {"uv": [14, 20.25], "uv_size": [1.25, -0.25]}
							}
						},
						{
							"origin": [-0.57348, -0.30066, -0.26921],
							"size": [1.14696, 0.08519, 0.50451],
							"pivot": [0, -0.82873, 0.8353],
							"rotation": [180, 0, 0],
							"uv": {
								"north": {"uv": [0, 20], "uv_size": [1.25, 0.25]},
								"east": {"uv": [23, 4], "uv_size": [0.5, 0.25]},
								"south": {"uv": [2, 20], "uv_size": [1.25, 0.25]},
								"west": {"uv": [5, 23], "uv_size": [0.5, 0.25]},
								"up": {"uv": [14, 15], "uv_size": [1.25, 0.5]},
								"down": {"uv": [0, 16.5], "uv_size": [1.25, -0.5]}
							}
						},
						{
							"origin": [-0.57348, -1.47173, 0.73284],
							"size": [1.14696, 0.11493, 0.90697],
							"pivot": [0, -1.4494, 1.68755],
							"rotation": [-145, 0, 0],
							"uv": {
								"north": {"uv": [20, 2], "uv_size": [1.25, 0.25]},
								"east": {"uv": [21, 12], "uv_size": [1, 0.25]},
								"south": {"uv": [20, 3], "uv_size": [1.25, 0.25]},
								"west": {"uv": [13, 21], "uv_size": [1, 0.25]},
								"up": {"uv": [8, 6], "uv_size": [1.25, 1]},
								"down": {"uv": [8, 8], "uv_size": [1.25, -1]}
							}
						},
						{
							"origin": [-0.57348, -1.05076, 1.50351],
							"size": [1.14696, 0.11754, 0.46826],
							"pivot": [0, -1.19068, 2.11829],
							"rotation": [-90, 0, 0],
							"uv": {
								"north": {"uv": [4, 20], "uv_size": [1.25, 0.25]},
								"east": {"uv": [23, 5], "uv_size": [0.5, 0.25]},
								"south": {"uv": [6, 20], "uv_size": [1.25, 0.25]},
								"west": {"uv": [6, 23], "uv_size": [0.5, 0.25]},
								"up": {"uv": [2, 16], "uv_size": [1.25, 0.5]},
								"down": {"uv": [16, 2.5], "uv_size": [1.25, -0.5]}
							}
						},
						{
							"origin": [-0.57348, -0.87166, 1.45263],
							"size": [1.14696, 0.1204, 1.09848],
							"pivot": [0, -0.81003, 2.31698],
							"rotation": [-70, 0, 0],
							"uv": {
								"north": {"uv": [20, 6], "uv_size": [1.25, 0.25]},
								"east": {"uv": [21, 13], "uv_size": [1, 0.25]},
								"south": {"uv": [20, 7], "uv_size": [1.25, 0.25]},
								"west": {"uv": [14, 21], "uv_size": [1, 0.25]},
								"up": {"uv": [8, 8], "uv_size": [1.25, 1]},
								"down": {"uv": [6, 10], "uv_size": [1.25, -1]}
							}
						},
						{
							"origin": [-0.57348, -0.46512, 1.69137],
							"size": [1.14696, 0.0109, 0.66573],
							"pivot": [0, -0.51442, 2.20786],
							"rotation": [-40, 0, 0],
							"uv": {
								"north": {"uv": [8, 20], "uv_size": [1.25, 0.25]},
								"east": {"uv": [10, 22], "uv_size": [0.75, 0.25]},
								"south": {"uv": [20, 8], "uv_size": [1.25, 0.25]},
								"west": {"uv": [22, 10], "uv_size": [0.75, 0.25]},
								"up": {"uv": [12, 13], "uv_size": [1.25, 0.75]},
								"down": {"uv": [6, 14.75], "uv_size": [1.25, -0.75]}
							}
						},
						{
							"origin": [-0.57348, -0.16794, -2.6237],
							"size": [1.14696, 0.11895, 4.7],
							"uv": {
								"north": {"uv": [20, 9], "uv_size": [1.25, 0.25]},
								"east": {"uv": [11, 6], "uv_size": [4.75, 0.25]},
								"south": {"uv": [10, 20], "uv_size": [1.25, 0.25]},
								"west": {"uv": [6, 12], "uv_size": [4.75, 0.25]},
								"up": {"uv": [4, 0], "uv_size": [1.25, 4.75]},
								"down": {"uv": [0, 9.75], "uv_size": [1.25, -4.75]}
							}
						},
						{
							"origin": [0.69038, -1.09454, -0.61372],
							"size": [0.08284, 0.09608, 2.4],
							"pivot": [0.1318, -1.07775, 0.58628],
							"rotation": [144.73561, -30, -35.26439],
							"uv": {
								"north": {"uv": [23, 14], "uv_size": [0.25, 0.25]},
								"east": {"uv": [7, 15], "uv_size": [2.5, 0.25]},
								"south": {"uv": [15, 23], "uv_size": [0.25, 0.25]},
								"west": {"uv": [15, 7], "uv_size": [2.5, 0.25]},
								"up": {"uv": [10, 13], "uv_size": [0.25, 2.5]},
								"down": {"uv": [11, 17.5], "uv_size": [0.25, -2.5]}
							}
						},
						{
							"origin": [0.53674, -1.4681, 3.33981],
							"size": [0.08284, 0.09608, 0.5],
							"pivot": [0.57816, -1.42006, 2.63981],
							"rotation": [180, 0, -45],
							"uv": {
								"north": {"uv": [23, 15], "uv_size": [0.25, 0.25]},
								"east": {"uv": [15, 22], "uv_size": [0.5, 0.25]},
								"south": {"uv": [16, 23], "uv_size": [0.25, 0.25]},
								"west": {"uv": [22, 15], "uv_size": [0.5, 0.25]},
								"up": {"uv": [16, 22], "uv_size": [0.25, 0.5]},
								"down": {"uv": [22, 16.5], "uv_size": [0.25, -0.5]}
							}
						},
						{
							"origin": [0.53674, -1.12675, 2.0383],
							"size": [0.08284, 0.09608, 0.9],
							"pivot": [0.57816, -1.07871, 2.2883],
							"rotation": [-153.659, 23.92746, -39.32269],
							"uv": {
								"north": {"uv": [23, 16], "uv_size": [0.25, 0.25]},
								"east": {"uv": [21, 0], "uv_size": [1, 0.25]},
								"south": {"uv": [17, 23], "uv_size": [0.25, 0.25]},
								"west": {"uv": [1, 21], "uv_size": [1, 0.25]},
								"up": {"uv": [21, 1], "uv_size": [0.25, 1]},
								"down": {"uv": [2, 22], "uv_size": [0.25, -1]}
							}
						},
						{
							"origin": [0.53674, -0.67394, 2.27146],
							"size": [0.08284, 0.09608, 0.5],
							"pivot": [0.57816, -0.6259, 2.32146],
							"rotation": [-90, 45, 0],
							"uv": {
								"north": {"uv": [23, 17], "uv_size": [0.25, 0.25]},
								"east": {"uv": [17, 22], "uv_size": [0.5, 0.25]},
								"south": {"uv": [18, 23], "uv_size": [0.25, 0.25]},
								"west": {"uv": [22, 17], "uv_size": [0.5, 0.25]},
								"up": {"uv": [18, 22], "uv_size": [0.25, 0.5]},
								"down": {"uv": [22, 18.5], "uv_size": [0.25, -0.5]}
							}
						},
						{
							"origin": [0.53674, -0.33123, -2.70041],
							"size": [0.08284, 0.09607, 0.9],
							"pivot": [0.57816, -0.2832, -2.45041],
							"rotation": [-62.76369, 41.64114, 18.88172],
							"uv": {
								"north": {"uv": [23, 18], "uv_size": [0.25, 0.25]},
								"east": {"uv": [3, 21], "uv_size": [1, 0.25]},
								"south": {"uv": [19, 23], "uv_size": [0.25, 0.25]},
								"west": {"uv": [4, 21], "uv_size": [1, 0.25]},
								"up": {"uv": [21, 4], "uv_size": [0.25, 1]},
								"down": {"uv": [5, 22], "uv_size": [0.25, -1]}
							}
						},
						{
							"origin": [-0.61958, -0.33123, -2.70041],
							"size": [0.08284, 0.09607, 0.9],
							"pivot": [-0.57816, -0.2832, -2.45041],
							"rotation": [-62.76369, -41.64114, -18.88172],
							"uv": {
								"north": {"uv": [19, 24], "uv_size": [0.25, 0.25]},
								"east": {"uv": [5, 22], "uv_size": [1, 0.25]},
								"south": {"uv": [24, 19], "uv_size": [0.25, 0.25]},
								"west": {"uv": [22, 5], "uv_size": [1, 0.25]},
								"up": {"uv": [6, 22], "uv_size": [0.25, 1]},
								"down": {"uv": [22, 7], "uv_size": [0.25, -1]}
							}
						},
						{
							"origin": [0.53674, -0.28022, 1.85839],
							"size": [0.08284, 0.09608, 0.9],
							"pivot": [0.57816, -0.23218, 2.10839],
							"rotation": [-62.76369, 41.64114, 18.88172],
							"uv": {
								"north": {"uv": [18, 24], "uv_size": [0.25, 0.25]},
								"east": {"uv": [3, 22], "uv_size": [1, 0.25]},
								"south": {"uv": [24, 18], "uv_size": [0.25, 0.25]},
								"west": {"uv": [22, 3], "uv_size": [1, 0.25]},
								"up": {"uv": [4, 22], "uv_size": [0.25, 1]},
								"down": {"uv": [22, 5], "uv_size": [0.25, -1]}
							}
						},
						{
							"origin": [0.53674, -0.42983, -0.22843],
							"size": [0.08284, 0.09607, 1.9],
							"pivot": [0.57816, -0.3818, 0.22157],
							"rotation": [-35.26439, 30, 35.26439],
							"uv": {
								"north": {"uv": [12, 24], "uv_size": [0.25, 0.25]},
								"east": {"uv": [6, 16], "uv_size": [2, 0.25]},
								"south": {"uv": [24, 12], "uv_size": [0.25, 0.25]},
								"west": {"uv": [16, 6], "uv_size": [2, 0.25]},
								"up": {"uv": [8, 16], "uv_size": [0.25, 2]},
								"down": {"uv": [9, 18], "uv_size": [0.25, -2]}
							}
						},
						{
							"origin": [0.53674, -0.88897, 1.10334],
							"size": [0.08284, 0.09608, 0.8],
							"pivot": [0.57816, -0.84093, 0.95334],
							"rotation": [-69.24643, 43.07952, 14.51082],
							"uv": {
								"north": {"uv": [14, 24], "uv_size": [0.25, 0.25]},
								"east": {"uv": [15, 21], "uv_size": [1, 0.25]},
								"south": {"uv": [24, 14], "uv_size": [0.25, 0.25]},
								"west": {"uv": [16, 21], "uv_size": [1, 0.25]},
								"up": {"uv": [21, 16], "uv_size": [0.25, 1]},
								"down": {"uv": [17, 22], "uv_size": [0.25, -1]}
							}
						},
						{
							"origin": [-0.61958, -0.88897, 1.10334],
							"size": [0.08284, 0.09608, 0.8],
							"pivot": [-0.57816, -0.84093, 0.95334],
							"rotation": [-69.24643, -43.07952, -14.51082],
							"uv": {
								"north": {"uv": [15, 24], "uv_size": [0.25, 0.25]},
								"east": {"uv": [21, 17], "uv_size": [1, 0.25]},
								"south": {"uv": [24, 15], "uv_size": [0.25, 0.25]},
								"west": {"uv": [18, 21], "uv_size": [1, 0.25]},
								"up": {"uv": [19, 21], "uv_size": [0.25, 1]},
								"down": {"uv": [20, 22], "uv_size": [0.25, -1]}
							}
						},
						{
							"origin": [-0.61958, -0.42983, -0.22843],
							"size": [0.08284, 0.09607, 1.9],
							"pivot": [-0.57816, -0.3818, 0.22157],
							"rotation": [-35.26439, -30, -35.26439],
							"uv": {
								"north": {"uv": [13, 24], "uv_size": [0.25, 0.25]},
								"east": {"uv": [16, 10], "uv_size": [2, 0.25]},
								"south": {"uv": [24, 13], "uv_size": [0.25, 0.25]},
								"west": {"uv": [16, 11], "uv_size": [2, 0.25]},
								"up": {"uv": [10, 16], "uv_size": [0.25, 2]},
								"down": {"uv": [14, 18], "uv_size": [0.25, -2]}
							}
						},
						{
							"origin": [0.53674, -0.43349, 1.77928],
							"size": [0.08284, 0.09608, 0.4],
							"pivot": [0.57816, -0.38545, 2.22928],
							"rotation": [-30.68206, 27.03402, 37.45372],
							"uv": {
								"north": {"uv": [23, 19], "uv_size": [0.25, 0.25]},
								"east": {"uv": [19, 22], "uv_size": [0.5, 0.25]},
								"south": {"uv": [20, 23], "uv_size": [0.25, 0.25]},
								"west": {"uv": [22, 19], "uv_size": [0.5, 0.25]},
								"up": {"uv": [20, 22], "uv_size": [0.25, 0.5]},
								"down": {"uv": [22, 20.5], "uv_size": [0.25, -0.5]}
							}
						},
						{
							"origin": [0.53674, -0.15272, -2.6237],
							"size": [0.08284, 0.09608, 4.7],
							"pivot": [0.57816, -0.10468, 2.2763],
							"rotation": [0, 0, 45],
							"uv": {
								"north": {"uv": [23, 20], "uv_size": [0.25, 0.25]},
								"east": {"uv": [11, 3], "uv_size": [4.75, 0.25]},
								"south": {"uv": [21, 23], "uv_size": [0.25, 0.25]},
								"west": {"uv": [11, 4], "uv_size": [4.75, 0.25]},
								"up": {"uv": [2, 11], "uv_size": [0.25, 4.75]},
								"down": {"uv": [3, 15.75], "uv_size": [0.25, -4.75]}
							}
						},
						{
							"origin": [0.53674, -0.28554, 0.25008],
							"size": [0.08284, 0.09608, 0.3],
							"pivot": [0.57816, -0.2375, 0.35008],
							"rotation": [50.76848, -37.76124, 26.56505],
							"uv": {
								"north": {"uv": [23, 21], "uv_size": [0.25, 0.25]},
								"east": {"uv": [22, 23], "uv_size": [0.25, 0.25]},
								"south": {"uv": [23, 22], "uv_size": [0.25, 0.25]},
								"west": {"uv": [23, 23], "uv_size": [0.25, 0.25]},
								"up": {"uv": [0, 24], "uv_size": [0.25, 0.25]},
								"down": {"uv": [24, 0.25], "uv_size": [0.25, -0.25]}
							}
						},
						{
							"origin": [0.53674, -0.84807, -1.98145],
							"size": [0.08284, 0.09608, 0.9],
							"pivot": [0.57816, -0.80003, -1.88145],
							"rotation": [62.76369, -41.64114, 18.88172],
							"uv": {
								"north": {"uv": [16, 24], "uv_size": [0.25, 0.25]},
								"east": {"uv": [21, 20], "uv_size": [1, 0.25]},
								"south": {"uv": [24, 16], "uv_size": [0.25, 0.25]},
								"west": {"uv": [21, 21], "uv_size": [1, 0.25]},
								"up": {"uv": [0, 22], "uv_size": [0.25, 1]},
								"down": {"uv": [22, 1], "uv_size": [0.25, -1]}
							}
						},
						{
							"origin": [-0.61958, -0.84807, -1.98145],
							"size": [0.08284, 0.09608, 0.9],
							"pivot": [-0.57816, -0.80003, -1.88145],
							"rotation": [62.76369, 41.64114, -18.88172],
							"uv": {
								"north": {"uv": [17, 24], "uv_size": [0.25, 0.25]},
								"east": {"uv": [1, 22], "uv_size": [1, 0.25]},
								"south": {"uv": [24, 17], "uv_size": [0.25, 0.25]},
								"west": {"uv": [22, 1], "uv_size": [1, 0.25]},
								"up": {"uv": [2, 22], "uv_size": [0.25, 1]},
								"down": {"uv": [22, 3], "uv_size": [0.25, -1]}
							}
						},
						{
							"origin": [-0.61958, -0.43349, 1.77928],
							"size": [0.08284, 0.09608, 0.4],
							"pivot": [-0.57816, -0.38545, 2.22928],
							"rotation": [-30.68206, -27.03402, -37.45372],
							"uv": {
								"north": {"uv": [10, 24], "uv_size": [0.25, 0.25]},
								"east": {"uv": [23, 2], "uv_size": [0.5, 0.25]},
								"south": {"uv": [24, 10], "uv_size": [0.25, 0.25]},
								"west": {"uv": [3, 23], "uv_size": [0.5, 0.25]},
								"up": {"uv": [23, 3], "uv_size": [0.25, 0.5]},
								"down": {"uv": [4, 23.5], "uv_size": [0.25, -0.5]}
							}
						},
						{
							"origin": [-0.61958, -0.28022, 1.85839],
							"size": [0.08284, 0.09608, 0.9],
							"pivot": [-0.57816, -0.23218, 2.10839],
							"rotation": [-62.76369, -41.64114, -18.88172],
							"uv": {
								"north": {"uv": [9, 24], "uv_size": [0.25, 0.25]},
								"east": {"uv": [9, 21], "uv_size": [1, 0.25]},
								"south": {"uv": [24, 9], "uv_size": [0.25, 0.25]},
								"west": {"uv": [10, 21], "uv_size": [1, 0.25]},
								"up": {"uv": [11, 21], "uv_size": [0.25, 1]},
								"down": {"uv": [12, 22], "uv_size": [0.25, -1]}
							}
						},
						{
							"origin": [-0.61958, -0.67394, 2.27146],
							"size": [0.08284, 0.09608, 0.5],
							"pivot": [-0.57816, -0.6259, 2.32146],
							"rotation": [-90, -45, 0],
							"uv": {
								"north": {"uv": [8, 24], "uv_size": [0.25, 0.25]},
								"east": {"uv": [23, 0], "uv_size": [0.5, 0.25]},
								"south": {"uv": [24, 8], "uv_size": [0.25, 0.25]},
								"west": {"uv": [1, 23], "uv_size": [0.5, 0.25]},
								"up": {"uv": [23, 1], "uv_size": [0.25, 0.5]},
								"down": {"uv": [2, 23.5], "uv_size": [0.25, -0.5]}
							}
						},
						{
							"origin": [-0.61958, -1.12675, 2.0383],
							"size": [0.08284, 0.09608, 0.9],
							"pivot": [-0.57816, -1.07871, 2.2883],
							"rotation": [-153.659, -23.92746, 39.32269],
							"uv": {
								"north": {"uv": [7, 24], "uv_size": [0.25, 0.25]},
								"east": {"uv": [21, 5], "uv_size": [1, 0.25]},
								"south": {"uv": [24, 7], "uv_size": [0.25, 0.25]},
								"west": {"uv": [6, 21], "uv_size": [1, 0.25]},
								"up": {"uv": [7, 21], "uv_size": [0.25, 1]},
								"down": {"uv": [8, 22], "uv_size": [0.25, -1]}
							}
						},
						{
							"origin": [-0.61958, -1.4681, 3.33981],
							"size": [0.08284, 0.09608, 0.5],
							"pivot": [-0.57816, -1.42006, 2.63981],
							"rotation": [180, 0, 45],
							"uv": {
								"north": {"uv": [6, 24], "uv_size": [0.25, 0.25]},
								"east": {"uv": [21, 22], "uv_size": [0.5, 0.25]},
								"south": {"uv": [24, 6], "uv_size": [0.25, 0.25]},
								"west": {"uv": [22, 21], "uv_size": [0.5, 0.25]},
								"up": {"uv": [22, 22], "uv_size": [0.25, 0.5]},
								"down": {"uv": [0, 23.5], "uv_size": [0.25, -0.5]}
							}
						},
						{
							"origin": [-0.77322, -1.09454, -0.61372],
							"size": [0.08284, 0.09608, 2.4],
							"pivot": [-0.1318, -1.07775, 0.58628],
							"rotation": [144.73561, 30, 35.26439],
							"uv": {
								"north": {"uv": [5, 24], "uv_size": [0.25, 0.25]},
								"east": {"uv": [15, 8], "uv_size": [2.5, 0.25]},
								"south": {"uv": [24, 5], "uv_size": [0.25, 0.25]},
								"west": {"uv": [15, 9], "uv_size": [2.5, 0.25]},
								"up": {"uv": [12, 15], "uv_size": [0.25, 2.5]},
								"down": {"uv": [13, 17.5], "uv_size": [0.25, -2.5]}
							}
						},
						{
							"origin": [-0.61958, -0.15272, -2.6237],
							"size": [0.08284, 0.09608, 4.7],
							"pivot": [-0.57816, -0.10468, 2.2763],
							"rotation": [0, 0, -45],
							"uv": {
								"north": {"uv": [4, 24], "uv_size": [0.25, 0.25]},
								"east": {"uv": [11, 5], "uv_size": [4.75, 0.25]},
								"south": {"uv": [24, 4], "uv_size": [0.25, 0.25]},
								"west": {"uv": [6, 11], "uv_size": [4.75, 0.25]},
								"up": {"uv": [4, 11], "uv_size": [0.25, 4.75]},
								"down": {"uv": [11, 14.75], "uv_size": [0.25, -4.75]}
							}
						},
						{
							"origin": [-0.61958, -0.28554, 0.25008],
							"size": [0.08284, 0.09608, 0.3],
							"pivot": [-0.57816, -0.2375, 0.35008],
							"rotation": [50.76848, 37.76124, -26.56505],
							"uv": {
								"north": {"uv": [1, 24], "uv_size": [0.25, 0.25]},
								"east": {"uv": [24, 1], "uv_size": [0.25, 0.25]},
								"south": {"uv": [2, 24], "uv_size": [0.25, 0.25]},
								"west": {"uv": [24, 2], "uv_size": [0.25, 0.25]},
								"up": {"uv": [3, 24], "uv_size": [0.25, 0.25]},
								"down": {"uv": [24, 3.25], "uv_size": [0.25, -0.25]}
							}
						},
						{
							"origin": [-0.64142, -0.411, -2.24489],
							"size": [1.28284, 0.27368, 0.86554],
							"pivot": [0, -0.41974, -1.73872],
							"rotation": [70, 0, 0],
							"uv": {
								"north": {"uv": [18, 14], "uv_size": [1.25, 0.25]},
								"east": {"uv": [7, 22], "uv_size": [0.75, 0.25]},
								"south": {"uv": [18, 15], "uv_size": [1.25, 0.25]},
								"west": {"uv": [22, 7], "uv_size": [0.87109, 0.25]},
								"up": {"uv": [12, 10], "uv_size": [1.25, 0.75]},
								"down": {"uv": [12, 11.75], "uv_size": [1.25, -0.75]}
							}
						},
						{
							"origin": [-0.64142, -0.411, -2.76805],
							"size": [1.28284, 0.27368, 0.86554],
							"pivot": [0, -0.41974, -2.40868],
							"rotation": [-70, 0, 0],
							"uv": {
								"north": {"uv": [19.25, 15], "uv_size": [-1.25, 0.25]},
								"east": {"uv": [7.75, 22], "uv_size": [-0.75, 0.25]},
								"south": {"uv": [19.25, 14], "uv_size": [-1.25, 0.25]},
								"west": {"uv": [22.87109, 7], "uv_size": [-0.87109, 0.25]},
								"up": {"uv": [12, 10.75], "uv_size": [1.25, -0.75]},
								"down": {"uv": [12, 11], "uv_size": [1.25, 0.75]}
							}
						},
						{
							"origin": [-0.64142, -0.89239, -2.2237],
							"size": [1.28284, 0.79239, 0.30365],
							"inflate": 0.001,
							"uv": {
								"north": {"uv": [12, 12], "uv_size": [1.25, 0.75]},
								"east": {"uv": [8, 22], "uv_size": [0.25, 0.75]},
								"south": {"uv": [6, 13], "uv_size": [1.25, 0.75]},
								"west": {"uv": [22, 8], "uv_size": [0.25, 0.75]},
								"up": {"uv": [16, 18], "uv_size": [1.25, 0.25]},
								"down": {"uv": [18, 18.25], "uv_size": [1.25, -0.25]}
							}
						},
						{
							"origin": [-0.48284, 0.3, -2.6237],
							"size": [0.2, 0.22426, 4.8],
							"pivot": [0, 0.1, 1.1763],
							"rotation": [0, 0, -45],
							"uv": {
								"north": {"uv": [23, 7], "uv_size": [0.25, 0.25]},
								"east": {"uv": [10, 0], "uv_size": [4.75, 0.25]},
								"south": {"uv": [8, 23], "uv_size": [0.25, 0.25]},
								"west": {"uv": [10, 1], "uv_size": [4.75, 0.25]},
								"up": {"uv": [10, 2], "uv_size": [0.25, 4.75]},
								"down": {"uv": [5, 14.75], "uv_size": [0.25, -4.75]}
							}
						},
						{
							"origin": [0.28787, 0.31213, -2.6237],
							"size": [0.2, 0.22427, 4.8],
							"pivot": [-0.01213, 0.11213, 1.1763],
							"rotation": [0, 0, 45],
							"uv": {
								"north": {"uv": [23, 8], "uv_size": [0.25, 0.25]},
								"east": {"uv": [6, 10], "uv_size": [4.75, 0.25]},
								"south": {"uv": [9, 23], "uv_size": [0.25, 0.25]},
								"west": {"uv": [10, 7], "uv_size": [4.75, 0.25]},
								"up": {"uv": [0, 11], "uv_size": [0.25, 4.75]},
								"down": {"uv": [1, 15.75], "uv_size": [0.25, -4.75]}
							}
						}
					]
				},
				{
					"name": "deco",
					"parent": "grip",
					"pivot": [0, 0, 1.1763],
					"cubes": [
						{
							"origin": [-0.7, 0.83125, -0.5237],
							"size": [1.4, 0.2, 0.2],
							"pivot": [0, 0.03125, 0.4763],
							"rotation": [45, 0, 0],
							"uv": {
								"north": {"uv": [17, 0], "uv_size": [1.5, 0.25]},
								"east": {"uv": [21.25, 24], "uv_size": [0.5, 0.5]},
								"south": {"uv": [17, 1], "uv_size": [1.5, 0.25]},
								"west": {"uv": [24, 21.25], "uv_size": [0.5, 0.5]},
								"up": {"uv": [2, 17], "uv_size": [1.5, 0.25]},
								"down": {"uv": [4, 17.25], "uv_size": [1.5, -0.25]}
							}
						},
						{
							"origin": [-0.7, 0.83125, 1.4763],
							"size": [1.4, 0.2, 0.2],
							"pivot": [0, 0.03125, 2.4763],
							"rotation": [45, 0, 0],
							"uv": {
								"north": {"uv": [17, 0], "uv_size": [1.5, 0.25]},
								"east": {"uv": [21.25, 24], "uv_size": [0.5, 0.5]},
								"south": {"uv": [17, 1], "uv_size": [1.5, 0.25]},
								"west": {"uv": [24, 21.25], "uv_size": [0.5, 0.5]},
								"up": {"uv": [2, 17], "uv_size": [1.5, 0.25]},
								"down": {"uv": [4, 17.25], "uv_size": [1.5, -0.25]}
							}
						}
					]
				}
			]
		}
	]
}