{
	"format_version": "1.12.0",
	"minecraft:geometry": [
		{
			"description": {
				"identifier": "geometry.hk_mp5a5 - Converted",
				"texture_width": 32,
				"texture_height": 32,
				"visible_bounds_width": 4,
				"visible_bounds_height": 2.5,
				"visible_bounds_offset": [0, 0.75, 0]
			},
			"bones": [
				{
					"name": "grip",
					"pivot": [-0.4375, -0.67881, 4.36442],
					"cubes": [
						{
							"origin": [-0.5, 0.17977, -0.95539],
							"size": [1, 0.14142, 0.5],
							"uv": {
								"north": {"uv": [2, 13], "uv_size": [1, 0.25]},
								"east": {"uv": [15, 1], "uv_size": [0.5, 0.25]},
								"south": {"uv": [3, 13], "uv_size": [1, 0.25]},
								"west": {"uv": [2, 15], "uv_size": [0.5, 0.25]},
								"up": {"uv": [3, 7], "uv_size": [1, 0.5]},
								"down": {"uv": [7, 3.5], "uv_size": [1, -0.5]}
							}
						},
						{
							"origin": [-0.64142, 0.07977, -0.95539],
							"size": [1.28284, 0.1, 0.5],
							"uv": {
								"north": {"uv": [9, 7], "uv_size": [1.25, 0.25]},
								"east": {"uv": [15, 6], "uv_size": [0.5, 0.25]},
								"south": {"uv": [8, 9], "uv_size": [1.25, 0.25]},
								"west": {"uv": [7, 15], "uv_size": [0.5, 0.25]},
								"up": {"uv": [5, 3], "uv_size": [1.25, 0.5]},
								"down": {"uv": [5, 4.5], "uv_size": [1.25, -0.5]}
							}
						},
						{
							"origin": [-0.64142, 0.07977, 1.44461],
							"size": [1.28284, 0.1, 0.2],
							"uv": {
								"north": {"uv": [12, 4], "uv_size": [1.25, 0.25]},
								"east": {"uv": [17, 3], "uv_size": [0.25, 0.25]},
								"south": {"uv": [12, 5], "uv_size": [1.25, 0.25]},
								"west": {"uv": [4, 17], "uv_size": [0.25, 0.25]},
								"up": {"uv": [6, 12], "uv_size": [1.25, 0.25]},
								"down": {"uv": [12, 6.25], "uv_size": [1.25, -0.25]}
							}
						},
						{
							"origin": [-0.64142, -0.29794, 1.64461],
							"size": [1.28284, 0.47771, 0.12776],
							"uv": {
								"north": {"uv": [6, 2], "uv_size": [1.25, 0.5]},
								"east": {"uv": [15, 8], "uv_size": [0.25, 0.5]},
								"south": {"uv": [3, 6], "uv_size": [1.25, 0.5]},
								"west": {"uv": [9, 15], "uv_size": [0.25, 0.5]},
								"up": {"uv": [12, 11], "uv_size": [1.25, 0.25]},
								"down": {"uv": [12, 12.25], "uv_size": [1.25, -0.25]}
							}
						},
						{
							"origin": [-0.34142, -2.29794, 1.58211],
							"size": [0.68284, 2.1, 0.19026],
							"uv": {
								"north": {"uv": [0, 3], "uv_size": [0.75, 2]},
								"east": {"uv": [4, 7], "uv_size": [0.25, 2]},
								"south": {"uv": [1, 3], "uv_size": [0.75, 2]},
								"west": {"uv": [5, 7], "uv_size": [0.25, 2]},
								"up": {"uv": [3, 14], "uv_size": [0.75, 0.25]},
								"down": {"uv": [14, 3.25], "uv_size": [0.75, -0.25]}
							}
						},
						{
							"origin": [-0.34142, -0.53194, -0.95539],
							"size": [0.68284, 0.45313, 0.79026],
							"uv": {
								"north": {"uv": [6, 8], "uv_size": [0.75, 0.5]},
								"east": {"uv": [8, 6], "uv_size": [0.75, 0.5]},
								"south": {"uv": [7, 8], "uv_size": [0.75, 0.5]},
								"west": {"uv": [8, 7], "uv_size": [0.75, 0.5]},
								"up": {"uv": [6, 6], "uv_size": [0.75, 0.75]},
								"down": {"uv": [0, 7.75], "uv_size": [0.75, -0.75]}
							}
						},
						{
							"origin": [-0.54142, -0.53194, -1.74565],
							"size": [1.08284, 0.45313, 0.79026],
							"inflate": 0.001,
							"uv": {
								"north": {"uv": [7, 4], "uv_size": [1, 0.5]},
								"east": {"uv": [9, 0], "uv_size": [0.75, 0.5]},
								"south": {"uv": [6, 7], "uv_size": [1, 0.5]},
								"west": {"uv": [9, 1], "uv_size": [0.75, 0.5]},
								"up": {"uv": [0, 5], "uv_size": [1, 0.75]},
								"down": {"uv": [1, 5.75], "uv_size": [1, -0.75]}
							}
						},
						{
							"origin": [-0.54142, -0.93194, -1.74565],
							"size": [1.08284, 0.4, 0.29026],
							"uv": {
								"north": {"uv": [7, 6], "uv_size": [1, 0.5]},
								"east": {"uv": [10, 16], "uv_size": [0.25, 0.5]},
								"south": {"uv": [7, 7], "uv_size": [1, 0.5]},
								"west": {"uv": [16, 10], "uv_size": [0.25, 0.5]},
								"up": {"uv": [14, 0], "uv_size": [1, 0.25]},
								"down": {"uv": [14, 1.25], "uv_size": [1, -0.25]}
							}
						},
						{
							"origin": [-0.54142, -0.77074, -1.74565],
							"size": [1.08284, 0.6388, 0.38918],
							"inflate": -0.001,
							"pivot": [0, -0.73194, -1.60052],
							"rotation": [-45, 0, 0],
							"uv": {
								"north": {"uv": [2, 5], "uv_size": [1, 0.75]},
								"east": {"uv": [9, 6], "uv_size": [0.5, 0.75]},
								"south": {"uv": [5, 2], "uv_size": [1, 0.75]},
								"west": {"uv": [7, 9], "uv_size": [0.5, 0.75]},
								"up": {"uv": [0, 8], "uv_size": [1, 0.5]},
								"down": {"uv": [8, 0.5], "uv_size": [1, -0.5]}
							}
						},
						{
							"origin": [-0.26546, -0.93194, -2.0216],
							"size": [0.53092, 0.85313, 0.27595],
							"inflate": 0.001,
							"uv": {
								"north": {"uv": [5, 9], "uv_size": [0.5, 0.75]},
								"east": {"uv": [15, 0], "uv_size": [0.25, 0.75]},
								"south": {"uv": [6, 9], "uv_size": [0.5, 0.75]},
								"west": {"uv": [1, 15], "uv_size": [0.25, 0.75]},
								"up": {"uv": [9, 16], "uv_size": [0.5, 0.25]},
								"down": {"uv": [16, 9.25], "uv_size": [0.5, -0.25]}
							}
						},
						{
							"origin": [0.23776, -0.53194, -1.45396],
							"size": [0.18284, 0.45313, 0.39026],
							"pivot": [-0.12082, -0.30537, -1.05883],
							"rotation": [0, -45, 0],
							"uv": {
								"north": {"uv": [3, 16], "uv_size": [0.25, 0.5]},
								"east": {"uv": [10, 13], "uv_size": [0.5, 0.5]},
								"south": {"uv": [16, 3], "uv_size": [0.25, 0.5]},
								"west": {"uv": [11, 13], "uv_size": [0.5, 0.5]},
								"up": {"uv": [4, 16], "uv_size": [0.25, 0.5]},
								"down": {"uv": [16, 4.5], "uv_size": [0.25, -0.5]}
							}
						},
						{
							"origin": [-0.4206, -0.93194, -1.63733],
							"size": [0.19847, 0.85313, 0.39026],
							"pivot": [0.12082, -0.30537, -1.6422],
							"rotation": [0, -45, 0],
							"uv": {
								"north": {"uv": [14, 14], "uv_size": [0.25, 0.75]},
								"east": {"uv": [3, 9], "uv_size": [0.5, 0.75]},
								"south": {"uv": [0, 15], "uv_size": [0.25, 0.75]},
								"west": {"uv": [4, 9], "uv_size": [0.5, 0.75]},
								"up": {"uv": [8, 16], "uv_size": [0.25, 0.5]},
								"down": {"uv": [16, 8.5], "uv_size": [0.25, -0.5]}
							}
						},
						{
							"origin": [0.22213, -0.93194, -1.63733],
							"size": [0.19847, 0.85313, 0.39026],
							"pivot": [-0.12082, -0.30537, -1.6422],
							"rotation": [0, 45, 0],
							"uv": {
								"north": {"uv": [13, 14], "uv_size": [0.25, 0.75]},
								"east": {"uv": [2, 9], "uv_size": [0.5, 0.75]},
								"south": {"uv": [14, 13], "uv_size": [0.25, 0.75]},
								"west": {"uv": [9, 2], "uv_size": [0.5, 0.94141]},
								"up": {"uv": [7, 16], "uv_size": [0.25, 0.5]},
								"down": {"uv": [16, 7.5], "uv_size": [0.25, -0.5]}
							}
						},
						{
							"origin": [-0.4206, -0.53194, -1.45396],
							"size": [0.18284, 0.45313, 0.39026],
							"pivot": [0.12082, -0.30537, -1.05883],
							"rotation": [0, 45, 0],
							"uv": {
								"north": {"uv": [5, 16], "uv_size": [0.25, 0.5]},
								"east": {"uv": [12, 13], "uv_size": [0.5, 0.5]},
								"south": {"uv": [16, 5], "uv_size": [0.25, 0.5]},
								"west": {"uv": [13, 13], "uv_size": [0.5, 0.5]},
								"up": {"uv": [6, 16], "uv_size": [0.25, 0.5]},
								"down": {"uv": [16, 6.5], "uv_size": [0.25, -0.5]}
							}
						},
						{
							"origin": [-0.3414, -0.73194, -0.05539],
							"size": [0.6828, 0.57669, 0.23474],
							"pivot": [-0.30002, -0.30537, 0.03974],
							"rotation": [-45, 0, 0],
							"uv": {
								"north": {"uv": [8, 8], "uv_size": [0.75, 0.5]},
								"east": {"uv": [2, 16], "uv_size": [0.25, 0.5]},
								"south": {"uv": [0, 9], "uv_size": [0.75, 0.5]},
								"west": {"uv": [16, 2], "uv_size": [0.25, 0.5]},
								"up": {"uv": [10, 14], "uv_size": [0.75, 0.25]},
								"down": {"uv": [14, 10.25], "uv_size": [0.75, -0.25]}
							}
						},
						{
							"origin": [-0.3414, -0.70718, -0.16513],
							"size": [0.68282, 0.62837, 0.24023],
							"uv": {
								"north": {"uv": [1, 7], "uv_size": [0.75, 0.75]},
								"east": {"uv": [11, 14], "uv_size": [0.25, 0.75]},
								"south": {"uv": [2, 7], "uv_size": [0.75, 0.75]},
								"west": {"uv": [14, 11], "uv_size": [0.25, 0.75]},
								"up": {"uv": [12, 14], "uv_size": [0.75, 0.25]},
								"down": {"uv": [14, 12.25], "uv_size": [0.75, -0.25]}
							}
						},
						{
							"origin": [-0.34142, -2.29287, 0.8755],
							"size": [0.68284, 1.3, 0.19026],
							"pivot": [0, -1.64287, 0.97063],
							"rotation": [15, 0, 0],
							"uv": {
								"north": {"uv": [4, 2], "uv_size": [0.75, 1.25]},
								"east": {"uv": [0, 13], "uv_size": [0.25, 1.25]},
								"south": {"uv": [4, 4], "uv_size": [0.75, 1.25]},
								"west": {"uv": [1, 13], "uv_size": [0.25, 1.25]},
								"up": {"uv": [6, 14], "uv_size": [0.75, 0.25]},
								"down": {"uv": [14, 6.25], "uv_size": [0.75, -0.25]}
							}
						},
						{
							"origin": [-0.34142, -1.24804, 0.27227],
							"size": [0.68284, 0.3, 0.19026],
							"pivot": [0, -0.59804, 0.3674],
							"rotation": [45, 0, 0],
							"uv": {
								"north": {"uv": [7, 14], "uv_size": [0.75, 0.25]},
								"east": {"uv": [12, 18], "uv_size": [0.25, 0.25]},
								"south": {"uv": [14, 7], "uv_size": [0.75, 0.25]},
								"west": {"uv": [18, 12], "uv_size": [0.25, 0.25]},
								"up": {"uv": [8, 14], "uv_size": [0.75, 0.25]},
								"down": {"uv": [14, 8.25], "uv_size": [0.75, -0.25]}
							}
						},
						{
							"origin": [-0.34142, -0.98133, 0.42188],
							"size": [0.68284, 1.6455, 0.18589],
							"inflate": 0.001,
							"pivot": [0, -0.83133, 0.51264],
							"rotation": [75, 0, 0],
							"uv": {
								"north": {"uv": [2, 3], "uv_size": [0.75, 1.75]},
								"east": {"uv": [1, 8], "uv_size": [0.25, 1.75]},
								"south": {"uv": [3, 3], "uv_size": [0.75, 1.75]},
								"west": {"uv": [8, 1], "uv_size": [0.25, 1.75]},
								"up": {"uv": [9, 14], "uv_size": [0.75, 0.25]},
								"down": {"uv": [14, 9.25], "uv_size": [0.75, -0.25]}
							}
						},
						{
							"origin": [-0.34142, -2.35017, 0.92817],
							"size": [0.68284, 0.7, 0.19026],
							"pivot": [0, -2.40017, 1.0233],
							"rotation": [-75, 0, 0],
							"uv": {
								"north": {"uv": [3, 5], "uv_size": [0.75, 0.75]},
								"east": {"uv": [4, 14], "uv_size": [0.25, 0.75]},
								"south": {"uv": [5, 6], "uv_size": [0.75, 0.75]},
								"west": {"uv": [14, 4], "uv_size": [0.25, 0.75]},
								"up": {"uv": [5, 14], "uv_size": [0.75, 0.25]},
								"down": {"uv": [14, 5.25], "uv_size": [0.75, -0.25]}
							}
						},
						{
							"origin": [0.15858, -0.39794, 1.58211],
							"size": [0.24534, 0.43125, 0.19026],
							"pivot": [0, -0.34794, 1.70849],
							"rotation": [0, 0, 30],
							"uv": {
								"north": {"uv": [15, 13], "uv_size": [0.25, 0.5]},
								"east": {"uv": [14, 15], "uv_size": [0.25, 0.5]},
								"south": {"uv": [15, 14], "uv_size": [0.25, 0.5]},
								"west": {"uv": [15, 15], "uv_size": [0.25, 0.5]},
								"up": {"uv": [3, 18], "uv_size": [0.25, 0.25]},
								"down": {"uv": [18, 3.25], "uv_size": [0.25, -0.25]}
							}
						},
						{
							"origin": [-0.40392, -0.39794, 1.58211],
							"size": [0.24534, 0.43125, 0.19026],
							"pivot": [0, -0.34794, 1.70849],
							"rotation": [0, 0, -30],
							"uv": {
								"north": {"uv": [0, 16], "uv_size": [0.25, 0.5]},
								"east": {"uv": [16, 0], "uv_size": [0.25, 0.5]},
								"south": {"uv": [1, 16], "uv_size": [0.25, 0.5]},
								"west": {"uv": [16, 1], "uv_size": [0.25, 0.5]},
								"up": {"uv": [4, 18], "uv_size": [0.25, 0.25]},
								"down": {"uv": [18, 4.25], "uv_size": [0.25, -0.25]}
							}
						},
						{
							"origin": [-0.51297, -0.15883, 1.77237],
							"size": [1.02593, 0.3386, 0.2225],
							"uv": {
								"north": {"uv": [4, 13], "uv_size": [1, 0.25]},
								"east": {"uv": [17, 8], "uv_size": [0.25, 0.25]},
								"south": {"uv": [5, 13], "uv_size": [1, 0.25]},
								"west": {"uv": [9, 17], "uv_size": [0.25, 0.25]},
								"up": {"uv": [6, 13], "uv_size": [1, 0.25]},
								"down": {"uv": [7, 13.25], "uv_size": [1, -0.25]}
							}
						},
						{
							"origin": [0.35858, -0.15883, 1.42114],
							"size": [0.31079, 0.3386, 0.25692],
							"pivot": [0, 0.12977, 1.54461],
							"rotation": [0, -30, 0],
							"uv": {
								"north": {"uv": [17, 5], "uv_size": [0.25, 0.25]},
								"east": {"uv": [6, 17], "uv_size": [0.25, 0.25]},
								"south": {"uv": [17, 6], "uv_size": [0.25, 0.25]},
								"west": {"uv": [7, 17], "uv_size": [0.25, 0.25]},
								"up": {"uv": [17, 7], "uv_size": [0.25, 0.25]},
								"down": {"uv": [8, 17.25], "uv_size": [0.25, -0.25]}
							}
						},
						{
							"origin": [-0.66937, -0.29794, 1.42114],
							"size": [0.31079, 0.13911, 0.17659],
							"pivot": [0, 0.12977, 1.54461],
							"rotation": [0, 30, 0],
							"uv": {
								"north": {"uv": [0, 18], "uv_size": [0.25, 0.25]},
								"east": {"uv": [18, 0], "uv_size": [0.25, 0.25]},
								"south": {"uv": [1, 18], "uv_size": [0.25, 0.25]},
								"west": {"uv": [18, 1], "uv_size": [0.25, 0.25]},
								"up": {"uv": [2, 18], "uv_size": [0.25, 0.25]},
								"down": {"uv": [18, 2.25], "uv_size": [0.25, -0.25]}
							}
						},
						{
							"origin": [-0.61809, -0.34247, 1.75996],
							"size": [0.46703, 0.17228, 0.16064],
							"pivot": [-0.4627, -0.23407, 1.77114],
							"rotation": [60, 30, 0],
							"uv": {
								"north": {"uv": [15, 11], "uv_size": [0.5, 0.25]},
								"east": {"uv": [17, 16], "uv_size": [0.25, 0.25]},
								"south": {"uv": [12, 15], "uv_size": [0.5, 0.25]},
								"west": {"uv": [17, 17], "uv_size": [0.25, 0.25]},
								"up": {"uv": [15, 12], "uv_size": [0.5, 0.25]},
								"down": {"uv": [13, 15.25], "uv_size": [0.5, -0.25]}
							}
						},
						{
							"origin": [-0.66937, -0.15883, 1.42114],
							"size": [0.31079, 0.3386, 0.25692],
							"pivot": [0, 0.12977, 1.54461],
							"rotation": [0, 30, 0],
							"uv": {
								"north": {"uv": [17, 13], "uv_size": [0.25, 0.25]},
								"east": {"uv": [14, 17], "uv_size": [0.25, 0.25]},
								"south": {"uv": [17, 14], "uv_size": [0.25, 0.25]},
								"west": {"uv": [15, 17], "uv_size": [0.25, 0.25]},
								"up": {"uv": [17, 15], "uv_size": [0.25, 0.25]},
								"down": {"uv": [16, 17.25], "uv_size": [0.25, -0.25]}
							}
						},
						{
							"origin": [0.35858, -0.29794, 1.42114],
							"size": [0.31079, 0.13911, 0.17659],
							"pivot": [0, 0.12977, 1.54461],
							"rotation": [0, -30, 0],
							"uv": {
								"north": {"uv": [17, 9], "uv_size": [0.25, 0.25]},
								"east": {"uv": [10, 17], "uv_size": [0.25, 0.25]},
								"south": {"uv": [17, 10], "uv_size": [0.25, 0.25]},
								"west": {"uv": [11, 17], "uv_size": [0.25, 0.25]},
								"up": {"uv": [17, 11], "uv_size": [0.25, 0.25]},
								"down": {"uv": [12, 17.25], "uv_size": [0.25, -0.25]}
							}
						},
						{
							"origin": [0.15106, -0.34247, 1.75996],
							"size": [0.46703, 0.17228, 0.16064],
							"pivot": [0.4627, -0.23407, 1.77114],
							"rotation": [60, -30, 0],
							"uv": {
								"north": {"uv": [15, 9], "uv_size": [0.5, 0.25]},
								"east": {"uv": [17, 12], "uv_size": [0.25, 0.25]},
								"south": {"uv": [10, 15], "uv_size": [0.5, 0.25]},
								"west": {"uv": [13, 17], "uv_size": [0.25, 0.25]},
								"up": {"uv": [15, 10], "uv_size": [0.5, 0.25]},
								"down": {"uv": [11, 15.25], "uv_size": [0.5, -0.25]}
							}
						},
						{
							"origin": [-0.64142, 0.22119, -0.62003],
							"size": [1.28284, 0.09749, 0.16464],
							"pivot": [0, 0.05048, -0.70539],
							"rotation": [-45, 0, 0],
							"uv": {
								"north": {"uv": [6, 10], "uv_size": [1.25, 0.25]},
								"east": {"uv": [15, 16], "uv_size": [0.25, 0.25]},
								"south": {"uv": [10, 6], "uv_size": [1.25, 0.25]},
								"west": {"uv": [16, 15], "uv_size": [0.25, 0.25]},
								"up": {"uv": [8, 10], "uv_size": [1.25, 0.25]},
								"down": {"uv": [10, 9.25], "uv_size": [1.25, -0.25]}
							}
						},
						{
							"origin": [-0.64142, 0.22119, 0.77997],
							"size": [1.28284, 0.09749, 0.16464],
							"pivot": [0, 0.05048, 0.69461],
							"rotation": [-45, 0, 0],
							"uv": {
								"north": {"uv": [10, 10], "uv_size": [1.25, 0.25]},
								"east": {"uv": [16, 16], "uv_size": [0.25, 0.25]},
								"south": {"uv": [0, 11], "uv_size": [1.25, 0.25]},
								"west": {"uv": [0, 17], "uv_size": [0.25, 0.25]},
								"up": {"uv": [2, 11], "uv_size": [1.25, 0.25]},
								"down": {"uv": [4, 11.25], "uv_size": [1.25, -0.25]}
							}
						},
						{
							"origin": [-0.64142, 0.12119, 0.57997],
							"size": [1.28284, 0.19749, 0.16464],
							"pivot": [0, 0.05048, 0.49461],
							"rotation": [-45, 0, 0],
							"uv": {
								"north": {"uv": [6, 11], "uv_size": [1.25, 0.25]},
								"east": {"uv": [17, 0], "uv_size": [0.25, 0.25]},
								"south": {"uv": [11, 7], "uv_size": [1.25, 0.25]},
								"west": {"uv": [1, 17], "uv_size": [0.25, 0.25]},
								"up": {"uv": [8, 11], "uv_size": [1.25, 0.25]},
								"down": {"uv": [11, 8.25], "uv_size": [1.25, -0.25]}
							}
						},
						{
							"origin": [-0.64142, 0.12119, 1.27997],
							"size": [1.28284, 0.19749, 0.16464],
							"pivot": [0, 0.05048, 1.19461],
							"rotation": [-45, 0, 0],
							"uv": {
								"north": {"uv": [8, 12], "uv_size": [1.25, 0.25]},
								"east": {"uv": [17, 4], "uv_size": [0.25, 0.25]},
								"south": {"uv": [12, 9], "uv_size": [1.25, 0.25]},
								"west": {"uv": [5, 17], "uv_size": [0.25, 0.25]},
								"up": {"uv": [10, 12], "uv_size": [1.25, 0.25]},
								"down": {"uv": [12, 10.25], "uv_size": [1.25, -0.25]}
							}
						},
						{
							"origin": [-0.64142, -0.15652, -0.89609],
							"size": [1.28284, 0.23629, 0.6407],
							"inflate": -0.001,
							"pivot": [0, 0.05048, -0.70539],
							"rotation": [-20, 0, 0],
							"uv": {
								"north": {"uv": [10, 3], "uv_size": [1.25, 0.25]},
								"east": {"uv": [2, 14], "uv_size": [0.75, 0.25]},
								"south": {"uv": [4, 10], "uv_size": [1.25, 0.25]},
								"west": {"uv": [14, 2], "uv_size": [0.75, 0.25]},
								"up": {"uv": [4, 0], "uv_size": [1.25, 0.75]},
								"down": {"uv": [4, 1.75], "uv_size": [1.25, -0.75]}
							}
						},
						{
							"origin": [-0.64142, 0.07977, 0.74461],
							"size": [1.28284, 0.1, 0.2],
							"uv": {
								"north": {"uv": [10, 0], "uv_size": [1.25, 0.25]},
								"east": {"uv": [14, 16], "uv_size": [0.25, 0.25]},
								"south": {"uv": [10, 1], "uv_size": [1.25, 0.25]},
								"west": {"uv": [16, 14], "uv_size": [0.25, 0.25]},
								"up": {"uv": [2, 10], "uv_size": [1.25, 0.25]},
								"down": {"uv": [10, 2.25], "uv_size": [1.25, -0.25]}
							}
						},
						{
							"origin": [-0.64142, -0.07881, -0.95539],
							"size": [1.28284, 0.15858, 2.6],
							"uv": {
								"north": {"uv": [9, 8], "uv_size": [1.25, 0.25]},
								"east": {"uv": [5, 5], "uv_size": [2.5, 0.25]},
								"south": {"uv": [0, 10], "uv_size": [1.25, 0.25]},
								"west": {"uv": [0, 6], "uv_size": [2.5, 0.25]},
								"up": {"uv": [0, 0], "uv_size": [1.25, 2.5]},
								"down": {"uv": [2, 2.5], "uv_size": [1.25, -2.5]}
							}
						},
						{
							"origin": [-0.64142, -0.29794, -0.35333],
							"size": [1.28284, 0.21913, 0.59794],
							"uv": {
								"north": {"uv": [10, 4], "uv_size": [1.25, 0.25]},
								"east": {"uv": [15, 7], "uv_size": [0.5, 0.25]},
								"south": {"uv": [10, 5], "uv_size": [1.25, 0.25]},
								"west": {"uv": [8, 15], "uv_size": [0.5, 0.25]},
								"up": {"uv": [6, 0], "uv_size": [1.25, 0.5]},
								"down": {"uv": [6, 1.5], "uv_size": [1.25, -0.5]}
							}
						},
						{
							"origin": [-0.64142, -0.51261, 0.06492],
							"size": [1.28284, 0.18067, 0.33281],
							"inflate": -0.001,
							"pivot": [0, -0.18838, -0.10436],
							"rotation": [45, 0, 0],
							"uv": {
								"north": {"uv": [10, 11], "uv_size": [1.25, 0.25]},
								"east": {"uv": [17, 1], "uv_size": [0.25, 0.25]},
								"south": {"uv": [0, 12], "uv_size": [1.25, 0.25]},
								"west": {"uv": [2, 17], "uv_size": [0.25, 0.25]},
								"up": {"uv": [12, 0], "uv_size": [1.25, 0.25]},
								"down": {"uv": [12, 1.25], "uv_size": [1.25, -0.25]}
							}
						},
						{
							"origin": [-0.64142, -0.51261, 1.49149],
							"size": [1.28284, 0.18067, 0.33281],
							"pivot": [0, -0.18838, 1.99358],
							"rotation": [-45, 0, 0],
							"uv": {
								"north": {"uv": [2, 12], "uv_size": [1.25, 0.25]},
								"east": {"uv": [17, 2], "uv_size": [0.25, 0.25]},
								"south": {"uv": [12, 2], "uv_size": [1.25, 0.25]},
								"west": {"uv": [3, 17], "uv_size": [0.25, 0.25]},
								"up": {"uv": [12, 3], "uv_size": [1.25, 0.25]},
								"down": {"uv": [4, 12.25], "uv_size": [1.25, -0.25]}
							}
						},
						{
							"origin": [-0.2, 0.32119, -0.95539],
							"size": [0.2, 0.20711, 0.5],
							"pivot": [0, -0.17881, -0.15539],
							"rotation": [0, 0, -45],
							"uv": {
								"north": {"uv": [12, 16], "uv_size": [0.25, 0.25]},
								"east": {"uv": [15, 2], "uv_size": [0.5, 0.25]},
								"south": {"uv": [16, 12], "uv_size": [0.25, 0.25]},
								"west": {"uv": [3, 15], "uv_size": [0.5, 0.25]},
								"up": {"uv": [15, 3], "uv_size": [0.25, 0.5]},
								"down": {"uv": [4, 15.5], "uv_size": [0.25, -0.5]}
							}
						},
						{
							"origin": [0, 0.32119, -0.95539],
							"size": [0.2, 0.20711, 0.5],
							"pivot": [0, -0.17881, -0.15539],
							"rotation": [0, 0, 45],
							"uv": {
								"north": {"uv": [13, 16], "uv_size": [0.25, 0.25]},
								"east": {"uv": [15, 4], "uv_size": [0.5, 0.25]},
								"south": {"uv": [16, 13], "uv_size": [0.25, 0.25]},
								"west": {"uv": [5, 15], "uv_size": [0.5, 0.25]},
								"up": {"uv": [15, 5], "uv_size": [0.25, 0.5]},
								"down": {"uv": [6, 15.5], "uv_size": [0.25, -0.5]}
							}
						},
						{
							"origin": [-0.5, 0.17977, 1.44461],
							"size": [1, 0.14142, 0.32776],
							"uv": {
								"north": {"uv": [13, 7], "uv_size": [1, 0.25]},
								"east": {"uv": [11, 18], "uv_size": [0.25, 0.25]},
								"south": {"uv": [8, 13], "uv_size": [1, 0.25]},
								"west": {"uv": [18, 11], "uv_size": [0.25, 0.25]},
								"up": {"uv": [13, 8], "uv_size": [1, 0.25]},
								"down": {"uv": [9, 13.25], "uv_size": [1, -0.25]}
							}
						},
						{
							"origin": [-0.2, 0.32119, 1.44461],
							"size": [0.2, 0.20711, 0.32776],
							"pivot": [0, -0.17881, 2.24461],
							"rotation": [0, 0, -45],
							"uv": {
								"north": {"uv": [8, 18], "uv_size": [0.25, 0.25]},
								"east": {"uv": [18, 8], "uv_size": [0.25, 0.25]},
								"south": {"uv": [9, 18], "uv_size": [0.25, 0.25]},
								"west": {"uv": [18, 9], "uv_size": [0.25, 0.25]},
								"up": {"uv": [10, 18], "uv_size": [0.25, 0.25]},
								"down": {"uv": [18, 10.25], "uv_size": [0.25, -0.25]}
							}
						},
						{
							"origin": [0, 0.32119, 1.44461],
							"size": [0.2, 0.20711, 0.32776],
							"pivot": [0, -0.17881, 2.24461],
							"rotation": [0, 0, 45],
							"uv": {
								"north": {"uv": [5, 18], "uv_size": [0.25, 0.25]},
								"east": {"uv": [18, 5], "uv_size": [0.25, 0.25]},
								"south": {"uv": [6, 18], "uv_size": [0.25, 0.25]},
								"west": {"uv": [18, 6], "uv_size": [0.25, 0.25]},
								"up": {"uv": [7, 18], "uv_size": [0.25, 0.25]},
								"down": {"uv": [18, 7.25], "uv_size": [0.25, -0.25]}
							}
						}
					]
				},
				{
					"name": "deco",
					"parent": "grip",
					"pivot": [-0.4375, -0.67881, 4.36442],
					"cubes": [
						{
							"origin": [-0.7, 0.66807, 0.68005],
							"size": [1.4, 0.1375, 0.1375],
							"pivot": [0, 0.50556, 1.61755],
							"rotation": [45, 0, 0],
							"uv": {
								"north": {"uv": [2, 8], "uv_size": [1.5, 0.25]},
								"east": {"uv": [11, 16], "uv_size": [0.5, 0.5]},
								"south": {"uv": [8, 3], "uv_size": [1.5, 0.25]},
								"west": {"uv": [16, 11], "uv_size": [0.5, 0.5]},
								"up": {"uv": [8, 4], "uv_size": [1.5, 0.25]},
								"down": {"uv": [8, 5.25], "uv_size": [1.5, -0.25]}
							}
						}
					]
				}
			]
		}
	]
}