{
	"format_version": "1.12.0",
	"minecraft:geometry": [
		{
			"description": {
				"identifier": "geometry.unknown",
				"texture_width": 32,
				"texture_height": 32,
				"visible_bounds_width": 3,
				"visible_bounds_height": 4,
				"visible_bounds_offset": [0, 0, 0]
			},
			"bones": [
				{
					"name": "bone",
					"pivot": [-0.00094, -1.4734, 1.64881],
					"rotation": [-90, 0, 0],
					"cubes": [
						{
							"origin": [-0.57286, -0.34457, 3.92865],
							"size": [1.14572, 0.30261, 4.38668],
							"pivot": [-0.02997, 1.3746, 1.72374],
							"rotation": [-90, 0, 0],
							"uv": {
								"north": {"uv": [22, 15], "uv_size": [1.25, 0.25]},
								"east": {"uv": [15, 6], "uv_size": [4.5, 0.25]},
								"south": {"uv": [16, 22], "uv_size": [1.25, 0.25]},
								"west": {"uv": [15, 7], "uv_size": [4.5, 0.25]},
								"up": {"uv": [6, 0], "uv_size": [1.25, 4.5]},
								"down": {"uv": [6, 9.5], "uv_size": [1.25, -4.5]}
							}
						},
						{
							"origin": [-0.67712, -2.13369, 2.32865],
							"size": [0.19607, 0.38746, 1.79543],
							"inflate": -0.001,
							"pivot": [-0.02997, -0.2254, 1.72374],
							"rotation": [-90, 0, 0],
							"uv": {
								"north": {"uv": [22, 21], "uv_size": [0.25, 0.5]},
								"east": {"uv": [18, 19], "uv_size": [1.75, 0.5]},
								"south": {"uv": [22, 22], "uv_size": [0.25, 0.5]},
								"west": {"uv": [0, 20], "uv_size": [1.75, 0.5]},
								"up": {"uv": [14, 21], "uv_size": [0.25, 1.75]},
								"down": {"uv": [15, 22.75], "uv_size": [0.25, -1.75]}
							}
						},
						{
							"origin": [0.48124, -0.31817, -1.88049],
							"size": [0.19568, 0.26705, 0.28378],
							"inflate": -0.001,
							"pivot": [0.57908, -0.29368, 1.93208],
							"rotation": [60, 0, 0],
							"uv": {
								"north": {"uv": [9, 23], "uv_size": [0.25, 0.25]},
								"east": {"uv": [10, 23], "uv_size": [0.25, 0.25]},
								"south": {"uv": [23, 10], "uv_size": [0.25, 0.25]},
								"west": {"uv": [11, 23], "uv_size": [0.25, 0.25]},
								"up": {"uv": [12, 23], "uv_size": [0.25, 0.25]},
								"down": {"uv": [23, 12.25], "uv_size": [0.25, -0.25]}
							}
						},
						{
							"origin": [0.48005, -0.08611, -1.61965],
							"size": [0.19707, 0.1198, 1.74373],
							"inflate": -0.001,
							"pivot": [0.02997, -1.8746, 1.72374],
							"rotation": [90, 0, 0],
							"uv": {
								"north": {"uv": [13, 23], "uv_size": [0.25, 0.25]},
								"east": {"uv": [21, 14], "uv_size": [1.75, 0.25]},
								"south": {"uv": [23, 13], "uv_size": [0.25, 0.25]},
								"west": {"uv": [21, 16], "uv_size": [1.75, 0.25]},
								"up": {"uv": [18, 21], "uv_size": [0.25, 1.75]},
								"down": {"uv": [19, 22.75], "uv_size": [0.25, -1.75]}
							}
						},
						{
							"origin": [-0.67692, -0.31817, -1.88049],
							"size": [0.19568, 0.26705, 0.28378],
							"inflate": -0.001,
							"pivot": [-0.57908, -0.29368, 1.93208],
							"rotation": [60, 0, 0],
							"uv": {
								"north": {"uv": [14, 23], "uv_size": [0.25, 0.25]},
								"east": {"uv": [23, 14], "uv_size": [0.25, 0.25]},
								"south": {"uv": [15, 23], "uv_size": [0.25, 0.25]},
								"west": {"uv": [16, 23], "uv_size": [0.25, 0.25]},
								"up": {"uv": [23, 16], "uv_size": [0.25, 0.25]},
								"down": {"uv": [17, 23.25], "uv_size": [0.25, -0.25]}
							}
						},
						{
							"origin": [-0.67812, -0.08611, -1.61965],
							"size": [0.19707, 0.1198, 1.74373],
							"inflate": -0.001,
							"pivot": [-0.02997, -1.8746, 1.72374],
							"rotation": [90, 0, 0],
							"uv": {
								"north": {"uv": [18, 23], "uv_size": [0.25, 0.25]},
								"east": {"uv": [20, 21], "uv_size": [1.75, 0.25]},
								"south": {"uv": [19, 23], "uv_size": [0.25, 0.25]},
								"west": {"uv": [0, 22], "uv_size": [1.75, 0.25]},
								"up": {"uv": [2, 22], "uv_size": [0.25, 1.75]},
								"down": {"uv": [22, 3.75], "uv_size": [0.25, -1.75]}
							}
						},
						{
							"origin": [0.48124, -4.04888, 1.58361],
							"size": [0.19568, 0.26705, 0.28378],
							"inflate": -0.001,
							"pivot": [0.57908, -1.80632, 1.93208],
							"rotation": [-60, 0, 0],
							"uv": {
								"north": {"uv": [23, 19], "uv_size": [0.25, 0.25]},
								"east": {"uv": [20, 23], "uv_size": [0.25, 0.25]},
								"south": {"uv": [23, 20], "uv_size": [0.25, 0.25]},
								"west": {"uv": [21, 23], "uv_size": [0.25, 0.25]},
								"up": {"uv": [23, 21], "uv_size": [0.25, 0.25]},
								"down": {"uv": [22, 23.25], "uv_size": [0.25, -0.25]}
							}
						},
						{
							"origin": [0.48085, -0.41389, 3.92845],
							"size": [0.19528, 0.26666, 4.38588],
							"inflate": 0.001,
							"pivot": [0.02997, 1.3746, 1.72374],
							"rotation": [-90, 0, 0],
							"uv": {
								"north": {"uv": [23, 22], "uv_size": [0.25, 0.25]},
								"east": {"uv": [15, 8], "uv_size": [4.5, 0.25]},
								"south": {"uv": [23, 23], "uv_size": [0.25, 0.25]},
								"west": {"uv": [15, 9], "uv_size": [4.5, 0.25]},
								"up": {"uv": [4, 15], "uv_size": [0.25, 4.5]},
								"down": {"uv": [5, 19.5], "uv_size": [0.25, -4.5]}
							}
						},
						{
							"origin": [0.48105, -2.13369, 2.32865],
							"size": [0.19607, 0.38746, 1.79543],
							"inflate": -0.001,
							"pivot": [0.02997, -0.2254, 1.72374],
							"rotation": [-90, 0, 0],
							"uv": {
								"north": {"uv": [0, 23], "uv_size": [0.25, 0.5]},
								"east": {"uv": [2, 20], "uv_size": [1.75, 0.5]},
								"south": {"uv": [23, 0], "uv_size": [0.25, 0.5]},
								"west": {"uv": [4, 20], "uv_size": [1.75, 0.5]},
								"up": {"uv": [3, 22], "uv_size": [0.25, 1.75]},
								"down": {"uv": [4, 23.75], "uv_size": [0.25, -1.75]}
							}
						},
						{
							"origin": [-0.67612, -0.41389, 3.92845],
							"size": [0.19527, 0.26666, 4.38588],
							"inflate": 0.001,
							"pivot": [-0.02997, 1.3746, 1.72374],
							"rotation": [-90, 0, 0],
							"uv": {
								"north": {"uv": [0, 24], "uv_size": [0.25, 0.25]},
								"east": {"uv": [15, 14], "uv_size": [4.5, 0.25]},
								"south": {"uv": [24, 0], "uv_size": [0.25, 0.25]},
								"west": {"uv": [15, 15], "uv_size": [4.5, 0.25]},
								"up": {"uv": [8, 15], "uv_size": [0.25, 4.5]},
								"down": {"uv": [9, 19.5], "uv_size": [0.25, -4.5]}
							}
						},
						{
							"origin": [0.58781, -0.1584, 3.92865],
							"size": [0.19608, 0.14745, 4.38668],
							"pivot": [-0.02997, 1.3746, 1.72374],
							"rotation": [-90, 45, 0],
							"uv": {
								"north": {"uv": [1, 24], "uv_size": [0.25, 0.25]},
								"east": {"uv": [16, 0], "uv_size": [4.5, 0.25]},
								"south": {"uv": [24, 1], "uv_size": [0.25, 0.25]},
								"west": {"uv": [16, 1], "uv_size": [4.5, 0.25]},
								"up": {"uv": [12, 16], "uv_size": [0.25, 4.5]},
								"down": {"uv": [15, 20.5], "uv_size": [0.25, -4.5]}
							}
						},
						{
							"origin": [-0.78389, -0.1584, 3.92865],
							"size": [0.19608, 0.14745, 4.38668],
							"pivot": [0.02997, 1.3746, 1.72374],
							"rotation": [-90, -45, 0],
							"uv": {
								"north": {"uv": [2, 24], "uv_size": [0.25, 0.25]},
								"east": {"uv": [16, 16], "uv_size": [4.5, 0.25]},
								"south": {"uv": [24, 2], "uv_size": [0.25, 0.25]},
								"west": {"uv": [17, 2], "uv_size": [4.5, 0.25]},
								"up": {"uv": [16, 17], "uv_size": [0.25, 4.5]},
								"down": {"uv": [17, 21.5], "uv_size": [0.25, -4.5]}
							}
						},
						{
							"origin": [-0.67692, -4.04888, 1.58361],
							"size": [0.19568, 0.26705, 0.28378],
							"inflate": -0.001,
							"pivot": [-0.57908, -1.80632, 1.93208],
							"rotation": [-60, 0, 0],
							"uv": {
								"north": {"uv": [3, 24], "uv_size": [0.25, 0.25]},
								"east": {"uv": [24, 3], "uv_size": [0.25, 0.25]},
								"south": {"uv": [4, 24], "uv_size": [0.25, 0.25]},
								"west": {"uv": [24, 4], "uv_size": [0.25, 0.25]},
								"up": {"uv": [5, 24], "uv_size": [0.25, 0.25]},
								"down": {"uv": [24, 5.25], "uv_size": [0.25, -0.25]}
							}
						},
						{
							"origin": [-0.57286, 0.20154, 4.89215],
							"size": [1.14472, 0.17023, 4.38568],
							"inflate": 0.001,
							"pivot": [-0.02997, 1.9771, 2.08374],
							"rotation": [-90, 0, 0],
							"uv": {
								"north": {"uv": [22, 17], "uv_size": [1.25, 0.25]},
								"east": {"uv": [17, 3], "uv_size": [4.5, 0.25]},
								"south": {"uv": [22, 18], "uv_size": [1.25, 0.25]},
								"west": {"uv": [18, 10], "uv_size": [4.5, 0.25]},
								"up": {"uv": [8, 0], "uv_size": [1.25, 4.5]},
								"down": {"uv": [8, 9.5], "uv_size": [1.25, -4.5]}
							}
						},
						{
							"origin": [-0.57386, -7.37566, -2.06357],
							"size": [1.14672, 0.46603, 1.02032],
							"inflate": -0.002,
							"pivot": [0, -4.54005, 0.3928],
							"rotation": [-150, 0, 0],
							"uv": {
								"north": {"uv": [20, 20], "uv_size": [1.25, 0.5]},
								"east": {"uv": [13, 21], "uv_size": [1, 0.5]},
								"south": {"uv": [0, 21], "uv_size": [1.25, 0.5]},
								"west": {"uv": [21, 13], "uv_size": [1, 0.5]},
								"up": {"uv": [14, 0], "uv_size": [1.25, 1]},
								"down": {"uv": [14, 2], "uv_size": [1.25, -1]}
							}
						},
						{
							"origin": [-0.23153, -7.11621, -2.51357],
							"size": [0.46306, 0.54591, 1.66932],
							"inflate": 0.001,
							"pivot": [0, -4.54005, 0.3928],
							"rotation": [-150, 0, 0],
							"uv": {
								"north": {"uv": [22, 20], "uv_size": [0.5, 0.5]},
								"east": {"uv": [8, 20], "uv_size": [1.75, 0.5]},
								"south": {"uv": [21, 22], "uv_size": [0.5, 0.5]},
								"west": {"uv": [20, 8], "uv_size": [1.75, 0.5]},
								"up": {"uv": [20, 11], "uv_size": [0.5, 1.75]},
								"down": {"uv": [20, 14.75], "uv_size": [0.5, -1.75]}
							}
						},
						{
							"origin": [1.87997, -5.64482, 1.49638],
							"size": [0.4813, 0.25827, 1.87132],
							"pivot": [0, -3.83543, 2.40704],
							"rotation": [-157.79235, 20.70481, -40.89339],
							"uv": {
								"north": {"uv": [1, 23], "uv_size": [0.5, 0.25]},
								"east": {"uv": [5, 22], "uv_size": [1.75, 0.25]},
								"south": {"uv": [23, 1], "uv_size": [0.5, 0.25]},
								"west": {"uv": [22, 8], "uv_size": [1.75, 0.25]},
								"up": {"uv": [20, 4], "uv_size": [0.5, 1.75]},
								"down": {"uv": [6, 21.75], "uv_size": [0.5, -1.75]}
							}
						},
						{
							"origin": [-2.36127, -5.64482, 1.49638],
							"size": [0.4813, 0.25827, 1.87132],
							"pivot": [0, -3.83543, 2.40704],
							"rotation": [-157.79235, -20.70481, 40.89339],
							"uv": {
								"north": {"uv": [23, 6], "uv_size": [0.5, 0.25]},
								"east": {"uv": [22, 9], "uv_size": [1.75, 0.25]},
								"south": {"uv": [7, 23], "uv_size": [0.5, 0.25]},
								"west": {"uv": [22, 11], "uv_size": [1.75, 0.25]},
								"up": {"uv": [20, 6], "uv_size": [0.5, 1.75]},
								"down": {"uv": [7, 21.75], "uv_size": [0.5, -1.75]}
							}
						},
						{
							"origin": [-0.57286, -4.45243, -3.31644],
							"size": [1.14523, 1.58677, 0.46549],
							"pivot": [0, -4.54005, 0.3928],
							"rotation": [-90, 0, 0],
							"uv": {
								"north": {"uv": [10, 5], "uv_size": [1.25, 3.5]},
								"east": {"uv": [2, 15], "uv_size": [0.5, 3.5]},
								"south": {"uv": [6, 10], "uv_size": [1.25, 3.5]},
								"west": {"uv": [3, 15], "uv_size": [0.5, 3.5]},
								"up": {"uv": [20, 17], "uv_size": [1.25, 0.5]},
								"down": {"uv": [18, 20.5], "uv_size": [1.25, -0.5]}
							}
						},
						{
							"origin": [-0.70514, -18.1726, 8.88364],
							"size": [1.4, 0.3, 0.3],
							"pivot": [-0.00514, 0.51217, 25.21278],
							"rotation": [-45, 0, 0],
							"uv": {
								"north": {"uv": [22, 24], "uv_size": [1.5, 0.25]},
								"east": {"uv": [0, 25], "uv_size": [0.25, 0.25]},
								"south": {"uv": [24, 22], "uv_size": [1.5, 0.25]},
								"west": {"uv": [25, 0], "uv_size": [0.25, 0.25]},
								"up": {"uv": [24, 23], "uv_size": [1.5, 0.25]},
								"down": {"uv": [24, 24.25], "uv_size": [1.5, -0.25]}
							}
						},
						{
							"origin": [-0.2325, -4.45243, -3.31594],
							"size": [0.465, 1.58678, 0.80536],
							"pivot": [0, -4.54005, 0.3928],
							"rotation": [-90, 0, 0],
							"uv": {
								"north": {"uv": [0, 15], "uv_size": [0.5, 4]},
								"east": {"uv": [8, 11], "uv_size": [0.75, 4]},
								"south": {"uv": [1, 15], "uv_size": [0.5, 4]},
								"west": {"uv": [9, 11], "uv_size": [0.75, 4]},
								"up": {"uv": [13, 22], "uv_size": [0.5, 0.75]},
								"down": {"uv": [22, 13.75], "uv_size": [0.5, -0.75]}
							}
						},
						{
							"origin": [-0.2325, -4.92827, -3.6563],
							"size": [0.465, 2.06262, 0.23894],
							"pivot": [0, -4.54005, 0.3928],
							"rotation": [-90, 0, 0],
							"uv": {
								"north": {"uv": [13, 14], "uv_size": [0.5, 4.5]},
								"east": {"uv": [10, 18], "uv_size": [0.25, 4.5]},
								"south": {"uv": [14, 14], "uv_size": [0.5, 4.5]},
								"west": {"uv": [11, 18], "uv_size": [0.25, 4.5]},
								"up": {"uv": [23, 7], "uv_size": [0.5, 0.25]},
								"down": {"uv": [8, 23.25], "uv_size": [0.5, -0.25]}
							}
						},
						{
							"origin": [-0.57018, -3.35054, 2.05063],
							"size": [1.13966, 2.06262, 0.48064],
							"pivot": [0, -1.06381, 2.2913],
							"rotation": [-90, 0, 45],
							"uv": {
								"north": {"uv": [0, 10], "uv_size": [1.25, 4.5]},
								"east": {"uv": [11, 13], "uv_size": [0.5, 4.5]},
								"south": {"uv": [10, 0], "uv_size": [1.25, 4.5]},
								"west": {"uv": [14, 4], "uv_size": [0.5, 4.5]},
								"up": {"uv": [21, 4], "uv_size": [1.25, 0.5]},
								"down": {"uv": [21, 5.5], "uv_size": [1.25, -0.5]}
							}
						},
						{
							"origin": [-0.56877, -3.35054, 2.05063],
							"size": [1.13825, 2.06262, 0.48064],
							"pivot": [0, -1.06381, 2.2913],
							"rotation": [-90, 0, -45],
							"uv": {
								"north": {"uv": [2, 10], "uv_size": [1.25, 4.5]},
								"east": {"uv": [6, 14], "uv_size": [0.5, 4.5]},
								"south": {"uv": [4, 10], "uv_size": [1.25, 4.5]},
								"west": {"uv": [7, 14], "uv_size": [0.5, 4.5]},
								"up": {"uv": [21, 6], "uv_size": [1.25, 0.5]},
								"down": {"uv": [21, 7.5], "uv_size": [1.25, -0.5]}
							}
						},
						{
							"origin": [-0.23828, -4.34064, -3.29416],
							"size": [0.47656, 0.2, 4.38668],
							"pivot": [0, -4.54005, 0.41458],
							"rotation": [-90, 0, 0],
							"uv": {
								"north": {"uv": [21, 24], "uv_size": [0.5, 0.25]},
								"east": {"uv": [16, 24], "uv_size": [4.5, 0.25]},
								"south": {"uv": [24, 21], "uv_size": [0.5, 0.25]},
								"west": {"uv": [24, 20], "uv_size": [4.5, 0.25]},
								"up": {"uv": [12, 24], "uv_size": [0.5, 4.5]},
								"down": {"uv": [24, 19.5], "uv_size": [0.5, -4.5]}
							}
						},
						{
							"origin": [-3.3979, -1.61772, -6.7656],
							"size": [0.14233, 0.47317, 4.02502],
							"pivot": [0, -4.20548, -3.75309],
							"rotation": [-90, 45, 0],
							"uv": {
								"north": {"uv": [24, 14], "uv_size": [0.25, 0.5]},
								"east": {"uv": [24, 7], "uv_size": [4, 0.5]},
								"south": {"uv": [15, 24], "uv_size": [0.25, 0.5]},
								"west": {"uv": [24, 8], "uv_size": [4, 0.5]},
								"up": {"uv": [11, 24], "uv_size": [0.25, 4]},
								"down": {"uv": [13, 28], "uv_size": [0.25, -4]}
							}
						},
						{
							"origin": [3.25557, -1.61772, -6.7656],
							"size": [0.14233, 0.47317, 4.02502],
							"pivot": [0, -4.20548, -3.75309],
							"rotation": [-90, -45, 0],
							"uv": {
								"north": {"uv": [24, 13], "uv_size": [0.25, 0.5]},
								"east": {"uv": [6, 24], "uv_size": [4, 0.5]},
								"south": {"uv": [14, 24], "uv_size": [0.25, 0.5]},
								"west": {"uv": [24, 6], "uv_size": [4, 0.5]},
								"up": {"uv": [24, 9], "uv_size": [0.25, 4]},
								"down": {"uv": [10, 28], "uv_size": [0.25, -4]}
							}
						}
					]
				},
				{
					"name": "octagon3",
					"pivot": [0, -0.3, -5.52]
				},
				{
					"name": "octagon4",
					"pivot": [0, -0.3, -5]
				},
				{
					"name": "octagon2",
					"pivot": [0, -0.3, -6.2]
				}
			]
		}
	]
}