{
	"format_version": "1.12.0",
	"minecraft:geometry": [
		{
			"description": {
				"identifier": "geometry.hk_mp5a5 - Converted",
				"texture_width": 32,
				"texture_height": 32,
				"visible_bounds_width": 4,
				"visible_bounds_height": 2.5,
				"visible_bounds_offset": [0, 0.75, 0]
			},
			"bones": [
				{
					"name": "grip3",
					"pivot": [-0.00001, -0.71491, -0.08076],
					"cubes": [
						{
							"origin": [-0.6875, -0.34334, 2.03192],
							"size": [1.375, 0.4, 0.4],
							"pivot": [0, -0.04334, 2.33192],
							"rotation": [45, 0, 0],
							"uv": {
								"north": {"uv": [10, 7], "uv_size": [1.5, 0.5]},
								"east": {"uv": [2, 20], "uv_size": [0.5, 0.5]},
								"south": {"uv": [10, 8], "uv_size": [1.5, 0.5]},
								"west": {"uv": [20, 2], "uv_size": [0.5, 0.5]},
								"up": {"uv": [10, 9], "uv_size": [1.5, 0.5]},
								"down": {"uv": [10, 10.5], "uv_size": [1.5, -0.5]}
							}
						},
						{
							"origin": [-0.6875, -0.35896, -1.56808],
							"size": [1.375, 0.3, 0.3],
							"pivot": [0, -0.05896, -1.26808],
							"rotation": [45, 0, 0],
							"uv": {
								"north": {"uv": [11.5, 7], "uv_size": [-1.5, 0.5]},
								"east": {"uv": [2.5, 20], "uv_size": [-0.5, 0.5]},
								"south": {"uv": [11.5, 8], "uv_size": [-1.5, 0.5]},
								"west": {"uv": [20.5, 2], "uv_size": [-0.5, 0.5]},
								"up": {"uv": [10, 9.5], "uv_size": [1.5, -0.5]},
								"down": {"uv": [10, 10.5], "uv_size": [1.5, -0.5]}
							}
						},
						{
							"origin": [-0.6, -0.09346, -1.76807],
							"size": [1.2, 0.133, 1.4],
							"uv": {
								"north": {"uv": [8, 16], "uv_size": [1.25, 0.25]},
								"east": {"uv": [13, 14], "uv_size": [1.5, 0.25]},
								"south": {"uv": [10, 16], "uv_size": [1.25, 0.25]},
								"west": {"uv": [0, 15], "uv_size": [1.5, 0.25]},
								"up": {"uv": [4, 0], "uv_size": [1.25, 1.5]},
								"down": {"uv": [4, 3.5], "uv_size": [1.25, -1.5]}
							}
						},
						{
							"origin": [-0.6, -0.68109, -1.55136],
							"size": [1.2, 0.58763, 0.28329],
							"uv": {
								"north": {"uv": [12, 1], "uv_size": [1.25, 0.5]},
								"east": {"uv": [21, 11], "uv_size": [0.25, 0.5]},
								"south": {"uv": [12, 7], "uv_size": [1.25, 0.5]},
								"west": {"uv": [12, 21], "uv_size": [0.25, 0.5]},
								"up": {"uv": [6, 17], "uv_size": [1.25, 0.25]},
								"down": {"uv": [17, 6.25], "uv_size": [1.25, -0.25]}
							}
						},
						{
							"origin": [-0.47957, -1.33393, -1.55136],
							"size": [0.95914, 0.65284, 0.2833],
							"uv": {
								"north": {"uv": [8, 5], "uv_size": [1, 0.75]},
								"east": {"uv": [3, 20], "uv_size": [0.25, 0.75]},
								"south": {"uv": [10, 4], "uv_size": [1, 0.75]},
								"west": {"uv": [20, 3], "uv_size": [0.25, 0.75]},
								"up": {"uv": [19, 4], "uv_size": [1, 0.25]},
								"down": {"uv": [5, 19.25], "uv_size": [1, -0.25]}
							}
						},
						{
							"origin": [-0.34213, -1.09371, -1.55136],
							"size": [0.68426, 0.44945, 0.42558],
							"uv": {
								"north": {"uv": [2, 16], "uv_size": [0.75, 0.5]},
								"east": {"uv": [19, 15], "uv_size": [0.5, 0.5]},
								"south": {"uv": [16, 2], "uv_size": [0.75, 0.5]},
								"west": {"uv": [16, 19], "uv_size": [0.5, 0.5]},
								"up": {"uv": [3, 16], "uv_size": [0.75, 0.5]},
								"down": {"uv": [16, 3.5], "uv_size": [0.75, -0.5]}
							}
						},
						{
							"origin": [-0.38864, -1.09371, -1.55136],
							"size": [0.11633, 0.56151, 0.42558],
							"pivot": [0, -0.86899, -1.33857],
							"rotation": [0, 0, -15],
							"uv": {
								"north": {"uv": [6, 22], "uv_size": [0.25, 0.5]},
								"east": {"uv": [19, 16], "uv_size": [0.5, 0.5]},
								"south": {"uv": [22, 6], "uv_size": [0.25, 0.5]},
								"west": {"uv": [17, 19], "uv_size": [0.5, 0.5]},
								"up": {"uv": [7, 22], "uv_size": [0.25, 0.5]},
								"down": {"uv": [22, 7.5], "uv_size": [0.25, -0.5]}
							}
						},
						{
							"origin": [0.27231, -1.09371, -1.55136],
							"size": [0.11633, 0.56151, 0.42558],
							"pivot": [0, -0.86899, -1.33857],
							"rotation": [0, 0, 15],
							"uv": {
								"north": {"uv": [8, 22], "uv_size": [0.25, 0.5]},
								"east": {"uv": [19, 17], "uv_size": [0.5, 0.5]},
								"south": {"uv": [22, 8], "uv_size": [0.25, 0.5]},
								"west": {"uv": [18, 19], "uv_size": [0.5, 0.5]},
								"up": {"uv": [9, 22], "uv_size": [0.25, 0.5]},
								"down": {"uv": [22, 9.5], "uv_size": [0.25, -0.5]}
							}
						},
						{
							"origin": [-0.6, -0.69346, -1.66807],
							"size": [1.2, 0.27987, 0.6],
							"pivot": [0, -0.02696, -1.06807],
							"rotation": [-45, 0, 0],
							"uv": {
								"north": {"uv": [4, 17], "uv_size": [1.25, 0.25]},
								"east": {"uv": [21, 10], "uv_size": [0.5, 0.25]},
								"south": {"uv": [17, 4], "uv_size": [1.25, 0.25]},
								"west": {"uv": [11, 21], "uv_size": [0.5, 0.25]},
								"up": {"uv": [11, 4], "uv_size": [1.25, 0.5]},
								"down": {"uv": [11, 5.5], "uv_size": [1.25, -0.5]}
							}
						},
						{
							"origin": [-0.6, -0.52641, -1.38578],
							"size": [1.2, 0.56751, 0.41821],
							"pivot": [0, -0.24102, -1.30453],
							"rotation": [-45, 0, 0],
							"uv": {
								"north": {"uv": [11, 6], "uv_size": [1.25, 0.5]},
								"east": {"uv": [18, 5], "uv_size": [0.5, 0.5]},
								"south": {"uv": [9, 11], "uv_size": [1.25, 0.5]},
								"west": {"uv": [6, 18], "uv_size": [0.5, 0.5]},
								"up": {"uv": [11, 11], "uv_size": [1.25, 0.5]},
								"down": {"uv": [12, 0.5], "uv_size": [1.25, -0.5]}
							}
						},
						{
							"origin": [-0.42457, -0.52641, -1.08578],
							"size": [0.84914, 0.86751, 0.29364],
							"pivot": [0, -0.24102, -1.30453],
							"rotation": [-45, 0, 0],
							"uv": {
								"north": {"uv": [14, 1], "uv_size": [0.75, 0.75]},
								"east": {"uv": [17, 20], "uv_size": [0.25, 0.75]},
								"south": {"uv": [3, 14], "uv_size": [0.75, 0.75]},
								"west": {"uv": [20, 17], "uv_size": [0.25, 0.75]},
								"up": {"uv": [18, 20], "uv_size": [0.75, 0.25]},
								"down": {"uv": [20, 18.25], "uv_size": [0.75, -0.25]}
							}
						},
						{
							"origin": [-0.42457, -1.97694, -1.34401],
							"size": [0.84914, 4.66752, 0.27717],
							"pivot": [0, -0.28854, -1.04719],
							"rotation": [-90, 0, 0],
							"uv": {
								"north": {"uv": [0, 3], "uv_size": [0.75, 4.75]},
								"east": {"uv": [8, 7], "uv_size": [0.25, 4.75]},
								"south": {"uv": [1, 3], "uv_size": [0.75, 4.75]},
								"west": {"uv": [9, 0], "uv_size": [0.25, 4.75]},
								"up": {"uv": [20, 20], "uv_size": [0.75, 0.25]},
								"down": {"uv": [0, 21.25], "uv_size": [0.75, -0.25]}
							}
						},
						{
							"origin": [-0.42457, -0.82455, -1.70787],
							"size": [0.84914, 0.66752, 0.27718],
							"pivot": [0, 1.50921, -1.56928],
							"rotation": [-30, 0, 0],
							"uv": {
								"north": {"uv": [6, 14], "uv_size": [0.75, 0.75]},
								"east": {"uv": [21, 6], "uv_size": [0.25, 0.75]},
								"south": {"uv": [7, 14], "uv_size": [0.75, 0.75]},
								"west": {"uv": [7, 21], "uv_size": [0.25, 0.75]},
								"up": {"uv": [21, 7], "uv_size": [0.75, 0.25]},
								"down": {"uv": [8, 21.25], "uv_size": [0.75, -0.25]}
							}
						},
						{
							"origin": [-0.42457, -0.74051, -1.82155],
							"size": [0.84914, 0.76752, 0.27717],
							"pivot": [0, -0.40675, -1.68296],
							"rotation": [-135, 0, 0],
							"uv": {
								"north": {"uv": [14, 7], "uv_size": [0.75, 0.75]},
								"east": {"uv": [21, 8], "uv_size": [0.25, 0.75]},
								"south": {"uv": [8, 14], "uv_size": [0.75, 0.75]},
								"west": {"uv": [9, 21], "uv_size": [0.25, 0.75]},
								"up": {"uv": [21, 9], "uv_size": [0.75, 0.25]},
								"down": {"uv": [10, 21.25], "uv_size": [0.75, -0.25]}
							}
						},
						{
							"origin": [-0.42457, -0.06407, 1.45959],
							"size": [0.84914, 0.78456, 0.24215],
							"pivot": [0, -0.13031, 1.59817],
							"rotation": [-135, 0, 0],
							"uv": {
								"north": {"uv": [4, 14], "uv_size": [0.75, 0.75]},
								"east": {"uv": [21, 0], "uv_size": [0.25, 0.75]},
								"south": {"uv": [5, 14], "uv_size": [0.75, 0.75]},
								"west": {"uv": [1, 21], "uv_size": [0.25, 0.75]},
								"up": {"uv": [21, 1], "uv_size": [0.75, 0.25]},
								"down": {"uv": [2, 21.25], "uv_size": [0.75, -0.25]}
							}
						},
						{
							"origin": [-0.57212, -0.61634, -1.49169],
							"size": [0.17212, 0.86752, 0.2481],
							"pivot": [0, -0.33258, -1.21528],
							"rotation": [-54.73561, 30, -35.26439],
							"uv": {
								"north": {"uv": [11, 20], "uv_size": [0.25, 0.75]},
								"east": {"uv": [20, 11], "uv_size": [0.25, 0.75]},
								"south": {"uv": [12, 20], "uv_size": [0.25, 0.75]},
								"west": {"uv": [20, 12], "uv_size": [0.25, 0.75]},
								"up": {"uv": [23, 19], "uv_size": [0.25, 0.25]},
								"down": {"uv": [20, 23.25], "uv_size": [0.25, -0.25]}
							}
						},
						{
							"origin": [-0.53749, -2.05408, -0.92588],
							"size": [0.17212, 4.66752, 0.2481],
							"pivot": [-0.45143, -0.12032, -0.80183],
							"rotation": [-90, 0, -45],
							"uv": {
								"north": {"uv": [0, 8], "uv_size": [0.25, 4.75]},
								"east": {"uv": [8, 0], "uv_size": [0.25, 4.75]},
								"south": {"uv": [1, 8], "uv_size": [0.25, 4.75]},
								"west": {"uv": [3, 8], "uv_size": [0.25, 4.75]},
								"up": {"uv": [23, 20], "uv_size": [0.25, 0.25]},
								"down": {"uv": [21, 23.25], "uv_size": [0.25, -0.25]}
							}
						},
						{
							"origin": [-0.53749, -4.07695, -0.45645],
							"size": [0.17212, 0.86752, 0.2481],
							"pivot": [-0.45143, -1.74319, -0.3324],
							"rotation": [-125.26439, -30, -35.26439],
							"uv": {
								"north": {"uv": [21, 2], "uv_size": [0.25, 0.75]},
								"east": {"uv": [3, 21], "uv_size": [0.25, 0.75]},
								"south": {"uv": [21, 3], "uv_size": [0.25, 0.75]},
								"west": {"uv": [4, 21], "uv_size": [0.25, 0.75]},
								"up": {"uv": [5, 24], "uv_size": [0.25, 0.25]},
								"down": {"uv": [24, 5.25], "uv_size": [0.25, -0.25]}
							}
						},
						{
							"origin": [0.36537, -4.07695, -0.45645],
							"size": [0.17212, 0.86752, 0.2481],
							"pivot": [0.45143, -1.74319, -0.3324],
							"rotation": [-125.26439, 30, 35.26439],
							"uv": {
								"north": {"uv": [21, 4], "uv_size": [0.25, 0.75]},
								"east": {"uv": [5, 21], "uv_size": [0.25, 0.75]},
								"south": {"uv": [21, 5], "uv_size": [0.25, 0.75]},
								"west": {"uv": [6, 21], "uv_size": [0.25, 0.75]},
								"up": {"uv": [6, 24], "uv_size": [0.25, 0.25]},
								"down": {"uv": [24, 6.25], "uv_size": [0.25, -0.25]}
							}
						},
						{
							"origin": [-0.53749, -0.81956, -1.70198],
							"size": [0.17212, 0.46752, 0.2481],
							"pivot": [-0.45143, 1.5142, -1.57793],
							"rotation": [-39.23152, 37.76124, -26.56505],
							"uv": {
								"north": {"uv": [14, 22], "uv_size": [0.25, 0.5]},
								"east": {"uv": [22, 14], "uv_size": [0.25, 0.5]},
								"south": {"uv": [15, 22], "uv_size": [0.25, 0.5]},
								"west": {"uv": [22, 15], "uv_size": [0.25, 0.5]},
								"up": {"uv": [3, 24], "uv_size": [0.25, 0.25]},
								"down": {"uv": [24, 3.25], "uv_size": [0.25, -0.25]}
							}
						},
						{
							"origin": [0.36537, -0.81956, -1.70198],
							"size": [0.17212, 0.46752, 0.2481],
							"pivot": [0.45143, 1.5142, -1.57793],
							"rotation": [-39.23152, -37.76124, 26.56505],
							"uv": {
								"north": {"uv": [16, 22], "uv_size": [0.25, 0.5]},
								"east": {"uv": [22, 16], "uv_size": [0.25, 0.5]},
								"south": {"uv": [17, 22], "uv_size": [0.25, 0.5]},
								"west": {"uv": [22, 17], "uv_size": [0.25, 0.5]},
								"up": {"uv": [4, 24], "uv_size": [0.25, 0.25]},
								"down": {"uv": [24, 4.25], "uv_size": [0.25, -0.25]}
							}
						},
						{
							"origin": [-0.53749, 2.06031, 0.5634],
							"size": [0.17212, 0.96751, 0.2481],
							"pivot": [-0.45143, 0.84407, 0.68745],
							"rotation": [-125.26439, -30, -35.26439],
							"uv": {
								"north": {"uv": [19, 10], "uv_size": [0.25, 1]},
								"east": {"uv": [11, 19], "uv_size": [0.25, 1]},
								"south": {"uv": [19, 11], "uv_size": [0.25, 1]},
								"west": {"uv": [12, 19], "uv_size": [0.25, 1]},
								"up": {"uv": [23, 21], "uv_size": [0.25, 0.25]},
								"down": {"uv": [22, 23.25], "uv_size": [0.25, -0.25]}
							}
						},
						{
							"origin": [-0.6, 0.0411, -1.08578],
							"size": [1.2, 0.3, 0.11821],
							"pivot": [0, -0.24102, -1.30453],
							"rotation": [-45, 0, 0],
							"uv": {
								"north": {"uv": [17, 8], "uv_size": [1.25, 0.25]},
								"east": {"uv": [20, 22], "uv_size": [0.25, 0.25]},
								"south": {"uv": [17, 9], "uv_size": [1.25, 0.25]},
								"west": {"uv": [22, 20], "uv_size": [0.25, 0.25]},
								"up": {"uv": [10, 17], "uv_size": [1.25, 0.25]},
								"down": {"uv": [12, 17.25], "uv_size": [1.25, -0.25]}
							}
						},
						{
							"origin": [-0.6, 0.0411, -1.23891],
							"size": [1.2, 0.16875, 0.15313],
							"pivot": [0, -0.24102, -1.30453],
							"rotation": [-45, 0, 0],
							"uv": {
								"north": {"uv": [17, 13], "uv_size": [1.25, 0.25]},
								"east": {"uv": [21, 22], "uv_size": [0.25, 0.25]},
								"south": {"uv": [14, 17], "uv_size": [1.25, 0.25]},
								"west": {"uv": [22, 21], "uv_size": [0.25, 0.25]},
								"up": {"uv": [17, 14], "uv_size": [1.25, 0.25]},
								"down": {"uv": [17, 15.25], "uv_size": [1.25, -0.25]}
							}
						},
						{
							"origin": [-0.6, -0.51111, -1.73727],
							"size": [1.2, 0.15799, 0.3],
							"pivot": [0, -0.01962, -1.03727],
							"rotation": [-45, 0, 0],
							"uv": {
								"north": {"uv": [14, 16], "uv_size": [1.25, 0.25]},
								"east": {"uv": [18, 22], "uv_size": [0.25, 0.25]},
								"south": {"uv": [16, 16], "uv_size": [1.25, 0.25]},
								"west": {"uv": [22, 18], "uv_size": [0.25, 0.25]},
								"up": {"uv": [0, 17], "uv_size": [1.25, 0.25]},
								"down": {"uv": [17, 0.25], "uv_size": [1.25, -0.25]}
							}
						},
						{
							"origin": [-0.6, -0.00139, -0.56828],
							"size": [1.2, 0.158, 0.3],
							"pivot": [0, 0.07761, -0.41828],
							"rotation": [45, 0, 0],
							"uv": {
								"north": {"uv": [17, 1], "uv_size": [1.25, 0.25]},
								"east": {"uv": [19, 22], "uv_size": [0.25, 0.25]},
								"south": {"uv": [2, 17], "uv_size": [1.25, 0.25]},
								"west": {"uv": [22, 19], "uv_size": [0.25, 0.25]},
								"up": {"uv": [17, 2], "uv_size": [1.25, 0.25]},
								"down": {"uv": [17, 3.25], "uv_size": [1.25, -0.25]}
							}
						},
						{
							"origin": [-0.6, -0.09346, -0.36807],
							"size": [1.2, 0.333, 3.1],
							"uv": {
								"north": {"uv": [12, 16], "uv_size": [1.25, 0.25]},
								"east": {"uv": [10, 2], "uv_size": [3, 0.25]},
								"south": {"uv": [16, 12], "uv_size": [1.25, 0.25]},
								"west": {"uv": [10, 3], "uv_size": [3, 0.25]},
								"up": {"uv": [0, 0], "uv_size": [1.25, 3]},
								"down": {"uv": [2, 3], "uv_size": [1.25, -3]}
							}
						},
						{
							"origin": [-0.47957, -1.13054, 2.25059],
							"size": [0.95914, 0.44945, 0.48134],
							"uv": {
								"north": {"uv": [14, 8], "uv_size": [1, 0.5]},
								"east": {"uv": [7, 18], "uv_size": [0.5, 0.5]},
								"south": {"uv": [9, 14], "uv_size": [1, 0.5]},
								"west": {"uv": [8, 18], "uv_size": [0.5, 0.5]},
								"up": {"uv": [14, 9], "uv_size": [1, 0.5]},
								"down": {"uv": [10, 14.5], "uv_size": [1, -0.5]}
							}
						},
						{
							"origin": [-0.34638, -1.09485, 2.11271],
							"size": [0.69276, 0.51376, 0.61922],
							"uv": {
								"north": {"uv": [6, 16], "uv_size": [0.75, 0.5]},
								"east": {"uv": [19, 18], "uv_size": [0.5, 0.5]},
								"south": {"uv": [16, 6], "uv_size": [0.75, 0.5]},
								"west": {"uv": [19, 19], "uv_size": [0.5, 0.5]},
								"up": {"uv": [7, 16], "uv_size": [0.75, 0.5]},
								"down": {"uv": [16, 7.5], "uv_size": [0.75, -0.5]}
							}
						},
						{
							"origin": [-0.38813, -0.99815, 2.11271],
							"size": [0.13451, 0.41706, 0.61922],
							"pivot": [0, -0.88797, 2.42232],
							"rotation": [0, 0, -15],
							"uv": {
								"north": {"uv": [10, 22], "uv_size": [0.25, 0.5]},
								"east": {"uv": [0, 20], "uv_size": [0.5, 0.5]},
								"south": {"uv": [22, 10], "uv_size": [0.25, 0.5]},
								"west": {"uv": [20, 0], "uv_size": [0.5, 0.5]},
								"up": {"uv": [11, 22], "uv_size": [0.25, 0.5]},
								"down": {"uv": [22, 11.5], "uv_size": [0.25, -0.5]}
							}
						},
						{
							"origin": [0.25362, -0.99815, 2.11271],
							"size": [0.13451, 0.41706, 0.61922],
							"pivot": [0, -0.88797, 2.42232],
							"rotation": [0, 0, 15],
							"uv": {
								"north": {"uv": [12, 22], "uv_size": [0.25, 0.5]},
								"east": {"uv": [1, 20], "uv_size": [0.5, 0.5]},
								"south": {"uv": [22, 12], "uv_size": [0.25, 0.5]},
								"west": {"uv": [20, 1], "uv_size": [0.5, 0.5]},
								"up": {"uv": [13, 22], "uv_size": [0.25, 0.5]},
								"down": {"uv": [22, 13.5], "uv_size": [0.25, -0.5]}
							}
						},
						{
							"origin": [-0.17957, -1.13054, 2.73193],
							"size": [0.35914, 0.14945, 0.2],
							"uv": {
								"north": {"uv": [23, 5], "uv_size": [0.25, 0.25]},
								"east": {"uv": [6, 23], "uv_size": [0.25, 0.25]},
								"south": {"uv": [23, 6], "uv_size": [0.25, 0.25]},
								"west": {"uv": [7, 23], "uv_size": [0.25, 0.25]},
								"up": {"uv": [23, 7], "uv_size": [0.25, 0.25]},
								"down": {"uv": [8, 23.25], "uv_size": [0.25, -0.25]}
							}
						},
						{
							"origin": [-0.17957, -0.89313, 2.96934],
							"size": [0.35914, 0.14945, 0.84989],
							"pivot": [0, -0.81841, 3.06934],
							"rotation": [90, 0, 0],
							"uv": {
								"north": {"uv": [23, 17], "uv_size": [0.25, 0.25]},
								"east": {"uv": [9, 20], "uv_size": [0.75, 0.25]},
								"south": {"uv": [18, 23], "uv_size": [0.25, 0.25]},
								"west": {"uv": [20, 9], "uv_size": [0.75, 0.25]},
								"up": {"uv": [10, 20], "uv_size": [0.25, 0.75]},
								"down": {"uv": [20, 10.75], "uv_size": [0.25, -0.75]}
							}
						},
						{
							"origin": [-0.17957, -0.05465, 2.8498],
							"size": [0.35914, 0.14944, 0.3],
							"pivot": [0, 0.02007, 2.9498],
							"rotation": [-45, 0, 0],
							"uv": {
								"north": {"uv": [23, 14], "uv_size": [0.25, 0.25]},
								"east": {"uv": [15, 23], "uv_size": [0.25, 0.25]},
								"south": {"uv": [23, 15], "uv_size": [0.25, 0.25]},
								"west": {"uv": [16, 23], "uv_size": [0.25, 0.25]},
								"up": {"uv": [23, 16], "uv_size": [0.25, 0.25]},
								"down": {"uv": [17, 23.25], "uv_size": [0.25, -0.25]}
							}
						},
						{
							"origin": [-0.17957, -0.00583, 2.73193],
							"size": [0.35914, 0.14945, 0.2],
							"uv": {
								"north": {"uv": [23, 11], "uv_size": [0.25, 0.25]},
								"east": {"uv": [12, 23], "uv_size": [0.25, 0.25]},
								"south": {"uv": [23, 12], "uv_size": [0.25, 0.25]},
								"west": {"uv": [13, 23], "uv_size": [0.25, 0.25]},
								"up": {"uv": [23, 13], "uv_size": [0.25, 0.25]},
								"down": {"uv": [14, 23.25], "uv_size": [0.25, -0.25]}
							}
						},
						{
							"origin": [-0.17957, -1.08171, 2.8498],
							"size": [0.35914, 0.14944, 0.3],
							"pivot": [0, -1.00699, 2.9498],
							"rotation": [45, 0, 0],
							"uv": {
								"north": {"uv": [23, 8], "uv_size": [0.25, 0.25]},
								"east": {"uv": [9, 23], "uv_size": [0.25, 0.25]},
								"south": {"uv": [23, 9], "uv_size": [0.25, 0.25]},
								"west": {"uv": [10, 23], "uv_size": [0.25, 0.25]},
								"up": {"uv": [23, 10], "uv_size": [0.25, 0.25]},
								"down": {"uv": [11, 23.25], "uv_size": [0.25, -0.25]}
							}
						},
						{
							"origin": [-0.47957, -2.51219, 1.86032],
							"size": [0.95914, 1.69889, 0.36873],
							"pivot": [0, -1.66274, 2.04469],
							"rotation": [-40, 0, 0],
							"uv": {
								"north": {"uv": [3, 6], "uv_size": [1, 1.75]},
								"east": {"uv": [11, 14], "uv_size": [0.25, 1.75]},
								"south": {"uv": [4, 6], "uv_size": [1, 1.75]},
								"west": {"uv": [12, 14], "uv_size": [0.25, 1.75]},
								"up": {"uv": [18, 18], "uv_size": [1, 0.25]},
								"down": {"uv": [0, 19.25], "uv_size": [1, -0.25]}
							}
						},
						{
							"origin": [-0.47957, -2.43196, 0.35049],
							"size": [0.95914, 0.3087, 1.28941],
							"uv": {
								"north": {"uv": [19, 0], "uv_size": [1, 0.25]},
								"east": {"uv": [17, 7], "uv_size": [1.25, 0.25]},
								"south": {"uv": [1, 19], "uv_size": [1, 0.25]},
								"west": {"uv": [8, 17], "uv_size": [1.25, 0.25]},
								"up": {"uv": [7, 2], "uv_size": [1, 1.25]},
								"down": {"uv": [7, 5.25], "uv_size": [1, -1.25]}
							}
						},
						{
							"origin": [-0.47957, -2.12326, 0.05049],
							"size": [0.95914, 0.2, 1.58941],
							"uv": {
								"north": {"uv": [19, 5], "uv_size": [1, 0.25]},
								"east": {"uv": [4, 15], "uv_size": [1.5, 0.25]},
								"south": {"uv": [6, 19], "uv_size": [1, 0.25]},
								"west": {"uv": [15, 4], "uv_size": [1.5, 0.25]},
								"up": {"uv": [5, 6], "uv_size": [1, 1.5]},
								"down": {"uv": [6, 6.5], "uv_size": [1, -1.5]}
							}
						},
						{
							"origin": [-0.3483, -2.12326, 0.04383],
							"size": [0.6966, 0.33127, 1.59607],
							"uv": {
								"north": {"uv": [15, 20], "uv_size": [0.75, 0.25]},
								"east": {"uv": [15, 15], "uv_size": [1.5, 0.25]},
								"south": {"uv": [20, 15], "uv_size": [0.75, 0.25]},
								"west": {"uv": [0, 16], "uv_size": [1.5, 0.25]},
								"up": {"uv": [2, 9], "uv_size": [0.75, 1.5]},
								"down": {"uv": [9, 6.5], "uv_size": [0.75, -1.5]}
							}
						},
						{
							"origin": [-0.3483, -2.12326, 1.30862],
							"size": [0.6966, 0.20903, 1.59607],
							"pivot": [0, -1.95763, 1.44187],
							"rotation": [50, 0, 0],
							"uv": {
								"north": {"uv": [19, 20], "uv_size": [0.75, 0.25]},
								"east": {"uv": [4, 16], "uv_size": [1.5, 0.25]},
								"south": {"uv": [20, 19], "uv_size": [0.75, 0.25]},
								"west": {"uv": [16, 5], "uv_size": [1.5, 0.25]},
								"up": {"uv": [9, 7], "uv_size": [0.75, 1.5]},
								"down": {"uv": [9, 10.5], "uv_size": [0.75, -1.5]}
							}
						},
						{
							"origin": [-0.3483, -1.92326, -1.54976],
							"size": [0.6966, 0.18501, 2.38966],
							"pivot": [0, -1.75763, 0.04187],
							"rotation": [-30, 0, 0],
							"uv": {
								"north": {"uv": [16, 20], "uv_size": [0.75, 0.25]},
								"east": {"uv": [13, 5], "uv_size": [2.5, 0.25]},
								"south": {"uv": [20, 16], "uv_size": [0.75, 0.25]},
								"west": {"uv": [6, 13], "uv_size": [2.5, 0.25]},
								"up": {"uv": [2, 6], "uv_size": [0.75, 2.5]},
								"down": {"uv": [6, 4.5], "uv_size": [0.75, -2.5]}
							}
						},
						{
							"origin": [-0.47957, -2.41954, -1.71433],
							"size": [0.95914, 0.31779, 2.19607],
							"pivot": [0, -2.18082, 0.39293],
							"rotation": [-30, 0, 0],
							"uv": {
								"north": {"uv": [19, 1], "uv_size": [1, 0.25]},
								"east": {"uv": [13, 6], "uv_size": [2.25, 0.25]},
								"south": {"uv": [2, 19], "uv_size": [1, 0.25]},
								"west": {"uv": [9, 13], "uv_size": [2.25, 0.25]},
								"up": {"uv": [2, 3], "uv_size": [1, 2.25]},
								"down": {"uv": [3, 5.25], "uv_size": [1, -2.25]}
							}
						},
						{
							"origin": [-0.45146, -1.97209, -1.61903],
							"size": [0, 0.18565, 2.19607],
							"pivot": [0, -1.74534, -0.52099],
							"rotation": [-22.20765, 20.70481, 40.89339],
							"uv": {
								"north": {"uv": [0, 0], "uv_size": [0, 0.25]},
								"east": {"uv": [13, 11], "uv_size": [2.25, 0.25]},
								"south": {"uv": [0, 0], "uv_size": [0, 0.25]},
								"west": {"uv": [12, 13], "uv_size": [2.25, 0.25]},
								"up": {"uv": [0, 0], "uv_size": [0, 2.25]},
								"down": {"uv": [0, 2.25], "uv_size": [0, -2.25]}
							}
						},
						{
							"origin": [-0.41393, -1.95045, 0.05049],
							"size": [0, 0.18565, 1.58941],
							"pivot": [-0.41393, -1.85763, 0.54187],
							"rotation": [0, 0, 45],
							"uv": {
								"north": {"uv": [0, 0], "uv_size": [0, 0.25]},
								"east": {"uv": [15, 8], "uv_size": [1.5, 0.25]},
								"south": {"uv": [0, 0], "uv_size": [0, 0.25]},
								"west": {"uv": [9, 15], "uv_size": [1.5, 0.25]},
								"up": {"uv": [0, 0], "uv_size": [0, 1.5]},
								"down": {"uv": [0, 1.5], "uv_size": [0, -1.5]}
							}
						},
						{
							"origin": [-0.41393, -1.55549, 1.08819],
							"size": [0, 0.18565, 1.59607],
							"pivot": [-0.41393, -1.46267, 1.88622],
							"rotation": [40.12074, -32.79775, 32.73241],
							"uv": {
								"north": {"uv": [0, 0], "uv_size": [0, 0.25]},
								"east": {"uv": [15, 9], "uv_size": [1.5, 0.25]},
								"south": {"uv": [0, 0], "uv_size": [0, 0.25]},
								"west": {"uv": [13, 15], "uv_size": [1.5, 0.25]},
								"up": {"uv": [0, 1.5], "uv_size": [0, -1.5]},
								"down": {"uv": [0, 1.5], "uv_size": [0, -1.5]}
							}
						},
						{
							"origin": [-0.09933, -1.04165, 2.3256],
							"size": [0.5556, 0.4653, 0.195],
							"pivot": [0.17847, -0.809, 2.2694],
							"rotation": [0, 45, 15],
							"uv": {
								"north": {"uv": [19, 14], "uv_size": [0.5, 0.5]},
								"east": {"uv": [4, 22], "uv_size": [0.25, 0.5]},
								"south": {"uv": [15, 19], "uv_size": [0.5, 0.5]},
								"west": {"uv": [22, 4], "uv_size": [0.25, 0.5]},
								"up": {"uv": [5, 22], "uv_size": [0.5, 0.25]},
								"down": {"uv": [22, 5.25], "uv_size": [0.5, -0.25]}
							}
						},
						{
							"origin": [0.36537, 2.06031, 0.5634],
							"size": [0.17212, 0.96751, 0.2481],
							"pivot": [0.45143, 0.84407, 0.68745],
							"rotation": [-125.26439, 30, 35.26439],
							"uv": {
								"north": {"uv": [19, 12], "uv_size": [0.25, 1]},
								"east": {"uv": [13, 19], "uv_size": [0.25, 1]},
								"south": {"uv": [19, 13], "uv_size": [0.25, 1]},
								"west": {"uv": [14, 19], "uv_size": [0.25, 1]},
								"up": {"uv": [2, 24], "uv_size": [0.25, 0.25]},
								"down": {"uv": [24, 2.25], "uv_size": [0.25, -0.25]}
							}
						},
						{
							"origin": [0.36537, -2.05408, -0.92588],
							"size": [0.17212, 4.66752, 0.2481],
							"pivot": [0.45143, -0.12032, -0.80183],
							"rotation": [-90, 0, 45],
							"uv": {
								"north": {"uv": [4, 8], "uv_size": [0.25, 4.75]},
								"east": {"uv": [5, 8], "uv_size": [0.25, 4.75]},
								"south": {"uv": [6, 8], "uv_size": [0.25, 4.75]},
								"west": {"uv": [7, 8], "uv_size": [0.25, 4.75]},
								"up": {"uv": [1, 24], "uv_size": [0.25, 0.25]},
								"down": {"uv": [24, 1.25], "uv_size": [0.25, -0.25]}
							}
						},
						{
							"origin": [0.4, -0.61634, -1.49169],
							"size": [0.17212, 0.86752, 0.2481],
							"pivot": [0, -0.33258, -1.21528],
							"rotation": [-54.73561, -30, 35.26439],
							"uv": {
								"north": {"uv": [13, 20], "uv_size": [0.25, 0.75]},
								"east": {"uv": [20, 13], "uv_size": [0.25, 0.75]},
								"south": {"uv": [14, 20], "uv_size": [0.25, 0.75]},
								"west": {"uv": [20, 14], "uv_size": [0.25, 0.75]},
								"up": {"uv": [0, 24], "uv_size": [0.25, 0.25]},
								"down": {"uv": [24, 0.25], "uv_size": [0.25, -0.25]}
							}
						},
						{
							"origin": [0.38245, -1.06657, -1.50599],
							"size": [0.1856, 0.46531, 0.20122],
							"pivot": [0.27145, -0.83391, -1.40972],
							"rotation": [0, -45, 15],
							"uv": {
								"north": {"uv": [2, 22], "uv_size": [0.25, 0.5]},
								"east": {"uv": [22, 2], "uv_size": [0.25, 0.5]},
								"south": {"uv": [3, 22], "uv_size": [0.25, 0.5]},
								"west": {"uv": [22, 3], "uv_size": [0.25, 0.5]},
								"up": {"uv": [23, 22], "uv_size": [0.25, 0.25]},
								"down": {"uv": [23, 23.25], "uv_size": [0.25, -0.25]}
							}
						},
						{
							"origin": [0.45146, -1.97209, -1.61903],
							"size": [-0.001, 0.18565, 2.19607],
							"pivot": [0, -1.74534, -0.52099],
							"rotation": [-22.20765, -20.70481, -40.89339],
							"uv": {
								"north": {"uv": [0, 0], "uv_size": [0, 0.25]},
								"east": {"uv": [0, 14], "uv_size": [2.25, 0.25]},
								"south": {"uv": [0, 0], "uv_size": [0, 0.25]},
								"west": {"uv": [14, 0], "uv_size": [2.25, 0.25]},
								"up": {"uv": [0, 2.25], "uv_size": [0, -2.25]},
								"down": {"uv": [0, 2.25], "uv_size": [0, -2.25]}
							}
						},
						{
							"origin": [0.41393, -1.95045, 0.05049],
							"size": [-0.001, 0.18565, 1.58941],
							"pivot": [0.41393, -1.85763, 0.54187],
							"rotation": [0, 0, -45],
							"uv": {
								"north": {"uv": [0, 0], "uv_size": [0, 0.25]},
								"east": {"uv": [15, 13], "uv_size": [1.5, 0.25]},
								"south": {"uv": [0, 0], "uv_size": [0, 0.25]},
								"west": {"uv": [15, 14], "uv_size": [1.5, 0.25]},
								"up": {"uv": [0, 1.5], "uv_size": [0, -1.5]},
								"down": {"uv": [0, 1.5], "uv_size": [0, -1.5]}
							}
						},
						{
							"origin": [0.41393, -1.55549, 0.98537],
							"size": [-0.001, 0.18565, 1.69889],
							"pivot": [0.41393, -1.46267, 1.88622],
							"rotation": [40.12074, 32.79775, -32.73241],
							"uv": {
								"north": {"uv": [0, 0], "uv_size": [0, 0.25]},
								"east": {"uv": [14, 10], "uv_size": [1.75, 0.25]},
								"south": {"uv": [0, 0], "uv_size": [0, 0.25]},
								"west": {"uv": [14, 12], "uv_size": [1.75, 0.25]},
								"up": {"uv": [0, 0], "uv_size": [0, 1.75]},
								"down": {"uv": [0, 1.75], "uv_size": [0, -1.75]}
							}
						},
						{
							"origin": [-0.47957, -2.41954, -2.51433],
							"size": [0.95912, 0.17614, 0.8],
							"pivot": [-0.12041, -2.18082, 0.39293],
							"rotation": [-30, 0, 0],
							"uv": {
								"north": {"uv": [19, 7], "uv_size": [1, 0.25]},
								"east": {"uv": [4, 20], "uv_size": [0.75, 0.25]},
								"south": {"uv": [8, 19], "uv_size": [1, 0.25]},
								"west": {"uv": [20, 4], "uv_size": [0.75, 0.25]},
								"up": {"uv": [10, 5], "uv_size": [1, 0.75]},
								"down": {"uv": [10, 6.75], "uv_size": [1, -0.75]}
							}
						},
						{
							"origin": [-0.6, -2.41954, -3.51433],
							"size": [1.2, 0.1761, 1],
							"pivot": [-0.24086, -2.18082, 0.39293],
							"rotation": [-30, 0, 0],
							"uv": {
								"north": {"uv": [2, 18], "uv_size": [1.25, 0.25]},
								"east": {"uv": [19, 8], "uv_size": [1, 0.25]},
								"south": {"uv": [4, 18], "uv_size": [1.25, 0.25]},
								"west": {"uv": [9, 19], "uv_size": [1, 0.25]},
								"up": {"uv": [6, 7], "uv_size": [1.25, 1]},
								"down": {"uv": [7, 7], "uv_size": [1.25, -1]}
							}
						},
						{
							"origin": [-0.76962, -0.69852, -2.48974],
							"size": [0.16962, 0.1761, 0.36699],
							"pivot": [0, -0.58962, -2.62275],
							"rotation": [-33.69007, 25.65891, -16.10211],
							"uv": {
								"north": {"uv": [22, 22], "uv_size": [0.25, 0.25]},
								"east": {"uv": [0, 23], "uv_size": [0.25, 0.25]},
								"south": {"uv": [23, 0], "uv_size": [0.25, 0.25]},
								"west": {"uv": [1, 23], "uv_size": [0.25, 0.25]},
								"up": {"uv": [23, 1], "uv_size": [0.25, 0.25]},
								"down": {"uv": [2, 23.25], "uv_size": [0.25, -0.25]}
							}
						},
						{
							"origin": [0.6, -0.69852, -2.48974],
							"size": [0.16962, 0.1761, 0.36699],
							"pivot": [0, -0.58962, -2.62275],
							"rotation": [-33.69007, -25.65891, 16.10211],
							"uv": {
								"north": {"uv": [23, 2], "uv_size": [0.25, 0.25]},
								"east": {"uv": [3, 23], "uv_size": [0.25, 0.25]},
								"south": {"uv": [23, 3], "uv_size": [0.25, 0.25]},
								"west": {"uv": [4, 23], "uv_size": [0.25, 0.25]},
								"up": {"uv": [23, 4], "uv_size": [0.25, 0.25]},
								"down": {"uv": [5, 23.25], "uv_size": [0.25, -0.25]}
							}
						},
						{
							"origin": [-0.6, -0.68109, 2.25059],
							"size": [1.2, 0.58763, 0.48134],
							"uv": {
								"north": {"uv": [12, 9], "uv_size": [1.25, 0.5]},
								"east": {"uv": [17, 18], "uv_size": [0.5, 0.5]},
								"south": {"uv": [10, 12], "uv_size": [1.25, 0.5]},
								"west": {"uv": [18, 17], "uv_size": [0.5, 0.5]},
								"up": {"uv": [12, 10], "uv_size": [1.25, 0.5]},
								"down": {"uv": [12, 12.5], "uv_size": [1.25, -0.5]}
							}
						},
						{
							"origin": [-0.6556, -0.98109, 2.25059],
							"size": [0.5556, 0.4653, 0.48134],
							"pivot": [0, -0.38727, 2.49126],
							"rotation": [0, 0, -15],
							"uv": {
								"north": {"uv": [9, 18], "uv_size": [0.5, 0.5]},
								"east": {"uv": [10, 18], "uv_size": [0.5, 0.5]},
								"south": {"uv": [18, 10], "uv_size": [0.5, 0.5]},
								"west": {"uv": [11, 18], "uv_size": [0.5, 0.5]},
								"up": {"uv": [18, 11], "uv_size": [0.5, 0.5]},
								"down": {"uv": [12, 18.5], "uv_size": [0.5, -0.5]}
							}
						},
						{
							"origin": [-0.45627, -1.04165, 2.3256],
							"size": [0.5556, 0.4653, 0.195],
							"pivot": [-0.17847, -0.809, 2.2694],
							"rotation": [0, -45, -15],
							"uv": {
								"north": {"uv": [19, 9], "uv_size": [0.5, 0.5]},
								"east": {"uv": [0, 22], "uv_size": [0.25, 0.5]},
								"south": {"uv": [10, 19], "uv_size": [0.5, 0.5]},
								"west": {"uv": [22, 0], "uv_size": [0.25, 0.5]},
								"up": {"uv": [1, 22], "uv_size": [0.5, 0.25]},
								"down": {"uv": [22, 1.25], "uv_size": [0.5, -0.25]}
							}
						},
						{
							"origin": [-0.6556, -0.98109, -1.55136],
							"size": [0.5556, 0.4653, 0.28329],
							"pivot": [0, -0.38727, -1.30874],
							"rotation": [0, 0, -15],
							"uv": {
								"north": {"uv": [19, 2], "uv_size": [0.5, 0.5]},
								"east": {"uv": [21, 12], "uv_size": [0.25, 0.5]},
								"south": {"uv": [3, 19], "uv_size": [0.5, 0.5]},
								"west": {"uv": [13, 21], "uv_size": [0.25, 0.5]},
								"up": {"uv": [21, 13], "uv_size": [0.5, 0.25]},
								"down": {"uv": [14, 21.25], "uv_size": [0.5, -0.25]}
							}
						},
						{
							"origin": [-0.56805, -1.06657, -1.50599],
							"size": [0.1856, 0.46531, 0.20122],
							"pivot": [-0.27145, -0.83391, -1.40972],
							"rotation": [0, 45, -15],
							"uv": {
								"north": {"uv": [21, 19], "uv_size": [0.25, 0.5]},
								"east": {"uv": [20, 21], "uv_size": [0.25, 0.5]},
								"south": {"uv": [21, 20], "uv_size": [0.25, 0.5]},
								"west": {"uv": [21, 21], "uv_size": [0.25, 0.5]},
								"up": {"uv": [23, 18], "uv_size": [0.25, 0.25]},
								"down": {"uv": [19, 23.25], "uv_size": [0.25, -0.25]}
							}
						},
						{
							"origin": [0.1, -0.98109, -1.55136],
							"size": [0.5556, 0.4653, 0.28133],
							"pivot": [0, -0.38727, -1.3107],
							"rotation": [0, 0, 15],
							"uv": {
								"north": {"uv": [19, 3], "uv_size": [0.5, 0.5]},
								"east": {"uv": [21, 14], "uv_size": [0.25, 0.5]},
								"south": {"uv": [4, 19], "uv_size": [0.5, 0.5]},
								"west": {"uv": [15, 21], "uv_size": [0.25, 0.5]},
								"up": {"uv": [21, 15], "uv_size": [0.5, 0.25]},
								"down": {"uv": [16, 21.25], "uv_size": [0.5, -0.25]}
							}
						},
						{
							"origin": [0.1, -0.98109, 2.25059],
							"size": [0.5556, 0.4653, 0.48134],
							"pivot": [0, -0.38727, 2.49126],
							"rotation": [0, 0, 15],
							"uv": {
								"north": {"uv": [18, 12], "uv_size": [0.5, 0.5]},
								"east": {"uv": [13, 18], "uv_size": [0.5, 0.5]},
								"south": {"uv": [14, 18], "uv_size": [0.5, 0.5]},
								"west": {"uv": [15, 18], "uv_size": [0.5, 0.5]},
								"up": {"uv": [16, 18], "uv_size": [0.5, 0.5]},
								"down": {"uv": [18, 16.5], "uv_size": [0.5, -0.5]}
							}
						},
						{
							"origin": [-0.6, -0.09346, 1.77881],
							"size": [1.2, 0.42675, 0.85312],
							"pivot": [0, 0.07304, 1.73193],
							"rotation": [-45, 0, 0],
							"uv": {
								"north": {"uv": [8, 12], "uv_size": [1.25, 0.5]},
								"east": {"uv": [15, 2], "uv_size": [0.75, 0.5]},
								"south": {"uv": [12, 8], "uv_size": [1.25, 0.5]},
								"west": {"uv": [15, 3], "uv_size": [0.75, 0.5]},
								"up": {"uv": [10, 0], "uv_size": [1.25, 0.75]},
								"down": {"uv": [10, 1.75], "uv_size": [1.25, -0.75]}
							}
						},
						{
							"origin": [-0.6, -0.09346, -3.36807],
							"size": [1.2, 0.333, 1.6],
							"uv": {
								"north": {"uv": [16, 10], "uv_size": [1.25, 0.25]},
								"east": {"uv": [15, 1], "uv_size": [1.5, 0.25]},
								"south": {"uv": [16, 11], "uv_size": [1.25, 0.25]},
								"west": {"uv": [2, 15], "uv_size": [1.5, 0.25]},
								"up": {"uv": [4, 4], "uv_size": [1.25, 1.5]},
								"down": {"uv": [6, 1.5], "uv_size": [1.25, -1.5]}
							}
						},
						{
							"origin": [-0.6, -0.31667, -2.96807],
							"size": [1.2, 0.52321, 0.25981],
							"pivot": [0, -0.29346, -3.06807],
							"rotation": [-30, 0, 0],
							"uv": {
								"north": {"uv": [0, 13], "uv_size": [1.25, 0.5]},
								"east": {"uv": [21, 16], "uv_size": [0.25, 0.5]},
								"south": {"uv": [2, 13], "uv_size": [1.25, 0.5]},
								"west": {"uv": [17, 21], "uv_size": [0.25, 0.5]},
								"up": {"uv": [16, 17], "uv_size": [1.25, 0.25]},
								"down": {"uv": [0, 18.25], "uv_size": [1.25, -0.25]}
							}
						},
						{
							"origin": [-0.6, -0.49346, -3.36807],
							"size": [1.2, 0.4, 0.6],
							"uv": {
								"north": {"uv": [13, 2], "uv_size": [1.25, 0.5]},
								"east": {"uv": [19, 6], "uv_size": [0.5, 0.5]},
								"south": {"uv": [13, 3], "uv_size": [1.25, 0.5]},
								"west": {"uv": [7, 19], "uv_size": [0.5, 0.5]},
								"up": {"uv": [4, 13], "uv_size": [1.25, 0.5]},
								"down": {"uv": [13, 4.5], "uv_size": [1.25, -0.5]}
							}
						},
						{
							"origin": [-0.4, -0.69346, -3.36807],
							"size": [0.8, 0.2, 0.7],
							"uv": {
								"north": {"uv": [5, 20], "uv_size": [0.75, 0.25]},
								"east": {"uv": [20, 5], "uv_size": [0.75, 0.25]},
								"south": {"uv": [6, 20], "uv_size": [0.75, 0.25]},
								"west": {"uv": [20, 6], "uv_size": [0.75, 0.25]},
								"up": {"uv": [2, 11], "uv_size": [0.75, 0.75]},
								"down": {"uv": [2, 12.75], "uv_size": [0.75, -0.75]}
							}
						},
						{
							"origin": [-0.4, -0.91166, -3.19485],
							"size": [0.8, 0.6182, 0.22678],
							"pivot": [0, -0.59346, -3.01807],
							"rotation": [-45, 0, 0],
							"uv": {
								"north": {"uv": [15, 7], "uv_size": [0.75, 0.5]},
								"east": {"uv": [21, 18], "uv_size": [0.25, 0.5]},
								"south": {"uv": [8, 15], "uv_size": [0.75, 0.5]},
								"west": {"uv": [19, 21], "uv_size": [0.25, 0.5]},
								"up": {"uv": [8, 20], "uv_size": [0.75, 0.25]},
								"down": {"uv": [20, 8.25], "uv_size": [0.75, -0.25]}
							}
						},
						{
							"origin": [-0.4, -0.79586, -3.26864],
							"size": [0.8, 0.2024, 0.59401],
							"pivot": [0, -0.59346, -3.01807],
							"rotation": [15, 0, 0],
							"uv": {
								"north": {"uv": [7, 20], "uv_size": [0.75, 0.25]},
								"east": {"uv": [21, 17], "uv_size": [0.5, 0.25]},
								"south": {"uv": [20, 7], "uv_size": [0.75, 0.25]},
								"west": {"uv": [18, 21], "uv_size": [0.5, 0.25]},
								"up": {"uv": [6, 15], "uv_size": [0.75, 0.5]},
								"down": {"uv": [7, 15.5], "uv_size": [0.75, -0.5]}
							}
						}
					]
				}
			]
		}
	]
}