{
	"format_version": "1.12.0",
	"minecraft:geometry": [
		{
			"description": {
				"identifier": "geometry.hk_mp5a5 - Converted",
				"texture_width": 32,
				"texture_height": 32,
				"visible_bounds_width": 4,
				"visible_bounds_height": 2.5,
				"visible_bounds_offset": [0, 0.75, 0]
			},
			"bones": [
				{
					"name": "muzzle2",
					"pivot": [0, 0, -0.24892]
				},
				{
					"name": "octagon39",
					"parent": "muzzle2",
					"pivot": [0, 0, -0.24892],
					"cubes": [
						{
							"origin": [-0.25817, -0.6233, -0.35771],
							"size": [0.51633, 1.24659, 0.36759],
							"pivot": [0, 0, -26.40179],
							"rotation": [0, 0, 45],
							"uv": {
								"north": {"uv": [1, 2], "uv_size": [0.5, 1.25]},
								"east": {"uv": [8, 8], "uv_size": [0.25, 1.25]},
								"south": {"uv": [2, 2], "uv_size": [0.5, 1.25]},
								"west": {"uv": [0, 9], "uv_size": [0.25, 1.25]},
								"up": {"uv": [4, 12], "uv_size": [0.5, 0.25]},
								"down": {"uv": [12, 4.25], "uv_size": [0.5, -0.25]}
							}
						},
						{
							"origin": [-0.25818, -0.6233, -1.85771],
							"size": [0.51635, 0.24508, 0.3],
							"pivot": [0, 0, -28.05179],
							"rotation": [0, 0, -45],
							"uv": {
								"north": {"uv": [2, 14], "uv_size": [0.5, 0.25]},
								"east": {"uv": [6, 16], "uv_size": [0.25, 0.25]},
								"south": {"uv": [14, 2], "uv_size": [0.5, 0.25]},
								"west": {"uv": [16, 6], "uv_size": [0.25, 0.25]},
								"up": {"uv": [3, 14], "uv_size": [0.5, 0.25]},
								"down": {"uv": [14, 3.25], "uv_size": [0.5, -0.25]}
							}
						},
						{
							"origin": [-0.25817, -0.6233, -1.10771],
							"size": [0.51635, 0.24508, 0.3],
							"pivot": [0, 0, -27.30179],
							"rotation": [0, 0, 45],
							"uv": {
								"north": {"uv": [6, 14], "uv_size": [0.5, 0.25]},
								"east": {"uv": [9, 16], "uv_size": [0.25, 0.25]},
								"south": {"uv": [14, 6], "uv_size": [0.5, 0.25]},
								"west": {"uv": [16, 9], "uv_size": [0.25, 0.25]},
								"up": {"uv": [7, 14], "uv_size": [0.5, 0.25]},
								"down": {"uv": [14, 7.25], "uv_size": [0.5, -0.25]}
							}
						},
						{
							"origin": [0.04184, -0.6233, -1.55771],
							"size": [0.21634, 0.24508, 1.2],
							"pivot": [0, 0, -27.00179],
							"rotation": [0, 0, 45],
							"uv": {
								"north": {"uv": [8, 16], "uv_size": [0.25, 0.25]},
								"east": {"uv": [10, 5], "uv_size": [1.25, 0.25]},
								"south": {"uv": [16, 8], "uv_size": [0.25, 0.25]},
								"west": {"uv": [10, 7], "uv_size": [1.25, 0.25]},
								"up": {"uv": [8, 10], "uv_size": [0.25, 1.25]},
								"down": {"uv": [10, 9.25], "uv_size": [0.25, -1.25]}
							}
						},
						{
							"origin": [-0.25817, -0.6233, -1.85771],
							"size": [0.51635, 0.24508, 0.3],
							"pivot": [0, 0, -28.05179],
							"rotation": [0, 0, 45],
							"uv": {
								"north": {"uv": [4, 14], "uv_size": [0.5, 0.25]},
								"east": {"uv": [7, 16], "uv_size": [0.25, 0.25]},
								"south": {"uv": [14, 4], "uv_size": [0.5, 0.25]},
								"west": {"uv": [16, 7], "uv_size": [0.25, 0.25]},
								"up": {"uv": [5, 14], "uv_size": [0.5, 0.25]},
								"down": {"uv": [14, 5.25], "uv_size": [0.5, -0.25]}
							}
						},
						{
							"origin": [-0.25818, -0.6233, -1.10771],
							"size": [0.51635, 0.24508, 0.3],
							"pivot": [0, 0, -27.30179],
							"rotation": [0, 0, -45],
							"uv": {
								"north": {"uv": [0, 14], "uv_size": [0.5, 0.25]},
								"east": {"uv": [5, 16], "uv_size": [0.25, 0.25]},
								"south": {"uv": [14, 0], "uv_size": [0.5, 0.25]},
								"west": {"uv": [16, 5], "uv_size": [0.25, 0.25]},
								"up": {"uv": [1, 14], "uv_size": [0.5, 0.25]},
								"down": {"uv": [14, 1.25], "uv_size": [0.5, -0.25]}
							}
						},
						{
							"origin": [-0.25818, -0.6233, -1.55771],
							"size": [0.21634, 0.24508, 1.2],
							"pivot": [0, 0, -27.00179],
							"rotation": [0, 0, -45],
							"uv": {
								"north": {"uv": [4, 16], "uv_size": [0.25, 0.25]},
								"east": {"uv": [3, 10], "uv_size": [1.25, 0.25]},
								"south": {"uv": [16, 4], "uv_size": [0.25, 0.25]},
								"west": {"uv": [10, 4], "uv_size": [1.25, 0.25]},
								"up": {"uv": [6, 10], "uv_size": [0.25, 1.25]},
								"down": {"uv": [7, 11.25], "uv_size": [0.25, -1.25]}
							}
						},
						{
							"origin": [-0.25818, -0.6233, -0.35771],
							"size": [0.51635, 1.24659, 0.36759],
							"pivot": [0, 0, -26.40179],
							"rotation": [0, 0, -45],
							"uv": {
								"north": {"uv": [0, 4], "uv_size": [0.5, 1.25]},
								"east": {"uv": [1, 10], "uv_size": [0.25, 1.25]},
								"south": {"uv": [1, 4], "uv_size": [0.5, 1.25]},
								"west": {"uv": [2, 10], "uv_size": [0.25, 1.25]},
								"up": {"uv": [13, 12], "uv_size": [0.5, 0.25]},
								"down": {"uv": [13, 13.25], "uv_size": [0.5, -0.25]}
							}
						},
						{
							"origin": [-0.25818, 0.37821, -1.10771],
							"size": [0.51635, 0.24508, 0.3],
							"pivot": [0, 0, -27.30179],
							"rotation": [0, 0, 45],
							"uv": {
								"north": {"uv": [9, 12], "uv_size": [0.5, 0.25]},
								"east": {"uv": [15, 9], "uv_size": [0.25, 0.25]},
								"south": {"uv": [12, 9], "uv_size": [0.5, 0.25]},
								"west": {"uv": [10, 15], "uv_size": [0.25, 0.25]},
								"up": {"uv": [10, 12], "uv_size": [0.5, 0.25]},
								"down": {"uv": [12, 10.25], "uv_size": [0.5, -0.25]}
							}
						},
						{
							"origin": [-0.25817, 0.37821, -1.85771],
							"size": [0.51635, 0.24508, 0.3],
							"pivot": [0, 0, -28.05179],
							"rotation": [0, 0, -45],
							"uv": {
								"north": {"uv": [13, 2], "uv_size": [0.5, 0.25]},
								"east": {"uv": [15, 14], "uv_size": [0.25, 0.25]},
								"south": {"uv": [3, 13], "uv_size": [0.5, 0.25]},
								"west": {"uv": [15, 15], "uv_size": [0.25, 0.25]},
								"up": {"uv": [13, 3], "uv_size": [0.5, 0.25]},
								"down": {"uv": [4, 13.25], "uv_size": [0.5, -0.25]}
							}
						},
						{
							"origin": [0.04184, 0.37821, -1.55771],
							"size": [0.21634, 0.24508, 1.2],
							"pivot": [0, 0, -27.00179],
							"rotation": [0, 0, -45],
							"uv": {
								"north": {"uv": [15, 13], "uv_size": [0.25, 0.25]},
								"east": {"uv": [6, 9], "uv_size": [1.25, 0.25]},
								"south": {"uv": [14, 15], "uv_size": [0.25, 0.25]},
								"west": {"uv": [9, 6], "uv_size": [1.25, 0.25]},
								"up": {"uv": [9, 7], "uv_size": [0.25, 1.25]},
								"down": {"uv": [9, 10.25], "uv_size": [0.25, -1.25]}
							}
						},
						{
							"origin": [-0.25817, 0.37821, -1.10771],
							"size": [0.51635, 0.24508, 0.3],
							"pivot": [0, 0, -27.30179],
							"rotation": [0, 0, -45],
							"uv": {
								"north": {"uv": [13, 0], "uv_size": [0.5, 0.25]},
								"east": {"uv": [15, 12], "uv_size": [0.25, 0.25]},
								"south": {"uv": [1, 13], "uv_size": [0.5, 0.25]},
								"west": {"uv": [13, 15], "uv_size": [0.25, 0.25]},
								"up": {"uv": [13, 1], "uv_size": [0.5, 0.25]},
								"down": {"uv": [2, 13.25], "uv_size": [0.5, -0.25]}
							}
						},
						{
							"origin": [-0.25818, 0.37821, -1.55771],
							"size": [0.21634, 0.24508, 1.2],
							"pivot": [0, 0, -27.00179],
							"rotation": [0, 0, 45],
							"uv": {
								"north": {"uv": [15, 11], "uv_size": [0.25, 0.25]},
								"east": {"uv": [3, 9], "uv_size": [1.25, 0.25]},
								"south": {"uv": [12, 15], "uv_size": [0.25, 0.25]},
								"west": {"uv": [9, 3], "uv_size": [1.25, 0.25]},
								"up": {"uv": [9, 4], "uv_size": [0.25, 1.25]},
								"down": {"uv": [5, 10.25], "uv_size": [0.25, -1.25]}
							}
						},
						{
							"origin": [-0.25818, 0.37821, -1.85771],
							"size": [0.51635, 0.24508, 0.3],
							"pivot": [0, 0, -28.05179],
							"rotation": [0, 0, 45],
							"uv": {
								"north": {"uv": [11, 12], "uv_size": [0.5, 0.25]},
								"east": {"uv": [15, 10], "uv_size": [0.25, 0.25]},
								"south": {"uv": [12, 11], "uv_size": [0.5, 0.25]},
								"west": {"uv": [11, 15], "uv_size": [0.25, 0.25]},
								"up": {"uv": [12, 12], "uv_size": [0.5, 0.25]},
								"down": {"uv": [0, 13.25], "uv_size": [0.5, -0.25]}
							}
						},
						{
							"origin": [-0.25817, -0.6233, -1.85771],
							"size": [0.51633, 0.26691, 1.86759],
							"uv": {
								"north": {"uv": [5, 12], "uv_size": [0.5, 0.25]},
								"east": {"uv": [7, 2], "uv_size": [1.75, 0.25]},
								"south": {"uv": [12, 5], "uv_size": [0.5, 0.25]},
								"west": {"uv": [7, 3], "uv_size": [1.75, 0.25]},
								"up": {"uv": [0, 0], "uv_size": [0.5, 1.75]},
								"down": {"uv": [1, 1.75], "uv_size": [0.5, -1.75]}
							}
						},
						{
							"origin": [-0.25817, 0.34703, -1.85771],
							"size": [0.51633, 0.27627, 1.86759],
							"uv": {
								"north": {"uv": [8, 12], "uv_size": [0.5, 0.25]},
								"east": {"uv": [5, 7], "uv_size": [1.75, 0.25]},
								"south": {"uv": [12, 8], "uv_size": [0.5, 0.25]},
								"west": {"uv": [7, 5], "uv_size": [1.75, 0.25]},
								"up": {"uv": [0, 2], "uv_size": [0.5, 1.75]},
								"down": {"uv": [2, 1.75], "uv_size": [0.5, -1.75]}
							}
						},
						{
							"origin": [-0.68562, -0.28399, -2.47609],
							"size": [0.22749, 0.56799, 0.70434],
							"uv": {
								"north": {"uv": [9, 14], "uv_size": [0.25, 0.5]},
								"east": {"uv": [7, 7], "uv_size": [0.75, 0.5]},
								"south": {"uv": [14, 9], "uv_size": [0.25, 0.5]},
								"west": {"uv": [0, 8], "uv_size": [0.75, 0.5]},
								"up": {"uv": [11, 8], "uv_size": [0.25, 0.75]},
								"down": {"uv": [9, 11.75], "uv_size": [0.25, -0.75]}
							}
						},
						{
							"origin": [0.45813, -0.28399, -2.47609],
							"size": [0.22749, 0.56799, 0.70434],
							"uv": {
								"north": {"uv": [15, 7], "uv_size": [0.25, 0.5]},
								"east": {"uv": [6, 8], "uv_size": [0.75, 0.5]},
								"south": {"uv": [8, 15], "uv_size": [0.25, 0.5]},
								"west": {"uv": [8, 6], "uv_size": [0.75, 0.5]},
								"up": {"uv": [2, 12], "uv_size": [0.25, 0.75]},
								"down": {"uv": [12, 2.75], "uv_size": [0.25, -0.75]}
							}
						},
						{
							"origin": [-0.13399, -0.68562, -3.82609],
							"size": [0.26797, 0.32124, 2.05434],
							"pivot": [0, 0, -30.82457],
							"rotation": [0, 0, 45],
							"uv": {
								"north": {"uv": [11, 16], "uv_size": [0.25, 0.25]},
								"east": {"uv": [5, 2], "uv_size": [2, 0.25]},
								"south": {"uv": [16, 11], "uv_size": [0.25, 0.25]},
								"west": {"uv": [3, 5], "uv_size": [2, 0.25]},
								"up": {"uv": [5, 5], "uv_size": [0.25, 2]},
								"down": {"uv": [0, 8], "uv_size": [0.25, -2]}
							}
						},
						{
							"origin": [-0.13399, 0.36438, -3.82609],
							"size": [0.26797, 0.32124, 2.05434],
							"pivot": [0, 0, -30.82457],
							"rotation": [0, 0, 45],
							"uv": {
								"north": {"uv": [12, 16], "uv_size": [0.25, 0.25]},
								"east": {"uv": [5, 3], "uv_size": [2, 0.25]},
								"south": {"uv": [16, 12], "uv_size": [0.25, 0.25]},
								"west": {"uv": [6, 0], "uv_size": [2, 0.25]},
								"up": {"uv": [1, 6], "uv_size": [0.25, 2]},
								"down": {"uv": [3, 8], "uv_size": [0.25, -2]}
							}
						},
						{
							"origin": [0.23724, 0.98397, -3.63881],
							"size": [0.26797, 0.22716, 0.22716],
							"pivot": [0.37124, 0.37124, -2.79892],
							"rotation": [45, 0, 45],
							"uv": {
								"north": {"uv": [14, 16], "uv_size": [0.25, 0.25]},
								"east": {"uv": [16, 14], "uv_size": [0.25, 0.25]},
								"south": {"uv": [15, 16], "uv_size": [0.25, 0.25]},
								"west": {"uv": [16, 15], "uv_size": [0.25, 0.25]},
								"up": {"uv": [16, 16], "uv_size": [0.25, 0.25]},
								"down": {"uv": [0, 17.25], "uv_size": [0.25, -0.25]}
							}
						},
						{
							"origin": [-0.50521, 0.98397, -3.63881],
							"size": [0.26797, 0.22716, 0.22716],
							"pivot": [-0.37123, 0.37124, -2.79892],
							"rotation": [45, 0, -45],
							"uv": {
								"north": {"uv": [17, 0], "uv_size": [0.25, 0.25]},
								"east": {"uv": [1, 17], "uv_size": [0.25, 0.25]},
								"south": {"uv": [17, 1], "uv_size": [0.25, 0.25]},
								"west": {"uv": [2, 17], "uv_size": [0.25, 0.25]},
								"up": {"uv": [17, 2], "uv_size": [0.25, 0.25]},
								"down": {"uv": [3, 17.25], "uv_size": [0.25, -0.25]}
							}
						},
						{
							"origin": [-0.28399, 0.36438, -2.47609],
							"size": [0.56799, 0.32124, 0.70434],
							"pivot": [0, 0, -30.82457],
							"rotation": [0, 0, 45],
							"uv": {
								"north": {"uv": [10, 14], "uv_size": [0.5, 0.25]},
								"east": {"uv": [11, 9], "uv_size": [0.75, 0.25]},
								"south": {"uv": [14, 10], "uv_size": [0.5, 0.25]},
								"west": {"uv": [10, 11], "uv_size": [0.75, 0.25]},
								"up": {"uv": [8, 0], "uv_size": [0.5, 0.75]},
								"down": {"uv": [1, 8.75], "uv_size": [0.5, -0.75]}
							}
						},
						{
							"origin": [-0.0786, 0.2106, -2.57375],
							"size": [0.40163, 0.32124, 0.40162],
							"pivot": [0.37124, 0.37122, -2.12392],
							"rotation": [0, -45, 45],
							"uv": {
								"north": {"uv": [14, 14], "uv_size": [0.5, 0.25]},
								"east": {"uv": [0, 15], "uv_size": [0.5, 0.25]},
								"south": {"uv": [15, 0], "uv_size": [0.5, 0.25]},
								"west": {"uv": [1, 15], "uv_size": [0.5, 0.25]},
								"up": {"uv": [10, 10], "uv_size": [0.5, 0.5]},
								"down": {"uv": [0, 11.5], "uv_size": [0.5, -0.5]}
							}
						},
						{
							"origin": [-0.32302, 0.2106, -2.57375],
							"size": [0.40163, 0.32124, 0.40162],
							"pivot": [-0.37123, 0.37122, -2.12392],
							"rotation": [0, 45, -45],
							"uv": {
								"north": {"uv": [15, 1], "uv_size": [0.5, 0.25]},
								"east": {"uv": [2, 15], "uv_size": [0.5, 0.25]},
								"south": {"uv": [15, 2], "uv_size": [0.5, 0.25]},
								"west": {"uv": [3, 15], "uv_size": [0.5, 0.25]},
								"up": {"uv": [11, 0], "uv_size": [0.5, 0.5]},
								"down": {"uv": [11, 1.5], "uv_size": [0.5, -0.5]}
							}
						},
						{
							"origin": [-0.28399, 0.36438, -2.47609],
							"size": [0.56799, 0.32124, 0.70434],
							"pivot": [0, 0, -30.82457],
							"rotation": [0, 0, -45],
							"uv": {
								"north": {"uv": [11, 14], "uv_size": [0.5, 0.25]},
								"east": {"uv": [11, 10], "uv_size": [0.75, 0.25]},
								"south": {"uv": [14, 11], "uv_size": [0.5, 0.25]},
								"west": {"uv": [11, 11], "uv_size": [0.75, 0.25]},
								"up": {"uv": [8, 1], "uv_size": [0.5, 0.75]},
								"down": {"uv": [2, 8.75], "uv_size": [0.5, -0.75]}
							}
						},
						{
							"origin": [-0.28398, -0.68562, -2.47609],
							"size": [0.56799, 0.32124, 0.70434],
							"pivot": [0, 0, -30.82457],
							"rotation": [0, 0, -45],
							"uv": {
								"north": {"uv": [13, 14], "uv_size": [0.5, 0.25]},
								"east": {"uv": [1, 12], "uv_size": [0.75, 0.25]},
								"south": {"uv": [14, 13], "uv_size": [0.5, 0.25]},
								"west": {"uv": [12, 1], "uv_size": [0.75, 0.25]},
								"up": {"uv": [8, 4], "uv_size": [0.5, 0.75]},
								"down": {"uv": [5, 8.75], "uv_size": [0.5, -0.75]}
							}
						},
						{
							"origin": [0.41944, -0.53186, -2.57375],
							"size": [0.40163, 0.32126, 0.40162],
							"pivot": [0.37124, -0.37124, -2.12392],
							"rotation": [0, 45, -45],
							"uv": {
								"north": {"uv": [15, 3], "uv_size": [0.5, 0.25]},
								"east": {"uv": [4, 15], "uv_size": [0.5, 0.25]},
								"south": {"uv": [15, 4], "uv_size": [0.5, 0.25]},
								"west": {"uv": [5, 15], "uv_size": [0.5, 0.25]},
								"up": {"uv": [11, 2], "uv_size": [0.5, 0.5]},
								"down": {"uv": [3, 11.5], "uv_size": [0.5, -0.5]}
							}
						},
						{
							"origin": [-0.82107, -0.53186, -2.57375],
							"size": [0.40163, 0.32126, 0.40162],
							"pivot": [-0.37123, -0.37124, -2.12392],
							"rotation": [0, -45, 45],
							"uv": {
								"north": {"uv": [15, 5], "uv_size": [0.5, 0.25]},
								"east": {"uv": [6, 15], "uv_size": [0.5, 0.25]},
								"south": {"uv": [15, 6], "uv_size": [0.5, 0.25]},
								"west": {"uv": [7, 15], "uv_size": [0.5, 0.25]},
								"up": {"uv": [11, 3], "uv_size": [0.5, 0.5]},
								"down": {"uv": [4, 11.5], "uv_size": [0.5, -0.5]}
							}
						},
						{
							"origin": [-0.28399, -0.68562, -2.47609],
							"size": [0.56799, 0.32124, 0.70434],
							"pivot": [0, 0, -30.82457],
							"rotation": [0, 0, 45],
							"uv": {
								"north": {"uv": [12, 14], "uv_size": [0.5, 0.25]},
								"east": {"uv": [0, 12], "uv_size": [0.75, 0.25]},
								"south": {"uv": [14, 12], "uv_size": [0.5, 0.25]},
								"west": {"uv": [12, 0], "uv_size": [0.75, 0.25]},
								"up": {"uv": [3, 8], "uv_size": [0.5, 0.75]},
								"down": {"uv": [4, 8.75], "uv_size": [0.5, -0.75]}
							}
						},
						{
							"origin": [0.36438, -0.134, -3.82609],
							"size": [0.32124, 0.26799, 2.05434],
							"pivot": [0, 0, -30.82457],
							"rotation": [0, 0, 45],
							"uv": {
								"north": {"uv": [10, 16], "uv_size": [0.25, 0.25]},
								"east": {"uv": [2, 4], "uv_size": [2, 0.25]},
								"south": {"uv": [16, 10], "uv_size": [0.25, 0.25]},
								"west": {"uv": [4, 4], "uv_size": [2, 0.25]},
								"up": {"uv": [5, 0], "uv_size": [0.25, 2]},
								"down": {"uv": [2, 7], "uv_size": [0.25, -2]}
							}
						},
						{
							"origin": [0.98397, -0.50521, -3.63881],
							"size": [0.22716, 0.26797, 0.22716],
							"pivot": [0.37124, -0.37124, -2.79892],
							"rotation": [0, 45, 45],
							"uv": {
								"north": {"uv": [17, 3], "uv_size": [0.25, 0.25]},
								"east": {"uv": [4, 17], "uv_size": [0.25, 0.25]},
								"south": {"uv": [17, 4], "uv_size": [0.25, 0.25]},
								"west": {"uv": [5, 17], "uv_size": [0.25, 0.25]},
								"up": {"uv": [17, 5], "uv_size": [0.25, 0.25]},
								"down": {"uv": [6, 17.25], "uv_size": [0.25, -0.25]}
							}
						},
						{
							"origin": [-1.21113, -0.50521, -3.63881],
							"size": [0.22716, 0.26797, 0.22716],
							"pivot": [-0.37123, -0.37124, -2.79892],
							"rotation": [0, -45, -45],
							"uv": {
								"north": {"uv": [17, 6], "uv_size": [0.25, 0.25]},
								"east": {"uv": [7, 17], "uv_size": [0.25, 0.25]},
								"south": {"uv": [17, 7], "uv_size": [0.25, 0.25]},
								"west": {"uv": [8, 17], "uv_size": [0.25, 0.25]},
								"up": {"uv": [17, 8], "uv_size": [0.25, 0.25]},
								"down": {"uv": [9, 17.25], "uv_size": [0.25, -0.25]}
							}
						},
						{
							"origin": [-0.68562, -0.134, -3.82609],
							"size": [0.32124, 0.26799, 2.05434],
							"pivot": [0, 0, -30.82457],
							"rotation": [0, 0, 45],
							"uv": {
								"north": {"uv": [13, 16], "uv_size": [0.25, 0.25]},
								"east": {"uv": [6, 1], "uv_size": [2, 0.25]},
								"south": {"uv": [16, 13], "uv_size": [0.25, 0.25]},
								"west": {"uv": [6, 4], "uv_size": [2, 0.25]},
								"up": {"uv": [4, 6], "uv_size": [0.25, 2]},
								"down": {"uv": [6, 7], "uv_size": [0.25, -2]}
							}
						},
						{
							"origin": [-0.28399, -0.68562, -2.47609],
							"size": [0.56799, 0.22749, 0.70434],
							"uv": {
								"north": {"uv": [8, 14], "uv_size": [0.5, 0.25]},
								"east": {"uv": [5, 11], "uv_size": [0.75, 0.25]},
								"south": {"uv": [14, 8], "uv_size": [0.5, 0.25]},
								"west": {"uv": [11, 6], "uv_size": [0.75, 0.25]},
								"up": {"uv": [2, 7], "uv_size": [0.5, 0.75]},
								"down": {"uv": [7, 6.75], "uv_size": [0.5, -0.75]}
							}
						},
						{
							"origin": [-0.28399, 0.45813, -2.47609],
							"size": [0.56799, 0.22749, 0.70434],
							"uv": {
								"north": {"uv": [15, 8], "uv_size": [0.5, 0.25]},
								"east": {"uv": [3, 12], "uv_size": [0.75, 0.25]},
								"south": {"uv": [9, 15], "uv_size": [0.5, 0.25]},
								"west": {"uv": [12, 3], "uv_size": [0.75, 0.25]},
								"up": {"uv": [7, 8], "uv_size": [0.5, 0.75]},
								"down": {"uv": [8, 7.75], "uv_size": [0.5, -0.75]}
							}
						},
						{
							"origin": [-0.6233, -0.25816, -0.35771],
							"size": [1.24659, 0.51633, 0.36759],
							"pivot": [0, 0, -26.40179],
							"rotation": [0, 0, 45],
							"uv": {
								"north": {"uv": [3, 0], "uv_size": [1.25, 0.5]},
								"east": {"uv": [6, 12], "uv_size": [0.25, 0.5]},
								"south": {"uv": [3, 1], "uv_size": [1.25, 0.5]},
								"west": {"uv": [12, 6], "uv_size": [0.25, 0.5]},
								"up": {"uv": [9, 0], "uv_size": [1.25, 0.25]},
								"down": {"uv": [1, 9.25], "uv_size": [1.25, -0.25]}
							}
						},
						{
							"origin": [-0.6233, -0.25816, -0.35771],
							"size": [1.24659, 0.51633, 0.36759],
							"uv": {
								"north": {"uv": [3, 2], "uv_size": [1.25, 0.5]},
								"east": {"uv": [7, 12], "uv_size": [0.25, 0.5]},
								"south": {"uv": [3, 3], "uv_size": [1.25, 0.5]},
								"west": {"uv": [12, 7], "uv_size": [0.25, 0.5]},
								"up": {"uv": [9, 1], "uv_size": [1.25, 0.25]},
								"down": {"uv": [9, 2.25], "uv_size": [1.25, -0.25]}
							}
						},
						{
							"origin": [0.42671, -0.25816, -1.10771],
							"size": [0.19659, 0.51634, 0.3],
							"uv": {
								"north": {"uv": [13, 4], "uv_size": [0.25, 0.5]},
								"east": {"uv": [5, 13], "uv_size": [0.25, 0.5]},
								"south": {"uv": [13, 5], "uv_size": [0.25, 0.5]},
								"west": {"uv": [6, 13], "uv_size": [0.25, 0.5]},
								"up": {"uv": [0, 16], "uv_size": [0.25, 0.25]},
								"down": {"uv": [16, 0.25], "uv_size": [0.25, -0.25]}
							}
						},
						{
							"origin": [0.42671, -0.25816, -1.85771],
							"size": [0.19659, 0.51634, 0.3],
							"uv": {
								"north": {"uv": [13, 6], "uv_size": [0.25, 0.5]},
								"east": {"uv": [7, 13], "uv_size": [0.25, 0.5]},
								"south": {"uv": [13, 7], "uv_size": [0.25, 0.5]},
								"west": {"uv": [8, 13], "uv_size": [0.25, 0.5]},
								"up": {"uv": [1, 16], "uv_size": [0.25, 0.25]},
								"down": {"uv": [16, 1.25], "uv_size": [0.25, -0.25]}
							}
						},
						{
							"origin": [-0.6233, -0.25816, -1.10771],
							"size": [0.19659, 0.51634, 0.3],
							"uv": {
								"north": {"uv": [13, 10], "uv_size": [0.25, 0.5]},
								"east": {"uv": [11, 13], "uv_size": [0.25, 0.5]},
								"south": {"uv": [13, 11], "uv_size": [0.25, 0.5]},
								"west": {"uv": [12, 13], "uv_size": [0.25, 0.5]},
								"up": {"uv": [3, 16], "uv_size": [0.25, 0.25]},
								"down": {"uv": [16, 3.25], "uv_size": [0.25, -0.25]}
							}
						},
						{
							"origin": [-0.6233, -0.25816, -1.85771],
							"size": [0.19659, 0.51634, 0.3],
							"uv": {
								"north": {"uv": [13, 8], "uv_size": [0.25, 0.5]},
								"east": {"uv": [9, 13], "uv_size": [0.25, 0.5]},
								"south": {"uv": [13, 9], "uv_size": [0.25, 0.5]},
								"west": {"uv": [10, 13], "uv_size": [0.25, 0.5]},
								"up": {"uv": [2, 16], "uv_size": [0.25, 0.25]},
								"down": {"uv": [16, 2.25], "uv_size": [0.25, -0.25]}
							}
						}
					]
				}
			]
		}
	]
}