{
	"format_version": "1.12.0",
	"minecraft:geometry": [
		{
			"description": {
				"identifier": "geometry.hk_mp5a5 - Converted",
				"texture_width": 32,
				"texture_height": 32,
				"visible_bounds_width": 4,
				"visible_bounds_height": 2.5,
				"visible_bounds_offset": [0, 0.75, 0]
			},
			"bones": [
				{
					"name": "muzzle1",
					"pivot": [0, 0.08411, -2.35085],
					"cubes": [
						{
							"origin": [-0.40499, 0.4344, -3.0056],
							"size": [0.80998, 0.1812, 0.2112],
							"uv": {
								"north": {"uv": [9, 1], "uv_size": [0.75, 0.25]},
								"east": {"uv": [15, 5], "uv_size": [0.25, 0.25]},
								"south": {"uv": [2, 9], "uv_size": [0.75, 0.25]},
								"west": {"uv": [6, 15], "uv_size": [0.25, 0.25]},
								"up": {"uv": [9, 2], "uv_size": [0.75, 0.25]},
								"down": {"uv": [3, 9.25], "uv_size": [0.75, -0.25]}
							}
						},
						{
							"origin": [-0.40499, 0.4344, -2.4056],
							"size": [0.80998, 0.1812, 2.4612],
							"uv": {
								"north": {"uv": [9, 6], "uv_size": [0.75, 0.25]},
								"east": {"uv": [4, 0], "uv_size": [2.5, 0.25]},
								"south": {"uv": [7, 9], "uv_size": [0.75, 0.25]},
								"west": {"uv": [4, 1], "uv_size": [2.5, 0.25]},
								"up": {"uv": [2, 0], "uv_size": [0.75, 2.5]},
								"down": {"uv": [3, 2.5], "uv_size": [0.75, -2.5]}
							}
						},
						{
							"origin": [-0.40499, 0.4344, -3.6056],
							"size": [0.80998, 0.1812, 0.2112],
							"uv": {
								"north": {"uv": [9, 4], "uv_size": [0.75, 0.25]},
								"east": {"uv": [17, 4], "uv_size": [0.25, 0.25]},
								"south": {"uv": [5, 9], "uv_size": [0.75, 0.25]},
								"west": {"uv": [5, 17], "uv_size": [0.25, 0.25]},
								"up": {"uv": [9, 5], "uv_size": [0.75, 0.25]},
								"down": {"uv": [6, 9.25], "uv_size": [0.75, -0.25]}
							}
						},
						{
							"origin": [-0.40499, 0.4344, -3.3944],
							"size": [0.20997, 0.1812, 0.3888],
							"uv": {
								"north": {"uv": [17, 5], "uv_size": [0.25, 0.25]},
								"east": {"uv": [8, 14], "uv_size": [0.5, 0.25]},
								"south": {"uv": [6, 17], "uv_size": [0.25, 0.25]},
								"west": {"uv": [14, 8], "uv_size": [0.5, 0.25]},
								"up": {"uv": [9, 14], "uv_size": [0.25, 0.5]},
								"down": {"uv": [14, 9.5], "uv_size": [0.25, -0.5]}
							}
						},
						{
							"origin": [-0.40499, 0.4344, -2.7944],
							"size": [0.20997, 0.1812, 0.3888],
							"uv": {
								"north": {"uv": [17, 6], "uv_size": [0.25, 0.25]},
								"east": {"uv": [10, 14], "uv_size": [0.5, 0.25]},
								"south": {"uv": [7, 17], "uv_size": [0.25, 0.25]},
								"west": {"uv": [14, 10], "uv_size": [0.5, 0.25]},
								"up": {"uv": [11, 14], "uv_size": [0.25, 0.5]},
								"down": {"uv": [14, 11.5], "uv_size": [0.25, -0.5]}
							}
						},
						{
							"origin": [0.19501, 0.4344, -3.3944],
							"size": [0.20998, 0.1812, 0.3888],
							"uv": {
								"north": {"uv": [17, 8], "uv_size": [0.25, 0.25]},
								"east": {"uv": [14, 14], "uv_size": [0.5, 0.25]},
								"south": {"uv": [9, 17], "uv_size": [0.25, 0.25]},
								"west": {"uv": [0, 15], "uv_size": [0.5, 0.25]},
								"up": {"uv": [15, 0], "uv_size": [0.25, 0.5]},
								"down": {"uv": [1, 15.5], "uv_size": [0.25, -0.5]}
							}
						},
						{
							"origin": [0.19501, 0.4344, -2.7944],
							"size": [0.20998, 0.1812, 0.3888],
							"uv": {
								"north": {"uv": [17, 7], "uv_size": [0.25, 0.25]},
								"east": {"uv": [12, 14], "uv_size": [0.5, 0.25]},
								"south": {"uv": [8, 17], "uv_size": [0.25, 0.25]},
								"west": {"uv": [14, 12], "uv_size": [0.5, 0.25]},
								"up": {"uv": [13, 14], "uv_size": [0.25, 0.5]},
								"down": {"uv": [14, 13.5], "uv_size": [0.25, -0.5]}
							}
						},
						{
							"origin": [-0.40499, -0.6156, -3.6056],
							"size": [0.80998, 0.1812, 3.6612],
							"uv": {
								"north": {"uv": [9, 3], "uv_size": [0.75, 0.25]},
								"east": {"uv": [2, 3], "uv_size": [3.75, 0.25]},
								"south": {"uv": [4, 9], "uv_size": [0.75, 0.25]},
								"west": {"uv": [0, 4], "uv_size": [3.75, 0.25]},
								"up": {"uv": [0, 0], "uv_size": [0.75, 3.75]},
								"down": {"uv": [1, 3.75], "uv_size": [0.75, -3.75]}
							}
						},
						{
							"origin": [0.5844, -0.25498, -1.0556],
							"size": [0.1812, 0.50996, 1.1112],
							"pivot": [0.15, 0, -25.58],
							"rotation": [0, 0, 45],
							"uv": {
								"north": {"uv": [0, 10], "uv_size": [0.25, 0.5]},
								"east": {"uv": [2, 5], "uv_size": [1, 0.5]},
								"south": {"uv": [10, 0], "uv_size": [0.25, 0.5]},
								"west": {"uv": [5, 2], "uv_size": [1, 0.5]},
								"up": {"uv": [8, 5], "uv_size": [0.25, 1]},
								"down": {"uv": [6, 9], "uv_size": [0.25, -1]}
							}
						},
						{
							"origin": [-0.10499, 0.4344, -1.0556],
							"size": [0.50998, 0.1812, 1.1112],
							"pivot": [0.15, 0, -25.58],
							"rotation": [0, 0, 45],
							"uv": {
								"north": {"uv": [9, 8], "uv_size": [0.5, 0.25]},
								"east": {"uv": [8, 2], "uv_size": [1, 0.25]},
								"south": {"uv": [9, 9], "uv_size": [0.5, 0.25]},
								"west": {"uv": [4, 8], "uv_size": [1, 0.25]},
								"up": {"uv": [0, 5], "uv_size": [0.5, 1]},
								"down": {"uv": [1, 6], "uv_size": [0.5, -1]}
							}
						},
						{
							"origin": [0.08812, 0.50562, -1.39864],
							"size": [0.4631, 0.1812, 0.2112],
							"pivot": [0.29624, 0.59622, -0.84304],
							"rotation": [0, -45, 45],
							"uv": {
								"north": {"uv": [15, 1], "uv_size": [0.5, 0.25]},
								"east": {"uv": [17, 9], "uv_size": [0.25, 0.25]},
								"south": {"uv": [2, 15], "uv_size": [0.5, 0.25]},
								"west": {"uv": [10, 17], "uv_size": [0.25, 0.25]},
								"up": {"uv": [15, 2], "uv_size": [0.5, 0.25]},
								"down": {"uv": [3, 15.25], "uv_size": [0.5, -0.25]}
							}
						},
						{
							"origin": [-0.55122, 0.50562, -1.39864],
							"size": [0.46309, 0.1812, 0.2112],
							"pivot": [-0.29624, 0.59622, -0.84304],
							"rotation": [0, 45, -45],
							"uv": {
								"north": {"uv": [15, 3], "uv_size": [0.5, 0.25]},
								"east": {"uv": [17, 10], "uv_size": [0.25, 0.25]},
								"south": {"uv": [4, 15], "uv_size": [0.5, 0.25]},
								"west": {"uv": [11, 17], "uv_size": [0.25, 0.25]},
								"up": {"uv": [15, 4], "uv_size": [0.5, 0.25]},
								"down": {"uv": [5, 15.25], "uv_size": [0.5, -0.25]}
							}
						},
						{
							"origin": [0.5844, -0.25498, -3.0056],
							"size": [0.1812, 0.50996, 0.2112],
							"pivot": [0.15, 0, -25.58],
							"rotation": [0, 0, 45],
							"uv": {
								"north": {"uv": [11, 0], "uv_size": [0.25, 0.5]},
								"east": {"uv": [1, 11], "uv_size": [0.25, 0.5]},
								"south": {"uv": [11, 1], "uv_size": [0.25, 0.5]},
								"west": {"uv": [2, 11], "uv_size": [0.25, 0.5]},
								"up": {"uv": [15, 11], "uv_size": [0.25, 0.25]},
								"down": {"uv": [12, 15.25], "uv_size": [0.25, -0.25]}
							}
						},
						{
							"origin": [0.5844, -0.25498, -3.6056],
							"size": [0.1812, 0.50996, 0.2112],
							"pivot": [0.15, 0, -25.58],
							"rotation": [0, 0, 45],
							"uv": {
								"north": {"uv": [5, 10], "uv_size": [0.25, 0.5]},
								"east": {"uv": [10, 5], "uv_size": [0.25, 0.5]},
								"south": {"uv": [6, 10], "uv_size": [0.25, 0.5]},
								"west": {"uv": [10, 6], "uv_size": [0.25, 0.5]},
								"up": {"uv": [15, 8], "uv_size": [0.25, 0.25]},
								"down": {"uv": [9, 15.25], "uv_size": [0.25, -0.25]}
							}
						},
						{
							"origin": [0.5844, -0.25498, -3.3944],
							"size": [0.1812, 0.20996, 0.3888],
							"pivot": [0.15, 0, -25.28],
							"rotation": [0, 0, 45],
							"uv": {
								"north": {"uv": [15, 10], "uv_size": [0.25, 0.25]},
								"east": {"uv": [9, 10], "uv_size": [0.5, 0.25]},
								"south": {"uv": [11, 15], "uv_size": [0.25, 0.25]},
								"west": {"uv": [10, 9], "uv_size": [0.5, 0.25]},
								"up": {"uv": [10, 10], "uv_size": [0.25, 0.5]},
								"down": {"uv": [0, 11.5], "uv_size": [0.25, -0.5]}
							}
						},
						{
							"origin": [0.5844, -0.25498, -3.6056],
							"size": [0.1812, 0.50996, 0.2112],
							"uv": {
								"north": {"uv": [3, 10], "uv_size": [0.25, 0.5]},
								"east": {"uv": [10, 3], "uv_size": [0.25, 0.5]},
								"south": {"uv": [4, 10], "uv_size": [0.25, 0.5]},
								"west": {"uv": [10, 4], "uv_size": [0.25, 0.5]},
								"up": {"uv": [15, 7], "uv_size": [0.25, 0.25]},
								"down": {"uv": [8, 15.25], "uv_size": [0.25, -0.25]}
							}
						},
						{
							"origin": [-0.10499, 0.4344, -3.6056],
							"size": [0.50998, 0.1812, 0.2112],
							"pivot": [0.15, 0, -25.58],
							"rotation": [0, 0, 45],
							"uv": {
								"north": {"uv": [1, 10], "uv_size": [0.5, 0.25]},
								"east": {"uv": [15, 6], "uv_size": [0.25, 0.25]},
								"south": {"uv": [10, 1], "uv_size": [0.5, 0.25]},
								"west": {"uv": [7, 15], "uv_size": [0.25, 0.25]},
								"up": {"uv": [2, 10], "uv_size": [0.5, 0.25]},
								"down": {"uv": [10, 2.25], "uv_size": [0.5, -0.25]}
							}
						},
						{
							"origin": [-0.7656, -0.25498, -1.0556],
							"size": [0.1812, 0.50996, 1.1112],
							"pivot": [-0.15, 0, -25.58],
							"rotation": [0, 0, -45],
							"uv": {
								"north": {"uv": [7, 14], "uv_size": [0.25, 0.5]},
								"east": {"uv": [0, 6], "uv_size": [1, 0.5]},
								"south": {"uv": [14, 7], "uv_size": [0.25, 0.5]},
								"west": {"uv": [1, 6], "uv_size": [1, 0.5]},
								"up": {"uv": [0, 9], "uv_size": [0.25, 1]},
								"down": {"uv": [9, 1], "uv_size": [0.25, -1]}
							}
						},
						{
							"origin": [-0.7656, -0.25498, -2.4056],
							"size": [0.1812, 0.50996, 0.2112],
							"pivot": [-0.15, 0, -24.98],
							"rotation": [0, 0, -45],
							"uv": {
								"north": {"uv": [5, 14], "uv_size": [0.25, 0.5]},
								"east": {"uv": [14, 5], "uv_size": [0.25, 0.5]},
								"south": {"uv": [6, 14], "uv_size": [0.25, 0.5]},
								"west": {"uv": [14, 6], "uv_size": [0.25, 0.5]},
								"up": {"uv": [17, 3], "uv_size": [0.25, 0.25]},
								"down": {"uv": [4, 17.25], "uv_size": [0.25, -0.25]}
							}
						},
						{
							"origin": [-0.7656, -0.25498, -2.7944],
							"size": [0.1812, 0.20996, 0.3888],
							"pivot": [-0.15, 0, -24.68],
							"rotation": [0, 0, -45],
							"uv": {
								"north": {"uv": [17, 2], "uv_size": [0.25, 0.25]},
								"east": {"uv": [3, 14], "uv_size": [0.5, 0.25]},
								"south": {"uv": [3, 17], "uv_size": [0.25, 0.25]},
								"west": {"uv": [14, 3], "uv_size": [0.5, 0.25]},
								"up": {"uv": [4, 14], "uv_size": [0.25, 0.5]},
								"down": {"uv": [14, 4.5], "uv_size": [0.25, -0.5]}
							}
						},
						{
							"origin": [-0.7656, -0.25498, -3.3944],
							"size": [0.1812, 0.20996, 0.3888],
							"pivot": [-0.15, 0, -25.28],
							"rotation": [0, 0, -45],
							"uv": {
								"north": {"uv": [17, 1], "uv_size": [0.25, 0.25]},
								"east": {"uv": [1, 14], "uv_size": [0.5, 0.25]},
								"south": {"uv": [2, 17], "uv_size": [0.25, 0.25]},
								"west": {"uv": [14, 1], "uv_size": [0.5, 0.25]},
								"up": {"uv": [2, 14], "uv_size": [0.25, 0.5]},
								"down": {"uv": [14, 2.5], "uv_size": [0.25, -0.5]}
							}
						},
						{
							"origin": [-0.7656, -0.25498, -3.0056],
							"size": [0.1812, 0.50996, 0.2112],
							"pivot": [-0.15, 0, -25.58],
							"rotation": [0, 0, -45],
							"uv": {
								"north": {"uv": [13, 12], "uv_size": [0.25, 0.5]},
								"east": {"uv": [13, 13], "uv_size": [0.25, 0.5]},
								"south": {"uv": [0, 14], "uv_size": [0.25, 0.5]},
								"west": {"uv": [14, 0], "uv_size": [0.25, 0.5]},
								"up": {"uv": [17, 0], "uv_size": [0.25, 0.25]},
								"down": {"uv": [1, 17.25], "uv_size": [0.25, -0.25]}
							}
						},
						{
							"origin": [-0.7656, -0.25498, -3.0056],
							"size": [0.1812, 0.50996, 0.2112],
							"uv": {
								"north": {"uv": [13, 10], "uv_size": [0.25, 0.5]},
								"east": {"uv": [11, 13], "uv_size": [0.25, 0.5]},
								"south": {"uv": [13, 11], "uv_size": [0.25, 0.5]},
								"west": {"uv": [12, 13], "uv_size": [0.25, 0.5]},
								"up": {"uv": [16, 16], "uv_size": [0.25, 0.25]},
								"down": {"uv": [0, 17.25], "uv_size": [0.25, -0.25]}
							}
						},
						{
							"origin": [-0.7656, -0.25498, -3.6056],
							"size": [0.1812, 0.50996, 0.2112],
							"pivot": [-0.15, 0, -25.58],
							"rotation": [0, 0, -45],
							"uv": {
								"north": {"uv": [13, 8], "uv_size": [0.25, 0.5]},
								"east": {"uv": [9, 13], "uv_size": [0.25, 0.5]},
								"south": {"uv": [13, 9], "uv_size": [0.25, 0.5]},
								"west": {"uv": [10, 13], "uv_size": [0.25, 0.5]},
								"up": {"uv": [15, 16], "uv_size": [0.25, 0.25]},
								"down": {"uv": [16, 15.25], "uv_size": [0.25, -0.25]}
							}
						},
						{
							"origin": [-0.7656, -0.25498, -3.6056],
							"size": [0.1812, 0.50996, 0.2112],
							"uv": {
								"north": {"uv": [13, 6], "uv_size": [0.25, 0.5]},
								"east": {"uv": [7, 13], "uv_size": [0.25, 0.5]},
								"south": {"uv": [13, 7], "uv_size": [0.25, 0.5]},
								"west": {"uv": [8, 13], "uv_size": [0.25, 0.5]},
								"up": {"uv": [14, 16], "uv_size": [0.25, 0.25]},
								"down": {"uv": [16, 14.25], "uv_size": [0.25, -0.25]}
							}
						},
						{
							"origin": [-0.10499, 0.4344, -3.3944],
							"size": [0.20997, 0.1812, 0.3888],
							"pivot": [-0.15, 0, -25.58],
							"rotation": [0, 0, -45],
							"uv": {
								"north": {"uv": [13, 16], "uv_size": [0.25, 0.25]},
								"east": {"uv": [13, 4], "uv_size": [0.5, 0.25]},
								"south": {"uv": [16, 13], "uv_size": [0.25, 0.25]},
								"west": {"uv": [5, 13], "uv_size": [0.5, 0.25]},
								"up": {"uv": [13, 5], "uv_size": [0.25, 0.5]},
								"down": {"uv": [6, 13.5], "uv_size": [0.25, -0.5]}
							}
						},
						{
							"origin": [-0.10499, 0.4344, -2.7944],
							"size": [0.20997, 0.1812, 0.3888],
							"pivot": [-0.15, 0, -24.98],
							"rotation": [0, 0, -45],
							"uv": {
								"north": {"uv": [12, 16], "uv_size": [0.25, 0.25]},
								"east": {"uv": [13, 2], "uv_size": [0.5, 0.25]},
								"south": {"uv": [16, 12], "uv_size": [0.25, 0.25]},
								"west": {"uv": [3, 13], "uv_size": [0.5, 0.25]},
								"up": {"uv": [13, 3], "uv_size": [0.25, 0.5]},
								"down": {"uv": [4, 13.5], "uv_size": [0.25, -0.5]}
							}
						},
						{
							"origin": [-0.40499, 0.4344, -2.4056],
							"size": [0.50997, 0.1812, 0.2112],
							"pivot": [-0.15, 0, -24.98],
							"rotation": [0, 0, -45],
							"uv": {
								"north": {"uv": [13, 0], "uv_size": [0.5, 0.25]},
								"east": {"uv": [11, 16], "uv_size": [0.25, 0.25]},
								"south": {"uv": [1, 13], "uv_size": [0.5, 0.25]},
								"west": {"uv": [16, 11], "uv_size": [0.25, 0.25]},
								"up": {"uv": [13, 1], "uv_size": [0.5, 0.25]},
								"down": {"uv": [2, 13.25], "uv_size": [0.5, -0.25]}
							}
						},
						{
							"origin": [-0.7656, -0.25498, -2.4056],
							"size": [0.1812, 0.50996, 0.2112],
							"uv": {
								"north": {"uv": [11, 12], "uv_size": [0.25, 0.5]},
								"east": {"uv": [12, 11], "uv_size": [0.25, 0.5]},
								"south": {"uv": [12, 12], "uv_size": [0.25, 0.5]},
								"west": {"uv": [0, 13], "uv_size": [0.25, 0.5]},
								"up": {"uv": [10, 16], "uv_size": [0.25, 0.25]},
								"down": {"uv": [16, 10.25], "uv_size": [0.25, -0.25]}
							}
						},
						{
							"origin": [-0.7656, -0.25498, -2.1944],
							"size": [0.1812, 0.20996, 1.1388],
							"pivot": [-0.15, 0, -23.33],
							"rotation": [0, 0, -45],
							"uv": {
								"north": {"uv": [9, 16], "uv_size": [0.25, 0.25]},
								"east": {"uv": [7, 4], "uv_size": [1.25, 0.25]},
								"south": {"uv": [16, 9], "uv_size": [0.25, 0.25]},
								"west": {"uv": [6, 7], "uv_size": [1.25, 0.25]},
								"up": {"uv": [8, 0], "uv_size": [0.25, 1.25]},
								"down": {"uv": [1, 9.25], "uv_size": [0.25, -1.25]}
							}
						},
						{
							"origin": [-0.7656, -0.25498, -1.0556],
							"size": [0.1812, 0.50996, 1.1112],
							"uv": {
								"north": {"uv": [10, 12], "uv_size": [0.25, 0.5]},
								"east": {"uv": [5, 4], "uv_size": [1, 0.5]},
								"south": {"uv": [12, 10], "uv_size": [0.25, 0.5]},
								"west": {"uv": [5, 5], "uv_size": [1, 0.5]},
								"up": {"uv": [8, 7], "uv_size": [0.25, 1]},
								"down": {"uv": [8, 9], "uv_size": [0.25, -1]}
							}
						},
						{
							"origin": [-0.40499, 0.4344, -1.0556],
							"size": [0.50997, 0.1812, 1.1112],
							"pivot": [-0.15, 0, -25.58],
							"rotation": [0, 0, -45],
							"uv": {
								"north": {"uv": [9, 12], "uv_size": [0.5, 0.25]},
								"east": {"uv": [8, 6], "uv_size": [1, 0.25]},
								"south": {"uv": [12, 9], "uv_size": [0.5, 0.25]},
								"west": {"uv": [7, 8], "uv_size": [1, 0.25]},
								"up": {"uv": [3, 5], "uv_size": [0.5, 1]},
								"down": {"uv": [4, 6], "uv_size": [0.5, -1]}
							}
						},
						{
							"origin": [-0.10499, 0.4344, -2.1944],
							"size": [0.20997, 0.1812, 1.1388],
							"pivot": [-0.15, 0, -23.63],
							"rotation": [0, 0, -45],
							"uv": {
								"north": {"uv": [8, 16], "uv_size": [0.25, 0.25]},
								"east": {"uv": [1, 7], "uv_size": [1.25, 0.25]},
								"south": {"uv": [16, 8], "uv_size": [0.25, 0.25]},
								"west": {"uv": [7, 3], "uv_size": [1.25, 0.25]},
								"up": {"uv": [3, 7], "uv_size": [0.25, 1.25]},
								"down": {"uv": [5, 8.25], "uv_size": [0.25, -1.25]}
							}
						},
						{
							"origin": [-0.40499, 0.4344, -3.0056],
							"size": [0.50997, 0.1812, 0.2112],
							"pivot": [-0.15, 0, -24.98],
							"rotation": [0, 0, -45],
							"uv": {
								"north": {"uv": [7, 12], "uv_size": [0.5, 0.25]},
								"east": {"uv": [7, 16], "uv_size": [0.25, 0.25]},
								"south": {"uv": [12, 7], "uv_size": [0.5, 0.25]},
								"west": {"uv": [16, 7], "uv_size": [0.25, 0.25]},
								"up": {"uv": [8, 12], "uv_size": [0.5, 0.25]},
								"down": {"uv": [12, 8.25], "uv_size": [0.5, -0.25]}
							}
						},
						{
							"origin": [-0.40499, 0.4344, -3.6056],
							"size": [0.50997, 0.1812, 0.2112],
							"pivot": [-0.15, 0, -25.58],
							"rotation": [0, 0, -45],
							"uv": {
								"north": {"uv": [5, 12], "uv_size": [0.5, 0.25]},
								"east": {"uv": [6, 16], "uv_size": [0.25, 0.25]},
								"south": {"uv": [12, 5], "uv_size": [0.5, 0.25]},
								"west": {"uv": [16, 6], "uv_size": [0.25, 0.25]},
								"up": {"uv": [6, 12], "uv_size": [0.5, 0.25]},
								"down": {"uv": [12, 6.25], "uv_size": [0.5, -0.25]}
							}
						},
						{
							"origin": [-0.10499, 0.4344, -3.3944],
							"size": [0.20997, 0.1812, 0.3888],
							"pivot": [0.15, 0, -25.58],
							"rotation": [0, 0, 45],
							"uv": {
								"north": {"uv": [15, 9], "uv_size": [0.25, 0.25]},
								"east": {"uv": [7, 10], "uv_size": [0.5, 0.25]},
								"south": {"uv": [10, 15], "uv_size": [0.25, 0.25]},
								"west": {"uv": [10, 7], "uv_size": [0.5, 0.25]},
								"up": {"uv": [8, 10], "uv_size": [0.25, 0.5]},
								"down": {"uv": [10, 8.5], "uv_size": [0.25, -0.5]}
							}
						},
						{
							"origin": [0.5844, -0.25498, -2.7944],
							"size": [0.1812, 0.20996, 0.3888],
							"pivot": [0.15, 0, -24.68],
							"rotation": [0, 0, 45],
							"uv": {
								"north": {"uv": [3, 16], "uv_size": [0.25, 0.25]},
								"east": {"uv": [3, 12], "uv_size": [0.5, 0.25]},
								"south": {"uv": [16, 3], "uv_size": [0.25, 0.25]},
								"west": {"uv": [12, 3], "uv_size": [0.5, 0.25]},
								"up": {"uv": [4, 12], "uv_size": [0.25, 0.5]},
								"down": {"uv": [12, 4.5], "uv_size": [0.25, -0.5]}
							}
						},
						{
							"origin": [0.5844, -0.25498, -2.4056],
							"size": [0.1812, 0.50996, 0.2112],
							"pivot": [0.15, 0, -24.98],
							"rotation": [0, 0, 45],
							"uv": {
								"north": {"uv": [1, 12], "uv_size": [0.25, 0.5]},
								"east": {"uv": [12, 1], "uv_size": [0.25, 0.5]},
								"south": {"uv": [2, 12], "uv_size": [0.25, 0.5]},
								"west": {"uv": [12, 2], "uv_size": [0.25, 0.5]},
								"up": {"uv": [2, 16], "uv_size": [0.25, 0.25]},
								"down": {"uv": [16, 2.25], "uv_size": [0.25, -0.25]}
							}
						},
						{
							"origin": [0.5844, -0.25498, -2.4056],
							"size": [0.1812, 0.50996, 0.2112],
							"uv": {
								"north": {"uv": [11, 10], "uv_size": [0.25, 0.5]},
								"east": {"uv": [11, 11], "uv_size": [0.25, 0.5]},
								"south": {"uv": [0, 12], "uv_size": [0.25, 0.5]},
								"west": {"uv": [12, 0], "uv_size": [0.25, 0.5]},
								"up": {"uv": [1, 16], "uv_size": [0.25, 0.25]},
								"down": {"uv": [16, 1.25], "uv_size": [0.25, -0.25]}
							}
						},
						{
							"origin": [0.5844, -0.25498, -3.0056],
							"size": [0.1812, 0.50996, 0.2112],
							"uv": {
								"north": {"uv": [11, 8], "uv_size": [0.25, 0.5]},
								"east": {"uv": [9, 11], "uv_size": [0.25, 0.5]},
								"south": {"uv": [11, 9], "uv_size": [0.25, 0.5]},
								"west": {"uv": [10, 11], "uv_size": [0.25, 0.5]},
								"up": {"uv": [0, 16], "uv_size": [0.25, 0.25]},
								"down": {"uv": [16, 0.25], "uv_size": [0.25, -0.25]}
							}
						},
						{
							"origin": [-0.10499, 0.4344, -3.0056],
							"size": [0.50998, 0.1812, 0.2112],
							"pivot": [0.15, 0, -24.98],
							"rotation": [0, 0, 45],
							"uv": {
								"north": {"uv": [11, 6], "uv_size": [0.5, 0.25]},
								"east": {"uv": [15, 14], "uv_size": [0.25, 0.25]},
								"south": {"uv": [7, 11], "uv_size": [0.5, 0.25]},
								"west": {"uv": [15, 15], "uv_size": [0.25, 0.25]},
								"up": {"uv": [11, 7], "uv_size": [0.5, 0.25]},
								"down": {"uv": [8, 11.25], "uv_size": [0.5, -0.25]}
							}
						},
						{
							"origin": [-0.10499, 0.4344, -2.4056],
							"size": [0.50998, 0.1812, 0.2112],
							"pivot": [0.15, 0, -24.98],
							"rotation": [0, 0, 45],
							"uv": {
								"north": {"uv": [11, 4], "uv_size": [0.5, 0.25]},
								"east": {"uv": [15, 13], "uv_size": [0.25, 0.25]},
								"south": {"uv": [5, 11], "uv_size": [0.5, 0.25]},
								"west": {"uv": [14, 15], "uv_size": [0.25, 0.25]},
								"up": {"uv": [11, 5], "uv_size": [0.5, 0.25]},
								"down": {"uv": [6, 11.25], "uv_size": [0.5, -0.25]}
							}
						},
						{
							"origin": [-0.10499, 0.4344, -2.7944],
							"size": [0.20997, 0.1812, 0.3888],
							"pivot": [0.15, 0, -24.98],
							"rotation": [0, 0, 45],
							"uv": {
								"north": {"uv": [15, 12], "uv_size": [0.25, 0.25]},
								"east": {"uv": [11, 2], "uv_size": [0.5, 0.25]},
								"south": {"uv": [13, 15], "uv_size": [0.25, 0.25]},
								"west": {"uv": [3, 11], "uv_size": [0.5, 0.25]},
								"up": {"uv": [11, 3], "uv_size": [0.25, 0.5]},
								"down": {"uv": [4, 11.5], "uv_size": [0.25, -0.5]}
							}
						},
						{
							"origin": [0.5844, -0.25498, -2.1944],
							"size": [0.1812, 0.20996, 1.1388],
							"pivot": [0.15, 0, -23.33],
							"rotation": [0, 0, 45],
							"uv": {
								"north": {"uv": [5, 16], "uv_size": [0.25, 0.25]},
								"east": {"uv": [5, 6], "uv_size": [1.25, 0.25]},
								"south": {"uv": [16, 5], "uv_size": [0.25, 0.25]},
								"west": {"uv": [6, 5], "uv_size": [1.25, 0.25]},
								"up": {"uv": [0, 7], "uv_size": [0.25, 1.25]},
								"down": {"uv": [7, 1.25], "uv_size": [0.25, -1.25]}
							}
						},
						{
							"origin": [-0.10499, 0.4344, -2.1944],
							"size": [0.20997, 0.1812, 1.1388],
							"pivot": [0.15, 0, -23.63],
							"rotation": [0, 0, 45],
							"uv": {
								"north": {"uv": [4, 16], "uv_size": [0.25, 0.25]},
								"east": {"uv": [2, 6], "uv_size": [1.25, 0.25]},
								"south": {"uv": [16, 4], "uv_size": [0.25, 0.25]},
								"west": {"uv": [6, 2], "uv_size": [1.25, 0.25]},
								"up": {"uv": [6, 3], "uv_size": [0.25, 1.25]},
								"down": {"uv": [4, 7.25], "uv_size": [0.25, -1.25]}
							}
						},
						{
							"origin": [0.5844, -0.25498, -1.0556],
							"size": [0.1812, 0.50996, 1.1112],
							"uv": {
								"north": {"uv": [9, 7], "uv_size": [0.25, 0.5]},
								"east": {"uv": [4, 2], "uv_size": [1, 0.5]},
								"south": {"uv": [8, 9], "uv_size": [0.25, 0.5]},
								"west": {"uv": [4, 4], "uv_size": [1, 0.5]},
								"up": {"uv": [7, 6], "uv_size": [0.25, 1]},
								"down": {"uv": [2, 9], "uv_size": [0.25, -1]}
							}
						}
					]
				}
			]
		}
	]
}