{
	"format_version": "1.12.0",
	"minecraft:geometry": [
		{
			"description": {
				"identifier": "geometry.hk_mp5a5 - Converted",
				"texture_width": 32,
				"texture_height": 32,
				"visible_bounds_width": 4,
				"visible_bounds_height": 2.5,
				"visible_bounds_offset": [0, 0.75, 0]
			},
			"bones": [
				{
					"name": "bone",
					"pivot": [0, -2.3, -1.25],
					"cubes": [
						{
							"origin": [-0.875, -4.05, -0.375],
							"size": [1.75, 4.125, 0.875],
							"uv": {
								"north": {"uv": [0, 0], "uv_size": [1.5, 3.25]},
								"east": {"uv": [5, 0], "uv_size": [0.75, 3.25]},
								"south": {"uv": [2, 0], "uv_size": [1.5, 3.25]},
								"west": {"uv": [5, 4], "uv_size": [0.75, 3.25]},
								"up": {"uv": [6, 6], "uv_size": [1.5, 0.75]},
								"down": {"uv": [7, 2.75], "uv_size": [1.5, -0.75]}
							}
						},
						{
							"origin": [-0.875, -0.55, 0.5],
							"size": [1.75, 0.75, 0.39111],
							"uv": {
								"north": {"uv": [8, 10], "uv_size": [1.5, 0.5]},
								"east": {"uv": [15, 11], "uv_size": [0.25, 0.5]},
								"south": {"uv": [10, 9], "uv_size": [1.5, 0.5]},
								"west": {"uv": [12.01172, 15], "uv_size": [0.21484, 0.42188]},
								"up": {"uv": [13, 4], "uv_size": [1.5, 0.25]},
								"down": {"uv": [13, 6.25], "uv_size": [1.5, -0.25]}
							}
						},
						{
							"origin": [-0.875, 0.075, -0.125],
							"size": [1.75, 0.125, 0.625],
							"uv": {
								"north": {"uv": [13, 7], "uv_size": [1.5, 0.25]},
								"east": {"uv": [15, 12], "uv_size": [0.5, 0.25]},
								"south": {"uv": [13, 8], "uv_size": [1.5, 0.25]},
								"west": {"uv": [13, 15], "uv_size": [0.5, 0.25]},
								"up": {"uv": [10, 10], "uv_size": [1.5, 0.5]},
								"down": {"uv": [0, 11.5], "uv_size": [1.5, -0.5]}
							}
						},
						{
							"origin": [-0.62056, 0.075, -0.125],
							"size": [1.24113, 0.37944, 1.01611],
							"uv": {
								"north": {"uv": [14, 12], "uv_size": [1, 0.25]},
								"east": {"uv": [1, 15], "uv_size": [0.75, 0.25]},
								"south": {"uv": [13, 14], "uv_size": [1, 0.25]},
								"west": {"uv": [15, 1], "uv_size": [0.75, 0.25]},
								"up": {"uv": [7, 5], "uv_size": [1, 0.75]},
								"down": {"uv": [4, 10.75], "uv_size": [1, -0.75]}
							}
						},
						{
							"origin": [-0.875, -2.66745, 0.5],
							"size": [1.75, 2.11745, 0.54821],
							"uv": {
								"north": {"uv": [1, 4], "uv_size": [1.5, 1.75]},
								"east": {"uv": [6, 7], "uv_size": [0.5, 1.75]},
								"south": {"uv": [3, 4], "uv_size": [1.5, 1.75]},
								"west": {"uv": [7, 7], "uv_size": [0.5, 1.75]},
								"up": {"uv": [9, 7], "uv_size": [1.5, 0.5]},
								"down": {"uv": [8, 9.5], "uv_size": [1.5, -0.5]}
							}
						},
						{
							"origin": [-0.87475, -0.65677, 0.75025],
							"size": [1.7495, 0.60653, 0.5624],
							"inflate": -0.001,
							"pivot": [0, -1.60872, 0.77411],
							"rotation": [15, 0, 0],
							"uv": {
								"north": {"uv": [9, 8], "uv_size": [1.5, 0.5]},
								"east": {"uv": [14, 11], "uv_size": [0.5, 0.5]},
								"south": {"uv": [0, 10], "uv_size": [1.5, 0.5]},
								"west": {"uv": [12, 14], "uv_size": [0.5, 0.5]},
								"up": {"uv": [2, 10], "uv_size": [1.5, 0.5]},
								"down": {"uv": [6, 10.5], "uv_size": [1.5, -0.5]}
							}
						},
						{
							"origin": [-0.6459, -2.66745, 0.5],
							"size": [1.2918, 2.11745, 0.77733],
							"uv": {
								"north": {"uv": [6, 2], "uv_size": [1, 1.75]},
								"east": {"uv": [1, 8], "uv_size": [0.5, 1.75]},
								"south": {"uv": [3, 6], "uv_size": [1, 1.75]},
								"west": {"uv": [2, 8], "uv_size": [0.5, 1.75]},
								"up": {"uv": [12, 2], "uv_size": [1, 0.5]},
								"down": {"uv": [12, 3.5], "uv_size": [1, -0.5]}
							}
						},
						{
							"origin": [0.25, -2.66745, 0.34921],
							"size": [0.56254, 2.11745, 0.324],
							"pivot": [0, -1.29622, 0.77411],
							"rotation": [0, -45, 0],
							"uv": {
								"north": {"uv": [0, 8], "uv_size": [0.5, 1.75]},
								"east": {"uv": [5, 12], "uv_size": [0.25, 1.75]},
								"south": {"uv": [8, 0], "uv_size": [0.5, 1.75]},
								"west": {"uv": [6, 12], "uv_size": [0.25, 1.75]},
								"up": {"uv": [15, 9], "uv_size": [0.5, 0.25]},
								"down": {"uv": [10, 15.25], "uv_size": [0.5, -0.25]}
							}
						},
						{
							"origin": [-0.81254, -2.66745, 0.34921],
							"size": [0.56254, 2.11745, 0.324],
							"pivot": [0, -1.29622, 0.77411],
							"rotation": [0, 45, 0],
							"uv": {
								"north": {"uv": [3, 8], "uv_size": [0.5, 1.75]},
								"east": {"uv": [7, 12], "uv_size": [0.25, 1.75]},
								"south": {"uv": [4, 8], "uv_size": [0.5, 1.75]},
								"west": {"uv": [8, 12], "uv_size": [0.25, 1.75]},
								"up": {"uv": [15, 10], "uv_size": [0.5, 0.25]},
								"down": {"uv": [11, 15.25], "uv_size": [0.5, -0.25]}
							}
						},
						{
							"origin": [-0.87475, -3.52119, 0.75025],
							"size": [1.7495, 1.47094, 0.63063],
							"inflate": -0.001,
							"pivot": [0, -1.7375, 0.0625],
							"rotation": [-30, 0, 0],
							"uv": {
								"north": {"uv": [6, 0], "uv_size": [1.5, 1.25]},
								"east": {"uv": [9, 11], "uv_size": [0.5, 1.25]},
								"south": {"uv": [1, 6], "uv_size": [1.5, 1.25]},
								"west": {"uv": [10, 11], "uv_size": [0.5, 1.25]},
								"up": {"uv": [6, 9], "uv_size": [1.5, 0.5]},
								"down": {"uv": [9, 6.5], "uv_size": [1.5, -0.5]}
							}
						},
						{
							"origin": [-0.64482, -4.05, -0.60517],
							"size": [1.28965, 4, 0.23018],
							"uv": {
								"north": {"uv": [0, 4], "uv_size": [1, 3.25]},
								"east": {"uv": [5, 8], "uv_size": [0.25, 3.25]},
								"south": {"uv": [4, 0], "uv_size": [1, 3.25]},
								"west": {"uv": [8, 5], "uv_size": [0.25, 3.25]},
								"up": {"uv": [10, 14], "uv_size": [1, 0.25]},
								"down": {"uv": [14, 10.25], "uv_size": [1, -0.25]}
							}
						},
						{
							"origin": [-0.875, -0.425, -1],
							"size": [1.75, 0.5, 0.625],
							"uv": {
								"north": {"uv": [9, 0], "uv_size": [1.5, 0.5]},
								"east": {"uv": [3, 14], "uv_size": [0.5, 0.5]},
								"south": {"uv": [9, 1], "uv_size": [1.5, 0.5]},
								"west": {"uv": [4, 14], "uv_size": [0.5, 0.39219]},
								"up": {"uv": [9, 2], "uv_size": [1.5, 0.5]},
								"down": {"uv": [9, 3.5], "uv_size": [1.5, -0.5]}
							}
						},
						{
							"origin": [-0.58616, -0.425, -1.28884],
							"size": [1.17233, 0.5, 0.28884],
							"uv": {
								"north": {"uv": [11, 8], "uv_size": [1, 0.5]},
								"east": {"uv": [15, 8], "uv_size": [0.25, 0.5]},
								"south": {"uv": [11, 11], "uv_size": [1, 0.5]},
								"west": {"uv": [9, 15], "uv_size": [0.25, 0.5]},
								"up": {"uv": [8, 14], "uv_size": [1, 0.25]},
								"down": {"uv": [9, 14.25], "uv_size": [1, -0.25]}
							}
						},
						{
							"origin": [0.50025, -0.42475, -0.62475],
							"size": [0.51596, 0.4995, 0.40798],
							"inflate": -0.001,
							"pivot": [0, -0.175, -0.4375],
							"rotation": [0, 45, 0],
							"uv": {
								"north": {"uv": [5, 14], "uv_size": [0.5, 0.5]},
								"east": {"uv": [15, 4], "uv_size": [0.25, 0.5]},
								"south": {"uv": [14, 5], "uv_size": [0.5, 0.5]},
								"west": {"uv": [5, 15], "uv_size": [0.25, 0.5]},
								"up": {"uv": [15, 5], "uv_size": [0.5, 0.25]},
								"down": {"uv": [6, 15.25], "uv_size": [0.5, -0.25]}
							}
						},
						{
							"origin": [-1.01621, -0.42475, -0.62475],
							"size": [0.51596, 0.4995, 0.40798],
							"inflate": -0.001,
							"pivot": [0, -0.175, -0.4375],
							"rotation": [0, -45, 0],
							"uv": {
								"north": {"uv": [6, 14], "uv_size": [0.5, 0.5]},
								"east": {"uv": [15, 6], "uv_size": [0.25, 0.5]},
								"south": {"uv": [7, 14], "uv_size": [0.5, 0.5]},
								"west": {"uv": [7, 15], "uv_size": [0.25, 0.5]},
								"up": {"uv": [15, 7], "uv_size": [0.5, 0.25]},
								"down": {"uv": [8, 15.25], "uv_size": [0.5, -0.25]}
							}
						},
						{
							"origin": [-0.87475, -0.79975, -0.74975],
							"size": [1.7495, 0.5581, 0.8745],
							"inflate": -0.001,
							"pivot": [0, -0.55, -0.1875],
							"rotation": [-45, 0, 0],
							"uv": {
								"north": {"uv": [9, 4], "uv_size": [1.5, 0.5]},
								"east": {"uv": [11, 12], "uv_size": [0.75, 0.5]},
								"south": {"uv": [9, 5], "uv_size": [1.5, 0.5]},
								"west": {"uv": [12, 11], "uv_size": [0.75, 0.5]},
								"up": {"uv": [7, 3], "uv_size": [1.5, 0.75]},
								"down": {"uv": [7, 4.75], "uv_size": [1.5, -0.75]}
							}
						},
						{
							"origin": [-0.64482, -1.03017, -0.875],
							"size": [1.28965, 0.66377, 1.625],
							"pivot": [0, -0.55, -0.1875],
							"rotation": [-45, 0, 0],
							"uv": {
								"north": {"uv": [0, 12], "uv_size": [1, 0.5]},
								"east": {"uv": [11, 6], "uv_size": [1.25, 0.5]},
								"south": {"uv": [1, 12], "uv_size": [1, 0.5]},
								"west": {"uv": [11, 7], "uv_size": [1.25, 0.5]},
								"up": {"uv": [4, 6], "uv_size": [1, 1.25]},
								"down": {"uv": [6, 5.25], "uv_size": [1, -1.25]}
							}
						},
						{
							"origin": [0.375, -0.52198, -0.8909],
							"size": [0.44121, 0.32553, 1.625],
							"pivot": [0, -0.61768, -0.0784],
							"rotation": [-35.26439, 30, 35.26439],
							"uv": {
								"north": {"uv": [15, 14], "uv_size": [0.25, 0.25]},
								"east": {"uv": [9, 13], "uv_size": [1.25, 0.25]},
								"south": {"uv": [15, 15], "uv_size": [0.25, 0.25]},
								"west": {"uv": [13, 9], "uv_size": [1.25, 0.25]},
								"up": {"uv": [13, 10], "uv_size": [0.25, 1.25]},
								"down": {"uv": [11, 14.25], "uv_size": [0.25, -1.25]}
							}
						},
						{
							"origin": [0.38331, -2.90026, -2.5216],
							"size": [0.44121, 0.32552, 3.5],
							"pivot": [0.60391, -2.7375, -0.3341],
							"rotation": [-90, 45, 0],
							"uv": {
								"north": {"uv": [1, 16], "uv_size": [0.25, 0.25]},
								"east": {"uv": [11, 0], "uv_size": [2.75, 0.25]},
								"south": {"uv": [16, 1], "uv_size": [0.25, 0.25]},
								"west": {"uv": [11, 1], "uv_size": [2.75, 0.25]},
								"up": {"uv": [2, 11], "uv_size": [0.25, 2.75]},
								"down": {"uv": [11, 4.75], "uv_size": [0.25, -2.75]}
							}
						},
						{
							"origin": [-0.82452, -2.90026, -2.5216],
							"size": [0.44121, 0.32552, 3.5],
							"pivot": [-0.60391, -2.7375, -0.3341],
							"rotation": [-90, -45, 0],
							"uv": {
								"north": {"uv": [2, 16], "uv_size": [0.25, 0.25]},
								"east": {"uv": [11, 5], "uv_size": [2.75, 0.25]},
								"south": {"uv": [16, 2], "uv_size": [0.25, 0.25]},
								"west": {"uv": [6, 11], "uv_size": [2.75, 0.25]},
								"up": {"uv": [3, 11], "uv_size": [0.25, 2.75]},
								"down": {"uv": [4, 13.75], "uv_size": [0.25, -2.75]}
							}
						},
						{
							"origin": [-0.81621, -0.52198, -0.8909],
							"size": [0.44121, 0.32553, 1.625],
							"pivot": [0, -0.61768, -0.0784],
							"rotation": [-35.26439, -30, -35.26439],
							"uv": {
								"north": {"uv": [0, 16], "uv_size": [0.25, 0.25]},
								"east": {"uv": [12, 13], "uv_size": [1.25, 0.25]},
								"south": {"uv": [16, 0], "uv_size": [0.25, 0.25]},
								"west": {"uv": [0, 14], "uv_size": [1.25, 0.25]},
								"up": {"uv": [14, 0], "uv_size": [0.25, 1.25]},
								"down": {"uv": [2, 15.25], "uv_size": [0.25, -1.25]}
							}
						},
						{
							"origin": [-0.87475, -0.14672, -0.7625],
							"size": [1.7495, 0.25081, 0.12135],
							"inflate": -0.001,
							"pivot": [0, -0.61768, -0.3284],
							"rotation": [-45, 0, 0],
							"uv": {
								"north": {"uv": [12, 12], "uv_size": [1.5, 0.25]},
								"east": {"uv": [15, 13], "uv_size": [0.25, 0.25]},
								"south": {"uv": [0, 13], "uv_size": [1.5, 0.25]},
								"west": {"uv": [14, 15], "uv_size": [0.25, 0.25]},
								"up": {"uv": [13, 2], "uv_size": [1.5, 0.25]},
								"down": {"uv": [13, 3.25], "uv_size": [1.5, -0.25]}
							}
						},
						{
							"origin": [1, -0.78484, -0.125],
							"size": [0.5026, 0.35984, 1.01611],
							"pivot": [0, -1.05, -1.5],
							"rotation": [0, 0, -45],
							"uv": {
								"north": {"uv": [15, 2], "uv_size": [0.5, 0.25]},
								"east": {"uv": [14, 13], "uv_size": [0.75, 0.25]},
								"south": {"uv": [3, 15], "uv_size": [0.5, 0.25]},
								"west": {"uv": [14, 14], "uv_size": [0.75, 0.25]},
								"up": {"uv": [12, 4], "uv_size": [0.5, 0.75]},
								"down": {"uv": [12, 8.75], "uv_size": [0.5, -0.75]}
							}
						},
						{
							"origin": [-1.5026, -0.78484, -0.125],
							"size": [0.5026, 0.35984, 1.01611],
							"pivot": [0, -1.05, -1.5],
							"rotation": [0, 0, 45],
							"uv": {
								"north": {"uv": [15, 3], "uv_size": [0.5, 0.25]},
								"east": {"uv": [0, 15], "uv_size": [0.75, 0.25]},
								"south": {"uv": [4, 15], "uv_size": [0.5, 0.25]},
								"west": {"uv": [15, 0], "uv_size": [0.75, 0.25]},
								"up": {"uv": [12, 9], "uv_size": [0.5, 0.75]},
								"down": {"uv": [12, 10.75], "uv_size": [0.5, -0.75]}
							}
						}
					]
				},
				{
					"name": "deco",
					"parent": "bone",
					"pivot": [0, -2.3, -1.25]
				}
			]
		}
	]
}