{
	"format_version": "1.12.0",
	"minecraft:geometry": [
		{
			"description": {
				"identifier": "geometry.hk_mp5a5 - Converted",
				"texture_width": 32,
				"texture_height": 32,
				"visible_bounds_width": 4,
				"visible_bounds_height": 2.5,
				"visible_bounds_offset": [0, 0.75, 0]
			},
			"bones": [
				{
					"name": "grip",
					"pivot": [-0.65625, -0.11822, 6.77972],
					"cubes": [
						{
							"origin": [-0.75, -0.11822, -0.75],
							"size": [1.5, 0.45, 1.5],
							"uv": {
								"north": {"uv": [9, 12], "uv_size": [1, 0.25]},
								"east": {"uv": [0, 13], "uv_size": [1, 0.25]},
								"south": {"uv": [6, 14], "uv_size": [1, 0.25]},
								"west": {"uv": [7, 14], "uv_size": [1, 0.25]},
								"up": {"uv": [5, 0], "uv_size": [1, 1]},
								"down": {"uv": [5, 2], "uv_size": [1, -1]}
							}
						},
						{
							"origin": [-0.63036, -0.48034, -1.05401],
							"size": [1.26072, 0.81213, 2.10801],
							"uv": {
								"north": {"uv": [12, 4], "uv_size": [0.75, 0.5]},
								"east": {"uv": [7, 8], "uv_size": [1.5, 0.5]},
								"south": {"uv": [5, 12], "uv_size": [0.75, 0.5]},
								"west": {"uv": [9, 0], "uv_size": [1.5, 0.5]},
								"up": {"uv": [3, 4], "uv_size": [0.75, 1.5]},
								"down": {"uv": [4, 4.5], "uv_size": [0.75, -1.5]}
							}
						},
						{
							"origin": [-0.96213, -0.33034, -0.75],
							"size": [1.92426, 0.45, 1.5],
							"uv": {
								"north": {"uv": [12, 11], "uv_size": [1.25, 0.25]},
								"east": {"uv": [12, 14], "uv_size": [1, 0.25]},
								"south": {"uv": [13, 0], "uv_size": [1.25, 0.25]},
								"west": {"uv": [13, 14], "uv_size": [1, 0.25]},
								"up": {"uv": [1, 4], "uv_size": [1.25, 1]},
								"down": {"uv": [4, 3], "uv_size": [1.25, -1]}
							}
						},
						{
							"origin": [-0.81213, -3.48034, 0.35625],
							"size": [1.62426, 3.15, 0.3375],
							"uv": {
								"north": {"uv": [2, 0], "uv_size": [1, 2]},
								"east": {"uv": [1, 10], "uv_size": [0.25, 2]},
								"south": {"uv": [2, 2], "uv_size": [1, 2]},
								"west": {"uv": [10, 1], "uv_size": [0.25, 2]},
								"up": {"uv": [14, 14], "uv_size": [1, 0.25]},
								"down": {"uv": [0, 15.25], "uv_size": [1, -0.25]}
							}
						},
						{
							"origin": [-0.81213, -3.48034, -0.69375],
							"size": [1.62426, 3.15, 0.3375],
							"uv": {
								"north": {"uv": [3, 0], "uv_size": [1, 2]},
								"east": {"uv": [5, 10], "uv_size": [0.25, 2]},
								"south": {"uv": [3, 2], "uv_size": [1, 2]},
								"west": {"uv": [10, 5], "uv_size": [0.25, 2]},
								"up": {"uv": [15, 0], "uv_size": [1, 0.25]},
								"down": {"uv": [1, 15.25], "uv_size": [1, -0.25]}
							}
						},
						{
							"origin": [0.53787, -3.48034, -0.57219],
							"size": [0.29026, 3.15, 0.66594],
							"pivot": [0, -1.90534, -0.525],
							"rotation": [0, -15, 0],
							"uv": {
								"north": {"uv": [10, 11], "uv_size": [0.25, 2]},
								"east": {"uv": [7, 6], "uv_size": [0.5, 2]},
								"south": {"uv": [11, 10], "uv_size": [0.25, 2]},
								"west": {"uv": [8, 0], "uv_size": [0.5, 2]},
								"up": {"uv": [17, 9], "uv_size": [0.25, 0.5]},
								"down": {"uv": [10, 17.5], "uv_size": [0.25, -0.5]}
							}
						},
						{
							"origin": [0.53787, -3.48034, -0.09375],
							"size": [0.29026, 3.15, 0.66594],
							"pivot": [0, -1.90534, 0.525],
							"rotation": [0, 15, 0],
							"uv": {
								"north": {"uv": [12, 0], "uv_size": [0.25, 2]},
								"east": {"uv": [1, 8], "uv_size": [0.5, 2]},
								"south": {"uv": [1, 12], "uv_size": [0.25, 2]},
								"west": {"uv": [2, 8], "uv_size": [0.5, 2]},
								"up": {"uv": [17, 10], "uv_size": [0.25, 0.5]},
								"down": {"uv": [11, 17.5], "uv_size": [0.25, -0.5]}
							}
						},
						{
							"origin": [-0.81213, -4.15393, -0.51327],
							"size": [1.62426, 0.22359, 1.02654],
							"uv": {
								"north": {"uv": [15, 4], "uv_size": [1, 0.25]},
								"east": {"uv": [5, 16], "uv_size": [0.75, 0.25]},
								"south": {"uv": [5, 15], "uv_size": [1, 0.25]},
								"west": {"uv": [16, 5], "uv_size": [0.75, 0.25]},
								"up": {"uv": [0, 9], "uv_size": [1, 0.75]},
								"down": {"uv": [9, 1.75], "uv_size": [1, -0.75]}
							}
						},
						{
							"origin": [-0.81213, -4.30393, -0.7242],
							"size": [1.62426, 0.15, 0.48747],
							"uv": {
								"north": {"uv": [15, 8], "uv_size": [1, 0.25]},
								"east": {"uv": [19, 9], "uv_size": [0.25, 0.25]},
								"south": {"uv": [9, 15], "uv_size": [1, 0.25]},
								"west": {"uv": [10, 19], "uv_size": [0.25, 0.25]},
								"up": {"uv": [15, 9], "uv_size": [1, 0.25]},
								"down": {"uv": [10, 15.25], "uv_size": [1, -0.25]}
							}
						},
						{
							"origin": [-0.81213, -4.30393, 0.23673],
							"size": [1.62426, 0.15, 0.48747],
							"uv": {
								"north": {"uv": [15, 10], "uv_size": [1, 0.25]},
								"east": {"uv": [19, 10], "uv_size": [0.25, 0.25]},
								"south": {"uv": [11, 15], "uv_size": [1, 0.25]},
								"west": {"uv": [11, 19], "uv_size": [0.25, 0.25]},
								"up": {"uv": [15, 11], "uv_size": [1, 0.25]},
								"down": {"uv": [12, 15.25], "uv_size": [1, -0.25]}
							}
						},
						{
							"origin": [0.68787, -4.00155, -0.51327],
							"size": [0.13092, 1.57121, 1.02654],
							"pivot": [0, -4.04214, 0],
							"rotation": [0, 0, -5],
							"uv": {
								"north": {"uv": [15, 6], "uv_size": [0.25, 1]},
								"east": {"uv": [9, 2], "uv_size": [0.75, 1]},
								"south": {"uv": [7, 15], "uv_size": [0.25, 1]},
								"west": {"uv": [9, 3], "uv_size": [0.75, 1]},
								"up": {"uv": [6, 16], "uv_size": [0.25, 0.75]},
								"down": {"uv": [16, 6.75], "uv_size": [0.25, -0.75]}
							}
						},
						{
							"origin": [-0.82212, -3.78035, -0.35625],
							"size": [0.13425, 3.22136, 0.7125],
							"pivot": [0, -0.48034, 0],
							"rotation": [0, 0, -5],
							"uv": {
								"north": {"uv": [9, 9], "uv_size": [0.25, 2.25]},
								"east": {"uv": [0, 6], "uv_size": [0.5, 2.25]},
								"south": {"uv": [0, 10], "uv_size": [0.25, 2.25]},
								"west": {"uv": [6, 0], "uv_size": [0.5, 2.25]},
								"up": {"uv": [4, 18], "uv_size": [0.25, 0.5]},
								"down": {"uv": [18, 4.5], "uv_size": [0.25, -0.5]}
							}
						},
						{
							"origin": [-0.82813, -3.48034, -0.57219],
							"size": [0.29026, 3.15, 0.66594],
							"pivot": [0, -1.90534, -0.525],
							"rotation": [0, 15, 0],
							"uv": {
								"north": {"uv": [3, 12], "uv_size": [0.25, 2]},
								"east": {"uv": [4, 8], "uv_size": [0.5, 2]},
								"south": {"uv": [4, 12], "uv_size": [0.25, 2]},
								"west": {"uv": [8, 4], "uv_size": [0.5, 2]},
								"up": {"uv": [3, 18], "uv_size": [0.25, 0.5]},
								"down": {"uv": [18, 3.5], "uv_size": [0.25, -0.5]}
							}
						},
						{
							"origin": [-0.82813, -3.48034, -0.09375],
							"size": [0.29026, 3.15, 0.66594],
							"pivot": [0, -1.90534, 0.525],
							"rotation": [0, -15, 0],
							"uv": {
								"north": {"uv": [2, 12], "uv_size": [0.25, 2]},
								"east": {"uv": [8, 2], "uv_size": [0.5, 2]},
								"south": {"uv": [12, 2], "uv_size": [0.25, 2]},
								"west": {"uv": [3, 8], "uv_size": [0.5, 2]},
								"up": {"uv": [2, 18], "uv_size": [0.25, 0.5]},
								"down": {"uv": [18, 2.5], "uv_size": [0.25, -0.5]}
							}
						},
						{
							"origin": [-0.82665, -4.12362, -0.01693],
							"size": [0.13878, 0.69734, 0.51575],
							"pivot": [0, -3.77494, 0.44606],
							"rotation": [-15.50409, -14.47751, 3.96713],
							"uv": {
								"north": {"uv": [0, 18], "uv_size": [0.25, 0.5]},
								"east": {"uv": [18, 0], "uv_size": [0.25, 0.5]},
								"south": {"uv": [1, 18], "uv_size": [0.25, 0.5]},
								"west": {"uv": [18, 1], "uv_size": [0.25, 0.5]},
								"up": {"uv": [19, 8], "uv_size": [0.25, 0.25]},
								"down": {"uv": [9, 19.25], "uv_size": [0.25, -0.25]}
							}
						},
						{
							"origin": [-0.82665, -4.12362, -0.49881],
							"size": [0.13878, 0.69734, 0.51575],
							"pivot": [0, -3.77494, -0.44605],
							"rotation": [15.50409, 14.47751, 3.96713],
							"uv": {
								"north": {"uv": [17, 15], "uv_size": [0.25, 0.5]},
								"east": {"uv": [16, 17], "uv_size": [0.25, 0.5]},
								"south": {"uv": [17, 16], "uv_size": [0.25, 0.5]},
								"west": {"uv": [17, 17], "uv_size": [0.25, 0.5]},
								"up": {"uv": [19, 7], "uv_size": [0.25, 0.25]},
								"down": {"uv": [8, 19.25], "uv_size": [0.25, -0.25]}
							}
						},
						{
							"origin": [-0.81879, -4.00155, -0.51327],
							"size": [0.13092, 1.57121, 1.02654],
							"pivot": [0, -4.04214, 0],
							"rotation": [0, 0, 5],
							"uv": {
								"north": {"uv": [15, 7], "uv_size": [0.25, 1]},
								"east": {"uv": [9, 4], "uv_size": [0.75, 1]},
								"south": {"uv": [8, 15], "uv_size": [0.25, 1]},
								"west": {"uv": [9, 5], "uv_size": [0.75, 1]},
								"up": {"uv": [7, 16], "uv_size": [0.25, 0.75]},
								"down": {"uv": [16, 7.75], "uv_size": [0.25, -0.75]}
							}
						},
						{
							"origin": [-0.81213, -4.08034, -1.09564],
							"size": [1.62426, 0.69733, 0.32601],
							"pivot": [0, -1.90534, -0.525],
							"rotation": [15, 0, 0],
							"uv": {
								"north": {"uv": [11, 6], "uv_size": [1, 0.5]},
								"east": {"uv": [17, 5], "uv_size": [0.25, 0.5]},
								"south": {"uv": [11, 7], "uv_size": [1, 0.5]},
								"west": {"uv": [6, 17], "uv_size": [0.25, 0.5]},
								"up": {"uv": [15, 2], "uv_size": [1, 0.25]},
								"down": {"uv": [3, 15.25], "uv_size": [1, -0.25]}
							}
						},
						{
							"origin": [-0.61166, -4.13301, -1.29612],
							"size": [1.22331, 0.75, 0.52648],
							"pivot": [0, -1.90534, -0.525],
							"rotation": [15, 0, 0],
							"uv": {
								"north": {"uv": [12, 7], "uv_size": [0.75, 0.5]},
								"east": {"uv": [13, 18], "uv_size": [0.25, 0.5]},
								"south": {"uv": [8, 12], "uv_size": [0.75, 0.5]},
								"west": {"uv": [18, 13], "uv_size": [0.25, 0.5]},
								"up": {"uv": [8, 16], "uv_size": [0.75, 0.25]},
								"down": {"uv": [16, 8.25], "uv_size": [0.75, -0.25]}
							}
						},
						{
							"origin": [-0.61166, -4.13301, 0.76964],
							"size": [1.22331, 0.75, 0.52648],
							"pivot": [0, -1.90534, 0.525],
							"rotation": [-15, 0, 0],
							"uv": {
								"north": {"uv": [19, 14], "uv_size": [0.75, 0.5]},
								"east": {"uv": [19, 16], "uv_size": [0.25, 0.5]},
								"south": {"uv": [15, 19], "uv_size": [0.75, 0.5]},
								"west": {"uv": [17, 19], "uv_size": [0.25, 0.5]},
								"up": {"uv": [19, 15], "uv_size": [0.75, 0.25]},
								"down": {"uv": [16, 19.25], "uv_size": [0.75, -0.25]}
							}
						},
						{
							"origin": [0.68787, -4.12362, -0.49881],
							"size": [0.13878, 0.69734, 0.51575],
							"pivot": [0, -3.77494, -0.44605],
							"rotation": [15.50409, -14.47751, -3.96713],
							"uv": {
								"north": {"uv": [17, 11], "uv_size": [0.25, 0.5]},
								"east": {"uv": [12, 17], "uv_size": [0.25, 0.5]},
								"south": {"uv": [17, 12], "uv_size": [0.25, 0.5]},
								"west": {"uv": [13, 17], "uv_size": [0.25, 0.5]},
								"up": {"uv": [19, 5], "uv_size": [0.25, 0.25]},
								"down": {"uv": [6, 19.25], "uv_size": [0.25, -0.25]}
							}
						},
						{
							"origin": [0.68787, -4.12362, -0.01693],
							"size": [0.13878, 0.69734, 0.51575],
							"pivot": [0, -3.77494, 0.44606],
							"rotation": [-15.50409, 14.47751, -3.96713],
							"uv": {
								"north": {"uv": [17, 13], "uv_size": [0.25, 0.5]},
								"east": {"uv": [14, 17], "uv_size": [0.25, 0.5]},
								"south": {"uv": [17, 14], "uv_size": [0.25, 0.5]},
								"west": {"uv": [15, 17], "uv_size": [0.25, 0.5]},
								"up": {"uv": [19, 6], "uv_size": [0.25, 0.25]},
								"down": {"uv": [7, 19.25], "uv_size": [0.25, -0.25]}
							}
						},
						{
							"origin": [-0.81213, -4.08034, 0.76964],
							"size": [1.62426, 0.69733, 0.32601],
							"pivot": [0, -1.90534, 0.525],
							"rotation": [-15, 0, 0],
							"uv": {
								"north": {"uv": [11, 8], "uv_size": [1, 0.5]},
								"east": {"uv": [17, 6], "uv_size": [0.25, 0.5]},
								"south": {"uv": [11, 9], "uv_size": [1, 0.5]},
								"west": {"uv": [7, 17], "uv_size": [0.25, 0.5]},
								"up": {"uv": [15, 3], "uv_size": [1, 0.25]},
								"down": {"uv": [4, 15.25], "uv_size": [1, -0.25]}
							}
						},
						{
							"origin": [-0.61166, -3.48034, -0.89422],
							"size": [1.22331, 3.15, 1.78845],
							"uv": {
								"north": {"uv": [0, 4], "uv_size": [0.75, 2]},
								"east": {"uv": [0, 0], "uv_size": [1.25, 2]},
								"south": {"uv": [4, 0], "uv_size": [0.75, 2]},
								"west": {"uv": [0, 2], "uv_size": [1.25, 2]},
								"up": {"uv": [5, 8], "uv_size": [0.75, 1.25]},
								"down": {"uv": [8, 7.25], "uv_size": [0.75, -1.25]}
							}
						},
						{
							"origin": [-0.81207, -3.63034, -0.89422],
							"size": [1.6242, 0.15, 0.35048],
							"uv": {
								"north": {"uv": [15, 13], "uv_size": [1, 0.25]},
								"east": {"uv": [19, 11], "uv_size": [0.25, 0.25]},
								"south": {"uv": [14, 15], "uv_size": [1, 0.25]},
								"west": {"uv": [12, 19], "uv_size": [0.25, 0.25]},
								"up": {"uv": [15, 14], "uv_size": [1, 0.25]},
								"down": {"uv": [15, 15.25], "uv_size": [1, -0.25]}
							}
						},
						{
							"origin": [-0.81207, -3.63034, 0.54375],
							"size": [1.6242, 0.15, 0.35048],
							"uv": {
								"north": {"uv": [0, 16], "uv_size": [1, 0.25]},
								"east": {"uv": [19, 12], "uv_size": [0.25, 0.25]},
								"south": {"uv": [16, 0], "uv_size": [1, 0.25]},
								"west": {"uv": [13, 19], "uv_size": [0.25, 0.25]},
								"up": {"uv": [1, 16], "uv_size": [1, 0.25]},
								"down": {"uv": [16, 1.25], "uv_size": [1, -0.25]}
							}
						},
						{
							"origin": [-0.61166, -4.08034, -0.44423],
							"size": [1.22331, 0.6, 0.88845],
							"uv": {
								"north": {"uv": [12, 5], "uv_size": [0.75, 0.5]},
								"east": {"uv": [15, 5], "uv_size": [0.5, 0.5]},
								"south": {"uv": [6, 12], "uv_size": [0.75, 0.5]},
								"west": {"uv": [6, 15], "uv_size": [0.5, 0.5]},
								"up": {"uv": [12, 6], "uv_size": [0.75, 0.5]},
								"down": {"uv": [7, 12.5], "uv_size": [0.75, -0.5]}
							}
						},
						{
							"origin": [-0.81213, -0.63034, -0.35625],
							"size": [1.62426, 0.3, 0.7125],
							"uv": {
								"north": {"uv": [15, 1], "uv_size": [1, 0.25]},
								"east": {"uv": [17, 2], "uv_size": [0.5, 0.25]},
								"south": {"uv": [2, 15], "uv_size": [1, 0.25]},
								"west": {"uv": [3, 17], "uv_size": [0.5, 0.25]},
								"up": {"uv": [10, 7], "uv_size": [1, 0.5]},
								"down": {"uv": [10, 8.5], "uv_size": [1, -0.5]}
							}
						},
						{
							"origin": [0.68787, -3.78035, -0.35625],
							"size": [0.13425, 3.22136, 0.7125],
							"pivot": [0, -0.48034, 0],
							"rotation": [0, 0, 5],
							"uv": {
								"north": {"uv": [6, 9], "uv_size": [0.25, 2.25]},
								"east": {"uv": [1, 5], "uv_size": [0.5, 2.25]},
								"south": {"uv": [9, 6], "uv_size": [0.25, 2.25]},
								"west": {"uv": [2, 5], "uv_size": [0.5, 2.25]},
								"up": {"uv": [17, 7], "uv_size": [0.25, 0.5]},
								"down": {"uv": [8, 17.5], "uv_size": [0.25, -0.5]}
							}
						},
						{
							"origin": [-0.82212, -3.78035, -0.35625],
							"size": [0.13425, 3.22136, 0.7125],
							"pivot": [0, -0.48034, 0],
							"rotation": [0, 0, -5],
							"uv": {
								"north": {"uv": [7, 9], "uv_size": [0.25, 2.25]},
								"east": {"uv": [5, 3], "uv_size": [0.5, 2.25]},
								"south": {"uv": [8, 9], "uv_size": [0.25, 2.25]},
								"west": {"uv": [4, 5], "uv_size": [0.5, 2.25]},
								"up": {"uv": [17, 8], "uv_size": [0.25, 0.5]},
								"down": {"uv": [9, 17.5], "uv_size": [0.25, -0.5]}
							}
						},
						{
							"origin": [0.38787, -3.48034, -0.24375],
							"size": [0.57089, 3.15, 0.28353],
							"pivot": [0, -1.15534, -0.15],
							"rotation": [0, 45, 0],
							"uv": {
								"north": {"uv": [3, 6], "uv_size": [0.5, 2]},
								"east": {"uv": [2, 10], "uv_size": [0.25, 2]},
								"south": {"uv": [6, 3], "uv_size": [0.5, 2]},
								"west": {"uv": [3, 10], "uv_size": [0.25, 2]},
								"up": {"uv": [17, 0], "uv_size": [0.5, 0.25]},
								"down": {"uv": [1, 17.25], "uv_size": [0.5, -0.25]}
							}
						},
						{
							"origin": [0.43674, -4.09548, -0.42483],
							"size": [0.57089, 0.75, 0.28352],
							"pivot": [0.72219, -4.92048, 0.01693],
							"rotation": [20.75357, 43.07952, 14.51082],
							"uv": {
								"north": {"uv": [15, 12], "uv_size": [0.5, 0.5]},
								"east": {"uv": [5, 18], "uv_size": [0.25, 0.5]},
								"south": {"uv": [13, 15], "uv_size": [0.5, 0.5]},
								"west": {"uv": [18, 5], "uv_size": [0.25, 0.5]},
								"up": {"uv": [6, 18], "uv_size": [0.5, 0.25]},
								"down": {"uv": [18, 6.25], "uv_size": [0.5, -0.25]}
							}
						},
						{
							"origin": [0.43674, -4.09548, 0.14132],
							"size": [0.57089, 0.75, 0.28352],
							"pivot": [0.72219, -4.92048, -0.01693],
							"rotation": [-20.75357, -43.07952, 14.51082],
							"uv": {
								"north": {"uv": [2, 16], "uv_size": [0.5, 0.5]},
								"east": {"uv": [7, 18], "uv_size": [0.25, 0.5]},
								"south": {"uv": [16, 2], "uv_size": [0.5, 0.5]},
								"west": {"uv": [18, 7], "uv_size": [0.25, 0.5]},
								"up": {"uv": [8, 18], "uv_size": [0.5, 0.25]},
								"down": {"uv": [18, 8.25], "uv_size": [0.5, -0.25]}
							}
						},
						{
							"origin": [-1.00762, -4.09548, -0.42483],
							"size": [0.57089, 0.75, 0.28352],
							"pivot": [-0.72219, -4.92048, 0.01693],
							"rotation": [20.75357, -43.07952, -14.51082],
							"uv": {
								"north": {"uv": [4, 16], "uv_size": [0.5, 0.5]},
								"east": {"uv": [11, 18], "uv_size": [0.25, 0.5]},
								"south": {"uv": [16, 4], "uv_size": [0.5, 0.5]},
								"west": {"uv": [18, 11], "uv_size": [0.25, 0.5]},
								"up": {"uv": [12, 18], "uv_size": [0.5, 0.25]},
								"down": {"uv": [18, 12.25], "uv_size": [0.5, -0.25]}
							}
						},
						{
							"origin": [-1.00762, -4.09548, 0.14132],
							"size": [0.57089, 0.75, 0.28352],
							"pivot": [-0.72219, -4.92048, -0.01693],
							"rotation": [-20.75357, 43.07952, -14.51082],
							"uv": {
								"north": {"uv": [3, 16], "uv_size": [0.5, 0.5]},
								"east": {"uv": [9, 18], "uv_size": [0.25, 0.5]},
								"south": {"uv": [16, 3], "uv_size": [0.5, 0.5]},
								"west": {"uv": [18, 9], "uv_size": [0.25, 0.5]},
								"up": {"uv": [10, 18], "uv_size": [0.5, 0.25]},
								"down": {"uv": [18, 10.25], "uv_size": [0.5, -0.25]}
							}
						},
						{
							"origin": [-0.95875, -3.48034, -0.03978],
							"size": [0.57089, 3.15, 0.28353],
							"pivot": [0, -1.15534, 0.15],
							"rotation": [0, 45, 0],
							"uv": {
								"north": {"uv": [7, 4], "uv_size": [0.5, 2]},
								"east": {"uv": [11, 2], "uv_size": [0.25, 2]},
								"south": {"uv": [6, 7], "uv_size": [0.5, 2]},
								"west": {"uv": [11, 4], "uv_size": [0.25, 2]},
								"up": {"uv": [17, 4], "uv_size": [0.5, 0.25]},
								"down": {"uv": [5, 17.25], "uv_size": [0.5, -0.25]}
							}
						},
						{
							"origin": [-0.95875, -3.48034, -0.24375],
							"size": [0.57089, 3.15, 0.28353],
							"pivot": [0, -1.15534, -0.15],
							"rotation": [0, -45, 0],
							"uv": {
								"north": {"uv": [7, 0], "uv_size": [0.5, 2]},
								"east": {"uv": [10, 9], "uv_size": [0.25, 2]},
								"south": {"uv": [7, 2], "uv_size": [0.5, 2]},
								"west": {"uv": [11, 0], "uv_size": [0.25, 2]},
								"up": {"uv": [17, 3], "uv_size": [0.5, 0.25]},
								"down": {"uv": [4, 17.25], "uv_size": [0.5, -0.25]}
							}
						},
						{
							"origin": [0.38787, -3.48034, -0.03978],
							"size": [0.57089, 3.15, 0.28353],
							"pivot": [0, -1.15534, 0.15],
							"rotation": [0, -45, 0],
							"uv": {
								"north": {"uv": [5, 6], "uv_size": [0.5, 2]},
								"east": {"uv": [10, 3], "uv_size": [0.25, 2]},
								"south": {"uv": [6, 5], "uv_size": [0.5, 2]},
								"west": {"uv": [4, 10], "uv_size": [0.25, 2]},
								"up": {"uv": [17, 1], "uv_size": [0.5, 0.25]},
								"down": {"uv": [2, 17.25], "uv_size": [0.5, -0.25]}
							}
						},
						{
							"origin": [-0.96213, -0.48034, -0.75],
							"size": [1.92426, 0.15, 0.15],
							"uv": {
								"north": {"uv": [13, 1], "uv_size": [1.25, 0.25]},
								"east": {"uv": [19, 1], "uv_size": [0.25, 0.25]},
								"south": {"uv": [13, 2], "uv_size": [1.25, 0.25]},
								"west": {"uv": [2, 19], "uv_size": [0.25, 0.25]},
								"up": {"uv": [13, 3], "uv_size": [1.25, 0.25]},
								"down": {"uv": [13, 4.25], "uv_size": [1.25, -0.25]}
							}
						},
						{
							"origin": [-0.96213, -0.51141, -0.675],
							"size": [1.92426, 0.18107, 0.225],
							"pivot": [0, -0.40535, -0.675],
							"rotation": [45, 0, 0],
							"uv": {
								"north": {"uv": [13, 7], "uv_size": [1.25, 0.25]},
								"east": {"uv": [19, 3], "uv_size": [0.25, 0.25]},
								"south": {"uv": [9, 13], "uv_size": [1.25, 0.25]},
								"west": {"uv": [4, 19], "uv_size": [0.25, 0.25]},
								"up": {"uv": [11, 13], "uv_size": [1.25, 0.25]},
								"down": {"uv": [13, 12.25], "uv_size": [1.25, -0.25]}
							}
						},
						{
							"origin": [-0.96213, -0.51141, 0.45],
							"size": [1.92426, 0.18107, 0.225],
							"pivot": [0, -0.40535, 0.675],
							"rotation": [-45, 0, 0],
							"uv": {
								"north": {"uv": [13, 13], "uv_size": [1.25, 0.25]},
								"east": {"uv": [19, 4], "uv_size": [0.25, 0.25]},
								"south": {"uv": [0, 14], "uv_size": [1.25, 0.25]},
								"west": {"uv": [5, 19], "uv_size": [0.25, 0.25]},
								"up": {"uv": [2, 14], "uv_size": [1.25, 0.25]},
								"down": {"uv": [4, 14.25], "uv_size": [1.25, -0.25]}
							}
						},
						{
							"origin": [-0.96213, -0.48034, 0.6],
							"size": [1.92426, 0.15, 0.15],
							"uv": {
								"north": {"uv": [5, 13], "uv_size": [1.25, 0.25]},
								"east": {"uv": [19, 2], "uv_size": [0.25, 0.25]},
								"south": {"uv": [13, 5], "uv_size": [1.25, 0.25]},
								"west": {"uv": [3, 19], "uv_size": [0.25, 0.25]},
								"up": {"uv": [13, 6], "uv_size": [1.25, 0.25]},
								"down": {"uv": [7, 13.25], "uv_size": [1.25, -0.25]}
							}
						},
						{
							"origin": [0.98083, -0.48034, -0.15],
							"size": [0.44331, 0.81213, 0.44999],
							"pivot": [0, -0.10534, 0.3],
							"rotation": [0, 47.5, 0],
							"uv": {
								"north": {"uv": [9, 16], "uv_size": [0.25, 0.5]},
								"east": {"uv": [16, 9], "uv_size": [0.25, 0.5]},
								"south": {"uv": [10, 16], "uv_size": [0.25, 0.5]},
								"west": {"uv": [16, 10], "uv_size": [0.25, 0.5]},
								"up": {"uv": [16, 18], "uv_size": [0.25, 0.25]},
								"down": {"uv": [18, 16.25], "uv_size": [0.25, -0.25]}
							}
						},
						{
							"origin": [-1.42414, -0.48034, -0.15],
							"size": [0.44331, 0.81213, 0.44999],
							"pivot": [0, -0.10534, 0.3],
							"rotation": [0, -47.5, 0],
							"uv": {
								"north": {"uv": [11, 16], "uv_size": [0.25, 0.5]},
								"east": {"uv": [16, 11], "uv_size": [0.25, 0.5]},
								"south": {"uv": [12, 16], "uv_size": [0.25, 0.5]},
								"west": {"uv": [16, 12], "uv_size": [0.25, 0.5]},
								"up": {"uv": [17, 18], "uv_size": [0.25, 0.25]},
								"down": {"uv": [18, 17.25], "uv_size": [0.25, -0.25]}
							}
						},
						{
							"origin": [0.98083, -0.48034, -0.29998],
							"size": [0.44331, 0.81213, 0.44999],
							"pivot": [0, -0.10534, -0.3],
							"rotation": [0, -47.5, 0],
							"uv": {
								"north": {"uv": [15, 16], "uv_size": [0.25, 0.5]},
								"east": {"uv": [16, 15], "uv_size": [0.25, 0.5]},
								"south": {"uv": [16, 16], "uv_size": [0.25, 0.5]},
								"west": {"uv": [0, 17], "uv_size": [0.25, 0.5]},
								"up": {"uv": [19, 0], "uv_size": [0.25, 0.25]},
								"down": {"uv": [1, 19.25], "uv_size": [0.25, -0.25]}
							}
						},
						{
							"origin": [-1.42414, -0.48034, -0.29998],
							"size": [0.44331, 0.81213, 0.44999],
							"pivot": [0, -0.10534, -0.3],
							"rotation": [0, 47.5, 0],
							"uv": {
								"north": {"uv": [13, 16], "uv_size": [0.25, 0.5]},
								"east": {"uv": [16, 13], "uv_size": [0.25, 0.5]},
								"south": {"uv": [14, 16], "uv_size": [0.25, 0.5]},
								"west": {"uv": [16, 14], "uv_size": [0.25, 0.5]},
								"up": {"uv": [18, 18], "uv_size": [0.25, 0.25]},
								"down": {"uv": [0, 19.25], "uv_size": [0.25, -0.25]}
							}
						},
						{
							"origin": [0.39431, 0.53748, -0.75],
							"size": [0.3, 0.31443, 1.5],
							"pivot": [-0.0557, 0.16248, 0],
							"rotation": [0, 0, 45],
							"uv": {
								"north": {"uv": [14, 18], "uv_size": [0.25, 0.25]},
								"east": {"uv": [8, 14], "uv_size": [1, 0.25]},
								"south": {"uv": [18, 14], "uv_size": [0.25, 0.25]},
								"west": {"uv": [14, 8], "uv_size": [1, 0.25]},
								"up": {"uv": [9, 14], "uv_size": [0.25, 1]},
								"down": {"uv": [14, 10], "uv_size": [0.25, -1]}
							}
						},
						{
							"origin": [-0.6943, 0.53748, -0.75],
							"size": [0.3, 0.31443, 1.5],
							"pivot": [0.0557, 0.16248, 0],
							"rotation": [0, 0, -45],
							"uv": {
								"north": {"uv": [15, 18], "uv_size": [0.25, 0.25]},
								"east": {"uv": [10, 14], "uv_size": [1, 0.25]},
								"south": {"uv": [18, 15], "uv_size": [0.25, 0.25]},
								"west": {"uv": [14, 10], "uv_size": [1, 0.25]},
								"up": {"uv": [11, 14], "uv_size": [0.25, 1]},
								"down": {"uv": [14, 12], "uv_size": [0.25, -1]}
							}
						}
					]
				},
				{
					"name": "deco",
					"parent": "grip",
					"pivot": [-0.65625, -0.11822, 6.77972],
					"cubes": [
						{
							"origin": [-1.05, 0.93179, -0.72028],
							"size": [2.1, 0.3, 0.3],
							"pivot": [0, 0.78179, 0.77972],
							"rotation": [45, 0, 0],
							"uv": {
								"north": {"uv": [12, 8], "uv_size": [1.5, 0.25]},
								"east": {"uv": [19, 13], "uv_size": [0.5, 0.5]},
								"south": {"uv": [12, 9], "uv_size": [1.5, 0.25]},
								"west": {"uv": [14, 19], "uv_size": [0.5, 0.5]},
								"up": {"uv": [12, 10], "uv_size": [1.5, 0.25]},
								"down": {"uv": [11, 12.25], "uv_size": [1.5, -0.25]}
							}
						},
						{
							"origin": [-1.05, 0.93179, 0.02972],
							"size": [2.1, 0.3, 0.3],
							"pivot": [0, 0.78179, 1.52972],
							"rotation": [45, 0, 0],
							"uv": {
								"north": {"uv": [12, 8], "uv_size": [1.5, 0.25]},
								"east": {"uv": [19, 13], "uv_size": [0.5, 0.5]},
								"south": {"uv": [12, 9], "uv_size": [1.5, 0.25]},
								"west": {"uv": [14, 19], "uv_size": [0.5, 0.5]},
								"up": {"uv": [12, 10], "uv_size": [1.5, 0.25]},
								"down": {"uv": [11, 12.25], "uv_size": [1.5, -0.25]}
							}
						}
					]
				}
			]
		}
	]
}