{
	"format_version": "1.12.0",
	"minecraft:geometry": [
		{
			"description": {
				"identifier": "geometry.hk_mp5a5 - Converted",
				"texture_width": 16,
				"texture_height": 16,
				"visible_bounds_width": 4,
				"visible_bounds_height": 2.5,
				"visible_bounds_offset": [0, 0.75, 0]
			},
			"bones": [
				{
					"name": "grip5",
					"pivot": [0, -0.59277, 0],
					"cubes": [
						{
							"origin": [-1, 0.02438, -1.2],
							"size": [2, 0.3, 2.4],
							"uv": {
								"north": {"uv": [12, 6], "uv_size": [2, 0.25]},
								"east": {"uv": [12, 0], "uv_size": [2.5, 0.25]},
								"south": {"uv": [12, 7], "uv_size": [2, 0.25]},
								"west": {"uv": [12, 1], "uv_size": [2.5, 0.25]},
								"up": {"uv": [0, 0], "uv_size": [2, 2.5]},
								"down": {"uv": [2, 2.5], "uv_size": [2, -2.5]}
							}
						},
						{
							"origin": [-1, -0.22562, -0.76699],
							"size": [2, 0.25, 1.53398],
							"uv": {
								"north": {"uv": [12, 8], "uv_size": [2, 0.25]},
								"east": {"uv": [11, 13], "uv_size": [1.5, 0.25]},
								"south": {"uv": [12, 9], "uv_size": [2, 0.25]},
								"west": {"uv": [13, 13], "uv_size": [1.5, 0.25]},
								"up": {"uv": [4, 6], "uv_size": [2, 1.5]},
								"down": {"uv": [6, 7.5], "uv_size": [2, -1.5]}
							}
						},
						{
							"origin": [-0.84163, -2.77314, -0.66699],
							"size": [1.68326, 2.79752, 1.33398],
							"uv": {
								"north": {"uv": [0, 3], "uv_size": [1.75, 2.75]},
								"east": {"uv": [0, 6], "uv_size": [1.25, 2.75]},
								"south": {"uv": [2, 3], "uv_size": [1.75, 2.75]},
								"west": {"uv": [6, 0], "uv_size": [1.25, 2.75]},
								"up": {"uv": [8, 0], "uv_size": [1.75, 1.25]},
								"down": {"uv": [8, 3.25], "uv_size": [1.75, -1.25]}
							}
						},
						{
							"origin": [-0.68623, -2.77314, -0.82238],
							"size": [1.37246, 2.79752, 1.64476],
							"uv": {
								"north": {"uv": [2, 6], "uv_size": [1.25, 2.75]},
								"east": {"uv": [4, 0], "uv_size": [1.75, 2.75]},
								"south": {"uv": [6, 3], "uv_size": [1.25, 2.75]},
								"west": {"uv": [4, 3], "uv_size": [1.75, 2.75]},
								"up": {"uv": [4, 8], "uv_size": [1.25, 1.75]},
								"down": {"uv": [8, 5.75], "uv_size": [1.25, -1.75]}
							}
						},
						{
							"origin": [0.00514, -0.31492, -0.82238],
							"size": [0.17246, 0.39751, 1.64476],
							"pivot": [0.09137, -1.31617, 0],
							"rotation": [0, 0, 30],
							"uv": {
								"north": {"uv": [0, 14], "uv_size": [0.25, 0.5]},
								"east": {"uv": [9, 8], "uv_size": [1.75, 0.5]},
								"south": {"uv": [1, 14], "uv_size": [0.25, 0.5]},
								"west": {"uv": [9, 9], "uv_size": [1.75, 0.5]},
								"up": {"uv": [8, 13], "uv_size": [0.25, 1.75]},
								"down": {"uv": [9, 14.75], "uv_size": [0.25, -1.75]}
							}
						},
						{
							"origin": [-0.1776, -0.31492, -0.82238],
							"size": [0.17246, 0.39751, 1.64476],
							"pivot": [-0.09137, -1.31617, 0],
							"rotation": [0, 0, -30],
							"uv": {
								"north": {"uv": [2, 14], "uv_size": [0.25, 0.5]},
								"east": {"uv": [0, 10], "uv_size": [1.75, 0.5]},
								"south": {"uv": [14, 2], "uv_size": [0.25, 0.5]},
								"west": {"uv": [10, 0], "uv_size": [1.75, 0.5]},
								"up": {"uv": [10, 13], "uv_size": [0.25, 1.75]},
								"down": {"uv": [13, 11.75], "uv_size": [0.25, -1.75]}
							}
						},
						{
							"origin": [0.83408, -2.77314, -0.06699],
							"size": [0.30338, 2.79752, 0.21977],
							"pivot": [0, -1.37438, 0.1],
							"rotation": [0, 45, 0],
							"uv": {
								"north": {"uv": [10, 1], "uv_size": [0.25, 2.75]},
								"east": {"uv": [2, 10], "uv_size": [0.25, 2.75]},
								"south": {"uv": [3, 10], "uv_size": [0.25, 2.75]},
								"west": {"uv": [4, 10], "uv_size": [0.25, 2.75]},
								"up": {"uv": [15, 0], "uv_size": [0.25, 0.25]},
								"down": {"uv": [1, 15.25], "uv_size": [0.25, -0.25]}
							}
						},
						{
							"origin": [-0.01125, -0.54326, -0.74731],
							"size": [0.30338, 0.59752, 0.21977],
							"pivot": [0.14044, -1.3445, -0.63742],
							"rotation": [0, 45, 30],
							"uv": {
								"north": {"uv": [3, 14], "uv_size": [0.25, 0.5]},
								"east": {"uv": [14, 3], "uv_size": [0.25, 0.5]},
								"south": {"uv": [4, 14], "uv_size": [0.25, 0.5]},
								"west": {"uv": [14, 4], "uv_size": [0.25, 0.5]},
								"up": {"uv": [15, 1], "uv_size": [0.25, 0.25]},
								"down": {"uv": [2, 15.25], "uv_size": [0.25, -0.25]}
							}
						},
						{
							"origin": [-0.29213, -0.54326, -0.74731],
							"size": [0.30338, 0.59752, 0.21977],
							"pivot": [-0.14044, -1.3445, -0.63742],
							"rotation": [0, -45, -30],
							"uv": {
								"north": {"uv": [5, 14], "uv_size": [0.25, 0.5]},
								"east": {"uv": [14, 5], "uv_size": [0.25, 0.5]},
								"south": {"uv": [6, 14], "uv_size": [0.25, 0.5]},
								"west": {"uv": [14, 6], "uv_size": [0.25, 0.5]},
								"up": {"uv": [15, 2], "uv_size": [0.25, 0.25]},
								"down": {"uv": [3, 15.25], "uv_size": [0.25, -0.25]}
							}
						},
						{
							"origin": [-0.01125, -0.54326, 0.52754],
							"size": [0.30338, 0.59752, 0.21977],
							"pivot": [0.14044, -1.3445, 0.63742],
							"rotation": [0, -45, 30],
							"uv": {
								"north": {"uv": [7, 14], "uv_size": [0.25, 0.5]},
								"east": {"uv": [14, 7], "uv_size": [0.25, 0.5]},
								"south": {"uv": [14, 8], "uv_size": [0.25, 0.5]},
								"west": {"uv": [14, 9], "uv_size": [0.25, 0.5]},
								"up": {"uv": [15, 3], "uv_size": [0.25, 0.25]},
								"down": {"uv": [4, 15.25], "uv_size": [0.25, -0.25]}
							}
						},
						{
							"origin": [-0.29213, -0.54326, 0.52754],
							"size": [0.30338, 0.59752, 0.21977],
							"pivot": [-0.14044, -1.3445, 0.63742],
							"rotation": [0, 45, -30],
							"uv": {
								"north": {"uv": [14, 10], "uv_size": [0.25, 0.5]},
								"east": {"uv": [11, 14], "uv_size": [0.25, 0.5]},
								"south": {"uv": [14, 11], "uv_size": [0.25, 0.5]},
								"west": {"uv": [12, 14], "uv_size": [0.25, 0.5]},
								"up": {"uv": [15, 4], "uv_size": [0.25, 0.25]},
								"down": {"uv": [5, 15.25], "uv_size": [0.25, -0.25]}
							}
						},
						{
							"origin": [-1.13746, -2.77314, -0.15278],
							"size": [0.30338, 2.79752, 0.21977],
							"pivot": [0, -1.37438, -0.1],
							"rotation": [0, 45, 0],
							"uv": {
								"north": {"uv": [5, 10], "uv_size": [0.25, 2.75]},
								"east": {"uv": [6, 10], "uv_size": [0.25, 2.75]},
								"south": {"uv": [7, 10], "uv_size": [0.25, 2.75]},
								"west": {"uv": [8, 10], "uv_size": [0.25, 2.75]},
								"up": {"uv": [15, 5], "uv_size": [0.25, 0.25]},
								"down": {"uv": [6, 15.25], "uv_size": [0.25, -0.25]}
							}
						},
						{
							"origin": [0.83408, -2.77314, -0.15278],
							"size": [0.30338, 2.79752, 0.21977],
							"pivot": [0, -1.37438, -0.1],
							"rotation": [0, -45, 0],
							"uv": {
								"north": {"uv": [9, 10], "uv_size": [0.25, 2.75]},
								"east": {"uv": [10, 10], "uv_size": [0.25, 2.75]},
								"south": {"uv": [0, 11], "uv_size": [0.25, 2.75]},
								"west": {"uv": [1, 11], "uv_size": [0.25, 2.75]},
								"up": {"uv": [15, 6], "uv_size": [0.25, 0.25]},
								"down": {"uv": [7, 15.25], "uv_size": [0.25, -0.25]}
							}
						},
						{
							"origin": [-1.13746, -2.77314, -0.06699],
							"size": [0.30338, 2.79752, 0.21977],
							"pivot": [0, -1.37438, 0.1],
							"rotation": [0, -45, 0],
							"uv": {
								"north": {"uv": [11, 1], "uv_size": [0.25, 2.75]},
								"east": {"uv": [11, 4], "uv_size": [0.25, 2.75]},
								"south": {"uv": [11, 7], "uv_size": [0.25, 2.75]},
								"west": {"uv": [11, 10], "uv_size": [0.25, 2.75]},
								"up": {"uv": [15, 7], "uv_size": [0.25, 0.25]},
								"down": {"uv": [8, 15.25], "uv_size": [0.25, -0.25]}
							}
						},
						{
							"origin": [0, -0.22562, -0.66699],
							"size": [0.92853, 0.51675, 1.33398],
							"pivot": [0, -0.10062, 0],
							"rotation": [0, 0, 30],
							"uv": {
								"north": {"uv": [10, 4], "uv_size": [1, 0.5]},
								"east": {"uv": [12, 2], "uv_size": [1.25, 0.5]},
								"south": {"uv": [10, 5], "uv_size": [1, 0.5]},
								"west": {"uv": [12, 3], "uv_size": [1.25, 0.5]},
								"up": {"uv": [6, 8], "uv_size": [1, 1.25]},
								"down": {"uv": [8, 7.25], "uv_size": [1, -1.25]}
							}
						},
						{
							"origin": [-0.92853, -0.22562, -0.66699],
							"size": [0.92853, 0.51675, 1.33398],
							"pivot": [0, -0.10062, 0],
							"rotation": [0, 0, -30],
							"uv": {
								"north": {"uv": [12, 10], "uv_size": [1, 0.5]},
								"east": {"uv": [12, 4], "uv_size": [1.25, 0.5]},
								"south": {"uv": [12, 11], "uv_size": [1, 0.5]},
								"west": {"uv": [12, 5], "uv_size": [1.25, 0.5]},
								"up": {"uv": [7, 8], "uv_size": [1, 1.25]},
								"down": {"uv": [8, 9.25], "uv_size": [1, -1.25]}
							}
						},
						{
							"origin": [-1, -0.59572, -1.28577],
							"size": [2, 0.3, 0.5],
							"inflate": -0.001,
							"pivot": [0, -0.44572, -0.08577],
							"rotation": [-30, 0, 0],
							"uv": {
								"north": {"uv": [12, 12], "uv_size": [2, 0.25]},
								"east": {"uv": [14, 12], "uv_size": [0.5, 0.25]},
								"south": {"uv": [2, 13], "uv_size": [2, 0.25]},
								"west": {"uv": [13, 14], "uv_size": [0.5, 0.25]},
								"up": {"uv": [0, 9], "uv_size": [2, 0.5]},
								"down": {"uv": [2, 9.5], "uv_size": [2, -0.5]}
							}
						},
						{
							"origin": [-1, -0.59572, 0.78577],
							"size": [2, 0.3, 0.5],
							"inflate": -0.001,
							"pivot": [0, -0.44572, 0.08577],
							"rotation": [30, 0, 0],
							"uv": {
								"north": {"uv": [4, 13], "uv_size": [2, 0.25]},
								"east": {"uv": [14, 14], "uv_size": [0.5, 0.25]},
								"south": {"uv": [6, 13], "uv_size": [2, 0.25]},
								"west": {"uv": [0, 15], "uv_size": [0.5, 0.25]},
								"up": {"uv": [9, 6], "uv_size": [2, 0.5]},
								"down": {"uv": [9, 7.5], "uv_size": [2, -0.5]}
							}
						}
					]
				}
			]
		}
	]
}