{
	"format_version": "1.12.0",
	"minecraft:geometry": [
		{
			"description": {
				"identifier": "geometry.hk_mp5a5 - Converted",
				"texture_width": 16,
				"texture_height": 16,
				"visible_bounds_width": 4,
				"visible_bounds_height": 2.5,
				"visible_bounds_offset": [0, 0.75, 0]
			},
			"bones": [
				{
					"name": "muzzle3",
					"pivot": [0, 0, -0.11398]
				},
				{
					"name": "octagon40",
					"parent": "muzzle3",
					"pivot": [0, 0, -0.11398],
					"cubes": [
						{
							"origin": [0.12872, -0.77565, -4.18603],
							"size": [0.19257, 1.5513, 0.6],
							"pivot": [0, 0, -32.65978],
							"rotation": [0, 0, 45],
							"uv": {
								"north": {"uv": [2, 10], "uv_size": [0.25, 1.5]},
								"east": {"uv": [8, 3], "uv_size": [0.5, 1.5]},
								"south": {"uv": [3, 10], "uv_size": [0.25, 1.5]},
								"west": {"uv": [8, 7], "uv_size": [0.5, 1.5]},
								"up": {"uv": [11, 2], "uv_size": [0.25, 0.5]},
								"down": {"uv": [11, 3.5], "uv_size": [0.25, -0.5]}
							}
						},
						{
							"origin": [-0.32128, -0.77565, -3.58603],
							"size": [0.64257, 1.5513, 3.7941],
							"pivot": [0, 0, -32.65978],
							"rotation": [0, 0, 45],
							"uv": {
								"north": {"uv": [7, 3], "uv_size": [0.75, 1.5]},
								"east": {"uv": [0, 0], "uv_size": [3.75, 1.5]},
								"south": {"uv": [5, 7], "uv_size": [0.75, 1.5]},
								"west": {"uv": [0, 2], "uv_size": [3.75, 1.5]},
								"up": {"uv": [2, 6], "uv_size": [0.75, 3.75]},
								"down": {"uv": [6, 5.75], "uv_size": [0.75, -3.75]}
							}
						},
						{
							"origin": [-0.32128, -0.77565, -4.18603],
							"size": [0.19257, 1.5513, 0.6],
							"pivot": [0, 0, -32.65978],
							"rotation": [0, 0, -45],
							"uv": {
								"north": {"uv": [2.25, 10], "uv_size": [-0.25, 1.5]},
								"east": {"uv": [8.5, 7], "uv_size": [-0.5, 1.5]},
								"south": {"uv": [3.25, 10], "uv_size": [-0.25, 1.5]},
								"west": {"uv": [8.5, 3], "uv_size": [-0.5, 1.5]},
								"up": {"uv": [11, 2.5], "uv_size": [0.25, -0.5]},
								"down": {"uv": [11, 3.5], "uv_size": [0.25, -0.5]}
							}
						},
						{
							"origin": [0.12872, -0.77565, -4.18603],
							"size": [0.19257, 1.5513, 0.6],
							"pivot": [0, 0, -32.65978],
							"rotation": [0, 0, -45],
							"uv": {
								"north": {"uv": [10.25, 3], "uv_size": [-0.25, 1.5]},
								"east": {"uv": [5.5, 9], "uv_size": [-0.5, 1.5]},
								"south": {"uv": [4.25, 10], "uv_size": [-0.25, 1.5]},
								"west": {"uv": [9.5, 3], "uv_size": [-0.5, 1.5]},
								"up": {"uv": [11, 4.5], "uv_size": [0.25, -0.5]},
								"down": {"uv": [5, 11.5], "uv_size": [0.25, -0.5]}
							}
						},
						{
							"origin": [-0.32128, -0.77565, -3.58603],
							"size": [0.64257, 1.5513, 3.7941],
							"pivot": [0, 0, -32.65978],
							"rotation": [0, 0, -45],
							"uv": {
								"north": {"uv": [7.75, 3], "uv_size": [-0.75, 1.5]},
								"east": {"uv": [3.75, 2], "uv_size": [-3.75, 1.5]},
								"south": {"uv": [5.75, 7], "uv_size": [-0.75, 1.5]},
								"west": {"uv": [3.75, 0], "uv_size": [-3.75, 1.5]},
								"up": {"uv": [2, 9.75], "uv_size": [0.75, -3.75]},
								"down": {"uv": [6, 5.75], "uv_size": [0.75, -3.75]}
							}
						},
						{
							"origin": [-0.32128, -0.77565, -4.18603],
							"size": [0.19257, 1.5513, 0.6],
							"pivot": [0, 0, -32.65978],
							"rotation": [0, 0, 45],
							"uv": {
								"north": {"uv": [10, 3], "uv_size": [0.25, 1.5]},
								"east": {"uv": [9, 3], "uv_size": [0.5, 1.5]},
								"south": {"uv": [4, 10], "uv_size": [0.25, 1.5]},
								"west": {"uv": [5, 9], "uv_size": [0.5, 1.5]},
								"up": {"uv": [11, 4], "uv_size": [0.25, 0.5]},
								"down": {"uv": [5, 11.5], "uv_size": [0.25, -0.5]}
							}
						},
						{
							"origin": [-0.32128, -0.77565, -3.58603],
							"size": [0.64257, 1.5513, 3.7941],
							"uv": {
								"north": {"uv": [6, 7], "uv_size": [0.75, 1.5]},
								"east": {"uv": [0, 4], "uv_size": [3.75, 1.5]},
								"south": {"uv": [7, 7], "uv_size": [0.75, 1.5]},
								"west": {"uv": [4, 0], "uv_size": [3.75, 1.5]},
								"up": {"uv": [3, 6], "uv_size": [0.75, 3.75]},
								"down": {"uv": [4, 9.75], "uv_size": [0.75, -3.75]}
							}
						},
						{
							"origin": [0.12872, -0.77565, -4.18603],
							"size": [0.19257, 1.5513, 0.6],
							"uv": {
								"north": {"uv": [10, 5], "uv_size": [0.25, 1.5]},
								"east": {"uv": [9, 5], "uv_size": [0.5, 1.5]},
								"south": {"uv": [10, 7], "uv_size": [0.25, 1.5]},
								"west": {"uv": [6, 9], "uv_size": [0.5, 1.5]},
								"up": {"uv": [11, 5], "uv_size": [0.25, 0.5]},
								"down": {"uv": [6, 11.5], "uv_size": [0.25, -0.5]}
							}
						},
						{
							"origin": [-0.32128, -0.77565, -4.18603],
							"size": [0.19257, 1.5513, 0.6],
							"uv": {
								"north": {"uv": [8, 10], "uv_size": [0.25, 1.5]},
								"east": {"uv": [7, 9], "uv_size": [0.5, 1.5]},
								"south": {"uv": [9, 10], "uv_size": [0.25, 1.5]},
								"west": {"uv": [9, 7], "uv_size": [0.5, 1.5]},
								"up": {"uv": [11, 6], "uv_size": [0.25, 0.5]},
								"down": {"uv": [7, 11.5], "uv_size": [0.25, -0.5]}
							}
						},
						{
							"origin": [-0.77565, -0.32129, -3.58603],
							"size": [1.5513, 0.64257, 3.7941],
							"uv": {
								"north": {"uv": [7, 5], "uv_size": [1.5, 0.75]},
								"east": {"uv": [5, 6], "uv_size": [3.75, 0.75]},
								"south": {"uv": [8, 0], "uv_size": [1.5, 0.75]},
								"west": {"uv": [7, 2], "uv_size": [3.75, 0.75]},
								"up": {"uv": [4, 2], "uv_size": [1.5, 3.75]},
								"down": {"uv": [0, 9.75], "uv_size": [1.5, -3.75]}
							}
						},
						{
							"origin": [-0.77565, -0.32129, -4.18603],
							"size": [1.5513, 0.19257, 0.6],
							"uv": {
								"north": {"uv": [10, 10], "uv_size": [1.5, 0.25]},
								"east": {"uv": [10, 11], "uv_size": [0.5, 0.25]},
								"south": {"uv": [0, 11], "uv_size": [1.5, 0.25]},
								"west": {"uv": [11, 11], "uv_size": [0.5, 0.25]},
								"up": {"uv": [0, 10], "uv_size": [1.5, 0.5]},
								"down": {"uv": [10, 0.5], "uv_size": [1.5, -0.5]}
							}
						},
						{
							"origin": [-0.77565, 0.12872, -4.18603],
							"size": [1.5513, 0.19257, 0.6],
							"uv": {
								"north": {"uv": [10, 1], "uv_size": [1.5, 0.25]},
								"east": {"uv": [11, 7], "uv_size": [0.5, 0.25]},
								"south": {"uv": [10, 9], "uv_size": [1.5, 0.25]},
								"west": {"uv": [11, 8], "uv_size": [0.5, 0.25]},
								"up": {"uv": [8, 1], "uv_size": [1.5, 0.5]},
								"down": {"uv": [8, 9.5], "uv_size": [1.5, -0.5]}
							}
						}
					]
				}
			]
		}
	]
}