{
	"format_version": "1.12.0",
	"minecraft:geometry": [
		{
			"description": {
				"identifier": "geometry.hk_mp5a5 - Converted",
				"texture_width": 64,
				"texture_height": 64,
				"visible_bounds_width": 4,
				"visible_bounds_height": 2.5,
				"visible_bounds_offset": [0, 0.75, 0]
			},
			"bones": [
				{
					"name": "grip1",
					"pivot": [0, -2.24821, 0.00001],
					"cubes": [
						{
							"origin": [-0.6875, 0.07414, 0.34999],
							"size": [1.375, 0.2, 0.2],
							"pivot": [0, 0.17414, 0.44999],
							"rotation": [45, 0, 0],
							"uv": {
								"north": {"uv": [18, 13], "uv_size": [1.5, 0.25]},
								"east": {"uv": [33, 16], "uv_size": [0.25, 0.25]},
								"south": {"uv": [14, 18], "uv_size": [1.5, 0.25]},
								"west": {"uv": [17, 33], "uv_size": [0.25, 0.25]},
								"up": {"uv": [18, 14], "uv_size": [1.5, 0.25]},
								"down": {"uv": [18, 15.25], "uv_size": [1.5, -0.25]}
							}
						},
						{
							"origin": [-0.6875, 0.07414, -0.55001],
							"size": [1.375, 0.2, 0.2],
							"pivot": [0, 0.17414, -0.45001],
							"rotation": [45, 0, 0],
							"uv": {
								"north": {"uv": [18, 13], "uv_size": [1.5, 0.25]},
								"east": {"uv": [33, 16], "uv_size": [0.25, 0.25]},
								"south": {"uv": [14, 18], "uv_size": [1.5, 0.25]},
								"west": {"uv": [17, 33], "uv_size": [0.25, 0.25]},
								"up": {"uv": [19.5, 14.25], "uv_size": [-1.5, -0.25]},
								"down": {"uv": [19.5, 15.25], "uv_size": [-1.5, -0.25]}
							}
						},
						{
							"origin": [-0.6, -0.00723, 0.25],
							"size": [1.2, 0.4, 0.4],
							"uv": {
								"north": {"uv": [12, 16], "uv_size": [1.25, 0.5]},
								"east": {"uv": [16, 18], "uv_size": [0.5, 0.5]},
								"south": {"uv": [16, 12], "uv_size": [1.25, 0.5]},
								"west": {"uv": [5, 19], "uv_size": [0.5, 0.5]},
								"up": {"uv": [16, 13], "uv_size": [1.25, 0.5]},
								"down": {"uv": [14, 16.5], "uv_size": [1.25, -0.5]}
							}
						},
						{
							"origin": [-0.6, -0.00723, -0.25],
							"size": [1.2, 0.3, 0.5],
							"uv": {
								"north": {"uv": [18, 16], "uv_size": [1.25, 0.25]},
								"east": {"uv": [18, 22], "uv_size": [0.5, 0.25]},
								"south": {"uv": [18, 17], "uv_size": [1.25, 0.25]},
								"west": {"uv": [22, 18], "uv_size": [0.5, 0.25]},
								"up": {"uv": [16, 14], "uv_size": [1.25, 0.5]},
								"down": {"uv": [16, 15.5], "uv_size": [1.25, -0.5]}
							}
						},
						{
							"origin": [0.3, 0.19277, -0.85],
							"size": [0.24497, 0.23284, 1.7],
							"pivot": [0.05, 0.14277, 0],
							"rotation": [0, 0, 45],
							"uv": {
								"north": {"uv": [20, 24], "uv_size": [0.25, 0.25]},
								"east": {"uv": [13, 17], "uv_size": [1.75, 0.25]},
								"south": {"uv": [24, 20], "uv_size": [0.25, 0.25]},
								"west": {"uv": [15, 17], "uv_size": [1.75, 0.25]},
								"up": {"uv": [17, 17], "uv_size": [0.25, 1.75]},
								"down": {"uv": [0, 19.75], "uv_size": [0.25, -1.75]}
							}
						},
						{
							"origin": [-0.12671, -0.45258, -0.85],
							"size": [0.64497, 0.23284, 1.7],
							"pivot": [0.39578, -0.33616, 0],
							"rotation": [0, 0, 60],
							"uv": {
								"north": {"uv": [21, 4], "uv_size": [0.75, 0.25]},
								"east": {"uv": [18, 6], "uv_size": [1.75, 0.25]},
								"south": {"uv": [5, 21], "uv_size": [0.75, 0.25]},
								"west": {"uv": [18, 11], "uv_size": [1.75, 0.25]},
								"up": {"uv": [0, 2], "uv_size": [0.75, 1.75]},
								"down": {"uv": [2, 1.75], "uv_size": [0.75, -1.75]}
							}
						},
						{
							"origin": [0.27329, -0.45258, -1.05],
							"size": [0.24497, 0.23284, 0.2],
							"pivot": [0.39578, -0.33616, 0],
							"rotation": [0, 0, 60],
							"uv": {
								"north": {"uv": [24, 24], "uv_size": [0.25, 0.25]},
								"east": {"uv": [0, 25], "uv_size": [0.25, 0.25]},
								"south": {"uv": [25, 0], "uv_size": [0.25, 0.25]},
								"west": {"uv": [1, 25], "uv_size": [0.25, 0.25]},
								"up": {"uv": [25, 1], "uv_size": [0.25, 0.25]},
								"down": {"uv": [2, 25.25], "uv_size": [0.25, -0.25]}
							}
						},
						{
							"origin": [0.27329, -0.45258, 0.85],
							"size": [0.24497, 0.23284, 0.2],
							"pivot": [0.39578, -0.33616, 1.9],
							"rotation": [0, 0, 60],
							"uv": {
								"north": {"uv": [25, 2], "uv_size": [0.25, 0.25]},
								"east": {"uv": [3, 25], "uv_size": [0.25, 0.25]},
								"south": {"uv": [25, 3], "uv_size": [0.25, 0.25]},
								"west": {"uv": [4, 25], "uv_size": [0.25, 0.25]},
								"up": {"uv": [25, 4], "uv_size": [0.25, 0.25]},
								"down": {"uv": [5, 25.25], "uv_size": [0.25, -0.25]}
							}
						},
						{
							"origin": [-0.51826, -0.45258, -1.05],
							"size": [0.24497, 0.23284, 0.2],
							"pivot": [-0.39578, -0.33616, 0],
							"rotation": [0, 0, -60],
							"uv": {
								"north": {"uv": [25, 8], "uv_size": [0.25, 0.25]},
								"east": {"uv": [9, 25], "uv_size": [0.25, 0.25]},
								"south": {"uv": [25, 9], "uv_size": [0.25, 0.25]},
								"west": {"uv": [10, 25], "uv_size": [0.25, 0.25]},
								"up": {"uv": [25, 10], "uv_size": [0.25, 0.25]},
								"down": {"uv": [11, 25.25], "uv_size": [0.25, -0.25]}
							}
						},
						{
							"origin": [-0.43536, -0.35258, -1.05],
							"size": [0.87072, 0.18071, 2.1],
							"uv": {
								"north": {"uv": [7, 21], "uv_size": [0.75, 0.25]},
								"east": {"uv": [17, 7], "uv_size": [2, 0.25]},
								"south": {"uv": [21, 7], "uv_size": [0.75, 0.25]},
								"west": {"uv": [17, 8], "uv_size": [2, 0.25]},
								"up": {"uv": [0, 0], "uv_size": [0.75, 2]},
								"down": {"uv": [1, 2], "uv_size": [0.75, -2]}
							}
						},
						{
							"origin": [-0.51826, -0.45258, 0.85],
							"size": [0.24497, 0.23284, 0.2],
							"pivot": [-0.39578, -0.33616, 1.9],
							"rotation": [0, 0, -60],
							"uv": {
								"north": {"uv": [25, 5], "uv_size": [0.25, 0.25]},
								"east": {"uv": [6, 25], "uv_size": [0.25, 0.25]},
								"south": {"uv": [25, 6], "uv_size": [0.25, 0.25]},
								"west": {"uv": [7, 25], "uv_size": [0.25, 0.25]},
								"up": {"uv": [25, 7], "uv_size": [0.25, 0.25]},
								"down": {"uv": [8, 25.25], "uv_size": [0.25, -0.25]}
							}
						},
						{
							"origin": [-0.65968, -0.69753, -0.56716],
							"size": [0.28284, 0.23284, 1.13432],
							"pivot": [-0.5372, -0.58111, 0.28284],
							"rotation": [0, 0, -60],
							"uv": {
								"north": {"uv": [23, 24], "uv_size": [0.25, 0.25]},
								"east": {"uv": [13, 20], "uv_size": [1.25, 0.25]},
								"south": {"uv": [24, 23], "uv_size": [0.25, 0.25]},
								"west": {"uv": [20, 13], "uv_size": [1.25, 0.25]},
								"up": {"uv": [20, 14], "uv_size": [0.25, 1.25]},
								"down": {"uv": [15, 21.25], "uv_size": [0.25, -1.25]}
							}
						},
						{
							"origin": [-0.83672, -1.00417, 0.61235],
							"size": [0.54497, 0.23284, 0.4],
							"inflate": -0.001,
							"pivot": [-0.71423, -0.88775, 0.16235],
							"rotation": [0, 45, -60],
							"uv": {
								"north": {"uv": [23, 2], "uv_size": [0.5, 0.25]},
								"east": {"uv": [3, 23], "uv_size": [0.5, 0.25]},
								"south": {"uv": [23, 3], "uv_size": [0.5, 0.25]},
								"west": {"uv": [4, 23], "uv_size": [0.5, 0.25]},
								"up": {"uv": [0, 21], "uv_size": [0.5, 0.5]},
								"down": {"uv": [21, 0.5], "uv_size": [0.5, -0.5]}
							}
						},
						{
							"origin": [-0.83672, -1.00417, -1.01235],
							"size": [0.54497, 0.23284, 0.4],
							"inflate": -0.001,
							"pivot": [-0.71423, -0.88775, -0.16235],
							"rotation": [0, -45, -60],
							"uv": {
								"north": {"uv": [23, 0], "uv_size": [0.5, 0.25]},
								"east": {"uv": [1, 23], "uv_size": [0.5, 0.25]},
								"south": {"uv": [23, 1], "uv_size": [0.5, 0.25]},
								"west": {"uv": [2, 23], "uv_size": [0.5, 0.25]},
								"up": {"uv": [19, 20], "uv_size": [0.5, 0.5]},
								"down": {"uv": [20, 20.5], "uv_size": [0.5, -0.5]}
							}
						},
						{
							"origin": [-0.51826, -0.45258, -0.85],
							"size": [0.64497, 0.23284, 1.7],
							"pivot": [-0.39578, -0.33616, 0],
							"rotation": [0, 0, -60],
							"uv": {
								"north": {"uv": [21, 5], "uv_size": [0.75, 0.25]},
								"east": {"uv": [12, 18], "uv_size": [1.75, 0.25]},
								"south": {"uv": [6, 21], "uv_size": [0.75, 0.25]},
								"west": {"uv": [18, 12], "uv_size": [1.75, 0.25]},
								"up": {"uv": [1, 2], "uv_size": [0.75, 1.75]},
								"down": {"uv": [2, 3.75], "uv_size": [0.75, -1.75]}
							}
						},
						{
							"origin": [0.37684, -0.69753, -0.56716],
							"size": [0.28284, 0.23284, 1.13432],
							"pivot": [0.5372, -0.58111, 0.28284],
							"rotation": [0, 0, 60],
							"uv": {
								"north": {"uv": [22, 24], "uv_size": [0.25, 0.25]},
								"east": {"uv": [8, 20], "uv_size": [1.25, 0.25]},
								"south": {"uv": [24, 22], "uv_size": [0.25, 0.25]},
								"west": {"uv": [10, 20], "uv_size": [1.25, 0.25]},
								"up": {"uv": [20, 11], "uv_size": [0.25, 1.25]},
								"down": {"uv": [12, 21.25], "uv_size": [0.25, -1.25]}
							}
						},
						{
							"origin": [0.40879, -0.85187, 0.33284],
							"size": [0.68284, 0.23284, 0.23432],
							"pivot": [0.55021, -0.73545, 0],
							"rotation": [0, 0, 105],
							"uv": {
								"north": {"uv": [8, 21], "uv_size": [0.75, 0.25]},
								"east": {"uv": [25, 11], "uv_size": [0.25, 0.25]},
								"south": {"uv": [21, 8], "uv_size": [0.75, 0.25]},
								"west": {"uv": [12, 25], "uv_size": [0.25, 0.25]},
								"up": {"uv": [9, 21], "uv_size": [0.75, 0.25]},
								"down": {"uv": [21, 9.25], "uv_size": [0.75, -0.25]}
							}
						},
						{
							"origin": [0.40879, -0.85187, -0.56716],
							"size": [0.68284, 0.23284, 0.23432],
							"pivot": [0.55021, -0.73545, 0],
							"rotation": [0, 0, 105],
							"uv": {
								"north": {"uv": [10, 21], "uv_size": [0.75, 0.25]},
								"east": {"uv": [25, 12], "uv_size": [0.25, 0.25]},
								"south": {"uv": [21, 10], "uv_size": [0.75, 0.25]},
								"west": {"uv": [13, 25], "uv_size": [0.25, 0.25]},
								"up": {"uv": [11, 21], "uv_size": [0.75, 0.25]},
								"down": {"uv": [21, 11.25], "uv_size": [0.75, -0.25]}
							}
						},
						{
							"origin": [-1.09163, -0.85187, 0.33284],
							"size": [0.68284, 0.23284, 0.23432],
							"pivot": [-0.55021, -0.73545, 0],
							"rotation": [0, 0, -105],
							"uv": {
								"north": {"uv": [16, 22], "uv_size": [0.75, 0.25]},
								"east": {"uv": [0, 26], "uv_size": [0.25, 0.25]},
								"south": {"uv": [22, 16], "uv_size": [0.75, 0.25]},
								"west": {"uv": [26, 0], "uv_size": [0.25, 0.25]},
								"up": {"uv": [17, 22], "uv_size": [0.75, 0.25]},
								"down": {"uv": [22, 17.25], "uv_size": [0.75, -0.25]}
							}
						},
						{
							"origin": [-0.52253, -2.00723, 0.33284],
							"size": [0.22491, 0.77894, 0.23432],
							"uv": {
								"north": {"uv": [14, 22], "uv_size": [0.25, 0.75]},
								"east": {"uv": [22, 14], "uv_size": [0.25, 0.75]},
								"south": {"uv": [15, 22], "uv_size": [0.25, 0.75]},
								"west": {"uv": [22, 15], "uv_size": [0.25, 0.75]},
								"up": {"uv": [25, 24], "uv_size": [0.25, 0.25]},
								"down": {"uv": [25, 25.25], "uv_size": [0.25, -0.25]}
							}
						},
						{
							"origin": [-0.52253, -2.00723, -0.33284],
							"size": [0.22491, 0.17894, 0.66568],
							"uv": {
								"north": {"uv": [25, 23], "uv_size": [0.25, 0.25]},
								"east": {"uv": [12, 22], "uv_size": [0.75, 0.25]},
								"south": {"uv": [24, 25], "uv_size": [0.25, 0.25]},
								"west": {"uv": [22, 12], "uv_size": [0.75, 0.25]},
								"up": {"uv": [13, 22], "uv_size": [0.25, 0.75]},
								"down": {"uv": [22, 13.75], "uv_size": [0.25, -0.75]}
							}
						},
						{
							"origin": [-0.52253, -1.40723, -0.33284],
							"size": [0.22491, 0.17894, 0.66568],
							"uv": {
								"north": {"uv": [25, 22], "uv_size": [0.25, 0.25]},
								"east": {"uv": [10, 22], "uv_size": [0.75, 0.25]},
								"south": {"uv": [23, 25], "uv_size": [0.25, 0.25]},
								"west": {"uv": [22, 10], "uv_size": [0.75, 0.25]},
								"up": {"uv": [11, 22], "uv_size": [0.25, 0.75]},
								"down": {"uv": [22, 11.75], "uv_size": [0.25, -0.75]}
							}
						},
						{
							"origin": [-0.52253, -2.00723, -0.56716],
							"size": [0.22491, 0.77894, 0.23432],
							"uv": {
								"north": {"uv": [8, 22], "uv_size": [0.25, 0.75]},
								"east": {"uv": [22, 8], "uv_size": [0.25, 0.75]},
								"south": {"uv": [9, 22], "uv_size": [0.25, 0.75]},
								"west": {"uv": [22, 9], "uv_size": [0.25, 0.75]},
								"up": {"uv": [25, 21], "uv_size": [0.25, 0.25]},
								"down": {"uv": [22, 25.25], "uv_size": [0.25, -0.25]}
							}
						},
						{
							"origin": [-0.49762, -1.22829, 0.33284],
							"size": [0.2, 0.42106, 0.23432],
							"uv": {
								"north": {"uv": [23, 10], "uv_size": [0.25, 0.5]},
								"east": {"uv": [11, 23], "uv_size": [0.25, 0.5]},
								"south": {"uv": [23, 11], "uv_size": [0.25, 0.5]},
								"west": {"uv": [12, 23], "uv_size": [0.25, 0.5]},
								"up": {"uv": [4, 26], "uv_size": [0.25, 0.25]},
								"down": {"uv": [26, 4.25], "uv_size": [0.25, -0.25]}
							}
						},
						{
							"origin": [0.29762, -1.22829, 0.33284],
							"size": [0.2, 0.42106, 0.23432],
							"uv": {
								"north": {"uv": [23, 8], "uv_size": [0.25, 0.5]},
								"east": {"uv": [9, 23], "uv_size": [0.25, 0.5]},
								"south": {"uv": [23, 9], "uv_size": [0.25, 0.5]},
								"west": {"uv": [10, 23], "uv_size": [0.25, 0.5]},
								"up": {"uv": [3, 26], "uv_size": [0.25, 0.25]},
								"down": {"uv": [26, 3.25], "uv_size": [0.25, -0.25]}
							}
						},
						{
							"origin": [-0.49762, -1.22829, -0.56716],
							"size": [0.2, 0.42106, 0.23432],
							"uv": {
								"north": {"uv": [23, 4], "uv_size": [0.25, 0.5]},
								"east": {"uv": [5, 23], "uv_size": [0.25, 0.5]},
								"south": {"uv": [23, 5], "uv_size": [0.25, 0.5]},
								"west": {"uv": [6, 23], "uv_size": [0.25, 0.5]},
								"up": {"uv": [1, 26], "uv_size": [0.25, 0.25]},
								"down": {"uv": [26, 1.25], "uv_size": [0.25, -0.25]}
							}
						},
						{
							"origin": [0.29762, -1.22829, -0.56716],
							"size": [0.2, 0.42106, 0.23432],
							"uv": {
								"north": {"uv": [23, 6], "uv_size": [0.25, 0.5]},
								"east": {"uv": [7, 23], "uv_size": [0.25, 0.5]},
								"south": {"uv": [23, 7], "uv_size": [0.25, 0.5]},
								"west": {"uv": [8, 23], "uv_size": [0.25, 0.5]},
								"up": {"uv": [2, 26], "uv_size": [0.25, 0.25]},
								"down": {"uv": [26, 2.25], "uv_size": [0.25, -0.25]}
							}
						},
						{
							"origin": [-1.09163, -0.85187, -0.33284],
							"size": [0.18284, 0.23284, 0.66568],
							"pivot": [-0.55021, -0.73545, 0],
							"rotation": [0, 0, -105],
							"uv": {
								"north": {"uv": [25, 20], "uv_size": [0.25, 0.25]},
								"east": {"uv": [6, 22], "uv_size": [0.75, 0.25]},
								"south": {"uv": [21, 25], "uv_size": [0.25, 0.25]},
								"west": {"uv": [22, 6], "uv_size": [0.75, 0.25]},
								"up": {"uv": [7, 22], "uv_size": [0.25, 0.75]},
								"down": {"uv": [22, 7.75], "uv_size": [0.25, -0.75]}
							}
						},
						{
							"origin": [-1.09163, -0.85187, -0.56716],
							"size": [0.68284, 0.23284, 0.23432],
							"pivot": [-0.55021, -0.73545, 0],
							"rotation": [0, 0, -105],
							"uv": {
								"north": {"uv": [4, 22], "uv_size": [0.75, 0.25]},
								"east": {"uv": [25, 19], "uv_size": [0.25, 0.25]},
								"south": {"uv": [22, 4], "uv_size": [0.75, 0.25]},
								"west": {"uv": [20, 25], "uv_size": [0.25, 0.25]},
								"up": {"uv": [5, 22], "uv_size": [0.75, 0.25]},
								"down": {"uv": [22, 5.25], "uv_size": [0.75, -0.25]}
							}
						},
						{
							"origin": [0.90879, -0.85187, -0.33284],
							"size": [0.18284, 0.23284, 0.66568],
							"pivot": [0.55021, -0.73545, 0],
							"rotation": [0, 0, 105],
							"uv": {
								"north": {"uv": [25, 13], "uv_size": [0.25, 0.25]},
								"east": {"uv": [21, 12], "uv_size": [0.75, 0.25]},
								"south": {"uv": [14, 25], "uv_size": [0.25, 0.25]},
								"west": {"uv": [13, 21], "uv_size": [0.75, 0.25]},
								"up": {"uv": [14, 21], "uv_size": [0.25, 0.75]},
								"down": {"uv": [21, 14.75], "uv_size": [0.25, -0.75]}
							}
						},
						{
							"origin": [0.40879, -0.85187, -0.33284],
							"size": [0.18284, 0.23284, 0.66568],
							"pivot": [0.55021, -0.73545, 0],
							"rotation": [0, 0, 105],
							"uv": {
								"north": {"uv": [25, 14], "uv_size": [0.25, 0.25]},
								"east": {"uv": [21, 15], "uv_size": [0.75, 0.25]},
								"south": {"uv": [15, 25], "uv_size": [0.25, 0.25]},
								"west": {"uv": [16, 21], "uv_size": [0.75, 0.25]},
								"up": {"uv": [21, 16], "uv_size": [0.25, 0.75]},
								"down": {"uv": [17, 21.75], "uv_size": [0.25, -0.75]}
							}
						},
						{
							"origin": [-0.59163, -0.85187, -0.33284],
							"size": [0.18284, 0.23284, 0.66568],
							"pivot": [-0.55021, -0.73545, 0],
							"rotation": [0, 0, -105],
							"uv": {
								"north": {"uv": [25.25, 14], "uv_size": [-0.25, 0.25]},
								"east": {"uv": [16.75, 21], "uv_size": [-0.75, 0.25]},
								"south": {"uv": [15.25, 25], "uv_size": [-0.25, 0.25]},
								"west": {"uv": [21.75, 15], "uv_size": [-0.75, 0.25]},
								"up": {"uv": [21, 16.75], "uv_size": [0.25, -0.75]},
								"down": {"uv": [17, 21.75], "uv_size": [0.25, -0.75]}
							}
						},
						{
							"origin": [0.43467, -0.75528, -0.46409],
							"size": [0.08284, 0.23285, 0.21881],
							"pivot": [0.57609, -0.63886, -0.03125],
							"rotation": [0, -45, 105],
							"uv": {
								"north": {"uv": [23, 26], "uv_size": [0.25, 0.25]},
								"east": {"uv": [26, 23], "uv_size": [0.25, 0.25]},
								"south": {"uv": [24, 26], "uv_size": [0.25, 0.25]},
								"west": {"uv": [26, 24], "uv_size": [0.25, 0.25]},
								"up": {"uv": [25, 26], "uv_size": [0.25, 0.25]},
								"down": {"uv": [26, 25.25], "uv_size": [0.25, -0.25]}
							}
						},
						{
							"origin": [0.29378, -0.90789, -0.64007],
							"size": [0.08284, 0.23284, 0.21881],
							"pivot": [0.5352, -0.79147, -0.33067],
							"rotation": [180, -45, -75],
							"uv": {
								"north": {"uv": [26, 26], "uv_size": [0.25, 0.25]},
								"east": {"uv": [0, 27], "uv_size": [0.25, 0.25]},
								"south": {"uv": [27, 0], "uv_size": [0.25, 0.25]},
								"west": {"uv": [1, 27], "uv_size": [0.25, 0.25]},
								"up": {"uv": [27, 1], "uv_size": [0.25, 0.25]},
								"down": {"uv": [2, 27.25], "uv_size": [0.25, -0.25]}
							}
						},
						{
							"origin": [0.29378, -0.90789, 0.42126],
							"size": [0.08284, 0.23284, 0.21881],
							"pivot": [0.5352, -0.79147, 0.33067],
							"rotation": [-180, 45, -75],
							"uv": {
								"north": {"uv": [17, 26], "uv_size": [0.25, 0.25]},
								"east": {"uv": [26, 17], "uv_size": [0.25, 0.25]},
								"south": {"uv": [18, 26], "uv_size": [0.25, 0.25]},
								"west": {"uv": [26, 18], "uv_size": [0.25, 0.25]},
								"up": {"uv": [19, 26], "uv_size": [0.25, 0.25]},
								"down": {"uv": [26, 19.25], "uv_size": [0.25, -0.25]}
							}
						},
						{
							"origin": [0.43467, -0.75528, 0.24528],
							"size": [0.08284, 0.23285, 0.21881],
							"pivot": [0.57609, -0.63886, 0.03125],
							"rotation": [0, 45, 105],
							"uv": {
								"north": {"uv": [20, 26], "uv_size": [0.25, 0.25]},
								"east": {"uv": [26, 20], "uv_size": [0.25, 0.25]},
								"south": {"uv": [21, 26], "uv_size": [0.25, 0.25]},
								"west": {"uv": [26, 21], "uv_size": [0.25, 0.25]},
								"up": {"uv": [22, 26], "uv_size": [0.25, 0.25]},
								"down": {"uv": [26, 22.25], "uv_size": [0.25, -0.25]}
							}
						},
						{
							"origin": [0.29175, -1.00417, -1.01235],
							"size": [0.54497, 0.23284, 0.4],
							"inflate": -0.001,
							"pivot": [0.71423, -0.88775, -0.16235],
							"rotation": [0, 45, 60],
							"uv": {
								"north": {"uv": [19, 22], "uv_size": [0.5, 0.25]},
								"east": {"uv": [22, 19], "uv_size": [0.5, 0.25]},
								"south": {"uv": [20, 22], "uv_size": [0.5, 0.25]},
								"west": {"uv": [22, 20], "uv_size": [0.5, 0.25]},
								"up": {"uv": [17, 20], "uv_size": [0.5, 0.5]},
								"down": {"uv": [20, 17.5], "uv_size": [0.5, -0.5]}
							}
						},
						{
							"origin": [0.29175, -1.00417, 0.61235],
							"size": [0.54497, 0.23284, 0.4],
							"inflate": -0.001,
							"pivot": [0.71423, -0.88775, 0.16235],
							"rotation": [0, -45, 60],
							"uv": {
								"north": {"uv": [21, 22], "uv_size": [0.5, 0.25]},
								"east": {"uv": [22, 21], "uv_size": [0.5, 0.25]},
								"south": {"uv": [22, 22], "uv_size": [0.5, 0.25]},
								"west": {"uv": [0, 23], "uv_size": [0.5, 0.25]},
								"up": {"uv": [18, 20], "uv_size": [0.5, 0.5]},
								"down": {"uv": [20, 18.5], "uv_size": [0.5, -0.5]}
							}
						},
						{
							"origin": [-0.54497, 0.19277, -0.85],
							"size": [0.24497, 0.23284, 1.7],
							"pivot": [-0.05, 0.14277, 0],
							"rotation": [0, 0, -45],
							"uv": {
								"north": {"uv": [21, 24], "uv_size": [0.25, 0.25]},
								"east": {"uv": [1, 18], "uv_size": [1.75, 0.25]},
								"south": {"uv": [24, 21], "uv_size": [0.25, 0.25]},
								"west": {"uv": [18, 3], "uv_size": [1.75, 0.25]},
								"up": {"uv": [18, 4], "uv_size": [0.25, 1.75]},
								"down": {"uv": [18, 10.75], "uv_size": [0.25, -1.75]}
							}
						},
						{
							"origin": [-0.6, -0.00723, -0.85],
							"size": [1.2, 0.2, 0.2],
							"uv": {
								"north": {"uv": [17, 19], "uv_size": [1.25, 0.25]},
								"east": {"uv": [18, 24], "uv_size": [0.25, 0.25]},
								"south": {"uv": [19, 19], "uv_size": [1.25, 0.25]},
								"west": {"uv": [24, 18], "uv_size": [0.25, 0.25]},
								"up": {"uv": [0, 20], "uv_size": [1.25, 0.25]},
								"down": {"uv": [2, 20.25], "uv_size": [1.25, -0.25]}
							}
						},
						{
							"origin": [0.29762, -2.00723, -0.56716],
							"size": [0.22491, 0.77894, 0.23432],
							"uv": {
								"north": {"uv": [21, 17], "uv_size": [0.25, 0.75]},
								"east": {"uv": [18, 21], "uv_size": [0.25, 0.75]},
								"south": {"uv": [21, 18], "uv_size": [0.25, 0.75]},
								"west": {"uv": [19, 21], "uv_size": [0.25, 0.75]},
								"up": {"uv": [25, 15], "uv_size": [0.25, 0.25]},
								"down": {"uv": [16, 25.25], "uv_size": [0.25, -0.25]}
							}
						},
						{
							"origin": [0.29762, -5.30723, -0.56716],
							"size": [0.22491, 3.3, 0.13432],
							"uv": {
								"north": {"uv": [12, 12], "uv_size": [0.25, 3.25]},
								"east": {"uv": [13, 0], "uv_size": [0.25, 3.25]},
								"south": {"uv": [13, 4], "uv_size": [0.25, 3.25]},
								"west": {"uv": [13, 8], "uv_size": [0.25, 3.25]},
								"up": {"uv": [5, 28], "uv_size": [0.25, 0.25]},
								"down": {"uv": [28, 5.25], "uv_size": [0.25, -0.25]}
							}
						},
						{
							"origin": [-0.52253, -5.30723, 0.43284],
							"size": [0.22491, 3.3, 0.13432],
							"uv": {
								"north": {"uv": [6, 16], "uv_size": [0.25, 3.25]},
								"east": {"uv": [7, 16], "uv_size": [0.25, 3.25]},
								"south": {"uv": [16, 8], "uv_size": [0.25, 3.25]},
								"west": {"uv": [10, 16], "uv_size": [0.25, 3.25]},
								"up": {"uv": [29, 7], "uv_size": [0.25, 0.25]},
								"down": {"uv": [8, 29.25], "uv_size": [0.25, -0.25]}
							}
						},
						{
							"origin": [-0.52253, -5.30723, -0.56716],
							"size": [0.22491, 3.3, 0.13432],
							"uv": {
								"north": {"uv": [11, 15], "uv_size": [0.25, 3.25]},
								"east": {"uv": [15, 12], "uv_size": [0.25, 3.25]},
								"south": {"uv": [16, 0], "uv_size": [0.25, 3.25]},
								"west": {"uv": [16, 4], "uv_size": [0.25, 3.25]},
								"up": {"uv": [29, 6], "uv_size": [0.25, 0.25]},
								"down": {"uv": [7, 29.25], "uv_size": [0.25, -0.25]}
							}
						},
						{
							"origin": [0.39762, -5.30723, -0.53203],
							"size": [0.13946, 0.3, 0.15231],
							"pivot": [0.41008, -3.65723, -0.5],
							"rotation": [0, -45, 0],
							"uv": {
								"north": {"uv": [18, 28], "uv_size": [0.25, 0.25]},
								"east": {"uv": [28, 18], "uv_size": [0.25, 0.25]},
								"south": {"uv": [19, 28], "uv_size": [0.25, 0.25]},
								"west": {"uv": [28, 19], "uv_size": [0.25, 0.25]},
								"up": {"uv": [20, 28], "uv_size": [0.25, 0.25]},
								"down": {"uv": [28, 20.25], "uv_size": [0.25, -0.25]}
							}
						},
						{
							"origin": [0.39762, -5.30723, 0.37972],
							"size": [0.13946, 0.3, 0.15231],
							"pivot": [0.41008, -3.65723, 0.5],
							"rotation": [0, 45, 0],
							"uv": {
								"north": {"uv": [21, 28], "uv_size": [0.25, 0.25]},
								"east": {"uv": [28, 21], "uv_size": [0.25, 0.25]},
								"south": {"uv": [22, 28], "uv_size": [0.25, 0.25]},
								"west": {"uv": [28, 22], "uv_size": [0.25, 0.25]},
								"up": {"uv": [23, 28], "uv_size": [0.25, 0.25]},
								"down": {"uv": [28, 23.25], "uv_size": [0.25, -0.25]}
							}
						},
						{
							"origin": [-0.53708, -5.30723, -0.53203],
							"size": [0.13946, 0.3, 0.15231],
							"pivot": [-0.41008, -3.65723, -0.5],
							"rotation": [0, 45, 0],
							"uv": {
								"north": {"uv": [29, 3], "uv_size": [0.25, 0.25]},
								"east": {"uv": [4, 29], "uv_size": [0.25, 0.25]},
								"south": {"uv": [29, 4], "uv_size": [0.25, 0.25]},
								"west": {"uv": [5, 29], "uv_size": [0.25, 0.25]},
								"up": {"uv": [29, 5], "uv_size": [0.25, 0.25]},
								"down": {"uv": [6, 29.25], "uv_size": [0.25, -0.25]}
							}
						},
						{
							"origin": [-0.53708, -5.30723, 0.37972],
							"size": [0.13946, 0.3, 0.15231],
							"pivot": [-0.41008, -3.65723, 0.5],
							"rotation": [0, -45, 0],
							"uv": {
								"north": {"uv": [29, 0], "uv_size": [0.25, 0.25]},
								"east": {"uv": [1, 29], "uv_size": [0.25, 0.25]},
								"south": {"uv": [29, 1], "uv_size": [0.25, 0.25]},
								"west": {"uv": [2, 29], "uv_size": [0.25, 0.25]},
								"up": {"uv": [29, 2], "uv_size": [0.25, 0.25]},
								"down": {"uv": [3, 29.25], "uv_size": [0.25, -0.25]}
							}
						},
						{
							"origin": [0.19762, -5.30723, -0.64765],
							"size": [0.24442, 5.07894, 0.1953],
							"uv": {
								"north": {"uv": [5, 5], "uv_size": [0.25, 5]},
								"east": {"uv": [6, 0], "uv_size": [0.25, 5]},
								"south": {"uv": [6, 5], "uv_size": [0.25, 5]},
								"west": {"uv": [7, 0], "uv_size": [0.25, 5]},
								"up": {"uv": [14, 28], "uv_size": [0.25, 0.25]},
								"down": {"uv": [28, 14.25], "uv_size": [0.25, -0.25]}
							}
						},
						{
							"origin": [-0.19762, -0.80723, -0.64765],
							"size": [0.39524, 1.07894, 1.2953],
							"uv": {
								"north": {"uv": [17, 9], "uv_size": [0.5, 1]},
								"east": {"uv": [10, 5], "uv_size": [1.25, 1]},
								"south": {"uv": [17, 10], "uv_size": [0.5, 1]},
								"west": {"uv": [6, 10], "uv_size": [1.25, 1]},
								"up": {"uv": [17, 3], "uv_size": [0.5, 1.25]},
								"down": {"uv": [17, 6.25], "uv_size": [0.5, -1.25]}
							}
						},
						{
							"origin": [-0.19762, -2.20723, -0.64765],
							"size": [0.39524, 0.57894, 0.1953],
							"uv": {
								"north": {"uv": [1, 21], "uv_size": [0.5, 0.5]},
								"east": {"uv": [1, 24], "uv_size": [0.25, 0.5]},
								"south": {"uv": [21, 1], "uv_size": [0.5, 0.5]},
								"west": {"uv": [24, 1], "uv_size": [0.25, 0.5]},
								"up": {"uv": [2, 24], "uv_size": [0.5, 0.25]},
								"down": {"uv": [24, 2.25], "uv_size": [0.5, -0.25]}
							}
						},
						{
							"origin": [-0.29762, -1.00723, -0.64765],
							"size": [0.12649, 0.19457, 0.1953],
							"pivot": [-0.1, -0.91776, -0.55],
							"rotation": [0, 0, 45],
							"uv": {
								"north": {"uv": [29, 14], "uv_size": [0.25, 0.25]},
								"east": {"uv": [15, 29], "uv_size": [0.25, 0.25]},
								"south": {"uv": [29, 15], "uv_size": [0.25, 0.25]},
								"west": {"uv": [16, 29], "uv_size": [0.25, 0.25]},
								"up": {"uv": [29, 16], "uv_size": [0.25, 0.25]},
								"down": {"uv": [17, 29.25], "uv_size": [0.25, -0.25]}
							}
						},
						{
							"origin": [0.17113, -1.00723, -0.64765],
							"size": [0.12649, 0.19457, 0.1953],
							"pivot": [0.1, -0.91776, -0.55],
							"rotation": [0, 0, -45],
							"uv": {
								"north": {"uv": [29, 17], "uv_size": [0.25, 0.25]},
								"east": {"uv": [18, 29], "uv_size": [0.25, 0.25]},
								"south": {"uv": [29, 18], "uv_size": [0.25, 0.25]},
								"west": {"uv": [19, 29], "uv_size": [0.25, 0.25]},
								"up": {"uv": [29, 19], "uv_size": [0.25, 0.25]},
								"down": {"uv": [20, 29.25], "uv_size": [0.25, -0.25]}
							}
						},
						{
							"origin": [0.12625, -1.7145, -0.64765],
							"size": [0.12649, 0.19457, 0.1953],
							"pivot": [0.18949, -1.61722, -0.55],
							"rotation": [0, 0, 45],
							"uv": {
								"north": {"uv": [3, 30], "uv_size": [0.25, 0.25]},
								"east": {"uv": [30, 3], "uv_size": [0.25, 0.25]},
								"south": {"uv": [4, 30], "uv_size": [0.25, 0.25]},
								"west": {"uv": [30, 4], "uv_size": [0.25, 0.25]},
								"up": {"uv": [5, 30], "uv_size": [0.25, 0.25]},
								"down": {"uv": [30, 5.25], "uv_size": [0.25, -0.25]}
							}
						},
						{
							"origin": [-0.25274, -1.7145, -0.64765],
							"size": [0.12649, 0.19457, 0.1953],
							"pivot": [-0.18949, -1.61722, -0.55],
							"rotation": [0, 0, -45],
							"uv": {
								"north": {"uv": [6, 30], "uv_size": [0.25, 0.25]},
								"east": {"uv": [30, 6], "uv_size": [0.25, 0.25]},
								"south": {"uv": [7, 30], "uv_size": [0.25, 0.25]},
								"west": {"uv": [30, 7], "uv_size": [0.25, 0.25]},
								"up": {"uv": [8, 30], "uv_size": [0.25, 0.25]},
								"down": {"uv": [30, 8.25], "uv_size": [0.25, -0.25]}
							}
						},
						{
							"origin": [0.12625, -4.2145, -0.64765],
							"size": [0.12649, 0.19457, 0.1953],
							"pivot": [0.18949, -4.11722, -0.55],
							"rotation": [0, 0, 45],
							"uv": {
								"north": {"uv": [12, 30], "uv_size": [0.25, 0.25]},
								"east": {"uv": [30, 12], "uv_size": [0.25, 0.25]},
								"south": {"uv": [13, 30], "uv_size": [0.25, 0.25]},
								"west": {"uv": [30, 13], "uv_size": [0.25, 0.25]},
								"up": {"uv": [14, 30], "uv_size": [0.25, 0.25]},
								"down": {"uv": [30, 14.25], "uv_size": [0.25, -0.25]}
							}
						},
						{
							"origin": [-0.25274, -4.2145, -0.64765],
							"size": [0.12649, 0.19457, 0.1953],
							"pivot": [-0.18949, -4.11722, -0.55],
							"rotation": [0, 0, -45],
							"uv": {
								"north": {"uv": [9, 30], "uv_size": [0.25, 0.25]},
								"east": {"uv": [30, 9], "uv_size": [0.25, 0.25]},
								"south": {"uv": [10, 30], "uv_size": [0.25, 0.25]},
								"west": {"uv": [30, 10], "uv_size": [0.25, 0.25]},
								"up": {"uv": [11, 30], "uv_size": [0.25, 0.25]},
								"down": {"uv": [30, 11.25], "uv_size": [0.25, -0.25]}
							}
						},
						{
							"origin": [0.12625, -5.1145, -0.64765],
							"size": [0.12649, 0.19457, 0.1953],
							"pivot": [0.18949, -5.01722, -0.55],
							"rotation": [0, 0, 45],
							"uv": {
								"north": {"uv": [18, 30], "uv_size": [0.25, 0.25]},
								"east": {"uv": [30, 18], "uv_size": [0.25, 0.25]},
								"south": {"uv": [19, 30], "uv_size": [0.25, 0.25]},
								"west": {"uv": [30, 19], "uv_size": [0.25, 0.25]},
								"up": {"uv": [20, 30], "uv_size": [0.25, 0.25]},
								"down": {"uv": [30, 20.25], "uv_size": [0.25, -0.25]}
							}
						},
						{
							"origin": [-0.25274, -5.1145, -0.64765],
							"size": [0.12649, 0.19457, 0.1953],
							"pivot": [-0.18949, -5.01722, -0.55],
							"rotation": [0, 0, -45],
							"uv": {
								"north": {"uv": [15, 30], "uv_size": [0.25, 0.25]},
								"east": {"uv": [30, 15], "uv_size": [0.25, 0.25]},
								"south": {"uv": [16, 30], "uv_size": [0.25, 0.25]},
								"west": {"uv": [30, 16], "uv_size": [0.25, 0.25]},
								"up": {"uv": [17, 30], "uv_size": [0.25, 0.25]},
								"down": {"uv": [30, 17.25], "uv_size": [0.25, -0.25]}
							}
						},
						{
							"origin": [0.17113, -1.00723, 0.45235],
							"size": [0.12649, 0.19457, 0.1953],
							"pivot": [0.1, -0.91776, 0.55],
							"rotation": [0, 0, -45],
							"uv": {
								"north": {"uv": [31, 23], "uv_size": [0.25, 0.25]},
								"east": {"uv": [24, 31], "uv_size": [0.25, 0.25]},
								"south": {"uv": [31, 24], "uv_size": [0.25, 0.25]},
								"west": {"uv": [25, 31], "uv_size": [0.25, 0.25]},
								"up": {"uv": [31, 25], "uv_size": [0.25, 0.25]},
								"down": {"uv": [26, 31.25], "uv_size": [0.25, -0.25]}
							}
						},
						{
							"origin": [-0.29762, -1.00723, 0.45235],
							"size": [0.12649, 0.19457, 0.1953],
							"pivot": [-0.1, -0.91776, 0.55],
							"rotation": [0, 0, 45],
							"uv": {
								"north": {"uv": [31, 20], "uv_size": [0.25, 0.25]},
								"east": {"uv": [21, 31], "uv_size": [0.25, 0.25]},
								"south": {"uv": [31, 21], "uv_size": [0.25, 0.25]},
								"west": {"uv": [22, 31], "uv_size": [0.25, 0.25]},
								"up": {"uv": [31, 22], "uv_size": [0.25, 0.25]},
								"down": {"uv": [23, 31.25], "uv_size": [0.25, -0.25]}
							}
						},
						{
							"origin": [0.12625, -1.7145, 0.45235],
							"size": [0.12649, 0.19457, 0.1953],
							"pivot": [0.18949, -1.61722, 0.55],
							"rotation": [0, 0, 45],
							"uv": {
								"north": {"uv": [31, 17], "uv_size": [0.25, 0.25]},
								"east": {"uv": [18, 31], "uv_size": [0.25, 0.25]},
								"south": {"uv": [31, 18], "uv_size": [0.25, 0.25]},
								"west": {"uv": [19, 31], "uv_size": [0.25, 0.25]},
								"up": {"uv": [31, 19], "uv_size": [0.25, 0.25]},
								"down": {"uv": [20, 31.25], "uv_size": [0.25, -0.25]}
							}
						},
						{
							"origin": [-0.25274, -1.7145, 0.45235],
							"size": [0.12649, 0.19457, 0.1953],
							"pivot": [-0.18949, -1.61722, 0.55],
							"rotation": [0, 0, -45],
							"uv": {
								"north": {"uv": [31, 14], "uv_size": [0.25, 0.25]},
								"east": {"uv": [15, 31], "uv_size": [0.25, 0.25]},
								"south": {"uv": [31, 15], "uv_size": [0.25, 0.25]},
								"west": {"uv": [16, 31], "uv_size": [0.25, 0.25]},
								"up": {"uv": [31, 16], "uv_size": [0.25, 0.25]},
								"down": {"uv": [17, 31.25], "uv_size": [0.25, -0.25]}
							}
						},
						{
							"origin": [0.17113, -2.40723, 0.45235],
							"size": [0.12649, 0.19457, 0.1953],
							"pivot": [0.1, -2.31776, 0.55],
							"rotation": [0, 0, -45],
							"uv": {
								"north": {"uv": [31, 11], "uv_size": [0.25, 0.25]},
								"east": {"uv": [12, 31], "uv_size": [0.25, 0.25]},
								"south": {"uv": [31, 12], "uv_size": [0.25, 0.25]},
								"west": {"uv": [13, 31], "uv_size": [0.25, 0.25]},
								"up": {"uv": [31, 13], "uv_size": [0.25, 0.25]},
								"down": {"uv": [14, 31.25], "uv_size": [0.25, -0.25]}
							}
						},
						{
							"origin": [-0.29762, -2.40723, 0.45235],
							"size": [0.12649, 0.19457, 0.1953],
							"pivot": [-0.1, -2.31776, 0.55],
							"rotation": [0, 0, 45],
							"uv": {
								"north": {"uv": [31, 8], "uv_size": [0.25, 0.25]},
								"east": {"uv": [9, 31], "uv_size": [0.25, 0.25]},
								"south": {"uv": [31, 9], "uv_size": [0.25, 0.25]},
								"west": {"uv": [10, 31], "uv_size": [0.25, 0.25]},
								"up": {"uv": [31, 10], "uv_size": [0.25, 0.25]},
								"down": {"uv": [11, 31.25], "uv_size": [0.25, -0.25]}
							}
						},
						{
							"origin": [0.12625, -4.2145, 0.45235],
							"size": [0.12649, 0.19457, 0.1953],
							"pivot": [0.18949, -4.11722, 0.55],
							"rotation": [0, 0, 45],
							"uv": {
								"north": {"uv": [31, 5], "uv_size": [0.25, 0.25]},
								"east": {"uv": [6, 31], "uv_size": [0.25, 0.25]},
								"south": {"uv": [31, 6], "uv_size": [0.25, 0.25]},
								"west": {"uv": [7, 31], "uv_size": [0.25, 0.25]},
								"up": {"uv": [31, 7], "uv_size": [0.25, 0.25]},
								"down": {"uv": [8, 31.25], "uv_size": [0.25, -0.25]}
							}
						},
						{
							"origin": [-0.25274, -4.2145, 0.45235],
							"size": [0.12649, 0.19457, 0.1953],
							"pivot": [-0.18949, -4.11722, 0.55],
							"rotation": [0, 0, -45],
							"uv": {
								"north": {"uv": [31, 2], "uv_size": [0.25, 0.25]},
								"east": {"uv": [3, 31], "uv_size": [0.25, 0.25]},
								"south": {"uv": [31, 3], "uv_size": [0.25, 0.25]},
								"west": {"uv": [4, 31], "uv_size": [0.25, 0.25]},
								"up": {"uv": [31, 4], "uv_size": [0.25, 0.25]},
								"down": {"uv": [5, 31.25], "uv_size": [0.25, -0.25]}
							}
						},
						{
							"origin": [-0.29762, -4.60723, 0.45235],
							"size": [0.12649, 0.19457, 0.1953],
							"pivot": [-0.1, -4.51776, 0.55],
							"rotation": [0, 0, 45],
							"uv": {
								"north": {"uv": [30, 30], "uv_size": [0.25, 0.25]},
								"east": {"uv": [0, 31], "uv_size": [0.25, 0.25]},
								"south": {"uv": [31, 0], "uv_size": [0.25, 0.25]},
								"west": {"uv": [1, 31], "uv_size": [0.25, 0.25]},
								"up": {"uv": [31, 1], "uv_size": [0.25, 0.25]},
								"down": {"uv": [2, 31.25], "uv_size": [0.25, -0.25]}
							}
						},
						{
							"origin": [0.17113, -4.60723, 0.45235],
							"size": [0.12649, 0.19457, 0.1953],
							"pivot": [0.1, -4.51776, 0.55],
							"rotation": [0, 0, -45],
							"uv": {
								"north": {"uv": [27, 30], "uv_size": [0.25, 0.25]},
								"east": {"uv": [30, 27], "uv_size": [0.25, 0.25]},
								"south": {"uv": [28, 30], "uv_size": [0.25, 0.25]},
								"west": {"uv": [30, 28], "uv_size": [0.25, 0.25]},
								"up": {"uv": [29, 30], "uv_size": [0.25, 0.25]},
								"down": {"uv": [30, 29.25], "uv_size": [0.25, -0.25]}
							}
						},
						{
							"origin": [0.12625, -5.1145, 0.45235],
							"size": [0.12649, 0.19457, 0.1953],
							"pivot": [0.18949, -5.01722, 0.55],
							"rotation": [0, 0, 45],
							"uv": {
								"north": {"uv": [24, 30], "uv_size": [0.25, 0.25]},
								"east": {"uv": [30, 24], "uv_size": [0.25, 0.25]},
								"south": {"uv": [25, 30], "uv_size": [0.25, 0.25]},
								"west": {"uv": [30, 25], "uv_size": [0.25, 0.25]},
								"up": {"uv": [26, 30], "uv_size": [0.25, 0.25]},
								"down": {"uv": [30, 26.25], "uv_size": [0.25, -0.25]}
							}
						},
						{
							"origin": [-0.25274, -5.1145, 0.45235],
							"size": [0.12649, 0.19457, 0.1953],
							"pivot": [-0.18949, -5.01722, 0.55],
							"rotation": [0, 0, -45],
							"uv": {
								"north": {"uv": [21, 30], "uv_size": [0.25, 0.25]},
								"east": {"uv": [30, 21], "uv_size": [0.25, 0.25]},
								"south": {"uv": [22, 30], "uv_size": [0.25, 0.25]},
								"west": {"uv": [30, 22], "uv_size": [0.25, 0.25]},
								"up": {"uv": [23, 30], "uv_size": [0.25, 0.25]},
								"down": {"uv": [30, 23.25], "uv_size": [0.25, -0.25]}
							}
						},
						{
							"origin": [-0.29762, -2.40723, -0.64765],
							"size": [0.12649, 0.19457, 0.1953],
							"pivot": [-0.1, -2.31776, -0.55],
							"rotation": [0, 0, 45],
							"uv": {
								"north": {"uv": [29, 23], "uv_size": [0.25, 0.25]},
								"east": {"uv": [24, 29], "uv_size": [0.25, 0.25]},
								"south": {"uv": [29, 24], "uv_size": [0.25, 0.25]},
								"west": {"uv": [25, 29], "uv_size": [0.25, 0.25]},
								"up": {"uv": [29, 25], "uv_size": [0.25, 0.25]},
								"down": {"uv": [26, 29.25], "uv_size": [0.25, -0.25]}
							}
						},
						{
							"origin": [0.17113, -2.40723, -0.64765],
							"size": [0.12649, 0.19457, 0.1953],
							"pivot": [0.1, -2.31776, -0.55],
							"rotation": [0, 0, -45],
							"uv": {
								"north": {"uv": [29, 20], "uv_size": [0.25, 0.25]},
								"east": {"uv": [21, 29], "uv_size": [0.25, 0.25]},
								"south": {"uv": [29, 21], "uv_size": [0.25, 0.25]},
								"west": {"uv": [22, 29], "uv_size": [0.25, 0.25]},
								"up": {"uv": [29, 22], "uv_size": [0.25, 0.25]},
								"down": {"uv": [23, 29.25], "uv_size": [0.25, -0.25]}
							}
						},
						{
							"origin": [-0.29762, -4.60723, -0.64765],
							"size": [0.12649, 0.19457, 0.1953],
							"pivot": [-0.1, -4.51776, -0.55],
							"rotation": [0, 0, 45],
							"uv": {
								"north": {"uv": [0, 30], "uv_size": [0.25, 0.25]},
								"east": {"uv": [30, 0], "uv_size": [0.25, 0.25]},
								"south": {"uv": [1, 30], "uv_size": [0.25, 0.25]},
								"west": {"uv": [30, 1], "uv_size": [0.25, 0.25]},
								"up": {"uv": [2, 30], "uv_size": [0.25, 0.25]},
								"down": {"uv": [30, 2.25], "uv_size": [0.25, -0.25]}
							}
						},
						{
							"origin": [0.17113, -4.60723, -0.64765],
							"size": [0.12649, 0.19457, 0.1953],
							"pivot": [0.1, -4.51776, -0.55],
							"rotation": [0, 0, -45],
							"uv": {
								"north": {"uv": [29, 26], "uv_size": [0.25, 0.25]},
								"east": {"uv": [27, 29], "uv_size": [0.25, 0.25]},
								"south": {"uv": [29, 27], "uv_size": [0.25, 0.25]},
								"west": {"uv": [28, 29], "uv_size": [0.25, 0.25]},
								"up": {"uv": [29, 28], "uv_size": [0.25, 0.25]},
								"down": {"uv": [29, 29.25], "uv_size": [0.25, -0.25]}
							}
						},
						{
							"origin": [-0.19762, -4.40723, -0.64765],
							"size": [0.39524, 0.27894, 0.1953],
							"uv": {
								"north": {"uv": [3, 24], "uv_size": [0.5, 0.25]},
								"east": {"uv": [29, 8], "uv_size": [0.25, 0.25]},
								"south": {"uv": [24, 3], "uv_size": [0.5, 0.25]},
								"west": {"uv": [9, 29], "uv_size": [0.25, 0.25]},
								"up": {"uv": [4, 24], "uv_size": [0.5, 0.25]},
								"down": {"uv": [24, 4.25], "uv_size": [0.5, -0.25]}
							}
						},
						{
							"origin": [-0.19762, -5.30723, -0.64765],
							"size": [0.39524, 0.27894, 0.1953],
							"uv": {
								"north": {"uv": [5, 24], "uv_size": [0.5, 0.25]},
								"east": {"uv": [29, 9], "uv_size": [0.25, 0.25]},
								"south": {"uv": [24, 5], "uv_size": [0.5, 0.25]},
								"west": {"uv": [10, 29], "uv_size": [0.25, 0.25]},
								"up": {"uv": [6, 24], "uv_size": [0.5, 0.25]},
								"down": {"uv": [24, 6.25], "uv_size": [0.5, -0.25]}
							}
						},
						{
							"origin": [-0.29762, -5.30723, -0.46409],
							"size": [0.59524, 0.07894, 0.93049],
							"uv": {
								"north": {"uv": [13, 24], "uv_size": [0.5, 0.25]},
								"east": {"uv": [3, 21], "uv_size": [1, 0.25]},
								"south": {"uv": [24, 13], "uv_size": [0.5, 0.25]},
								"west": {"uv": [4, 21], "uv_size": [1, 0.25]},
								"up": {"uv": [17, 11], "uv_size": [0.5, 1]},
								"down": {"uv": [12, 18], "uv_size": [0.5, -1]}
							}
						},
						{
							"origin": [-0.57244, -5.30723, -0.56716],
							"size": [0.17482, 4.97894, 0.11383],
							"pivot": [-0.41008, -1.61776, -0.45],
							"rotation": [0, -45, 0],
							"uv": {
								"north": {"uv": [10, 0], "uv_size": [0.25, 5]},
								"east": {"uv": [3, 10], "uv_size": [0.25, 5]},
								"south": {"uv": [4, 10], "uv_size": [0.25, 5]},
								"west": {"uv": [5, 10], "uv_size": [0.25, 5]},
								"up": {"uv": [17, 28], "uv_size": [0.25, 0.25]},
								"down": {"uv": [28, 17.25], "uv_size": [0.25, -0.25]}
							}
						},
						{
							"origin": [-0.44204, -5.30723, -0.64765],
							"size": [0.24442, 5.07894, 0.1953],
							"uv": {
								"north": {"uv": [9, 0], "uv_size": [0.25, 5]},
								"east": {"uv": [1, 9], "uv_size": [0.25, 5]},
								"south": {"uv": [2, 9], "uv_size": [0.25, 5]},
								"west": {"uv": [9, 5], "uv_size": [0.25, 5]},
								"up": {"uv": [16, 28], "uv_size": [0.25, 0.25]},
								"down": {"uv": [28, 16.25], "uv_size": [0.25, -0.25]}
							}
						},
						{
							"origin": [-0.19762, -5.30723, 0.45235],
							"size": [0.39524, 0.27894, 0.1953],
							"uv": {
								"north": {"uv": [11, 24], "uv_size": [0.5, 0.25]},
								"east": {"uv": [29, 13], "uv_size": [0.25, 0.25]},
								"south": {"uv": [24, 11], "uv_size": [0.5, 0.25]},
								"west": {"uv": [14, 29], "uv_size": [0.25, 0.25]},
								"up": {"uv": [12, 24], "uv_size": [0.5, 0.25]},
								"down": {"uv": [24, 12.25], "uv_size": [0.5, -0.25]}
							}
						},
						{
							"origin": [-0.19762, -2.20723, 0.45235],
							"size": [0.39524, 0.57894, 0.1953],
							"uv": {
								"north": {"uv": [2, 21], "uv_size": [0.5, 0.5]},
								"east": {"uv": [9, 24], "uv_size": [0.25, 0.5]},
								"south": {"uv": [21, 2], "uv_size": [0.5, 0.5]},
								"west": {"uv": [24, 9], "uv_size": [0.25, 0.5]},
								"up": {"uv": [10, 24], "uv_size": [0.5, 0.25]},
								"down": {"uv": [24, 10.25], "uv_size": [0.5, -0.25]}
							}
						},
						{
							"origin": [0.19762, -5.30723, 0.45235],
							"size": [0.24442, 5.07894, 0.1953],
							"uv": {
								"north": {"uv": [6, 11], "uv_size": [0.25, 5]},
								"east": {"uv": [11, 6], "uv_size": [0.25, 5]},
								"south": {"uv": [7, 11], "uv_size": [0.25, 5]},
								"west": {"uv": [10, 11], "uv_size": [0.25, 5]},
								"up": {"uv": [29, 12], "uv_size": [0.25, 0.25]},
								"down": {"uv": [13, 29.25], "uv_size": [0.25, -0.25]}
							}
						},
						{
							"origin": [-0.19762, -4.40723, 0.45235],
							"size": [0.39524, 0.27894, 0.1953],
							"uv": {
								"north": {"uv": [7, 24], "uv_size": [0.5, 0.25]},
								"east": {"uv": [29, 11], "uv_size": [0.25, 0.25]},
								"south": {"uv": [24, 7], "uv_size": [0.5, 0.25]},
								"west": {"uv": [12, 29], "uv_size": [0.25, 0.25]},
								"up": {"uv": [8, 24], "uv_size": [0.5, 0.25]},
								"down": {"uv": [24, 8.25], "uv_size": [0.5, -0.25]}
							}
						},
						{
							"origin": [-0.44204, -5.30723, 0.45235],
							"size": [0.24442, 5.07894, 0.1953],
							"uv": {
								"north": {"uv": [10, 6], "uv_size": [0.25, 5]},
								"east": {"uv": [8, 10], "uv_size": [0.25, 5]},
								"south": {"uv": [9, 10], "uv_size": [0.25, 5]},
								"west": {"uv": [11, 0], "uv_size": [0.25, 5]},
								"up": {"uv": [29, 10], "uv_size": [0.25, 0.25]},
								"down": {"uv": [11, 29.25], "uv_size": [0.25, -0.25]}
							}
						},
						{
							"origin": [-0.57244, -5.30723, 0.45333],
							"size": [0.17482, 4.97894, 0.11383],
							"pivot": [-0.41008, -1.61776, 0.45],
							"rotation": [0, 45, 0],
							"uv": {
								"north": {"uv": [7, 5], "uv_size": [0.25, 5]},
								"east": {"uv": [8, 0], "uv_size": [0.25, 5]},
								"south": {"uv": [8, 5], "uv_size": [0.25, 5]},
								"west": {"uv": [0, 9], "uv_size": [0.25, 5]},
								"up": {"uv": [15, 28], "uv_size": [0.25, 0.25]},
								"down": {"uv": [28, 15.25], "uv_size": [0.25, -0.25]}
							}
						},
						{
							"origin": [0.29762, -1.976, -0.25745],
							"size": [0.22491, 0.16569, 0.16569],
							"pivot": [0.41008, -1.61776, -0.45],
							"rotation": [-45, 0, 0],
							"uv": {
								"north": {"uv": [2, 28], "uv_size": [0.25, 0.25]},
								"east": {"uv": [28, 2], "uv_size": [0.25, 0.25]},
								"south": {"uv": [3, 28], "uv_size": [0.25, 0.25]},
								"west": {"uv": [28, 3], "uv_size": [0.25, 0.25]},
								"up": {"uv": [4, 28], "uv_size": [0.25, 0.25]},
								"down": {"uv": [28, 4.25], "uv_size": [0.25, -0.25]}
							}
						},
						{
							"origin": [-0.52253, -1.976, 0.09176],
							"size": [0.22491, 0.16569, 0.16569],
							"pivot": [-0.41008, -1.61776, 0.45],
							"rotation": [45, 0, 0],
							"uv": {
								"north": {"uv": [33, 13], "uv_size": [0.25, 0.25]},
								"east": {"uv": [14, 33], "uv_size": [0.25, 0.25]},
								"south": {"uv": [33, 14], "uv_size": [0.25, 0.25]},
								"west": {"uv": [15, 33], "uv_size": [0.25, 0.25]},
								"up": {"uv": [33, 15], "uv_size": [0.25, 0.25]},
								"down": {"uv": [16, 33.25], "uv_size": [0.25, -0.25]}
							}
						},
						{
							"origin": [-0.52253, -1.976, -0.25745],
							"size": [0.22491, 0.16569, 0.16569],
							"pivot": [-0.41008, -1.61776, -0.45],
							"rotation": [-45, 0, 0],
							"uv": {
								"north": {"uv": [33, 10], "uv_size": [0.25, 0.25]},
								"east": {"uv": [11, 33], "uv_size": [0.25, 0.25]},
								"south": {"uv": [33, 11], "uv_size": [0.25, 0.25]},
								"west": {"uv": [12, 33], "uv_size": [0.25, 0.25]},
								"up": {"uv": [33, 12], "uv_size": [0.25, 0.25]},
								"down": {"uv": [13, 33.25], "uv_size": [0.25, -0.25]}
							}
						},
						{
							"origin": [0.29762, -5.30723, 0.43284],
							"size": [0.22491, 3.3, 0.13432],
							"uv": {
								"north": {"uv": [13, 12], "uv_size": [0.25, 3.25]},
								"east": {"uv": [0, 14], "uv_size": [0.25, 3.25]},
								"south": {"uv": [14, 0], "uv_size": [0.25, 3.25]},
								"west": {"uv": [1, 14], "uv_size": [0.25, 3.25]},
								"up": {"uv": [9, 28], "uv_size": [0.25, 0.25]},
								"down": {"uv": [28, 9.25], "uv_size": [0.25, -0.25]}
							}
						},
						{
							"origin": [0.29762, -1.976, 0.09176],
							"size": [0.22491, 0.16569, 0.16569],
							"pivot": [0.41008, -1.61776, 0.45],
							"rotation": [45, 0, 0],
							"uv": {
								"north": {"uv": [6, 28], "uv_size": [0.25, 0.25]},
								"east": {"uv": [28, 6], "uv_size": [0.25, 0.25]},
								"south": {"uv": [7, 28], "uv_size": [0.25, 0.25]},
								"west": {"uv": [28, 7], "uv_size": [0.25, 0.25]},
								"up": {"uv": [8, 28], "uv_size": [0.25, 0.25]},
								"down": {"uv": [28, 8.25], "uv_size": [0.25, -0.25]}
							}
						},
						{
							"origin": [0.39762, -5.30723, -0.56716],
							"size": [0.17482, 4.97894, 0.11383],
							"pivot": [0.41008, -1.61776, -0.45],
							"rotation": [0, 45, 0],
							"uv": {
								"north": {"uv": [3, 0], "uv_size": [0.25, 5]},
								"east": {"uv": [0, 4], "uv_size": [0.25, 5]},
								"south": {"uv": [4, 0], "uv_size": [0.25, 5]},
								"west": {"uv": [1, 4], "uv_size": [0.25, 5]},
								"up": {"uv": [27, 26], "uv_size": [0.25, 0.25]},
								"down": {"uv": [27, 27.25], "uv_size": [0.25, -0.25]}
							}
						},
						{
							"origin": [0.39762, -5.30723, 0.45333],
							"size": [0.17482, 4.97894, 0.11383],
							"pivot": [0.41008, -1.61776, 0.45],
							"rotation": [0, -45, 0],
							"uv": {
								"north": {"uv": [2, 4], "uv_size": [0.25, 5]},
								"east": {"uv": [5, 0], "uv_size": [0.25, 5]},
								"south": {"uv": [3, 5], "uv_size": [0.25, 5]},
								"west": {"uv": [4, 5], "uv_size": [0.25, 5]},
								"up": {"uv": [0, 28], "uv_size": [0.25, 0.25]},
								"down": {"uv": [28, 0.25], "uv_size": [0.25, -0.25]}
							}
						},
						{
							"origin": [0.29762, -1.40723, -0.33284],
							"size": [0.22491, 0.17894, 0.66568],
							"uv": {
								"north": {"uv": [25, 17], "uv_size": [0.25, 0.25]},
								"east": {"uv": [0, 22], "uv_size": [0.75, 0.25]},
								"south": {"uv": [18, 25], "uv_size": [0.25, 0.25]},
								"west": {"uv": [22, 0], "uv_size": [0.75, 0.25]},
								"up": {"uv": [1, 22], "uv_size": [0.25, 0.75]},
								"down": {"uv": [22, 1.75], "uv_size": [0.25, -0.75]}
							}
						},
						{
							"origin": [0.29762, -1.46547, 0.23286],
							"size": [0.22491, 0.11644, 0.18131],
							"pivot": [0.41008, -1.40725, 0.32352],
							"rotation": [-45, 0, 0],
							"uv": {
								"north": {"uv": [14, 26], "uv_size": [0.25, 0.25]},
								"east": {"uv": [26, 14], "uv_size": [0.25, 0.25]},
								"south": {"uv": [15, 26], "uv_size": [0.25, 0.25]},
								"west": {"uv": [26, 15], "uv_size": [0.25, 0.25]},
								"up": {"uv": [16, 26], "uv_size": [0.25, 0.25]},
								"down": {"uv": [26, 16.25], "uv_size": [0.25, -0.25]}
							}
						},
						{
							"origin": [0.29762, -1.44473, -0.47972],
							"size": [0.22491, 0.11644, 0.18131],
							"pivot": [0.41008, -1.31776, -0.33125],
							"rotation": [45, 0, 0],
							"uv": {
								"north": {"uv": [11, 26], "uv_size": [0.25, 0.25]},
								"east": {"uv": [26, 11], "uv_size": [0.25, 0.25]},
								"south": {"uv": [12, 26], "uv_size": [0.25, 0.25]},
								"west": {"uv": [26, 12], "uv_size": [0.25, 0.25]},
								"up": {"uv": [13, 26], "uv_size": [0.25, 0.25]},
								"down": {"uv": [26, 13.25], "uv_size": [0.25, -0.25]}
							}
						},
						{
							"origin": [0.29762, -1.8811, -0.41417],
							"size": [0.22491, 0.11644, 0.18131],
							"pivot": [0.41008, -1.82288, -0.32352],
							"rotation": [135, 0, 0],
							"uv": {
								"north": {"uv": [8, 26], "uv_size": [0.25, 0.25]},
								"east": {"uv": [26, 8], "uv_size": [0.25, 0.25]},
								"south": {"uv": [9, 26], "uv_size": [0.25, 0.25]},
								"west": {"uv": [26, 9], "uv_size": [0.25, 0.25]},
								"up": {"uv": [10, 26], "uv_size": [0.25, 0.25]},
								"down": {"uv": [26, 10.25], "uv_size": [0.25, -0.25]}
							}
						},
						{
							"origin": [0.29762, -1.8811, 0.23286],
							"size": [0.22491, 0.11644, 0.18131],
							"pivot": [0.41008, -1.82288, 0.32352],
							"rotation": [-135, 0, 0],
							"uv": {
								"north": {"uv": [5, 26], "uv_size": [0.25, 0.25]},
								"east": {"uv": [26, 5], "uv_size": [0.25, 0.25]},
								"south": {"uv": [6, 26], "uv_size": [0.25, 0.25]},
								"west": {"uv": [26, 6], "uv_size": [0.25, 0.25]},
								"up": {"uv": [7, 26], "uv_size": [0.25, 0.25]},
								"down": {"uv": [26, 7.25], "uv_size": [0.25, -0.25]}
							}
						},
						{
							"origin": [-0.37662, -0.90789, -0.64007],
							"size": [0.08284, 0.23284, 0.21881],
							"pivot": [-0.5352, -0.79147, -0.33067],
							"rotation": [180, 45, 75],
							"uv": {
								"north": {"uv": [27, 23], "uv_size": [0.25, 0.25]},
								"east": {"uv": [24, 27], "uv_size": [0.25, 0.25]},
								"south": {"uv": [27, 24], "uv_size": [0.25, 0.25]},
								"west": {"uv": [25, 27], "uv_size": [0.25, 0.25]},
								"up": {"uv": [27, 25], "uv_size": [0.25, 0.25]},
								"down": {"uv": [26, 27.25], "uv_size": [0.25, -0.25]}
							}
						},
						{
							"origin": [-0.51751, -0.75528, -0.46409],
							"size": [0.08284, 0.23285, 0.21881],
							"pivot": [-0.57609, -0.63886, -0.03125],
							"rotation": [0, 45, -105],
							"uv": {
								"north": {"uv": [27, 20], "uv_size": [0.25, 0.25]},
								"east": {"uv": [21, 27], "uv_size": [0.25, 0.25]},
								"south": {"uv": [27, 21], "uv_size": [0.25, 0.25]},
								"west": {"uv": [22, 27], "uv_size": [0.25, 0.25]},
								"up": {"uv": [27, 22], "uv_size": [0.25, 0.25]},
								"down": {"uv": [23, 27.25], "uv_size": [0.25, -0.25]}
							}
						},
						{
							"origin": [-0.51751, -0.75528, 0.24528],
							"size": [0.08284, 0.23285, 0.21881],
							"pivot": [-0.57609, -0.63886, 0.03125],
							"rotation": [0, -45, -105],
							"uv": {
								"north": {"uv": [27, 17], "uv_size": [0.25, 0.25]},
								"east": {"uv": [18, 27], "uv_size": [0.25, 0.25]},
								"south": {"uv": [27, 18], "uv_size": [0.25, 0.25]},
								"west": {"uv": [19, 27], "uv_size": [0.25, 0.25]},
								"up": {"uv": [27, 19], "uv_size": [0.25, 0.25]},
								"down": {"uv": [20, 27.25], "uv_size": [0.25, -0.25]}
							}
						},
						{
							"origin": [-0.37662, -0.90789, 0.42126],
							"size": [0.08284, 0.23284, 0.21881],
							"pivot": [-0.5352, -0.79147, 0.33067],
							"rotation": [-180, -45, 75],
							"uv": {
								"north": {"uv": [27, 14], "uv_size": [0.25, 0.25]},
								"east": {"uv": [15, 27], "uv_size": [0.25, 0.25]},
								"south": {"uv": [27, 15], "uv_size": [0.25, 0.25]},
								"west": {"uv": [16, 27], "uv_size": [0.25, 0.25]},
								"up": {"uv": [27, 16], "uv_size": [0.25, 0.25]},
								"down": {"uv": [17, 27.25], "uv_size": [0.25, -0.25]}
							}
						},
						{
							"origin": [-0.52253, -1.46547, 0.23286],
							"size": [0.22491, 0.11644, 0.18131],
							"pivot": [-0.41008, -1.40725, 0.32352],
							"rotation": [-45, 0, 0],
							"uv": {
								"north": {"uv": [27, 11], "uv_size": [0.25, 0.25]},
								"east": {"uv": [12, 27], "uv_size": [0.25, 0.25]},
								"south": {"uv": [27, 12], "uv_size": [0.25, 0.25]},
								"west": {"uv": [13, 27], "uv_size": [0.25, 0.25]},
								"up": {"uv": [27, 13], "uv_size": [0.25, 0.25]},
								"down": {"uv": [14, 27.25], "uv_size": [0.25, -0.25]}
							}
						},
						{
							"origin": [-0.52253, -1.44473, -0.47972],
							"size": [0.22491, 0.11644, 0.18131],
							"pivot": [-0.41008, -1.31776, -0.33125],
							"rotation": [45, 0, 0],
							"uv": {
								"north": {"uv": [27, 8], "uv_size": [0.25, 0.25]},
								"east": {"uv": [9, 27], "uv_size": [0.25, 0.25]},
								"south": {"uv": [27, 9], "uv_size": [0.25, 0.25]},
								"west": {"uv": [10, 27], "uv_size": [0.25, 0.25]},
								"up": {"uv": [27, 10], "uv_size": [0.25, 0.25]},
								"down": {"uv": [11, 27.25], "uv_size": [0.25, -0.25]}
							}
						},
						{
							"origin": [-0.52253, -1.8811, -0.41417],
							"size": [0.22491, 0.11644, 0.18131],
							"pivot": [-0.41008, -1.82288, -0.32352],
							"rotation": [135, 0, 0],
							"uv": {
								"north": {"uv": [27, 5], "uv_size": [0.25, 0.25]},
								"east": {"uv": [6, 27], "uv_size": [0.25, 0.25]},
								"south": {"uv": [27, 6], "uv_size": [0.25, 0.25]},
								"west": {"uv": [7, 27], "uv_size": [0.25, 0.25]},
								"up": {"uv": [27, 7], "uv_size": [0.25, 0.25]},
								"down": {"uv": [8, 27.25], "uv_size": [0.25, -0.25]}
							}
						},
						{
							"origin": [-0.52253, -1.8811, 0.23286],
							"size": [0.22491, 0.11644, 0.18131],
							"pivot": [-0.41008, -1.82288, 0.32352],
							"rotation": [-135, 0, 0],
							"uv": {
								"north": {"uv": [27, 2], "uv_size": [0.25, 0.25]},
								"east": {"uv": [3, 27], "uv_size": [0.25, 0.25]},
								"south": {"uv": [27, 3], "uv_size": [0.25, 0.25]},
								"west": {"uv": [4, 27], "uv_size": [0.25, 0.25]},
								"up": {"uv": [27, 4], "uv_size": [0.25, 0.25]},
								"down": {"uv": [5, 27.25], "uv_size": [0.25, -0.25]}
							}
						},
						{
							"origin": [0.29762, -2.00723, -0.33284],
							"size": [0.22491, 0.17894, 0.66568],
							"uv": {
								"north": {"uv": [25, 18], "uv_size": [0.25, 0.25]},
								"east": {"uv": [2, 22], "uv_size": [0.75, 0.25]},
								"south": {"uv": [19, 25], "uv_size": [0.25, 0.25]},
								"west": {"uv": [22, 2], "uv_size": [0.75, 0.25]},
								"up": {"uv": [3, 22], "uv_size": [0.25, 0.75]},
								"down": {"uv": [22, 3.75], "uv_size": [0.25, -0.75]}
							}
						},
						{
							"origin": [0.29762, -5.30723, 0.19841],
							"size": [0.12491, 3.3, 0.23443],
							"uv": {
								"north": {"uv": [11, 11], "uv_size": [0.25, 3.25]},
								"east": {"uv": [12, 0], "uv_size": [0.25, 3.25]},
								"south": {"uv": [12, 4], "uv_size": [0.25, 3.25]},
								"west": {"uv": [12, 8], "uv_size": [0.25, 3.25]},
								"up": {"uv": [1, 28], "uv_size": [0.25, 0.25]},
								"down": {"uv": [28, 1.25], "uv_size": [0.25, -0.25]}
							}
						},
						{
							"origin": [0.29762, -2.20723, -0.19841],
							"size": [0.12491, 0.2, 0.39682],
							"uv": {
								"north": {"uv": [11, 28], "uv_size": [0.25, 0.25]},
								"east": {"uv": [23, 12], "uv_size": [0.5, 0.25]},
								"south": {"uv": [28, 11], "uv_size": [0.25, 0.25]},
								"west": {"uv": [13, 23], "uv_size": [0.5, 0.25]},
								"up": {"uv": [23, 13], "uv_size": [0.25, 0.5]},
								"down": {"uv": [14, 23.5], "uv_size": [0.25, -0.5]}
							}
						},
						{
							"origin": [0.29762, -2.27598, -0.29841],
							"size": [0.12491, 0.06875, 0.19682],
							"pivot": [0.36008, -2.20723, -0.2],
							"rotation": [45, 0, 0],
							"uv": {
								"north": {"uv": [31, 26], "uv_size": [0.25, 0.25]},
								"east": {"uv": [27, 31], "uv_size": [0.25, 0.25]},
								"south": {"uv": [31, 27], "uv_size": [0.25, 0.25]},
								"west": {"uv": [28, 31], "uv_size": [0.25, 0.25]},
								"up": {"uv": [31, 28], "uv_size": [0.25, 0.25]},
								"down": {"uv": [29, 31.25], "uv_size": [0.25, -0.25]}
							}
						},
						{
							"origin": [0.29762, -4.11904, -0.2741],
							"size": [0.12491, 0.06875, 0.19681],
							"pivot": [0.36008, -4.08466, -0.17569],
							"rotation": [135, 0, 0],
							"uv": {
								"north": {"uv": [7, 32], "uv_size": [0.25, 0.25]},
								"east": {"uv": [32, 7], "uv_size": [0.25, 0.25]},
								"south": {"uv": [8, 32], "uv_size": [0.25, 0.25]},
								"west": {"uv": [32, 8], "uv_size": [0.25, 0.25]},
								"up": {"uv": [9, 32], "uv_size": [0.25, 0.25]},
								"down": {"uv": [32, 9.25], "uv_size": [0.25, -0.25]}
							}
						},
						{
							"origin": [0.29762, -4.11904, 0.07729],
							"size": [0.12491, 0.06875, 0.19681],
							"pivot": [0.36008, -4.08466, 0.17569],
							"rotation": [-135, 0, 0],
							"uv": {
								"north": {"uv": [10, 32], "uv_size": [0.25, 0.25]},
								"east": {"uv": [32, 10], "uv_size": [0.25, 0.25]},
								"south": {"uv": [11, 32], "uv_size": [0.25, 0.25]},
								"west": {"uv": [32, 11], "uv_size": [0.25, 0.25]},
								"up": {"uv": [12, 32], "uv_size": [0.25, 0.25]},
								"down": {"uv": [32, 12.25], "uv_size": [0.25, -0.25]}
							}
						},
						{
							"origin": [0.29762, -5.11904, -0.2741],
							"size": [0.12491, 0.06875, 0.19681],
							"pivot": [0.36008, -5.08466, -0.17569],
							"rotation": [135, 0, 0],
							"uv": {
								"north": {"uv": [16, 32], "uv_size": [0.25, 0.25]},
								"east": {"uv": [32, 16], "uv_size": [0.25, 0.25]},
								"south": {"uv": [17, 32], "uv_size": [0.25, 0.25]},
								"west": {"uv": [32, 17], "uv_size": [0.25, 0.25]},
								"up": {"uv": [18, 32], "uv_size": [0.25, 0.25]},
								"down": {"uv": [32, 18.25], "uv_size": [0.25, -0.25]}
							}
						},
						{
							"origin": [0.29762, -5.11904, 0.07729],
							"size": [0.12491, 0.06875, 0.19681],
							"pivot": [0.36008, -5.08466, 0.17569],
							"rotation": [-135, 0, 0],
							"uv": {
								"north": {"uv": [13, 32], "uv_size": [0.25, 0.25]},
								"east": {"uv": [32, 13], "uv_size": [0.25, 0.25]},
								"south": {"uv": [14, 32], "uv_size": [0.25, 0.25]},
								"west": {"uv": [32, 14], "uv_size": [0.25, 0.25]},
								"up": {"uv": [15, 32], "uv_size": [0.25, 0.25]},
								"down": {"uv": [32, 15.25], "uv_size": [0.25, -0.25]}
							}
						},
						{
							"origin": [-0.42253, -2.27598, 0.10159],
							"size": [0.12491, 0.06875, 0.19682],
							"pivot": [-0.36008, -2.20723, 0.2],
							"rotation": [-45, 0, 0],
							"uv": {
								"north": {"uv": [33, 7], "uv_size": [0.25, 0.25]},
								"east": {"uv": [8, 33], "uv_size": [0.25, 0.25]},
								"south": {"uv": [33, 8], "uv_size": [0.25, 0.25]},
								"west": {"uv": [9, 33], "uv_size": [0.25, 0.25]},
								"up": {"uv": [33, 9], "uv_size": [0.25, 0.25]},
								"down": {"uv": [10, 33.25], "uv_size": [0.25, -0.25]}
							}
						},
						{
							"origin": [-0.42253, -2.27598, -0.29841],
							"size": [0.12491, 0.06875, 0.19682],
							"pivot": [-0.36008, -2.20723, -0.2],
							"rotation": [45, 0, 0],
							"uv": {
								"north": {"uv": [33, 4], "uv_size": [0.25, 0.25]},
								"east": {"uv": [5, 33], "uv_size": [0.25, 0.25]},
								"south": {"uv": [33, 5], "uv_size": [0.25, 0.25]},
								"west": {"uv": [6, 33], "uv_size": [0.25, 0.25]},
								"up": {"uv": [33, 6], "uv_size": [0.25, 0.25]},
								"down": {"uv": [7, 33.25], "uv_size": [0.25, -0.25]}
							}
						},
						{
							"origin": [-0.42253, -4.11904, 0.07729],
							"size": [0.12491, 0.06875, 0.19681],
							"pivot": [-0.36008, -4.08466, 0.17569],
							"rotation": [-135, 0, 0],
							"uv": {
								"north": {"uv": [33, 1], "uv_size": [0.25, 0.25]},
								"east": {"uv": [2, 33], "uv_size": [0.25, 0.25]},
								"south": {"uv": [33, 2], "uv_size": [0.25, 0.25]},
								"west": {"uv": [3, 33], "uv_size": [0.25, 0.25]},
								"up": {"uv": [33, 3], "uv_size": [0.25, 0.25]},
								"down": {"uv": [4, 33.25], "uv_size": [0.25, -0.25]}
							}
						},
						{
							"origin": [-0.42253, -4.11904, -0.2741],
							"size": [0.12491, 0.06875, 0.19681],
							"pivot": [-0.36008, -4.08466, -0.17569],
							"rotation": [135, 0, 0],
							"uv": {
								"north": {"uv": [31, 32], "uv_size": [0.25, 0.25]},
								"east": {"uv": [32, 31], "uv_size": [0.25, 0.25]},
								"south": {"uv": [32, 32], "uv_size": [0.25, 0.25]},
								"west": {"uv": [0, 33], "uv_size": [0.25, 0.25]},
								"up": {"uv": [33, 0], "uv_size": [0.25, 0.25]},
								"down": {"uv": [1, 33.25], "uv_size": [0.25, -0.25]}
							}
						},
						{
							"origin": [-0.42253, -4.37598, 0.10159],
							"size": [0.12491, 0.06875, 0.19682],
							"pivot": [-0.36008, -4.30723, 0.2],
							"rotation": [-45, 0, 0],
							"uv": {
								"north": {"uv": [28, 32], "uv_size": [0.25, 0.25]},
								"east": {"uv": [32, 28], "uv_size": [0.25, 0.25]},
								"south": {"uv": [29, 32], "uv_size": [0.25, 0.25]},
								"west": {"uv": [32, 29], "uv_size": [0.25, 0.25]},
								"up": {"uv": [30, 32], "uv_size": [0.25, 0.25]},
								"down": {"uv": [32, 30.25], "uv_size": [0.25, -0.25]}
							}
						},
						{
							"origin": [-0.42253, -4.37598, -0.29841],
							"size": [0.12491, 0.06875, 0.19682],
							"pivot": [-0.36008, -4.30723, -0.2],
							"rotation": [45, 0, 0],
							"uv": {
								"north": {"uv": [25, 32], "uv_size": [0.25, 0.25]},
								"east": {"uv": [32, 25], "uv_size": [0.25, 0.25]},
								"south": {"uv": [26, 32], "uv_size": [0.25, 0.25]},
								"west": {"uv": [32, 26], "uv_size": [0.25, 0.25]},
								"up": {"uv": [27, 32], "uv_size": [0.25, 0.25]},
								"down": {"uv": [32, 27.25], "uv_size": [0.25, -0.25]}
							}
						},
						{
							"origin": [-0.42253, -5.11904, -0.2741],
							"size": [0.12491, 0.06875, 0.19681],
							"pivot": [-0.36008, -5.08466, -0.17569],
							"rotation": [135, 0, 0],
							"uv": {
								"north": {"uv": [22, 32], "uv_size": [0.25, 0.25]},
								"east": {"uv": [32, 22], "uv_size": [0.25, 0.25]},
								"south": {"uv": [23, 32], "uv_size": [0.25, 0.25]},
								"west": {"uv": [32, 23], "uv_size": [0.25, 0.25]},
								"up": {"uv": [24, 32], "uv_size": [0.25, 0.25]},
								"down": {"uv": [32, 24.25], "uv_size": [0.25, -0.25]}
							}
						},
						{
							"origin": [-0.42253, -5.11904, 0.07729],
							"size": [0.12491, 0.06875, 0.19681],
							"pivot": [-0.36008, -5.08466, 0.17569],
							"rotation": [-135, 0, 0],
							"uv": {
								"north": {"uv": [19, 32], "uv_size": [0.25, 0.25]},
								"east": {"uv": [32, 19], "uv_size": [0.25, 0.25]},
								"south": {"uv": [20, 32], "uv_size": [0.25, 0.25]},
								"west": {"uv": [32, 20], "uv_size": [0.25, 0.25]},
								"up": {"uv": [21, 32], "uv_size": [0.25, 0.25]},
								"down": {"uv": [32, 21.25], "uv_size": [0.25, -0.25]}
							}
						},
						{
							"origin": [0.29762, -2.27598, 0.10159],
							"size": [0.12491, 0.06875, 0.19682],
							"pivot": [0.36008, -2.20723, 0.2],
							"rotation": [-45, 0, 0],
							"uv": {
								"north": {"uv": [31, 29], "uv_size": [0.25, 0.25]},
								"east": {"uv": [30, 31], "uv_size": [0.25, 0.25]},
								"south": {"uv": [31, 30], "uv_size": [0.25, 0.25]},
								"west": {"uv": [31, 31], "uv_size": [0.25, 0.25]},
								"up": {"uv": [0, 32], "uv_size": [0.25, 0.25]},
								"down": {"uv": [32, 0.25], "uv_size": [0.25, -0.25]}
							}
						},
						{
							"origin": [0.29762, -4.37598, -0.29841],
							"size": [0.12491, 0.06875, 0.19682],
							"pivot": [0.36008, -4.30723, -0.2],
							"rotation": [45, 0, 0],
							"uv": {
								"north": {"uv": [4, 32], "uv_size": [0.25, 0.25]},
								"east": {"uv": [32, 4], "uv_size": [0.25, 0.25]},
								"south": {"uv": [5, 32], "uv_size": [0.25, 0.25]},
								"west": {"uv": [32, 5], "uv_size": [0.25, 0.25]},
								"up": {"uv": [6, 32], "uv_size": [0.25, 0.25]},
								"down": {"uv": [32, 6.25], "uv_size": [0.25, -0.25]}
							}
						},
						{
							"origin": [0.29762, -4.37598, 0.10159],
							"size": [0.12491, 0.06875, 0.19682],
							"pivot": [0.36008, -4.30723, 0.2],
							"rotation": [-45, 0, 0],
							"uv": {
								"north": {"uv": [1, 32], "uv_size": [0.25, 0.25]},
								"east": {"uv": [32, 1], "uv_size": [0.25, 0.25]},
								"south": {"uv": [2, 32], "uv_size": [0.25, 0.25]},
								"west": {"uv": [32, 2], "uv_size": [0.25, 0.25]},
								"up": {"uv": [3, 32], "uv_size": [0.25, 0.25]},
								"down": {"uv": [32, 3.25], "uv_size": [0.25, -0.25]}
							}
						},
						{
							"origin": [0.29762, -4.30723, -0.19841],
							"size": [0.12491, 0.2, 0.39682],
							"uv": {
								"north": {"uv": [12, 28], "uv_size": [0.25, 0.25]},
								"east": {"uv": [23, 14], "uv_size": [0.5, 0.25]},
								"south": {"uv": [28, 12], "uv_size": [0.25, 0.25]},
								"west": {"uv": [15, 23], "uv_size": [0.5, 0.25]},
								"up": {"uv": [23, 15], "uv_size": [0.25, 0.5]},
								"down": {"uv": [16, 23.5], "uv_size": [0.25, -0.5]}
							}
						},
						{
							"origin": [0.29762, -5.30723, -0.19841],
							"size": [0.12491, 0.2, 0.39682],
							"uv": {
								"north": {"uv": [13, 28], "uv_size": [0.25, 0.25]},
								"east": {"uv": [23, 16], "uv_size": [0.5, 0.25]},
								"south": {"uv": [28, 13], "uv_size": [0.25, 0.25]},
								"west": {"uv": [17, 23], "uv_size": [0.5, 0.25]},
								"up": {"uv": [23, 17], "uv_size": [0.25, 0.5]},
								"down": {"uv": [18, 23.5], "uv_size": [0.25, -0.5]}
							}
						},
						{
							"origin": [-0.42253, -2.20723, -0.19841],
							"size": [0.12491, 0.2, 0.39682],
							"uv": {
								"north": {"uv": [28, 28], "uv_size": [0.25, 0.25]},
								"east": {"uv": [23, 22], "uv_size": [0.5, 0.25]},
								"south": {"uv": [0, 29], "uv_size": [0.25, 0.25]},
								"west": {"uv": [23, 23], "uv_size": [0.5, 0.25]},
								"up": {"uv": [0, 24], "uv_size": [0.25, 0.5]},
								"down": {"uv": [24, 0.5], "uv_size": [0.25, -0.5]}
							}
						},
						{
							"origin": [-0.42253, -5.30723, 0.19841],
							"size": [0.12491, 3.3, 0.23443],
							"uv": {
								"north": {"uv": [5, 15], "uv_size": [0.25, 3.25]},
								"east": {"uv": [8, 15], "uv_size": [0.25, 3.25]},
								"south": {"uv": [15, 8], "uv_size": [0.25, 3.25]},
								"west": {"uv": [9, 15], "uv_size": [0.25, 3.25]},
								"up": {"uv": [27, 28], "uv_size": [0.25, 0.25]},
								"down": {"uv": [28, 27.25], "uv_size": [0.25, -0.25]}
							}
						},
						{
							"origin": [-0.42253, -4.30723, -0.19841],
							"size": [0.12491, 0.2, 0.39682],
							"uv": {
								"north": {"uv": [26, 28], "uv_size": [0.25, 0.25]},
								"east": {"uv": [23, 20], "uv_size": [0.5, 0.25]},
								"south": {"uv": [28, 26], "uv_size": [0.25, 0.25]},
								"west": {"uv": [21, 23], "uv_size": [0.5, 0.25]},
								"up": {"uv": [23, 21], "uv_size": [0.25, 0.5]},
								"down": {"uv": [22, 23.5], "uv_size": [0.25, -0.5]}
							}
						},
						{
							"origin": [-0.42253, -5.30723, -0.43284],
							"size": [0.12491, 3.3, 0.23443],
							"uv": {
								"north": {"uv": [15, 0], "uv_size": [0.25, 3.25]},
								"east": {"uv": [3, 15], "uv_size": [0.25, 3.25]},
								"south": {"uv": [4, 15], "uv_size": [0.25, 3.25]},
								"west": {"uv": [15, 4], "uv_size": [0.25, 3.25]},
								"up": {"uv": [25, 28], "uv_size": [0.25, 0.25]},
								"down": {"uv": [28, 25.25], "uv_size": [0.25, -0.25]}
							}
						},
						{
							"origin": [-0.42253, -5.30723, -0.19841],
							"size": [0.12491, 0.2, 0.39682],
							"uv": {
								"north": {"uv": [24, 28], "uv_size": [0.25, 0.25]},
								"east": {"uv": [23, 18], "uv_size": [0.5, 0.25]},
								"south": {"uv": [28, 24], "uv_size": [0.25, 0.25]},
								"west": {"uv": [19, 23], "uv_size": [0.5, 0.25]},
								"up": {"uv": [23, 19], "uv_size": [0.25, 0.5]},
								"down": {"uv": [20, 23.5], "uv_size": [0.25, -0.5]}
							}
						},
						{
							"origin": [0.29762, -5.30723, -0.43284],
							"size": [0.12491, 3.3, 0.23443],
							"uv": {
								"north": {"uv": [2, 14], "uv_size": [0.25, 3.25]},
								"east": {"uv": [14, 4], "uv_size": [0.25, 3.25]},
								"south": {"uv": [14, 8], "uv_size": [0.25, 3.25]},
								"west": {"uv": [14, 12], "uv_size": [0.25, 3.25]},
								"up": {"uv": [10, 28], "uv_size": [0.25, 0.25]},
								"down": {"uv": [28, 10.25], "uv_size": [0.25, -0.25]}
							}
						},
						{
							"origin": [0.29762, -2.00723, 0.33284],
							"size": [0.22491, 0.77894, 0.23432],
							"uv": {
								"north": {"uv": [21, 19], "uv_size": [0.25, 0.75]},
								"east": {"uv": [20, 21], "uv_size": [0.25, 0.75]},
								"south": {"uv": [21, 20], "uv_size": [0.25, 0.75]},
								"west": {"uv": [21, 21], "uv_size": [0.25, 0.75]},
								"up": {"uv": [25, 16], "uv_size": [0.25, 0.25]},
								"down": {"uv": [17, 25.25], "uv_size": [0.25, -0.25]}
							}
						},
						{
							"origin": [-0.6, -0.00723, 0.65],
							"size": [1.2, 0.2, 0.2],
							"uv": {
								"north": {"uv": [20, 3], "uv_size": [1.25, 0.25]},
								"east": {"uv": [19, 24], "uv_size": [0.25, 0.25]},
								"south": {"uv": [4, 20], "uv_size": [1.25, 0.25]},
								"west": {"uv": [24, 19], "uv_size": [0.25, 0.25]},
								"up": {"uv": [6, 20], "uv_size": [1.25, 0.25]},
								"down": {"uv": [20, 6.25], "uv_size": [1.25, -0.25]}
							}
						},
						{
							"origin": [-0.6, 0.19277, -0.33284],
							"size": [1.2, 0.15, 0.20355],
							"pivot": [0.05, 0.26777, -0.23107],
							"rotation": [-45, 0, 0],
							"uv": {
								"north": {"uv": [18, 18], "uv_size": [1.25, 0.25]},
								"east": {"uv": [14, 24], "uv_size": [0.25, 0.25]},
								"south": {"uv": [19, 0], "uv_size": [1.25, 0.25]},
								"west": {"uv": [24, 14], "uv_size": [0.25, 0.25]},
								"up": {"uv": [1, 19], "uv_size": [1.25, 0.25]},
								"down": {"uv": [19, 1.25], "uv_size": [1.25, -0.25]}
							}
						},
						{
							"origin": [-0.6, 0.05993, -0.73284],
							"size": [1.2, 0.28284, 0.28284],
							"pivot": [0.05, 0.26777, -0.63107],
							"rotation": [-45, 0, 0],
							"uv": {
								"north": {"uv": [19, 7], "uv_size": [1.25, 0.25]},
								"east": {"uv": [16, 24], "uv_size": [0.25, 0.25]},
								"south": {"uv": [8, 19], "uv_size": [1.25, 0.25]},
								"west": {"uv": [24, 16], "uv_size": [0.25, 0.25]},
								"up": {"uv": [19, 8], "uv_size": [1.25, 0.25]},
								"down": {"uv": [19, 9.25], "uv_size": [1.25, -0.25]}
							}
						},
						{
							"origin": [-0.6, 0.19277, 0.12929],
							"size": [1.2, 0.15, 0.20355],
							"pivot": [0.05, 0.26777, 0.23107],
							"rotation": [45, 0, 0],
							"uv": {
								"north": {"uv": [19, 2], "uv_size": [1.25, 0.25]},
								"east": {"uv": [15, 24], "uv_size": [0.25, 0.25]},
								"south": {"uv": [3, 19], "uv_size": [1.25, 0.25]},
								"west": {"uv": [24, 15], "uv_size": [0.25, 0.25]},
								"up": {"uv": [19, 4], "uv_size": [1.25, 0.25]},
								"down": {"uv": [19, 5.25], "uv_size": [1.25, -0.25]}
							}
						},
						{
							"origin": [-0.6, 0.05993, 0.45],
							"size": [1.2, 0.28284, 0.28284],
							"pivot": [0.05, 0.26777, 0.63107],
							"rotation": [45, 0, 0],
							"uv": {
								"north": {"uv": [19, 10], "uv_size": [1.25, 0.25]},
								"east": {"uv": [17, 24], "uv_size": [0.25, 0.25]},
								"south": {"uv": [11, 19], "uv_size": [1.25, 0.25]},
								"west": {"uv": [24, 17], "uv_size": [0.25, 0.25]},
								"up": {"uv": [13, 19], "uv_size": [1.25, 0.25]},
								"down": {"uv": [15, 19.25], "uv_size": [1.25, -0.25]}
							}
						},
						{
							"origin": [-0.6, -0.00723, -0.65],
							"size": [1.2, 0.4, 0.4],
							"uv": {
								"north": {"uv": [16, 16], "uv_size": [1.25, 0.5]},
								"east": {"uv": [16, 20], "uv_size": [0.5, 0.5]},
								"south": {"uv": [17, 0], "uv_size": [1.25, 0.5]},
								"west": {"uv": [20, 16], "uv_size": [0.5, 0.5]},
								"up": {"uv": [17, 1], "uv_size": [1.25, 0.5]},
								"down": {"uv": [17, 2.5], "uv_size": [1.25, -0.5]}
							}
						}
					]
				}
			]
		}
	]
}