{
	"format_version": "1.12.0",
	"minecraft:geometry": [
		{
			"description": {
				"identifier": "geometry.unknown",
				"texture_width": 32,
				"texture_height": 32,
				"visible_bounds_width": 3,
				"visible_bounds_height": 2.5,
				"visible_bounds_offset": [0, 0.75, 0]
			},
			"bones": [
				{
					"name": "bb_main",
					"pivot": [0, 0, 0],
					"cubes": [
						{
							"origin": [0.5, -0.7, -12],
							"size": [0.3, 1.4, 12.5],
							"uv": {
								"north": {"uv": [23.5, 20], "uv_size": [-1.5, 1.5]},
								"east": {"uv": [24.5, 2], "uv_size": [-6.5, 1.5]},
								"south": {"uv": [23.5, 22], "uv_size": [-1.5, 1.5]},
								"west": {"uv": [22.5, 10], "uv_size": [-6.5, 1.5]},
								"up": {"uv": [17.5, 18], "uv_size": [-1.5, 6.5]},
								"down": {"uv": [19.5, 24.5], "uv_size": [-1.5, -6.5]}
							}
						},
						{
							"origin": [-0.8, -0.7, -12],
							"size": [0.3, 1.4, 12.5],
							"uv": {
								"north": {"uv": [22, 20], "uv_size": [1.5, 1.5]},
								"east": {"uv": [16, 10], "uv_size": [6.5, 1.5]},
								"south": {"uv": [22, 22], "uv_size": [1.5, 1.5]},
								"west": {"uv": [18, 2], "uv_size": [6.5, 1.5]},
								"up": {"uv": [16, 18], "uv_size": [1.5, 6.5]},
								"down": {"uv": [18, 24.5], "uv_size": [1.5, -6.5]}
							}
						},
						{
							"origin": [0.5, 0.12556, -13.91113],
							"size": [0.3, 0.57444, 1.91113],
							"uv": {
								"north": {"uv": [0, 5], "uv_size": [0.25, 0.5]},
								"east": {"uv": [4, 1], "uv_size": [2, 0.5]},
								"south": {"uv": [5, 0], "uv_size": [0.25, 0.5]},
								"west": {"uv": [4, 2], "uv_size": [2, 0.5]},
								"up": {"uv": [2, 4], "uv_size": [0.25, 2]},
								"down": {"uv": [4, 5], "uv_size": [0.25, -2]}
							}
						},
						{
							"origin": [-0.8, -0.63506, -12.75],
							"size": [0.3, 1.19044, 0.92965],
							"inflate": -0.002,
							"pivot": [-0.65, 0.01478, -12.15681],
							"rotation": [-15, 0, 0],
							"uv": {
								"north": {"uv": [0.25, 2], "uv_size": [-0.25, 1.25]},
								"east": {"uv": [2, 0], "uv_size": [-1, 1.25]},
								"south": {"uv": [2.25, 0], "uv_size": [-0.25, 1.25]},
								"west": {"uv": [1, 0], "uv_size": [-1, 1.25]},
								"up": {"uv": [1.25, 2], "uv_size": [-0.25, 1]},
								"down": {"uv": [2.25, 3], "uv_size": [-0.25, -1]}
							}
						},
						{
							"origin": [-0.8, -0.7, -13.75976],
							"size": [0.3, 0.66078, 1.16989],
							"inflate": -0.001,
							"pivot": [-0.65, -0.00475, -12.29493],
							"rotation": [-30, 0, 0],
							"uv": {
								"north": {"uv": [0.25, 4], "uv_size": [-0.25, 0.75]},
								"east": {"uv": [2.25, 3], "uv_size": [-1.25, 0.75]},
								"south": {"uv": [1.25, 4], "uv_size": [-0.25, 0.75]},
								"west": {"uv": [4.25, 0], "uv_size": [-1.25, 0.75]},
								"up": {"uv": [3.25, 1], "uv_size": [-0.25, 1.25]},
								"down": {"uv": [3.25, 4.25], "uv_size": [-0.25, -1.25]}
							}
						},
						{
							"origin": [-0.8, 0.12556, -13.91113],
							"size": [0.3, 0.57444, 1.91113],
							"uv": {
								"north": {"uv": [0.25, 5], "uv_size": [-0.25, 0.5]},
								"east": {"uv": [6, 2], "uv_size": [-2, 0.5]},
								"south": {"uv": [5.25, 0], "uv_size": [-0.25, 0.5]},
								"west": {"uv": [6, 1], "uv_size": [-2, 0.5]},
								"up": {"uv": [2.25, 4], "uv_size": [-0.25, 2]},
								"down": {"uv": [4.25, 5], "uv_size": [-0.25, -2]}
							}
						},
						{
							"origin": [0.5, -0.63506, -12.75],
							"size": [0.3, 1.19044, 0.92965],
							"inflate": -0.002,
							"pivot": [0.65, 0.01478, -12.15681],
							"rotation": [-15, 0, 0],
							"uv": {
								"north": {"uv": [0, 2], "uv_size": [0.25, 1.25]},
								"east": {"uv": [0, 0], "uv_size": [1, 1.25]},
								"south": {"uv": [2, 0], "uv_size": [0.25, 1.25]},
								"west": {"uv": [1, 0], "uv_size": [1, 1.25]},
								"up": {"uv": [1, 2], "uv_size": [0.25, 1]},
								"down": {"uv": [2, 3], "uv_size": [0.25, -1]}
							}
						},
						{
							"origin": [0.5, -0.7, -13.75976],
							"size": [0.3, 0.66078, 1.16989],
							"inflate": -0.001,
							"pivot": [0.65, -0.00475, -12.29493],
							"rotation": [-30, 0, 0],
							"uv": {
								"north": {"uv": [0, 4], "uv_size": [0.25, 0.75]},
								"east": {"uv": [3, 0], "uv_size": [1.25, 0.75]},
								"south": {"uv": [1, 4], "uv_size": [0.25, 0.75]},
								"west": {"uv": [1, 3], "uv_size": [1.25, 0.75]},
								"up": {"uv": [3, 1], "uv_size": [0.25, 1.25]},
								"down": {"uv": [3, 4.25], "uv_size": [0.25, -1.25]}
							}
						},
						{
							"origin": [-1, 0.4, -2],
							"size": [2, 0.3, 2.5],
							"uv": {
								"north": {"uv": [0, 24], "uv_size": [2, 0.25]},
								"east": {"uv": [23, 8], "uv_size": [6.5, 0.25]},
								"south": {"uv": [2, 24], "uv_size": [2, 0.25]},
								"west": {"uv": [23, 9], "uv_size": [6.5, 0.25]},
								"up": {"uv": [4, 14], "uv_size": [2, 6.5]},
								"down": {"uv": [6, 20.5], "uv_size": [2, -6.5]}
							}
						},
						{
							"origin": [-1, -0.7, -2],
							"size": [2, 0.3, 2.5],
							"uv": {
								"north": {"uv": [14, 24], "uv_size": [2, 0.25]},
								"east": {"uv": [23, 10], "uv_size": [6.5, 0.25]},
								"south": {"uv": [24, 18], "uv_size": [2, 0.25]},
								"west": {"uv": [23, 11], "uv_size": [6.5, 0.25]},
								"up": {"uv": [14, 10], "uv_size": [2, 6.5]},
								"down": {"uv": [14, 23.5], "uv_size": [2, -6.5]}
							}
						},
						{
							"origin": [-0.64645, -1.05355, -2],
							"size": [1.2929, 2.1071, 2.5],
							"uv": {
								"north": {"uv": [21, 8], "uv_size": [1.25, 2]},
								"east": {"uv": [11, 2], "uv_size": [6.5, 2]},
								"south": {"uv": [22, 18], "uv_size": [1.25, 2]},
								"west": {"uv": [14, 8], "uv_size": [6.5, 2]},
								"up": {"uv": [10, 19], "uv_size": [1.25, 6.5]},
								"down": {"uv": [12, 25.5], "uv_size": [1.25, -6.5]}
							}
						},
						{
							"origin": [-0.00503, 0.08076, -2],
							"size": [0.5, 0.5, 2.5],
							"pivot": [0, 1, 0],
							"rotation": [0, 0, -45],
							"uv": {
								"north": {"uv": [24, 19], "uv_size": [0.5, 0.5]},
								"east": {"uv": [18, 14], "uv_size": [6.5, 0.5]},
								"south": {"uv": [24, 20], "uv_size": [0.5, 0.5]},
								"west": {"uv": [18, 15], "uv_size": [6.5, 0.5]},
								"up": {"uv": [8, 20], "uv_size": [0.5, 6.5]},
								"down": {"uv": [9, 26.5], "uv_size": [0.5, -6.5]}
							}
						},
						{
							"origin": [-0.49497, 0.08076, -2],
							"size": [0.5, 0.5, 2.5],
							"pivot": [0, 1, 0],
							"rotation": [0, 0, 45],
							"uv": {
								"north": {"uv": [24, 21], "uv_size": [0.5, 0.5]},
								"east": {"uv": [20, 0], "uv_size": [6.5, 0.5]},
								"south": {"uv": [22, 24], "uv_size": [0.5, 0.5]},
								"west": {"uv": [20, 1], "uv_size": [6.5, 0.5]},
								"up": {"uv": [20, 18], "uv_size": [0.5, 6.5]},
								"down": {"uv": [4, 27.5], "uv_size": [0.5, -6.5]}
							}
						},
						{
							"origin": [-0.00503, -0.58076, -2],
							"size": [0.5, 0.5, 2.5],
							"pivot": [0, -1, 0],
							"rotation": [0, 0, 45],
							"uv": {
								"north": {"uv": [24, 23], "uv_size": [0.5, 0.5]},
								"east": {"uv": [20, 12], "uv_size": [6.5, 0.5]},
								"south": {"uv": [24, 24], "uv_size": [0.5, 0.5]},
								"west": {"uv": [20, 13], "uv_size": [6.5, 0.5]},
								"up": {"uv": [7, 21], "uv_size": [0.5, 6.5]},
								"down": {"uv": [21, 24.5], "uv_size": [0.5, -6.5]}
							}
						},
						{
							"origin": [-0.49497, -0.58076, -2],
							"size": [0.5, 0.5, 2.5],
							"pivot": [0, -1, 0],
							"rotation": [0, 0, -45],
							"uv": {
								"north": {"uv": [24, 22], "uv_size": [0.5, 0.5]},
								"east": {"uv": [20, 6], "uv_size": [6.5, 0.5]},
								"south": {"uv": [23, 24], "uv_size": [0.5, 0.5]},
								"west": {"uv": [20, 7], "uv_size": [6.5, 0.5]},
								"up": {"uv": [5, 21], "uv_size": [0.5, 6.5]},
								"down": {"uv": [6, 27.5], "uv_size": [0.5, -6.5]}
							}
						}
					]
				}
			]
		}
	]
}