{
	"format_version": "1.12.0",
	"minecraft:geometry": [
		{
			"description": {
				"identifier": "geometry.hk_mp5a5 - Converted",
				"texture_width": 16,
				"texture_height": 16,
				"visible_bounds_width": 4,
				"visible_bounds_height": 2.5,
				"visible_bounds_offset": [0, 0.75, 0]
			},
			"bones": [
				{
					"name": "muzzle4",
					"pivot": [0, 0, -0.32737]
				},
				{
					"name": "octagon41",
					"parent": "muzzle4",
					"pivot": [0, 0, -0.32737],
					"cubes": [
						{
							"origin": [-0.32128, -0.77565, -1.24942],
							"size": [0.64257, 1.5513, 1.2441],
							"pivot": [0, 0, -32.87317],
							"rotation": [0, 0, 45],
							"uv": {
								"north": {"uv": [7, 9], "uv_size": [0.75, 1.5]},
								"east": {"uv": [1, 6], "uv_size": [1.25, 1.5]},
								"south": {"uv": [8, 9], "uv_size": [0.75, 1.5]},
								"west": {"uv": [3, 6], "uv_size": [1.25, 1.5]},
								"up": {"uv": [6, 10], "uv_size": [0.75, 1.25]},
								"down": {"uv": [10, 10.25], "uv_size": [0.75, -1.25]}
							}
						},
						{
							"origin": [-0.28915, 0.50191, -1.63721],
							"size": [0.57831, 0.19617, 0.51969],
							"uv": {
								"north": {"uv": [6, 13], "uv_size": [0.5, 0.25]},
								"east": {"uv": [13, 6], "uv_size": [0.5, 0.25]},
								"south": {"uv": [7, 13], "uv_size": [0.5, 0.25]},
								"west": {"uv": [13, 7], "uv_size": [0.5, 0.25]},
								"up": {"uv": [6, 12], "uv_size": [0.5, 0.5]},
								"down": {"uv": [8, 12.5], "uv_size": [0.5, -0.5]}
							}
						},
						{
							"origin": [-0.28915, 0.50191, -6.43721],
							"size": [0.57831, 0.19617, 0.51969],
							"uv": {
								"north": {"uv": [8, 13], "uv_size": [0.5, 0.25]},
								"east": {"uv": [13, 8], "uv_size": [0.5, 0.25]},
								"south": {"uv": [9, 13], "uv_size": [0.5, 0.25]},
								"west": {"uv": [13, 9], "uv_size": [0.5, 0.25]},
								"up": {"uv": [9, 12], "uv_size": [0.5, 0.5]},
								"down": {"uv": [12, 9.5], "uv_size": [0.5, -0.5]}
							}
						},
						{
							"origin": [-0.28915, -0.69808, -1.63721],
							"size": [0.57831, 0.19617, 0.51969],
							"uv": {
								"north": {"uv": [10, 13], "uv_size": [0.5, 0.25]},
								"east": {"uv": [13, 10], "uv_size": [0.5, 0.25]},
								"south": {"uv": [11, 13], "uv_size": [0.5, 0.25]},
								"west": {"uv": [13, 11], "uv_size": [0.5, 0.25]},
								"up": {"uv": [10, 12], "uv_size": [0.5, 0.5]},
								"down": {"uv": [11, 12.5], "uv_size": [0.5, -0.5]}
							}
						},
						{
							"origin": [-0.28915, -0.69808, -6.43721],
							"size": [0.57831, 0.19617, 0.51969],
							"uv": {
								"north": {"uv": [12, 13], "uv_size": [0.5, 0.25]},
								"east": {"uv": [13, 12], "uv_size": [0.5, 0.25]},
								"south": {"uv": [13, 13], "uv_size": [0.5, 0.25]},
								"west": {"uv": [0, 14], "uv_size": [0.5, 0.25]},
								"up": {"uv": [12, 12], "uv_size": [0.5, 0.5]},
								"down": {"uv": [0, 13.5], "uv_size": [0.5, -0.5]}
							}
						},
						{
							"origin": [-0.28915, -0.69808, -6.43721],
							"size": [0.57831, 0.19617, 5.31969],
							"pivot": [0, 0, -31.14859],
							"rotation": [0, 0, -45],
							"uv": {
								"north": {"uv": [1, 14], "uv_size": [0.5, 0.25]},
								"east": {"uv": [7, 6], "uv_size": [5.25, 0.25]},
								"south": {"uv": [2, 14], "uv_size": [0.5, 0.25]},
								"west": {"uv": [7, 7], "uv_size": [5.25, 0.25]},
								"up": {"uv": [0, 0], "uv_size": [0.5, 5.25]},
								"down": {"uv": [1, 5.25], "uv_size": [0.5, -5.25]}
							}
						},
						{
							"origin": [-0.28915, 0.50191, -6.43721],
							"size": [0.57831, 0.19617, 5.31969],
							"pivot": [0, 0, -31.14859],
							"rotation": [0, 0, -45],
							"uv": {
								"north": {"uv": [3, 14], "uv_size": [0.5, 0.25]},
								"east": {"uv": [1, 8], "uv_size": [5.25, 0.25]},
								"south": {"uv": [14, 3], "uv_size": [0.5, 0.25]},
								"west": {"uv": [7, 8], "uv_size": [5.25, 0.25]},
								"up": {"uv": [2, 0], "uv_size": [0.5, 5.25]},
								"down": {"uv": [3, 5.25], "uv_size": [0.5, -5.25]}
							}
						},
						{
							"origin": [0.50192, -0.28915, -1.63721],
							"size": [0.19617, 0.57831, 0.51969],
							"uv": {
								"north": {"uv": [4, 14], "uv_size": [0.25, 0.5]},
								"east": {"uv": [1, 13], "uv_size": [0.5, 0.5]},
								"south": {"uv": [14, 4], "uv_size": [0.25, 0.5]},
								"west": {"uv": [2, 13], "uv_size": [0.5, 0.5]},
								"up": {"uv": [5, 14], "uv_size": [0.25, 0.5]},
								"down": {"uv": [14, 5.5], "uv_size": [0.25, -0.5]}
							}
						},
						{
							"origin": [0.50192, -0.28915, -6.43721],
							"size": [0.19617, 0.57831, 0.51969],
							"uv": {
								"north": {"uv": [6, 14], "uv_size": [0.25, 0.5]},
								"east": {"uv": [3, 13], "uv_size": [0.5, 0.5]},
								"south": {"uv": [14, 6], "uv_size": [0.25, 0.5]},
								"west": {"uv": [13, 3], "uv_size": [0.5, 0.5]},
								"up": {"uv": [7, 14], "uv_size": [0.25, 0.5]},
								"down": {"uv": [14, 7.5], "uv_size": [0.25, -0.5]}
							}
						},
						{
							"origin": [-0.69808, -0.28915, -6.43721],
							"size": [0.19617, 0.57831, 0.51969],
							"uv": {
								"north": {"uv": [8, 14], "uv_size": [0.25, 0.5]},
								"east": {"uv": [4, 13], "uv_size": [0.5, 0.5]},
								"south": {"uv": [14, 8], "uv_size": [0.25, 0.5]},
								"west": {"uv": [13, 4], "uv_size": [0.5, 0.5]},
								"up": {"uv": [9, 14], "uv_size": [0.25, 0.5]},
								"down": {"uv": [14, 9.5], "uv_size": [0.25, -0.5]}
							}
						},
						{
							"origin": [-0.69808, -0.28915, -1.63721],
							"size": [0.19617, 0.57831, 0.51969],
							"uv": {
								"north": {"uv": [10, 14], "uv_size": [0.25, 0.5]},
								"east": {"uv": [5, 13], "uv_size": [0.5, 0.5]},
								"south": {"uv": [14, 10], "uv_size": [0.25, 0.5]},
								"west": {"uv": [13, 5], "uv_size": [0.5, 0.5]},
								"up": {"uv": [11, 14], "uv_size": [0.25, 0.5]},
								"down": {"uv": [14, 11.5], "uv_size": [0.25, -0.5]}
							}
						},
						{
							"origin": [-0.28915, 0.50191, -6.43721],
							"size": [0.57831, 0.19617, 5.31969],
							"pivot": [0, 0, -31.14859],
							"rotation": [0, 0, 45],
							"uv": {
								"north": {"uv": [12, 14], "uv_size": [0.5, 0.25]},
								"east": {"uv": [9, 0], "uv_size": [5.25, 0.25]},
								"south": {"uv": [14, 12], "uv_size": [0.5, 0.25]},
								"west": {"uv": [1, 9], "uv_size": [5.25, 0.25]},
								"up": {"uv": [4, 0], "uv_size": [0.5, 5.25]},
								"down": {"uv": [5, 5.25], "uv_size": [0.5, -5.25]}
							}
						},
						{
							"origin": [-0.28915, -0.69808, -6.43721],
							"size": [0.57831, 0.19617, 5.31969],
							"pivot": [0, 0, -31.14859],
							"rotation": [0, 0, 45],
							"uv": {
								"north": {"uv": [13, 14], "uv_size": [0.5, 0.25]},
								"east": {"uv": [9, 1], "uv_size": [5.25, 0.25]},
								"south": {"uv": [14, 13], "uv_size": [0.5, 0.25]},
								"west": {"uv": [9, 2], "uv_size": [5.25, 0.25]},
								"up": {"uv": [0, 6], "uv_size": [0.5, 5.25]},
								"down": {"uv": [6, 5.25], "uv_size": [0.5, -5.25]}
							}
						},
						{
							"origin": [-0.32128, -0.77565, -1.24942],
							"size": [0.64257, 1.5513, 1.2441],
							"pivot": [0, 0, -32.87317],
							"rotation": [0, 0, -45],
							"uv": {
								"north": {"uv": [9, 9], "uv_size": [0.75, 1.5]},
								"east": {"uv": [5, 6], "uv_size": [1.25, 1.5]},
								"south": {"uv": [1, 10], "uv_size": [0.75, 1.5]},
								"west": {"uv": [7, 0], "uv_size": [1.25, 1.5]},
								"up": {"uv": [11, 3], "uv_size": [0.75, 1.25]},
								"down": {"uv": [4, 12.25], "uv_size": [0.75, -1.25]}
							}
						},
						{
							"origin": [-0.32128, -0.77565, -1.24942],
							"size": [0.64257, 1.5513, 1.2441],
							"uv": {
								"north": {"uv": [2, 10], "uv_size": [0.75, 1.5]},
								"east": {"uv": [7, 2], "uv_size": [1.25, 1.5]},
								"south": {"uv": [3, 10], "uv_size": [0.75, 1.5]},
								"west": {"uv": [7, 4], "uv_size": [1.25, 1.5]},
								"up": {"uv": [5, 11], "uv_size": [0.75, 1.25]},
								"down": {"uv": [7, 12.25], "uv_size": [0.75, -1.25]}
							}
						},
						{
							"origin": [-0.62565, -0.32129, -1.09942],
							"size": [1.2513, 0.64257, 1.0941],
							"uv": {
								"north": {"uv": [11, 5], "uv_size": [1.25, 0.75]},
								"east": {"uv": [11, 9], "uv_size": [1, 0.75]},
								"south": {"uv": [8, 11], "uv_size": [1.25, 0.75]},
								"west": {"uv": [10, 11], "uv_size": [1, 0.75]},
								"up": {"uv": [9, 3], "uv_size": [1.25, 1]},
								"down": {"uv": [9, 5], "uv_size": [1.25, -1]}
							}
						},
						{
							"origin": [-0.77565, -0.32129, -1.24942],
							"size": [1.5513, 0.64257, 0.4941],
							"uv": {
								"north": {"uv": [9, 5], "uv_size": [1.5, 0.75]},
								"east": {"uv": [12, 3], "uv_size": [0.5, 0.75]},
								"south": {"uv": [4, 10], "uv_size": [1.5, 0.75]},
								"west": {"uv": [12, 4], "uv_size": [0.5, 0.75]},
								"up": {"uv": [11, 10], "uv_size": [1.5, 0.5]},
								"down": {"uv": [11, 11.5], "uv_size": [1.5, -0.5]}
							}
						},
						{
							"origin": [0.60305, -0.32129, -0.7783],
							"size": [0.00201, 0.64257, 0.65943],
							"pivot": [0.64746, 0, -0.44845],
							"rotation": [0, -30, 0],
							"uv": {
								"north": {"uv": [0, 0], "uv_size": [0, 0.75]},
								"east": {"uv": [0, 12], "uv_size": [0.75, 0.75]},
								"south": {"uv": [0, 0], "uv_size": [0, 0.75]},
								"west": {"uv": [1, 12], "uv_size": [0.75, 0.75]},
								"up": {"uv": [0, 0.75], "uv_size": [0, -0.75]},
								"down": {"uv": [0, 0.75], "uv_size": [0, -0.75]}
							}
						},
						{
							"origin": [-0.60505, -0.32129, -0.7783],
							"size": [0.00201, 0.64257, 0.65943],
							"pivot": [-0.64746, 0, -0.44845],
							"rotation": [0, 30, 0],
							"uv": {
								"north": {"uv": [0, 0], "uv_size": [0, 0.75]},
								"east": {"uv": [2, 12], "uv_size": [0.75, 0.75]},
								"south": {"uv": [0, 0], "uv_size": [0, 0.75]},
								"west": {"uv": [3, 12], "uv_size": [0.75, 0.75]},
								"up": {"uv": [0, 0.75], "uv_size": [0, -0.75]},
								"down": {"uv": [0, 0.75], "uv_size": [0, -0.75]}
							}
						}
					]
				}
			]
		}
	]
}