{
	"format_version": "1.12.0",
	"minecraft:geometry": [
		{
			"description": {
				"identifier": "geometry.unknown",
				"texture_width": 32,
				"texture_height": 32,
				"visible_bounds_width": 3,
				"visible_bounds_height": 2.5,
				"visible_bounds_offset": [0, 0.75, 0]
			},
			"bones": [
				{
					"name": "bb_main",
					"pivot": [0, 0, 0],
					"cubes": [
						{
							"origin": [-1, -0.7, -6],
							"size": [2, 1.4, 6.5],
							"uv": {
								"north": {"uv": [22, 20], "uv_size": [1.5, 1.5]},
								"east": {"uv": [16, 10], "uv_size": [6.5, 1.5]},
								"south": {"uv": [22, 22], "uv_size": [1.5, 1.5]},
								"west": {"uv": [18, 2], "uv_size": [6.5, 1.5]},
								"up": {"uv": [16, 18], "uv_size": [1.5, 6.5]},
								"down": {"uv": [18, 24.5], "uv_size": [1.5, -6.5]}
							}
						},
						{
							"origin": [-0.64645, -1.05355, -6],
							"size": [1.2929, 2.1071, 6.5],
							"uv": {
								"north": {"uv": [21, 8], "uv_size": [1.25, 2]},
								"east": {"uv": [11, 2], "uv_size": [6.5, 2]},
								"south": {"uv": [22, 18], "uv_size": [1.25, 2]},
								"west": {"uv": [14, 8], "uv_size": [6.5, 2]},
								"up": {"uv": [10, 19], "uv_size": [1.25, 6.5]},
								"down": {"uv": [12, 25.5], "uv_size": [1.25, -6.5]}
							}
						},
						{
							"origin": [-0.00503, 0.08076, -6],
							"size": [0.5, 0.5, 6.5],
							"pivot": [0, 1, 0],
							"rotation": [0, 0, -45],
							"uv": {
								"north": {"uv": [24, 19], "uv_size": [0.5, 0.5]},
								"east": {"uv": [18, 14], "uv_size": [6.5, 0.5]},
								"south": {"uv": [24, 20], "uv_size": [0.5, 0.5]},
								"west": {"uv": [18, 15], "uv_size": [6.5, 0.5]},
								"up": {"uv": [8, 20], "uv_size": [0.5, 6.5]},
								"down": {"uv": [9, 26.5], "uv_size": [0.5, -6.5]}
							}
						},
						{
							"origin": [-0.49497, 0.08076, -6],
							"size": [0.5, 0.5, 6.5],
							"pivot": [0, 1, 0],
							"rotation": [0, 0, 45],
							"uv": {
								"north": {"uv": [24, 21], "uv_size": [0.5, 0.5]},
								"east": {"uv": [20, 0], "uv_size": [6.5, 0.5]},
								"south": {"uv": [22, 24], "uv_size": [0.5, 0.5]},
								"west": {"uv": [20, 1], "uv_size": [6.5, 0.5]},
								"up": {"uv": [20, 18], "uv_size": [0.5, 6.5]},
								"down": {"uv": [4, 27.5], "uv_size": [0.5, -6.5]}
							}
						},
						{
							"origin": [-0.00503, -0.58076, -6],
							"size": [0.5, 0.5, 6.5],
							"pivot": [0, -1, 0],
							"rotation": [0, 0, 45],
							"uv": {
								"north": {"uv": [24, 23], "uv_size": [0.5, 0.5]},
								"east": {"uv": [20, 12], "uv_size": [6.5, 0.5]},
								"south": {"uv": [24, 24], "uv_size": [0.5, 0.5]},
								"west": {"uv": [20, 13], "uv_size": [6.5, 0.5]},
								"up": {"uv": [7, 21], "uv_size": [0.5, 6.5]},
								"down": {"uv": [21, 24.5], "uv_size": [0.5, -6.5]}
							}
						},
						{
							"origin": [-0.49497, -0.58076, -6],
							"size": [0.5, 0.5, 6.5],
							"pivot": [0, -1, 0],
							"rotation": [0, 0, -45],
							"uv": {
								"north": {"uv": [24, 22], "uv_size": [0.5, 0.5]},
								"east": {"uv": [20, 6], "uv_size": [6.5, 0.5]},
								"south": {"uv": [23, 24], "uv_size": [0.5, 0.5]},
								"west": {"uv": [20, 7], "uv_size": [6.5, 0.5]},
								"up": {"uv": [5, 21], "uv_size": [0.5, 6.5]},
								"down": {"uv": [6, 27.5], "uv_size": [0.5, -6.5]}
							}
						}
					]
				}
			]
		}
	]
}