{
	"format_version": "1.12.0",
	"minecraft:geometry": [
		{
			"description": {
				"identifier": "geometry.hk_mp5a5 - Converted",
				"texture_width": 32,
				"texture_height": 32,
				"visible_bounds_width": 4,
				"visible_bounds_height": 2.5,
				"visible_bounds_offset": [0, 0.75, 0]
			},
			"bones": [
				{
					"name": "muzzle5",
					"pivot": [0.42769, 0.00049, -4.91974],
					"cubes": [
						{
							"origin": [-1.09077, 0.34039, -10.32165],
							"size": [0.15, 0.15358, 10.24329],
							"uv": {
								"north": {"uv": [20, 23], "uv_size": [0.25, 0.25]},
								"east": {"uv": [15, 15], "uv_size": [10.25, 0.25]},
								"south": {"uv": [23, 20], "uv_size": [0.25, 0.25]},
								"west": {"uv": [16, 0], "uv_size": [10.25, 0.25]},
								"up": {"uv": [15, 16], "uv_size": [0.25, 10.25]},
								"down": {"uv": [16, 26.25], "uv_size": [0.25, -10.25]}
							}
						},
						{
							"origin": [0.94077, 0.34039, -10.32165],
							"size": [0.15, 0.15358, 10.24329],
							"uv": {
								"north": {"uv": [21, 23], "uv_size": [0.25, 0.25]},
								"east": {"uv": [16, 1], "uv_size": [10.25, 0.25]},
								"south": {"uv": [23, 21], "uv_size": [0.25, 0.25]},
								"west": {"uv": [16, 2], "uv_size": [10.25, 0.25]},
								"up": {"uv": [17, 16], "uv_size": [0.25, 10.25]},
								"down": {"uv": [18, 26.25], "uv_size": [0.25, -10.25]}
							}
						},
						{
							"origin": [-0.4518, -1.13295, -10.32165],
							"size": [0.9036, 0.15, 10.24329],
							"pivot": [0, -0.0422, -45.84879],
							"rotation": [0, 0, -45],
							"uv": {
								"north": {"uv": [10, 19], "uv_size": [1, 0.25]},
								"east": {"uv": [16, 3], "uv_size": [10.25, 0.25]},
								"south": {"uv": [10, 20], "uv_size": [1, 0.25]},
								"west": {"uv": [16, 4], "uv_size": [10.25, 0.25]},
								"up": {"uv": [8, 8], "uv_size": [1, 10.25]},
								"down": {"uv": [9, 18.25], "uv_size": [1, -10.25]}
							}
						},
						{
							"origin": [-0.4518, -1.13295, -10.32165],
							"size": [0.9036, 0.15, 10.24329],
							"pivot": [0, -0.0422, -45.84879],
							"rotation": [0, 0, 45],
							"uv": {
								"north": {"uv": [11, 19], "uv_size": [-1, 0.25]},
								"east": {"uv": [26.25, 4], "uv_size": [-10.25, 0.25]},
								"south": {"uv": [11, 20], "uv_size": [-1, 0.25]},
								"west": {"uv": [26.25, 3], "uv_size": [-10.25, 0.25]},
								"up": {"uv": [8, 18.25], "uv_size": [1, -10.25]},
								"down": {"uv": [9, 18.25], "uv_size": [1, -10.25]}
							}
						},
						{
							"origin": [-1.09077, -0.49398, -10.32165],
							"size": [0.15, 0.15358, 10.24329],
							"uv": {
								"north": {"uv": [22, 23], "uv_size": [0.25, 0.25]},
								"east": {"uv": [16, 5], "uv_size": [10.25, 0.25]},
								"south": {"uv": [23, 22], "uv_size": [0.25, 0.25]},
								"west": {"uv": [16, 6], "uv_size": [10.25, 0.25]},
								"up": {"uv": [0, 19], "uv_size": [0.25, 10.25]},
								"down": {"uv": [1, 29.25], "uv_size": [0.25, -10.25]}
							}
						},
						{
							"origin": [-0.4518, -1.13295, -10.32165],
							"size": [0.9036, 0.15, 10.24329],
							"uv": {
								"north": {"uv": [6, 21], "uv_size": [1, 0.25]},
								"east": {"uv": [16, 7], "uv_size": [10.25, 0.25]},
								"south": {"uv": [7, 21], "uv_size": [1, 0.25]},
								"west": {"uv": [16, 8], "uv_size": [10.25, 0.25]},
								"up": {"uv": [10, 8], "uv_size": [1, 10.25]},
								"down": {"uv": [11, 10.25], "uv_size": [1, -10.25]}
							}
						},
						{
							"origin": [0.94077, -0.49398, -10.32165],
							"size": [0.15, 0.15358, 10.24329],
							"uv": {
								"north": {"uv": [23, 23], "uv_size": [0.25, 0.25]},
								"east": {"uv": [16, 9], "uv_size": [10.25, 0.25]},
								"south": {"uv": [4, 24], "uv_size": [0.25, 0.25]},
								"west": {"uv": [16, 10], "uv_size": [10.25, 0.25]},
								"up": {"uv": [2, 19], "uv_size": [0.25, 10.25]},
								"down": {"uv": [3, 29.25], "uv_size": [0.25, -10.25]}
							}
						},
						{
							"origin": [0.94077, -0.3404, -9.57165],
							"size": [0.15, 0.68079, 0.19329],
							"uv": {
								"north": {"uv": [8, 23], "uv_size": [0.25, 0.75]},
								"east": {"uv": [9, 23], "uv_size": [0.25, 0.75]},
								"south": {"uv": [10, 23], "uv_size": [0.25, 0.75]},
								"west": {"uv": [11, 23], "uv_size": [0.25, 0.75]},
								"up": {"uv": [5, 24], "uv_size": [0.25, 0.25]},
								"down": {"uv": [6, 24.25], "uv_size": [0.25, -0.25]}
							}
						},
						{
							"origin": [0.94077, -0.3404, -1.02164],
							"size": [0.15, 0.68079, 0.19329],
							"uv": {
								"north": {"uv": [12, 23], "uv_size": [0.25, 0.75]},
								"east": {"uv": [13, 23], "uv_size": [0.25, 0.75]},
								"south": {"uv": [14, 23], "uv_size": [0.25, 0.75]},
								"west": {"uv": [19, 23], "uv_size": [0.25, 0.75]},
								"up": {"uv": [7, 24], "uv_size": [0.25, 0.25]},
								"down": {"uv": [8, 24.25], "uv_size": [0.25, -0.25]}
							}
						},
						{
							"origin": [0.94077, -0.4904, -2.97165],
							"size": [0.15, 0.98079, 0.19329],
							"pivot": [1.01577, 0, -2.875],
							"rotation": [30, 0, 0],
							"uv": {
								"north": {"uv": [8, 21], "uv_size": [0.25, 1]},
								"east": {"uv": [9, 21], "uv_size": [0.25, 1]},
								"south": {"uv": [10, 21], "uv_size": [0.25, 1]},
								"west": {"uv": [19, 21], "uv_size": [0.25, 1]},
								"up": {"uv": [9, 24], "uv_size": [0.25, 0.25]},
								"down": {"uv": [10, 24.25], "uv_size": [0.25, -0.25]}
							}
						},
						{
							"origin": [-1.09077, -0.4904, -2.97165],
							"size": [0.15, 0.98079, 0.19329],
							"pivot": [-1.01577, 0, -2.875],
							"rotation": [-30, 0, 0],
							"uv": {
								"north": {"uv": [22.25, 20], "uv_size": [-0.25, 1]},
								"east": {"uv": [22.25, 22], "uv_size": [-0.25, 1]},
								"south": {"uv": [22.25, 21], "uv_size": [-0.25, 1]},
								"west": {"uv": [21.25, 22], "uv_size": [-0.25, 1]},
								"up": {"uv": [24, 21.25], "uv_size": [0.25, -0.25]},
								"down": {"uv": [22, 24.25], "uv_size": [0.25, -0.25]}
							}
						},
						{
							"origin": [-1.09077, -0.4904, -5.22165],
							"size": [0.15, 0.98079, 0.19329],
							"pivot": [-1.01577, 0, -5.125],
							"rotation": [30, 0, 0],
							"uv": {
								"north": {"uv": [5.25, 22], "uv_size": [-0.25, 1]},
								"east": {"uv": [8.25, 22], "uv_size": [-0.25, 1]},
								"south": {"uv": [7.25, 22], "uv_size": [-0.25, 1]},
								"west": {"uv": [6.25, 22], "uv_size": [-0.25, 1]},
								"up": {"uv": [13, 24.25], "uv_size": [0.25, -0.25]},
								"down": {"uv": [14, 24.25], "uv_size": [0.25, -0.25]}
							}
						},
						{
							"origin": [-1.09077, -0.4904, -5.22165],
							"size": [0.15, 0.98079, 0.19329],
							"pivot": [-1.01577, 0, -5.125],
							"rotation": [-30, 0, 0],
							"uv": {
								"north": {"uv": [20.25, 21], "uv_size": [-0.25, 1]},
								"east": {"uv": [4.25, 22], "uv_size": [-0.25, 1]},
								"south": {"uv": [21.25, 21], "uv_size": [-0.25, 1]},
								"west": {"uv": [21.25, 20], "uv_size": [-0.25, 1]},
								"up": {"uv": [11, 24.25], "uv_size": [0.25, -0.25]},
								"down": {"uv": [12, 24.25], "uv_size": [0.25, -0.25]}
							}
						},
						{
							"origin": [-1.09077, -0.4904, -7.47164],
							"size": [0.15, 0.98079, 0.19329],
							"pivot": [-1.01577, 0, -7.375],
							"rotation": [30, 0, 0],
							"uv": {
								"north": {"uv": [13.25, 22], "uv_size": [-0.25, 1]},
								"east": {"uv": [20.25, 22], "uv_size": [-0.25, 1]},
								"south": {"uv": [19.25, 22], "uv_size": [-0.25, 1]},
								"west": {"uv": [14.25, 22], "uv_size": [-0.25, 1]},
								"up": {"uv": [24, 20.25], "uv_size": [0.25, -0.25]},
								"down": {"uv": [21, 24.25], "uv_size": [0.25, -0.25]}
							}
						},
						{
							"origin": [-1.09077, -0.4904, -7.47164],
							"size": [0.15, 0.98079, 0.19329],
							"pivot": [-1.01577, 0, -7.375],
							"rotation": [-30, 0, 0],
							"uv": {
								"north": {"uv": [9.25, 22], "uv_size": [-0.25, 1]},
								"east": {"uv": [12.25, 22], "uv_size": [-0.25, 1]},
								"south": {"uv": [11.25, 22], "uv_size": [-0.25, 1]},
								"west": {"uv": [10.25, 22], "uv_size": [-0.25, 1]},
								"up": {"uv": [19, 24.25], "uv_size": [0.25, -0.25]},
								"down": {"uv": [20, 24.25], "uv_size": [0.25, -0.25]}
							}
						},
						{
							"origin": [-1.09077, -0.4904, -2.97165],
							"size": [0.15, 0.98079, 0.19329],
							"pivot": [-1.01577, 0, -2.875],
							"rotation": [30, 0, 0],
							"uv": {
								"north": {"uv": [8.25, 21], "uv_size": [-0.25, 1]},
								"east": {"uv": [19.25, 21], "uv_size": [-0.25, 1]},
								"south": {"uv": [10.25, 21], "uv_size": [-0.25, 1]},
								"west": {"uv": [9.25, 21], "uv_size": [-0.25, 1]},
								"up": {"uv": [9, 24.25], "uv_size": [0.25, -0.25]},
								"down": {"uv": [10, 24.25], "uv_size": [0.25, -0.25]}
							}
						},
						{
							"origin": [0.94077, -0.4904, -5.22165],
							"size": [0.15, 0.98079, 0.19329],
							"pivot": [1.01577, 0, -5.125],
							"rotation": [-30, 0, 0],
							"uv": {
								"north": {"uv": [20, 21], "uv_size": [0.25, 1]},
								"east": {"uv": [21, 20], "uv_size": [0.25, 1]},
								"south": {"uv": [21, 21], "uv_size": [0.25, 1]},
								"west": {"uv": [4, 22], "uv_size": [0.25, 1]},
								"up": {"uv": [11, 24], "uv_size": [0.25, 0.25]},
								"down": {"uv": [12, 24.25], "uv_size": [0.25, -0.25]}
							}
						},
						{
							"origin": [0.94077, -0.4904, -5.22165],
							"size": [0.15, 0.98079, 0.19329],
							"pivot": [1.01577, 0, -5.125],
							"rotation": [30, 0, 0],
							"uv": {
								"north": {"uv": [5, 22], "uv_size": [0.25, 1]},
								"east": {"uv": [6, 22], "uv_size": [0.25, 1]},
								"south": {"uv": [7, 22], "uv_size": [0.25, 1]},
								"west": {"uv": [8, 22], "uv_size": [0.25, 1]},
								"up": {"uv": [13, 24], "uv_size": [0.25, 0.25]},
								"down": {"uv": [14, 24.25], "uv_size": [0.25, -0.25]}
							}
						},
						{
							"origin": [0.94077, -0.4904, -7.47164],
							"size": [0.15, 0.98079, 0.19329],
							"pivot": [1.01577, 0, -7.375],
							"rotation": [-30, 0, 0],
							"uv": {
								"north": {"uv": [9, 22], "uv_size": [0.25, 1]},
								"east": {"uv": [10, 22], "uv_size": [0.25, 1]},
								"south": {"uv": [11, 22], "uv_size": [0.25, 1]},
								"west": {"uv": [12, 22], "uv_size": [0.25, 1]},
								"up": {"uv": [19, 24], "uv_size": [0.25, 0.25]},
								"down": {"uv": [20, 24.25], "uv_size": [0.25, -0.25]}
							}
						},
						{
							"origin": [0.94077, -0.4904, -7.47164],
							"size": [0.15, 0.98079, 0.19329],
							"pivot": [1.01577, 0, -7.375],
							"rotation": [30, 0, 0],
							"uv": {
								"north": {"uv": [13, 22], "uv_size": [0.25, 1]},
								"east": {"uv": [14, 22], "uv_size": [0.25, 1]},
								"south": {"uv": [19, 22], "uv_size": [0.25, 1]},
								"west": {"uv": [20, 22], "uv_size": [0.25, 1]},
								"up": {"uv": [24, 20], "uv_size": [0.25, 0.25]},
								"down": {"uv": [21, 24.25], "uv_size": [0.25, -0.25]}
							}
						},
						{
							"origin": [0.94077, -0.4904, -2.97165],
							"size": [0.15, 0.98079, 0.19329],
							"pivot": [1.01577, 0, -2.875],
							"rotation": [-30, 0, 0],
							"uv": {
								"north": {"uv": [22, 20], "uv_size": [0.25, 1]},
								"east": {"uv": [21, 22], "uv_size": [0.25, 1]},
								"south": {"uv": [22, 21], "uv_size": [0.25, 1]},
								"west": {"uv": [22, 22], "uv_size": [0.25, 1]},
								"up": {"uv": [24, 21], "uv_size": [0.25, 0.25]},
								"down": {"uv": [22, 24.25], "uv_size": [0.25, -0.25]}
							}
						},
						{
							"origin": [-0.4518, 0.98295, -10.32165],
							"size": [0.9036, 0.15, 10.24329],
							"uv": {
								"north": {"uv": [4, 23], "uv_size": [1, 0.25]},
								"east": {"uv": [19, 16], "uv_size": [10.25, 0.25]},
								"south": {"uv": [5, 23], "uv_size": [1, 0.25]},
								"west": {"uv": [19, 17], "uv_size": [10.25, 0.25]},
								"up": {"uv": [11, 11], "uv_size": [1, 10.25]},
								"down": {"uv": [12, 10.25], "uv_size": [1, -10.25]}
							}
						},
						{
							"origin": [-0.4518, 0.98295, -10.32165],
							"size": [0.9036, 0.15, 10.24329],
							"pivot": [0, 0.04219, -45.84879],
							"rotation": [0, 0, 45],
							"uv": {
								"north": {"uv": [6, 23], "uv_size": [1, 0.25]},
								"east": {"uv": [19, 18], "uv_size": [10.25, 0.25]},
								"south": {"uv": [7, 23], "uv_size": [1, 0.25]},
								"west": {"uv": [19, 19], "uv_size": [10.25, 0.25]},
								"up": {"uv": [12, 11], "uv_size": [1, 10.25]},
								"down": {"uv": [13, 10.25], "uv_size": [1, -10.25]}
							}
						},
						{
							"origin": [-0.4518, 0.98295, -10.32165],
							"size": [0.9036, 0.15, 10.24329],
							"pivot": [0, 0.04219, -45.84879],
							"rotation": [0, 0, -45],
							"uv": {
								"north": {"uv": [7, 23], "uv_size": [-1, 0.25]},
								"east": {"uv": [29.25, 19], "uv_size": [-10.25, 0.25]},
								"south": {"uv": [8, 23], "uv_size": [-1, 0.25]},
								"west": {"uv": [29.25, 18], "uv_size": [-10.25, 0.25]},
								"up": {"uv": [12, 21.25], "uv_size": [1, -10.25]},
								"down": {"uv": [13, 10.25], "uv_size": [1, -10.25]}
							}
						}
					]
				},
				{
					"name": "octagon8",
					"parent": "muzzle5",
					"pivot": [0, 0.00937, -0.325],
					"cubes": [
						{
							"origin": [-0.43029, -1.02945, -10.50633],
							"size": [0.86058, 2.07765, 10.61265],
							"pivot": [0, 0.00937, -43.91313],
							"rotation": [0, 0, 45],
							"uv": {
								"north": {"uv": [4, 19], "uv_size": [0.75, 2]},
								"east": {"uv": [0, 0], "uv_size": [10.5, 2]},
								"south": {"uv": [5, 19], "uv_size": [0.75, 2]},
								"west": {"uv": [0, 2], "uv_size": [10.5, 2]},
								"up": {"uv": [13, 11], "uv_size": [0.75, 10.5]},
								"down": {"uv": [14, 10.5], "uv_size": [0.75, -10.5]}
							}
						},
						{
							"origin": [-0.43079, -1.02995, -10.50683],
							"size": [0.86158, 2.07865, 10.61365],
							"inflate": 0.001,
							"uv": {
								"north": {"uv": [6, 19], "uv_size": [0.75, 2]},
								"east": {"uv": [0, 4], "uv_size": [10.5, 2]},
								"south": {"uv": [7, 19], "uv_size": [0.75, 2]},
								"west": {"uv": [0, 6], "uv_size": [10.5, 2]},
								"up": {"uv": [14, 11], "uv_size": [0.75, 10.5]},
								"down": {"uv": [15, 10.5], "uv_size": [0.75, -10.5]}
							}
						},
						{
							"origin": [-1.03883, -0.42092, -10.50633],
							"size": [2.07765, 0.86058, 10.61265],
							"pivot": [0, 0.00937, -43.91313],
							"rotation": [0, 0, 45],
							"uv": {
								"north": {"uv": [8, 19], "uv_size": [2, 0.75]},
								"east": {"uv": [15, 11], "uv_size": [10.5, 0.75]},
								"south": {"uv": [8, 20], "uv_size": [2, 0.75]},
								"west": {"uv": [15, 12], "uv_size": [10.5, 0.75]},
								"up": {"uv": [0, 8], "uv_size": [2, 10.5]},
								"down": {"uv": [2, 18.5], "uv_size": [2, -10.5]}
							}
						},
						{
							"origin": [-1.03883, -0.42092, -10.50633],
							"size": [2.07765, 0.86058, 10.61265],
							"uv": {
								"north": {"uv": [19, 20], "uv_size": [2, 0.75]},
								"east": {"uv": [15, 13], "uv_size": [10.5, 0.75]},
								"south": {"uv": [4, 21], "uv_size": [2, 0.75]},
								"west": {"uv": [15, 14], "uv_size": [10.5, 0.75]},
								"up": {"uv": [4, 8], "uv_size": [2, 10.5]},
								"down": {"uv": [6, 18.5], "uv_size": [2, -10.5]}
							}
						}
					]
				}
			]
		}
	]
}