{
	"format_version": "1.12.0",
	"minecraft:geometry": [
		{
			"description": {
				"identifier": "geometry.hk_mp5a5 - Converted",
				"texture_width": 256,
				"texture_height": 256,
				"visible_bounds_width": 6,
				"visible_bounds_height": 8,
				"visible_bounds_offset": [0, 1, 0]
			},
			"bones": [
				{
					"name": "bone",
					"pivot": [-0.14645, 0.43934, 1],
					"cubes": [
						{
							"origin": [-0.5, -1.5, -8.5],
							"size": [1, 3, 9.5],
							"uv": {
								"north": {"uv": [27.016, 58.016], "uv_size": [0.968, 2.968]},
								"east": {"uv": [44.016, 36.016], "uv_size": [5.484, 2.968]},
								"south": {"uv": [60.016, 55.016], "uv_size": [0.968, 2.968]},
								"west": {"uv": [44.016, 39.016], "uv_size": [5.484, 2.968]},
								"up": {"uv": [59.016, 73.016], "uv_size": [0.968, 5.484]},
								"down": {"uv": [60.016, 78.5], "uv_size": [0.968, -5.484]}
							}
						},
						{
							"origin": [0.20573, -0.07342, -8.5],
							"size": [0.75, 1.25, 9.5],
							"pivot": [0.93073, 1.07302, -4.25],
							"rotation": [0, 0, -60],
							"uv": {
								"north": {"uv": [45.016, 99.016], "uv_size": [0.734, 1.234]},
								"east": {"uv": [67.016, 1.016], "uv_size": [5.484, 1.234]},
								"south": {"uv": [51.016, 99.016], "uv_size": [0.734, 1.234]},
								"west": {"uv": [68.016, 26.016], "uv_size": [5.484, 1.234]},
								"up": {"uv": [70.016, 75.016], "uv_size": [0.734, 5.484]},
								"down": {"uv": [41.016, 81.5], "uv_size": [0.734, -5.484]}
							}
						},
						{
							"origin": [-0.95574, -1.17657, -8.5],
							"size": [0.75, 1.25, 9.5],
							"pivot": [-0.93074, -1.07302, -4.25],
							"rotation": [0, 0, -60],
							"uv": {
								"north": {"uv": [99.016, 65.016], "uv_size": [0.734, 1.234]},
								"east": {"uv": [70.016, 61.016], "uv_size": [5.484, 1.234]},
								"south": {"uv": [67.016, 99.016], "uv_size": [0.734, 1.234]},
								"west": {"uv": [70.016, 63.016], "uv_size": [5.484, 1.234]},
								"up": {"uv": [50.016, 76.016], "uv_size": [0.734, 5.484]},
								"down": {"uv": [76.016, 80.5], "uv_size": [0.734, -5.484]}
							}
						},
						{
							"origin": [-0.95574, -0.07342, -8.5],
							"size": [0.75, 1.25, 9.5],
							"pivot": [-0.93074, 1.07302, -4.25],
							"rotation": [0, 0, 60],
							"uv": {
								"north": {"uv": [63.016, 99.016], "uv_size": [0.734, 1.234]},
								"east": {"uv": [70.016, 32.016], "uv_size": [5.484, 1.234]},
								"south": {"uv": [65.016, 99.016], "uv_size": [0.734, 1.234]},
								"west": {"uv": [70.016, 47.016], "uv_size": [5.484, 1.234]},
								"up": {"uv": [48.016, 76.016], "uv_size": [0.734, 5.484]},
								"down": {"uv": [49.016, 81.5], "uv_size": [0.734, -5.484]}
							}
						},
						{
							"origin": [0.20573, -1.17657, -8.5],
							"size": [0.75, 1.25, 9.5],
							"pivot": [0.93073, -1.07302, -4.25],
							"rotation": [0, 0, 60],
							"uv": {
								"north": {"uv": [60.016, 99.016], "uv_size": [0.734, 1.234]},
								"east": {"uv": [68.016, 30.016], "uv_size": [5.484, 1.234]},
								"south": {"uv": [61.016, 99.016], "uv_size": [0.734, 1.234]},
								"west": {"uv": [70.016, 3.016], "uv_size": [5.484, 1.234]},
								"up": {"uv": [42.016, 76.016], "uv_size": [0.734, 5.484]},
								"down": {"uv": [47.016, 81.5], "uv_size": [0.734, -5.484]}
							}
						},
						{
							"origin": [-2.43608, -0.52144, -1.5],
							"size": [4.87216, 1.04289, 0],
							"uv": {
								"north": {"uv": [74.016, 26.016], "uv_size": [4.859, 0.968]},
								"east": {"uv": [0.016, 0.016], "uv_size": [0, 0.968]},
								"south": {"uv": [74.016, 27.016], "uv_size": [4.859, 0.968]},
								"west": {"uv": [0.016, 0.016], "uv_size": [0, 0.968]},
								"up": {"uv": [0.016, 0.016], "uv_size": [4.859, 0]},
								"down": {"uv": [0.016, 0.016], "uv_size": [4.859, 0]}
							}
						},
						{
							"origin": [-2.43608, 0.42144, -8.5],
							"size": [4.87216, 0.10001, 7],
							"uv": {
								"north": {"uv": [104.016, 79.016], "uv_size": [4.859, 0.109]},
								"east": {"uv": [53.016, 108.016], "uv_size": [2.968, 0.109]},
								"south": {"uv": [104.016, 80.016], "uv_size": [4.859, 0.109]},
								"west": {"uv": [56.016, 108.016], "uv_size": [2.968, 0.109]},
								"up": {"uv": [49.016, 8.016], "uv_size": [4.859, 2.968]},
								"down": {"uv": [49.016, 13.984], "uv_size": [4.859, -2.968]}
							}
						},
						{
							"origin": [-2.43608, -0.52144, -8.5],
							"size": [4.87216, 0.1, 7],
							"uv": {
								"north": {"uv": [104.016, 81.016], "uv_size": [4.859, 0.109]},
								"east": {"uv": [108.016, 64.016], "uv_size": [2.968, 0.109]},
								"south": {"uv": [104.016, 82.016], "uv_size": [4.859, 0.109]},
								"west": {"uv": [108.016, 65.016], "uv_size": [2.968, 0.109]},
								"up": {"uv": [50.016, 0.016], "uv_size": [4.859, 2.968]},
								"down": {"uv": [50.016, 28.984], "uv_size": [4.859, -2.968]}
							}
						},
						{
							"origin": [-2.43608, -0.52144, -8.5],
							"size": [4.87216, 1.04289, 4.5],
							"uv": {
								"north": {"uv": [74.016, 30.016], "uv_size": [4.859, 0.968]},
								"east": {"uv": [74.016, 106.016], "uv_size": [0.484, 0.968]},
								"south": {"uv": [74.016, 31.016], "uv_size": [4.859, 0.968]},
								"west": {"uv": [75.016, 106.016], "uv_size": [0.484, 0.968]},
								"up": {"uv": [84.016, 84.016], "uv_size": [4.859, 0.484]},
								"down": {"uv": [85.016, 40.5], "uv_size": [4.859, -0.484]}
							}
						},
						{
							"origin": [-1.93609, -0.52144, -2],
							"size": [3.87217, 1.04289, 3],
							"inflate": 0.001,
							"uv": {
								"north": {"uv": [78.016, 63.016], "uv_size": [3.859, 0.968]},
								"east": {"uv": [50.016, 3.016], "uv_size": [2.968, 0.968]},
								"south": {"uv": [79.016, 2.016], "uv_size": [3.859, 0.968]},
								"west": {"uv": [22.016, 57.016], "uv_size": [2.968, 0.968]},
								"up": {"uv": [56.016, 44.016], "uv_size": [3.859, 2.968]},
								"down": {"uv": [56.016, 57.984], "uv_size": [3.859, -2.968]}
							}
						},
						{
							"origin": [-1.93609, -0.52144, -3],
							"size": [3.87217, 1.04289, 0.5],
							"uv": {
								"north": {"uv": [79.016, 3.016], "uv_size": [3.859, 0.968]},
								"east": {"uv": [76.016, 106.016], "uv_size": [0.484, 0.968]},
								"south": {"uv": [79.016, 20.016], "uv_size": [3.859, 0.968]},
								"west": {"uv": [77.016, 106.016], "uv_size": [0.484, 0.968]},
								"up": {"uv": [91.016, 20.016], "uv_size": [3.859, 0.484]},
								"down": {"uv": [91.016, 21.5], "uv_size": [3.859, -0.484]}
							}
						},
						{
							"origin": [0.14644, -0.52144, -2.52337],
							"size": [2.81928, 1.04289, 1.02337],
							"pivot": [0.79126, 0, -3],
							"rotation": [0, -30, 0],
							"uv": {
								"north": {"uv": [62.016, 43.016], "uv_size": [2.859, 0.968]},
								"east": {"uv": [25.016, 50.016], "uv_size": [0.968, 0.968]},
								"south": {"uv": [82.016, 81.016], "uv_size": [2.859, 0.968]},
								"west": {"uv": [53.016, 49.016], "uv_size": [0.968, 0.968]},
								"up": {"uv": [82.016, 82.016], "uv_size": [2.859, 0.968]},
								"down": {"uv": [83.016, 2.984], "uv_size": [2.859, -0.968]}
							}
						},
						{
							"origin": [-2.96572, -0.52144, -2.52337],
							"size": [2.81927, 1.04289, 1.02337],
							"pivot": [-0.79127, 0, -3],
							"rotation": [0, 30, 0],
							"uv": {
								"north": {"uv": [83.016, 3.016], "uv_size": [2.859, 0.968]},
								"east": {"uv": [67.016, 68.016], "uv_size": [0.968, 0.968]},
								"south": {"uv": [83.016, 11.016], "uv_size": [2.859, 0.968]},
								"west": {"uv": [76.016, 3.016], "uv_size": [0.968, 0.968]},
								"up": {"uv": [83.016, 14.016], "uv_size": [2.859, 0.968]},
								"down": {"uv": [83.016, 15.984], "uv_size": [2.859, -0.968]}
							}
						},
						{
							"origin": [-0.85356, -1.14644, -8.5],
							"size": [1.70711, 2.29289, 9],
							"uv": {
								"north": {"uv": [34.016, 78.016], "uv_size": [1.734, 2.234]},
								"east": {"uv": [22.016, 58.016], "uv_size": [4.968, 2.234]},
								"south": {"uv": [3.016, 79.016], "uv_size": [1.734, 2.234]},
								"west": {"uv": [56.016, 58.016], "uv_size": [4.968, 2.234]},
								"up": {"uv": [36.016, 62.016], "uv_size": [1.734, 4.968]},
								"down": {"uv": [62.016, 40.984], "uv_size": [1.734, -4.968]}
							}
						},
						{
							"origin": [-0.35356, 0.93934, -8.5],
							"size": [0.5, 0.5, 9.5],
							"pivot": [0.14644, 0.43934, 1],
							"rotation": [0, 0, 45],
							"uv": {
								"north": {"uv": [31.016, 111.016], "uv_size": [0.484, 0.484]},
								"east": {"uv": [83.016, 20.016], "uv_size": [5.484, 0.484]},
								"south": {"uv": [111.016, 31.016], "uv_size": [0.484, 0.484]},
								"west": {"uv": [83.016, 42.016], "uv_size": [5.484, 0.484]},
								"up": {"uv": [59.016, 82.016], "uv_size": [0.484, 5.484]},
								"down": {"uv": [60.016, 87.5], "uv_size": [0.484, -5.484]}
							}
						},
						{
							"origin": [-0.14645, -1.43934, -8.5],
							"size": [0.5, 0.5, 9.5],
							"pivot": [-0.14645, -0.43934, 1],
							"rotation": [0, 0, 45],
							"uv": {
								"north": {"uv": [34.016, 111.016], "uv_size": [0.484, 0.484]},
								"east": {"uv": [83.016, 54.016], "uv_size": [5.484, 0.484]},
								"south": {"uv": [111.016, 34.016], "uv_size": [0.484, 0.484]},
								"west": {"uv": [83.016, 55.016], "uv_size": [5.484, 0.484]},
								"up": {"uv": [22.016, 83.016], "uv_size": [0.484, 5.484]},
								"down": {"uv": [23.016, 88.5], "uv_size": [0.484, -5.484]}
							}
						},
						{
							"origin": [-0.35356, -1.43934, -8.5],
							"size": [0.5, 0.5, 9.5],
							"pivot": [0.14644, -0.43934, 1],
							"rotation": [0, 0, -45],
							"uv": {
								"north": {"uv": [33.016, 111.016], "uv_size": [0.484, 0.484]},
								"east": {"uv": [83.016, 52.016], "uv_size": [5.484, 0.484]},
								"south": {"uv": [111.016, 33.016], "uv_size": [0.484, 0.484]},
								"west": {"uv": [83.016, 53.016], "uv_size": [5.484, 0.484]},
								"up": {"uv": [1.016, 83.016], "uv_size": [0.484, 5.484]},
								"down": {"uv": [7.016, 88.5], "uv_size": [0.484, -5.484]}
							}
						},
						{
							"origin": [-0.14645, 0.93934, -8.5],
							"size": [0.5, 0.5, 9.5],
							"pivot": [-0.14645, 0.43934, 1],
							"rotation": [0, 0, -45],
							"uv": {
								"north": {"uv": [32.016, 111.016], "uv_size": [0.484, 0.484]},
								"east": {"uv": [83.016, 43.016], "uv_size": [5.484, 0.484]},
								"south": {"uv": [111.016, 32.016], "uv_size": [0.484, 0.484]},
								"west": {"uv": [83.016, 44.016], "uv_size": [5.484, 0.484]},
								"up": {"uv": [67.016, 82.016], "uv_size": [0.484, 5.484]},
								"down": {"uv": [68.016, 87.5], "uv_size": [0.484, -5.484]}
							}
						}
					]
				}
			]
		}
	]
}