{
	"format_version": "1.12.0",
	"minecraft:geometry": [
		{
			"description": {
				"identifier": "geometry.hk_mp5a5 - Converted",
				"texture_width": 512,
				"texture_height": 512,
				"visible_bounds_width": 25,
				"visible_bounds_height": 10,
				"visible_bounds_offset": [0, 3, 0]
			},
			"bones": [
				{
					"name": "bone2",
					"pivot": [0, 0, 0],
					"rotation": [0, 30, 90],
					"cubes": [
						{
							"origin": [28.44686, 1.16105, -1.23371],
							"size": [0.57669, 11.58268, 0.9],
							"pivot": [6.99521, 9.36547, -1.73006],
							"rotation": [-15, 0, 0],
							"uv": {
								"north": {"uv": [1.68446, 0], "uv_size": [0.19223, 2.52756]},
								"east": {"uv": [0.6, 0], "uv_size": [0.3, 2.52756]},
								"south": {"uv": [1.68446, 0], "uv_size": [0.19223, 2.52756]},
								"west": {"uv": [0.6, 0], "uv_size": [0.3, 2.52756]},
								"up": {"uv": [1.87668, 0.3], "uv_size": [-0.19223, -0.3]},
								"down": {"uv": [1.87668, 0.3], "uv_size": [-0.19223, -0.3]}
							}
						},
						{
							"origin": [19.64502, -18.67185, -1.23371],
							"size": [6.97669, 1.28268, 0.9],
							"pivot": [6.99521, -9.36547, -1.73006],
							"rotation": [10.72858, 10.54529, -44.00703],
							"uv": {
								"north": {"uv": [2.48446, 0.42756], "uv_size": [0.99223, -0.42756]},
								"east": {"uv": [0.6, 0.42756], "uv_size": [0.3, -0.42756]},
								"south": {"uv": [2.48446, 0.42756], "uv_size": [0.99223, -0.42756]},
								"west": {"uv": [0.6, 0.42756], "uv_size": [0.3, -0.42756]},
								"up": {"uv": [3.47668, 0], "uv_size": [-0.99223, 0.3]},
								"down": {"uv": [3.47668, 0], "uv_size": [-0.99223, 0.3]}
							}
						},
						{
							"origin": [-11.91741, -17.95797, -1.23371],
							"size": [6.97669, 1.28268, 0.9],
							"pivot": [6.99521, -9.36547, -1.73006],
							"rotation": [10.72858, -10.54529, 44.00703],
							"uv": {
								"north": {"uv": [1.49223, 0.42756], "uv_size": [0.99223, -0.42756]},
								"east": {"uv": [0.3, 0.42756], "uv_size": [0.3, -0.42756]},
								"south": {"uv": [1.49223, 0.42756], "uv_size": [0.99223, -0.42756]},
								"west": {"uv": [0.3, 0.42756], "uv_size": [0.3, -0.42756]},
								"up": {"uv": [2.48446, 0], "uv_size": [-0.99223, 0.3]},
								"down": {"uv": [2.48446, 0], "uv_size": [-0.99223, 0.3]}
							}
						},
						{
							"origin": [-15.02355, -2.44373, -1.23371],
							"size": [3.47669, 1.28268, 0.9],
							"pivot": [6.99521, -9.36547, -1.73006],
							"rotation": [15, 0, 0],
							"uv": {
								"north": {"uv": [1.49223, 0.42756], "uv_size": [2.49223, -0.42756]},
								"east": {"uv": [0.3, 0.42756], "uv_size": [0.3, -0.42756]},
								"south": {"uv": [1.49223, 0.42756], "uv_size": [2.49223, -0.42756]},
								"west": {"uv": [0.3, 0.42756], "uv_size": [0.3, -0.42756]},
								"up": {"uv": [3.98446, 0], "uv_size": [-2.49223, 0.3]},
								"down": {"uv": [3.98446, 0], "uv_size": [-2.49223, 0.3]}
							}
						},
						{
							"origin": [-5.01808, -13.85949, 2.6483],
							"size": [32.03616, 0.81762, 0.81762],
							"pivot": [6.99521, -9.36547, -1.73006],
							"rotation": [-30, 0, 0],
							"uv": {
								"north": {"uv": [1.49223, 0.27254], "uv_size": [6.67872, -0.27254]},
								"east": {"uv": [0.3, 0.27254], "uv_size": [0.27254, -0.27254]},
								"south": {"uv": [1.49223, 0.27254], "uv_size": [6.67872, -0.27254]},
								"west": {"uv": [0.3, 0.27254], "uv_size": [0.27254, -0.27254]},
								"up": {"uv": [8.17095, 0], "uv_size": [-6.67872, 0.27254]},
								"down": {"uv": [8.17095, 0], "uv_size": [-6.67872, 0.27254]}
							}
						},
						{
							"origin": [-13.65295, -4.77427, -0.93371],
							"size": [0.97044, 3.08268, 0.3],
							"pivot": [6.99521, -9.36547, -1.73006],
							"rotation": [13.06431, 7.43547, -29.14742],
							"uv": {
								"north": {"uv": [76, 29], "uv_size": [1, -3]},
								"east": {"uv": [76, 32], "uv_size": [1, -3]},
								"south": {"uv": [76, 29], "uv_size": [1, -3]},
								"west": {"uv": [76, 32], "uv_size": [1, -3]},
								"up": {"uv": [67, 75], "uv_size": [1, 1]},
								"down": {"uv": [67, 76], "uv_size": [1, -1]}
							}
						},
						{
							"origin": [-14.72355, -13.04373, -0.93371],
							"size": [0.87669, 11.58268, 0.3],
							"pivot": [6.99521, -9.36547, -1.73006],
							"rotation": [15, 0, 0],
							"uv": {
								"north": {"uv": [76, 29], "uv_size": [1, -3]},
								"east": {"uv": [76, 32], "uv_size": [1, -3]},
								"south": {"uv": [76, 29], "uv_size": [1, -3]},
								"west": {"uv": [76, 32], "uv_size": [1, -3]},
								"up": {"uv": [67, 75], "uv_size": [1, 1]},
								"down": {"uv": [67, 76], "uv_size": [1, -1]}
							}
						},
						{
							"origin": [-7.66537, -7.41707, -0.93373],
							"size": [30.33079, 0.98268, 0.3],
							"pivot": [6.99521, -9.36547, -1.73006],
							"rotation": [15, 0, 0],
							"uv": {
								"north": {"uv": [65, 76], "uv_size": [1, -4]},
								"east": {"uv": [75, 53], "uv_size": [1, -4]},
								"south": {"uv": [65, 76], "uv_size": [1, -4]},
								"west": {"uv": [75, 53], "uv_size": [1, -4]},
								"up": {"uv": [66, 75], "uv_size": [1, 1]},
								"down": {"uv": [66, 76], "uv_size": [1, -1]}
							}
						},
						{
							"origin": [-12.92355, -15.44373, -0.93371],
							"size": [17.37669, 0.98268, 0.3],
							"pivot": [6.99521, -9.36547, -1.73006],
							"rotation": [15, 0, 0],
							"uv": {
								"north": {"uv": [65, 76], "uv_size": [1, -4]},
								"east": {"uv": [75, 53], "uv_size": [1, -4]},
								"south": {"uv": [65, 76], "uv_size": [1, -4]},
								"west": {"uv": [75, 53], "uv_size": [1, -4]},
								"up": {"uv": [66, 75], "uv_size": [1, 1]},
								"down": {"uv": [66, 76], "uv_size": [1, -1]}
							}
						},
						{
							"origin": [19.4534, -19.06824, -0.93371],
							"size": [7.27669, 0.98268, 0.3],
							"pivot": [6.99521, -9.36547, -1.73006],
							"rotation": [10.72858, 10.54529, -44.00703],
							"uv": {
								"north": {"uv": [66, 76], "uv_size": [-1, -4]},
								"east": {"uv": [76, 53], "uv_size": [-1, -4]},
								"south": {"uv": [66, 76], "uv_size": [-1, -4]},
								"west": {"uv": [76, 53], "uv_size": [-1, -4]},
								"up": {"uv": [67, 75], "uv_size": [-1, 1]},
								"down": {"uv": [67, 76], "uv_size": [-1, -1]}
							}
						},
						{
							"origin": [25.94686, -3.04373, -0.93371],
							"size": [2.77669, 0.98268, 0.3],
							"pivot": [6.99521, -9.36547, -1.73006],
							"rotation": [15, 0, 0],
							"uv": {
								"north": {"uv": [66, 76], "uv_size": [-1, -4]},
								"east": {"uv": [76, 53], "uv_size": [-1, -4]},
								"south": {"uv": [66, 76], "uv_size": [-1, -4]},
								"west": {"uv": [76, 53], "uv_size": [-1, -4]},
								"up": {"uv": [67, 75], "uv_size": [-1, 1]},
								"down": {"uv": [67, 76], "uv_size": [-1, -1]}
							}
						},
						{
							"origin": [27.84686, -13.04373, -0.93371],
							"size": [0.87669, 11.58268, 0.3],
							"pivot": [6.99521, -9.36547, -1.73006],
							"rotation": [15, 0, 0],
							"uv": {
								"north": {"uv": [77, 29], "uv_size": [-1, -3]},
								"east": {"uv": [77, 32], "uv_size": [-1, -3]},
								"south": {"uv": [77, 29], "uv_size": [-1, -3]},
								"west": {"uv": [77, 32], "uv_size": [-1, -3]},
								"up": {"uv": [68, 75], "uv_size": [-1, 1]},
								"down": {"uv": [68, 76], "uv_size": [-1, -1]}
							}
						},
						{
							"origin": [26.68121, -4.76948, -0.93371],
							"size": [0.97044, 3.08268, 0.3],
							"pivot": [6.99521, -9.36547, -1.73006],
							"rotation": [13.06431, -7.43547, 29.14742],
							"uv": {
								"north": {"uv": [77, 29], "uv_size": [-1, -3]},
								"east": {"uv": [77, 32], "uv_size": [-1, -3]},
								"south": {"uv": [77, 29], "uv_size": [-1, -3]},
								"west": {"uv": [77, 32], "uv_size": [-1, -3]},
								"up": {"uv": [68, 75], "uv_size": [-1, 1]},
								"down": {"uv": [68, 76], "uv_size": [-1, -1]}
							}
						},
						{
							"origin": [9.54686, -15.44373, -0.93371],
							"size": [17.37669, 0.98268, 0.3],
							"pivot": [6.99521, -9.36547, -1.73006],
							"rotation": [15, 0, 0],
							"uv": {
								"north": {"uv": [66, 76], "uv_size": [-1, -4]},
								"east": {"uv": [76, 53], "uv_size": [-1, -4]},
								"south": {"uv": [66, 76], "uv_size": [-1, -4]},
								"west": {"uv": [76, 53], "uv_size": [-1, -4]},
								"up": {"uv": [67, 75], "uv_size": [-1, 1]},
								"down": {"uv": [67, 76], "uv_size": [-1, -1]}
							}
						},
						{
							"origin": [-12.02579, -18.35435, -0.93371],
							"size": [7.27669, 0.98268, 0.3],
							"pivot": [6.99521, -9.36547, -1.73006],
							"rotation": [10.72858, -10.54529, 44.00703],
							"uv": {
								"north": {"uv": [65, 76], "uv_size": [1, -4]},
								"east": {"uv": [75, 53], "uv_size": [1, -4]},
								"south": {"uv": [65, 76], "uv_size": [1, -4]},
								"west": {"uv": [75, 53], "uv_size": [1, -4]},
								"up": {"uv": [66, 75], "uv_size": [1, 1]},
								"down": {"uv": [66, 76], "uv_size": [1, -1]}
							}
						},
						{
							"origin": [-14.72355, -3.04373, -0.93371],
							"size": [3.77669, 0.98268, 0.3],
							"pivot": [6.99521, -9.36547, -1.73006],
							"rotation": [15, 0, 0],
							"uv": {
								"north": {"uv": [65, 76], "uv_size": [1, -4]},
								"east": {"uv": [75, 53], "uv_size": [1, -4]},
								"south": {"uv": [65, 76], "uv_size": [1, -4]},
								"west": {"uv": [75, 53], "uv_size": [1, -4]},
								"up": {"uv": [66, 75], "uv_size": [1, 1]},
								"down": {"uv": [66, 76], "uv_size": [1, -1]}
							}
						},
						{
							"origin": [0.26439, -16.21734, -1.23371],
							"size": [11.47119, 0.55629, 0.9],
							"pivot": [6.99521, -9.36547, -1.73006],
							"rotation": [15, 0, 0],
							"uv": {
								"north": {"uv": [2.98446, 0.18543], "uv_size": [3.82373, -0.18543]},
								"east": {"uv": [0.6, 0.18543], "uv_size": [0.3, -0.18543]},
								"south": {"uv": [2.98446, 0.18543], "uv_size": [3.82373, -0.18543]},
								"west": {"uv": [0.6, 0.18543], "uv_size": [0.3, -0.18543]},
								"up": {"uv": [6.80819, 0], "uv_size": [-3.82373, 0.3]},
								"down": {"uv": [6.80819, 0], "uv_size": [-3.82373, 0.3]}
							}
						},
						{
							"origin": [15.54686, -16.21734, -1.23371],
							"size": [11.47119, 1.15629, 0.9],
							"pivot": [6.99521, -9.36547, -1.73006],
							"rotation": [15, 0, 0],
							"uv": {
								"north": {"uv": [2.98446, 0.38543], "uv_size": [1.82373, -0.38543]},
								"east": {"uv": [0.6, 0.38543], "uv_size": [0.3, -0.38543]},
								"south": {"uv": [2.98446, 0.38543], "uv_size": [1.82373, -0.38543]},
								"west": {"uv": [0.6, 0.38543], "uv_size": [0.3, -0.38543]},
								"up": {"uv": [4.80819, 0], "uv_size": [-1.82373, 0.3]},
								"down": {"uv": [4.80819, 0], "uv_size": [-1.82373, 0.3]}
							}
						},
						{
							"origin": [-7.52059, -7.00131, -1.23371],
							"size": [30.04117, 1.28268, 0.9],
							"pivot": [6.99521, -9.36547, -1.73006],
							"rotation": [15, 0, 0],
							"uv": {
								"north": {"uv": [2.98446, 0.42756], "uv_size": [2.23269, -0.42756]},
								"east": {"uv": [0.6, 0.42756], "uv_size": [0.3, -0.42756]},
								"south": {"uv": [2.98446, 0.42756], "uv_size": [2.23269, -0.42756]},
								"west": {"uv": [0.6, 0.42756], "uv_size": [0.3, -0.42756]},
								"up": {"uv": [5.21715, 0], "uv_size": [-2.23269, 0.3]},
								"down": {"uv": [5.21715, 0], "uv_size": [-2.23269, 0.3]}
							}
						},
						{
							"origin": [26.54686, -2.44373, -1.23371],
							"size": [2.47669, 1.28268, 0.9],
							"pivot": [6.99521, -9.36547, -1.73006],
							"rotation": [15, 0, 0],
							"uv": {
								"north": {"uv": [2.98446, 0.42756], "uv_size": [2.49223, -0.42756]},
								"east": {"uv": [0.6, 0.42756], "uv_size": [0.3, -0.42756]},
								"south": {"uv": [2.98446, 0.42756], "uv_size": [2.49223, -0.42756]},
								"west": {"uv": [0.6, 0.42756], "uv_size": [0.3, -0.42756]},
								"up": {"uv": [5.47668, 0], "uv_size": [-2.49223, 0.3]},
								"down": {"uv": [5.47668, 0], "uv_size": [-2.49223, 0.3]}
							}
						},
						{
							"origin": [-13.76276, -5.29273, -1.23371],
							"size": [0.63372, 4.01097, 0.9],
							"pivot": [6.99521, -9.36547, -1.73006],
							"rotation": [13.06431, 7.43547, -29.14742],
							"uv": {
								"north": {"uv": [1.87668, 1.33699], "uv_size": [0.21124, -1.33699]},
								"east": {"uv": [0.9, 1.33699], "uv_size": [0.3, -1.33699]},
								"south": {"uv": [1.87668, 1.33699], "uv_size": [0.21124, -1.33699]},
								"west": {"uv": [0.9, 1.33699], "uv_size": [0.3, -1.33699]},
								"up": {"uv": [2.08793, 0], "uv_size": [-0.21124, 0.3]},
								"down": {"uv": [2.08793, 0], "uv_size": [-0.21124, 0.3]}
							}
						},
						{
							"origin": [-15.02355, -12.74373, -1.23371],
							"size": [0.57669, 11.58268, 0.9],
							"pivot": [6.99521, -9.36547, -1.73006],
							"rotation": [15, 0, 0],
							"uv": {
								"north": {"uv": [1.87668, 2.52756], "uv_size": [0.19223, -2.52756]},
								"east": {"uv": [0.9, 2.52756], "uv_size": [0.3, -2.52756]},
								"south": {"uv": [1.87668, 2.52756], "uv_size": [0.19223, -2.52756]},
								"west": {"uv": [0.9, 2.52756], "uv_size": [0.3, -2.52756]},
								"up": {"uv": [2.06891, 0], "uv_size": [-0.19223, 0.3]},
								"down": {"uv": [2.06891, 0], "uv_size": [-0.19223, 0.3]}
							}
						},
						{
							"origin": [-13.01808, -16.21734, -1.23371],
							"size": [14.47119, 1.15629, 0.9],
							"pivot": [6.99521, -9.36547, -1.73006],
							"rotation": [15, 0, 0],
							"uv": {
								"north": {"uv": [4.67668, 0.38543], "uv_size": [1.82373, -0.38543]},
								"east": {"uv": [0.9, 0.38543], "uv_size": [0.3, -0.38543]},
								"south": {"uv": [4.67668, 0.38543], "uv_size": [1.82373, -0.38543]},
								"west": {"uv": [0.9, 0.38543], "uv_size": [0.3, -0.38543]},
								"up": {"uv": [6.50042, 0], "uv_size": [-1.82373, 0.3]},
								"down": {"uv": [6.50042, 0], "uv_size": [-1.82373, 0.3]}
							}
						},
						{
							"origin": [27.12772, -5.28794, -1.23371],
							"size": [0.63372, 4.01097, 0.9],
							"pivot": [6.99521, -9.36547, -1.73006],
							"rotation": [13.06431, -7.43547, 29.14742],
							"uv": {
								"north": {"uv": [1.68446, 1.33699], "uv_size": [0.21124, -1.33699]},
								"east": {"uv": [0.6, 1.33699], "uv_size": [0.3, -1.33699]},
								"south": {"uv": [1.68446, 1.33699], "uv_size": [0.21124, -1.33699]},
								"west": {"uv": [0.6, 1.33699], "uv_size": [0.3, -1.33699]},
								"up": {"uv": [1.8957, 0], "uv_size": [-0.21124, 0.3]},
								"down": {"uv": [1.8957, 0], "uv_size": [-0.21124, 0.3]}
							}
						},
						{
							"origin": [28.44686, -12.74373, -1.23371],
							"size": [0.57669, 11.58268, 0.9],
							"pivot": [6.99521, -9.36547, -1.73006],
							"rotation": [15, 0, 0],
							"uv": {
								"north": {"uv": [1.68446, 2.52756], "uv_size": [0.19223, -2.52756]},
								"east": {"uv": [0.6, 2.52756], "uv_size": [0.3, -2.52756]},
								"south": {"uv": [1.68446, 2.52756], "uv_size": [0.19223, -2.52756]},
								"west": {"uv": [0.6, 2.52756], "uv_size": [0.3, -2.52756]},
								"up": {"uv": [1.87668, 0], "uv_size": [-0.19223, 0.3]},
								"down": {"uv": [1.87668, 0], "uv_size": [-0.19223, 0.3]}
							}
						},
						{
							"origin": [27.12772, 1.27697, -1.23371],
							"size": [0.63372, 4.01097, 0.9],
							"pivot": [6.99521, 9.36547, -1.73006],
							"rotation": [-13.06431, -7.43547, -29.14742],
							"uv": {
								"north": {"uv": [1.68446, 0], "uv_size": [0.21124, 1.33699]},
								"east": {"uv": [0.6, 0], "uv_size": [0.3, 1.33699]},
								"south": {"uv": [1.68446, 0], "uv_size": [0.21124, 1.33699]},
								"west": {"uv": [0.6, 0], "uv_size": [0.3, 1.33699]},
								"up": {"uv": [1.8957, 0.3], "uv_size": [-0.21124, -0.3]},
								"down": {"uv": [1.8957, 0.3], "uv_size": [-0.21124, -0.3]}
							}
						},
						{
							"origin": [-13.01808, 15.06105, -1.23371],
							"size": [11.47119, 1.15629, 0.9],
							"pivot": [6.99521, 9.36547, -1.73006],
							"rotation": [-15, 0, 0],
							"uv": {
								"north": {"uv": [4.67668, 0], "uv_size": [1.82373, 0.38543]},
								"east": {"uv": [0.9, 0], "uv_size": [0.3, 0.38543]},
								"south": {"uv": [4.67668, 0], "uv_size": [1.82373, 0.38543]},
								"west": {"uv": [0.9, 0], "uv_size": [0.3, 0.38543]},
								"up": {"uv": [6.50042, 0.3], "uv_size": [-1.82373, -0.3]},
								"down": {"uv": [6.50042, 0.3], "uv_size": [-1.82373, -0.3]}
							}
						},
						{
							"origin": [-15.02355, 1.16105, -1.23371],
							"size": [0.57669, 11.58268, 0.9],
							"pivot": [6.99521, 9.36547, -1.73006],
							"rotation": [-15, 0, 0],
							"uv": {
								"north": {"uv": [1.87668, 0], "uv_size": [0.19223, 2.52756]},
								"east": {"uv": [0.9, 0], "uv_size": [0.3, 2.52756]},
								"south": {"uv": [1.87668, 0], "uv_size": [0.19223, 2.52756]},
								"west": {"uv": [0.9, 0], "uv_size": [0.3, 2.52756]},
								"up": {"uv": [2.06891, 0.3], "uv_size": [-0.19223, -0.3]},
								"down": {"uv": [2.06891, 0.3], "uv_size": [-0.19223, -0.3]}
							}
						},
						{
							"origin": [-13.76276, 1.28176, -1.23371],
							"size": [0.63372, 4.01097, 0.9],
							"pivot": [6.99521, 9.36547, -1.73006],
							"rotation": [-13.06431, 7.43547, 29.14742],
							"uv": {
								"north": {"uv": [1.87668, 0], "uv_size": [0.21124, 1.33699]},
								"east": {"uv": [0.9, 0], "uv_size": [0.3, 1.33699]},
								"south": {"uv": [1.87668, 0], "uv_size": [0.21124, 1.33699]},
								"west": {"uv": [0.9, 0], "uv_size": [0.3, 1.33699]},
								"up": {"uv": [2.08793, 0.3], "uv_size": [-0.21124, -0.3]},
								"down": {"uv": [2.08793, 0.3], "uv_size": [-0.21124, -0.3]}
							}
						},
						{
							"origin": [26.54686, 1.16105, -1.23371],
							"size": [2.47669, 1.28268, 0.9],
							"pivot": [6.99521, 9.36547, -1.73006],
							"rotation": [-15, 0, 0],
							"uv": {
								"north": {"uv": [2.98446, 0], "uv_size": [2.49223, 0.42756]},
								"east": {"uv": [0.6, 0], "uv_size": [0.3, 0.42756]},
								"south": {"uv": [2.98446, 0], "uv_size": [2.49223, 0.42756]},
								"west": {"uv": [0.6, 0], "uv_size": [0.3, 0.42756]},
								"up": {"uv": [5.47668, 0.3], "uv_size": [-2.49223, -0.3]},
								"down": {"uv": [5.47668, 0.3], "uv_size": [-2.49223, -0.3]}
							}
						},
						{
							"origin": [-7.52059, 5.71863, -1.23371],
							"size": [30.04117, 1.28268, 0.9],
							"pivot": [6.99521, 9.36547, -1.73006],
							"rotation": [-15, 0, 0],
							"uv": {
								"north": {"uv": [2.98446, 0], "uv_size": [2.23269, 0.42756]},
								"east": {"uv": [0.6, 0], "uv_size": [0.3, 0.42756]},
								"south": {"uv": [2.98446, 0], "uv_size": [2.23269, 0.42756]},
								"west": {"uv": [0.6, 0], "uv_size": [0.3, 0.42756]},
								"up": {"uv": [5.21715, 0.3], "uv_size": [-2.23269, -0.3]},
								"down": {"uv": [5.21715, 0.3], "uv_size": [-2.23269, -0.3]}
							}
						},
						{
							"origin": [15.54686, 15.06105, -1.23371],
							"size": [11.47119, 1.15629, 0.9],
							"pivot": [6.99521, 9.36547, -1.73006],
							"rotation": [-15, 0, 0],
							"uv": {
								"north": {"uv": [2.98446, 0], "uv_size": [1.82373, 0.38543]},
								"east": {"uv": [0.6, 0], "uv_size": [0.3, 0.38543]},
								"south": {"uv": [2.98446, 0], "uv_size": [1.82373, 0.38543]},
								"west": {"uv": [0.6, 0], "uv_size": [0.3, 0.38543]},
								"up": {"uv": [4.80819, 0.3], "uv_size": [-1.82373, -0.3]},
								"down": {"uv": [4.80819, 0.3], "uv_size": [-1.82373, -0.3]}
							}
						},
						{
							"origin": [0.26439, 15.66105, -1.23371],
							"size": [11.47119, 0.55629, 0.9],
							"pivot": [6.99521, 9.36547, -1.73006],
							"rotation": [-15, 0, 0],
							"uv": {
								"north": {"uv": [2.98446, 0], "uv_size": [3.82373, 0.18543]},
								"east": {"uv": [0.6, 0], "uv_size": [0.3, 0.18543]},
								"south": {"uv": [2.98446, 0], "uv_size": [3.82373, 0.18543]},
								"west": {"uv": [0.6, 0], "uv_size": [0.3, 0.18543]},
								"up": {"uv": [6.80819, 0.3], "uv_size": [-3.82373, -0.3]},
								"down": {"uv": [6.80819, 0.3], "uv_size": [-3.82373, -0.3]}
							}
						},
						{
							"origin": [-14.72355, 2.06105, -0.93371],
							"size": [3.77669, 0.98268, 0.3],
							"pivot": [6.99521, 9.36547, -1.73006],
							"rotation": [-15, 0, 0],
							"uv": {
								"north": {"uv": [65, 72], "uv_size": [1, 4]},
								"east": {"uv": [75, 49], "uv_size": [1, 4]},
								"south": {"uv": [65, 72], "uv_size": [1, 4]},
								"west": {"uv": [75, 49], "uv_size": [1, 4]},
								"up": {"uv": [66, 75], "uv_size": [1, 1]},
								"down": {"uv": [66, 76], "uv_size": [1, -1]}
							}
						},
						{
							"origin": [-12.02579, 17.37167, -0.93371],
							"size": [7.27669, 0.98268, 0.3],
							"pivot": [6.99521, 9.36547, -1.73006],
							"rotation": [-10.72858, -10.54529, -44.00703],
							"uv": {
								"north": {"uv": [65, 72], "uv_size": [1, 4]},
								"east": {"uv": [75, 49], "uv_size": [1, 4]},
								"south": {"uv": [65, 72], "uv_size": [1, 4]},
								"west": {"uv": [75, 49], "uv_size": [1, 4]},
								"up": {"uv": [66, 75], "uv_size": [1, 1]},
								"down": {"uv": [66, 76], "uv_size": [1, -1]}
							}
						},
						{
							"origin": [9.54686, 14.46105, -0.93371],
							"size": [17.37669, 0.98268, 0.3],
							"pivot": [6.99521, 9.36547, -1.73006],
							"rotation": [-15, 0, 0],
							"uv": {
								"north": {"uv": [66, 72], "uv_size": [-1, 4]},
								"east": {"uv": [76, 49], "uv_size": [-1, 4]},
								"south": {"uv": [66, 72], "uv_size": [-1, 4]},
								"west": {"uv": [76, 49], "uv_size": [-1, 4]},
								"up": {"uv": [67, 75], "uv_size": [-1, 1]},
								"down": {"uv": [67, 76], "uv_size": [-1, -1]}
							}
						},
						{
							"origin": [26.68121, 1.6868, -0.93371],
							"size": [0.97044, 3.08268, 0.3],
							"pivot": [6.99521, 9.36547, -1.73006],
							"rotation": [-13.06431, -7.43547, -29.14742],
							"uv": {
								"north": {"uv": [77, 26], "uv_size": [-1, 3]},
								"east": {"uv": [77, 29], "uv_size": [-1, 3]},
								"south": {"uv": [77, 26], "uv_size": [-1, 3]},
								"west": {"uv": [77, 29], "uv_size": [-1, 3]},
								"up": {"uv": [68, 75], "uv_size": [-1, 1]},
								"down": {"uv": [68, 76], "uv_size": [-1, -1]}
							}
						},
						{
							"origin": [27.84686, 1.46105, -0.93371],
							"size": [0.87669, 11.58268, 0.3],
							"pivot": [6.99521, 9.36547, -1.73006],
							"rotation": [-15, 0, 0],
							"uv": {
								"north": {"uv": [77, 26], "uv_size": [-1, 3]},
								"east": {"uv": [77, 29], "uv_size": [-1, 3]},
								"south": {"uv": [77, 26], "uv_size": [-1, 3]},
								"west": {"uv": [77, 29], "uv_size": [-1, 3]},
								"up": {"uv": [68, 75], "uv_size": [-1, 1]},
								"down": {"uv": [68, 76], "uv_size": [-1, -1]}
							}
						},
						{
							"origin": [25.94686, 2.06105, -0.93371],
							"size": [2.77669, 0.98268, 0.3],
							"pivot": [6.99521, 9.36547, -1.73006],
							"rotation": [-15, 0, 0],
							"uv": {
								"north": {"uv": [66, 72], "uv_size": [-1, 4]},
								"east": {"uv": [76, 49], "uv_size": [-1, 4]},
								"south": {"uv": [66, 72], "uv_size": [-1, 4]},
								"west": {"uv": [76, 49], "uv_size": [-1, 4]},
								"up": {"uv": [67, 75], "uv_size": [-1, 1]},
								"down": {"uv": [67, 76], "uv_size": [-1, -1]}
							}
						},
						{
							"origin": [19.4534, 18.08556, -0.93371],
							"size": [7.27669, 0.98268, 0.3],
							"pivot": [6.99521, 9.36547, -1.73006],
							"rotation": [-10.72858, 10.54529, 44.00703],
							"uv": {
								"north": {"uv": [66, 72], "uv_size": [-1, 4]},
								"east": {"uv": [76, 49], "uv_size": [-1, 4]},
								"south": {"uv": [66, 72], "uv_size": [-1, 4]},
								"west": {"uv": [76, 49], "uv_size": [-1, 4]},
								"up": {"uv": [67, 75], "uv_size": [-1, 1]},
								"down": {"uv": [67, 76], "uv_size": [-1, -1]}
							}
						},
						{
							"origin": [-12.92355, 14.46105, -0.93371],
							"size": [17.37669, 0.98268, 0.3],
							"pivot": [6.99521, 9.36547, -1.73006],
							"rotation": [-15, 0, 0],
							"uv": {
								"north": {"uv": [65, 72], "uv_size": [1, 4]},
								"east": {"uv": [75, 49], "uv_size": [1, 4]},
								"south": {"uv": [65, 72], "uv_size": [1, 4]},
								"west": {"uv": [75, 49], "uv_size": [1, 4]},
								"up": {"uv": [66, 75], "uv_size": [1, 1]},
								"down": {"uv": [66, 76], "uv_size": [1, -1]}
							}
						},
						{
							"origin": [-7.66537, 6.43439, -0.93373],
							"size": [30.33079, 0.98268, 0.3],
							"pivot": [6.99521, 9.36547, -1.73006],
							"rotation": [-15, 0, 0],
							"uv": {
								"north": {"uv": [65, 72], "uv_size": [1, 4]},
								"east": {"uv": [75, 49], "uv_size": [1, 4]},
								"south": {"uv": [65, 72], "uv_size": [1, 4]},
								"west": {"uv": [75, 49], "uv_size": [1, 4]},
								"up": {"uv": [66, 75], "uv_size": [1, 1]},
								"down": {"uv": [66, 76], "uv_size": [1, -1]}
							}
						},
						{
							"origin": [-14.72355, 1.46105, -0.93371],
							"size": [0.87669, 11.58268, 0.3],
							"pivot": [6.99521, 9.36547, -1.73006],
							"rotation": [-15, 0, 0],
							"uv": {
								"north": {"uv": [76, 26], "uv_size": [1, 3]},
								"east": {"uv": [76, 29], "uv_size": [1, 3]},
								"south": {"uv": [76, 26], "uv_size": [1, 3]},
								"west": {"uv": [76, 29], "uv_size": [1, 3]},
								"up": {"uv": [67, 75], "uv_size": [1, 1]},
								"down": {"uv": [67, 76], "uv_size": [1, -1]}
							}
						},
						{
							"origin": [-13.65295, 1.69159, -0.93371],
							"size": [0.97044, 3.08268, 0.3],
							"pivot": [6.99521, 9.36547, -1.73006],
							"rotation": [-13.06431, 7.43547, 29.14742],
							"uv": {
								"north": {"uv": [76, 26], "uv_size": [1, 3]},
								"east": {"uv": [76, 29], "uv_size": [1, 3]},
								"south": {"uv": [76, 26], "uv_size": [1, 3]},
								"west": {"uv": [76, 29], "uv_size": [1, 3]},
								"up": {"uv": [67, 75], "uv_size": [1, 1]},
								"down": {"uv": [67, 76], "uv_size": [1, -1]}
							}
						},
						{
							"origin": [-5.01808, 13.04187, 2.6483],
							"size": [32.03616, 0.81762, 0.81762],
							"pivot": [6.99521, 9.36547, -1.73006],
							"rotation": [30, 0, 0],
							"uv": {
								"north": {"uv": [1.49223, 0], "uv_size": [6.67872, 0.27254]},
								"east": {"uv": [0.3, 0], "uv_size": [0.27254, 0.27254]},
								"south": {"uv": [1.49223, 0], "uv_size": [6.67872, 0.27254]},
								"west": {"uv": [0.3, 0], "uv_size": [0.27254, 0.27254]},
								"up": {"uv": [8.17095, 0.27254], "uv_size": [-6.67872, -0.27254]},
								"down": {"uv": [8.17095, 0.27254], "uv_size": [-6.67872, -0.27254]}
							}
						},
						{
							"origin": [-15.02355, 1.16105, -1.23371],
							"size": [3.47669, 1.28268, 0.9],
							"pivot": [6.99521, 9.36547, -1.73006],
							"rotation": [-15, 0, 0],
							"uv": {
								"north": {"uv": [1.49223, 0], "uv_size": [2.49223, 0.42756]},
								"east": {"uv": [0.3, 0], "uv_size": [0.3, 0.42756]},
								"south": {"uv": [1.49223, 0], "uv_size": [2.49223, 0.42756]},
								"west": {"uv": [0.3, 0], "uv_size": [0.3, 0.42756]},
								"up": {"uv": [3.98446, 0.3], "uv_size": [-2.49223, -0.3]},
								"down": {"uv": [3.98446, 0.3], "uv_size": [-2.49223, -0.3]}
							}
						},
						{
							"origin": [-11.91741, 16.67529, -1.23371],
							"size": [6.97669, 1.28268, 0.9],
							"pivot": [6.99521, 9.36547, -1.73006],
							"rotation": [-10.72858, -10.54529, -44.00703],
							"uv": {
								"north": {"uv": [1.49223, 0], "uv_size": [0.99223, 0.42756]},
								"east": {"uv": [0.3, 0], "uv_size": [0.3, 0.42756]},
								"south": {"uv": [1.49223, 0], "uv_size": [0.99223, 0.42756]},
								"west": {"uv": [0.3, 0], "uv_size": [0.3, 0.42756]},
								"up": {"uv": [2.48446, 0.3], "uv_size": [-0.99223, -0.3]},
								"down": {"uv": [2.48446, 0.3], "uv_size": [-0.99223, -0.3]}
							}
						},
						{
							"origin": [19.64502, 17.38917, -1.23371],
							"size": [6.97669, 1.28268, 0.9],
							"pivot": [6.99521, 9.36547, -1.73006],
							"rotation": [-10.72858, 10.54529, 44.00703],
							"uv": {
								"north": {"uv": [2.48446, 0], "uv_size": [0.99223, 0.42756]},
								"east": {"uv": [0.6, 0], "uv_size": [0.3, 0.42756]},
								"south": {"uv": [2.48446, 0], "uv_size": [0.99223, 0.42756]},
								"west": {"uv": [0.6, 0], "uv_size": [0.3, 0.42756]},
								"up": {"uv": [3.47668, 0.3], "uv_size": [-0.99223, -0.3]},
								"down": {"uv": [3.47668, 0.3], "uv_size": [-0.99223, -0.3]}
							}
						}
					]
				}
			]
		}
	]
}