{
	"format_version": "1.12.0",
	"minecraft:geometry": [
		{
			"description": {
				"identifier": "geometry.unknown",
				"texture_width": 16,
				"texture_height": 16,
				"visible_bounds_width": 2,
				"visible_bounds_height": 2.5,
				"visible_bounds_offset": [0, 0.75, 0]
			},
			"bones": [
				{
					"name": "screen",
					"pivot": [-0.05702, 0.31904, -0.08969],
					"rotation": [0, 0, -90]
				},
				{
					"name": "bone",
					"parent": "screen",
					"pivot": [-0.14952, 0.27339, -0.17939],
					"cubes": [
						{
							"origin": [-0.21152, 0.19314, -0.32864],
							"size": [0.124, 0.1605, 0.2985],
							"inflate": -0.001,
							"pivot": [-0.14952, 0.27339, -0.17939],
							"rotation": [-90, -60, -180],
							"uv": {
								"north": {"uv": [0, 8], "uv_size": [0.25, 0.25]},
								"east": {"uv": [8, 0], "uv_size": [0.25, 0.25]},
								"south": {"uv": [1, 8], "uv_size": [0.25, 0.25]},
								"west": {"uv": [8, 1], "uv_size": [0.25, 0.25]},
								"up": {"uv": [2, 8], "uv_size": [0.25, 0.25]},
								"down": {"uv": [8, 2.25], "uv_size": [0.25, -0.25]}
							}
						},
						{
							"origin": [-0.31152, 0.19314, -0.52864],
							"size": [0.124, 0.1605, 0.2985],
							"inflate": 0.001,
							"pivot": [-0.24952, 0.27339, -0.37939],
							"rotation": [-90, -30, -180],
							"uv": {
								"north": {"uv": [3, 8], "uv_size": [0.25, 0.25]},
								"east": {"uv": [8, 3], "uv_size": [0.25, 0.25]},
								"south": {"uv": [4, 8], "uv_size": [0.25, 0.25]},
								"west": {"uv": [8, 4], "uv_size": [0.25, 0.25]},
								"up": {"uv": [5, 8], "uv_size": [0.25, 0.25]},
								"down": {"uv": [8, 5.25], "uv_size": [0.25, -0.25]}
							}
						},
						{
							"origin": [-0.21152, 0.19314, 0.03013],
							"size": [0.124, 0.1605, 0.2985],
							"inflate": -0.001,
							"pivot": [-0.14952, 0.27339, 0.17939],
							"rotation": [90, -60, 0],
							"uv": {
								"north": {"uv": [6, 8], "uv_size": [0.25, 0.25]},
								"east": {"uv": [8, 6], "uv_size": [0.25, 0.25]},
								"south": {"uv": [7, 8], "uv_size": [0.25, 0.25]},
								"west": {"uv": [8, 7], "uv_size": [0.25, 0.25]},
								"up": {"uv": [8, 8], "uv_size": [0.25, 0.25]},
								"down": {"uv": [0, 9.25], "uv_size": [0.25, -0.25]}
							}
						},
						{
							"origin": [-0.31152, 0.19314, 0.23013],
							"size": [0.124, 0.1605, 0.2985],
							"inflate": 0.001,
							"pivot": [-0.24952, 0.27339, 0.37939],
							"rotation": [90, -30, 0],
							"uv": {
								"north": {"uv": [9, 0], "uv_size": [0.25, 0.25]},
								"east": {"uv": [1, 9], "uv_size": [0.25, 0.25]},
								"south": {"uv": [9, 1], "uv_size": [0.25, 0.25]},
								"west": {"uv": [2, 9], "uv_size": [0.25, 0.25]},
								"up": {"uv": [9, 2], "uv_size": [0.25, 0.25]},
								"down": {"uv": [3, 9.25], "uv_size": [0.25, -0.25]}
							}
						},
						{
							"origin": [-0.17266, -0.0474, -0.53222],
							"size": [0.124, 0.38464, 0.2985],
							"inflate": -0.001,
							"pivot": [-0.13566, 0.40064, -0.25572],
							"rotation": [90, 0, 0],
							"uv": {
								"north": {"uv": [7, 5], "uv_size": [0.25, 0.5]},
								"east": {"uv": [6, 7], "uv_size": [0.25, 0.5]},
								"south": {"uv": [7, 6], "uv_size": [0.25, 0.5]},
								"west": {"uv": [7, 7], "uv_size": [0.25, 0.5]},
								"up": {"uv": [9, 3], "uv_size": [0.25, 0.25]},
								"down": {"uv": [4, 9.25], "uv_size": [0.25, -0.25]}
							}
						},
						{
							"origin": [-0.27934, -0.0474, -0.38502],
							"size": [0.124, 0.67904, 0.2985],
							"inflate": 0.001,
							"pivot": [-0.24234, 0.40064, -0.10852],
							"rotation": [90, 0, 0],
							"uv": {
								"north": {"uv": [7, 2], "uv_size": [0.25, 0.75]},
								"east": {"uv": [3, 7], "uv_size": [0.25, 0.75]},
								"south": {"uv": [7, 3], "uv_size": [0.25, 0.75]},
								"west": {"uv": [4, 7], "uv_size": [0.25, 0.75]},
								"up": {"uv": [9, 7], "uv_size": [0.25, 0.25]},
								"down": {"uv": [8, 9.25], "uv_size": [0.25, -0.25]}
							}
						},
						{
							"origin": [-0.41059, -0.12886, -0.32575],
							"size": [0.174, 0.9605, 0.2985],
							"inflate": 0.0012,
							"pivot": [-0.32359, 0.40064, -0.04925],
							"rotation": [90, 0, 0],
							"uv": {
								"north": {"uv": [5, 4], "uv_size": [0.25, 1]},
								"east": {"uv": [5, 5], "uv_size": [0.25, 1]},
								"south": {"uv": [6, 0], "uv_size": [0.25, 1]},
								"west": {"uv": [2, 6], "uv_size": [0.25, 1]},
								"up": {"uv": [9, 8], "uv_size": [0.25, 0.25]},
								"down": {"uv": [9, 9.25], "uv_size": [0.25, -0.25]}
							}
						}
					]
				},
				{
					"name": "bone2",
					"parent": "screen",
					"pivot": [0.05246, 0.26469, 0],
					"cubes": [
						{
							"origin": [0.01654, 1.40785, -0.52913],
							"size": [0.09675, 0.2529, 0.15],
							"pivot": [-0.05696, 0.13174, 0],
							"rotation": [45, 0, 0],
							"uv": {
								"north": {"uv": [2, 10], "uv_size": [0.25, 0.25]},
								"east": {"uv": [10, 2], "uv_size": [0.25, 0.25]},
								"south": {"uv": [3, 10], "uv_size": [0.25, 0.25]},
								"west": {"uv": [10, 3], "uv_size": [0.25, 0.25]},
								"up": {"uv": [4, 10], "uv_size": [0.25, 0.25]},
								"down": {"uv": [10, 4.25], "uv_size": [0.25, -0.25]}
							}
						},
						{
							"origin": [-0.25221, 1.40785, 0.33226],
							"size": [0.27175, 0.2529, 0.24375],
							"pivot": [-0.05696, 0.13174, 0],
							"rotation": [-45, 0, 0],
							"uv": {
								"north": {"uv": [5, 10], "uv_size": [0.25, 0.25]},
								"east": {"uv": [10, 5], "uv_size": [0.25, 0.25]},
								"south": {"uv": [6, 10], "uv_size": [0.25, 0.25]},
								"west": {"uv": [10, 6], "uv_size": [0.25, 0.25]},
								"up": {"uv": [7, 10], "uv_size": [0.25, 0.25]},
								"down": {"uv": [10, 7.25], "uv_size": [0.25, -0.25]}
							}
						},
						{
							"origin": [-0.25221, -1.13138, 0.33226],
							"size": [0.27175, 0.2529, 0.24375],
							"pivot": [-0.05696, 0.39764, 0],
							"rotation": [45, 0, 0],
							"uv": {
								"north": {"uv": [8, 10], "uv_size": [0.25, 0.25]},
								"east": {"uv": [10, 8], "uv_size": [0.25, 0.25]},
								"south": {"uv": [9, 10], "uv_size": [0.25, 0.25]},
								"west": {"uv": [10, 9], "uv_size": [0.25, 0.25]},
								"up": {"uv": [10, 10], "uv_size": [0.25, 0.25]},
								"down": {"uv": [0, 11.25], "uv_size": [0.25, -0.25]}
							}
						},
						{
							"origin": [-0.25221, -1.13138, -0.57601],
							"size": [0.27175, 0.2529, 0.24375],
							"pivot": [-0.05696, 0.39764, 0],
							"rotation": [-45, 0, 0],
							"uv": {
								"north": {"uv": [11, 0], "uv_size": [0.25, 0.25]},
								"east": {"uv": [1, 11], "uv_size": [0.25, 0.25]},
								"south": {"uv": [11, 1], "uv_size": [0.25, 0.25]},
								"west": {"uv": [2, 11], "uv_size": [0.25, 0.25]},
								"up": {"uv": [11, 2], "uv_size": [0.25, 0.25]},
								"down": {"uv": [3, 11.25], "uv_size": [0.25, -0.25]}
							}
						},
						{
							"origin": [-0.25271, -0.4491, -1.31662],
							"size": [0.27275, 1.42757, 2.63325],
							"inflate": 0.001,
							"uv": {
								"north": {"uv": [7, 1], "uv_size": [0.25, 1]},
								"east": {"uv": [0, 0], "uv_size": [1.75, 1]},
								"south": {"uv": [2, 7], "uv_size": [0.25, 1]},
								"west": {"uv": [0, 0.75], "uv_size": [1.75, 1.5]},
								"up": {"uv": [1, 3], "uv_size": [0.25, 1.75]},
								"down": {"uv": [3, 2.75], "uv_size": [0.25, -1.75]}
							}
						},
						{
							"origin": [-0.13502, 0.37593, -1.38789],
							"size": [0.27524, 0.50453, 0.15],
							"pivot": [-0.05696, 0.80238, -1.31289],
							"rotation": [44.00703, 10.54529, -10.72858],
							"uv": {
								"north": {"uv": [11, 3], "uv_size": [0.25, 0.25]},
								"east": {"uv": [4, 11], "uv_size": [0.25, 0.25]},
								"south": {"uv": [11, 4], "uv_size": [0.25, 0.25]},
								"west": {"uv": [5, 11], "uv_size": [0.25, 0.25]},
								"up": {"uv": [11, 5], "uv_size": [0.25, 0.25]},
								"down": {"uv": [6, 11.25], "uv_size": [0.25, -0.25]}
							}
						},
						{
							"origin": [-0.25221, 1.40785, -0.57601],
							"size": [0.27175, 0.2529, 0.24375],
							"pivot": [-0.05696, 0.13174, 0],
							"rotation": [45, 0, 0],
							"uv": {
								"north": {"uv": [11, 6], "uv_size": [0.25, 0.25]},
								"east": {"uv": [7, 11], "uv_size": [0.25, 0.25]},
								"south": {"uv": [11, 7], "uv_size": [0.25, 0.25]},
								"west": {"uv": [8, 11], "uv_size": [0.25, 0.25]},
								"up": {"uv": [11, 8], "uv_size": [0.25, 0.25]},
								"down": {"uv": [9, 11.25], "uv_size": [0.25, -0.25]}
							}
						},
						{
							"origin": [-0.13502, 0.37593, 1.23789],
							"size": [0.27524, 0.50453, 0.15],
							"pivot": [-0.05696, 0.80238, 1.31289],
							"rotation": [-44.00703, -10.54529, -10.72858],
							"uv": {
								"north": {"uv": [11, 9], "uv_size": [0.25, 0.25]},
								"east": {"uv": [10, 11], "uv_size": [0.25, 0.25]},
								"south": {"uv": [11, 10], "uv_size": [0.25, 0.25]},
								"west": {"uv": [11, 11], "uv_size": [0.25, 0.25]},
								"up": {"uv": [0, 12], "uv_size": [0.25, 0.25]},
								"down": {"uv": [12, 0.25], "uv_size": [0.25, -0.25]}
							}
						},
						{
							"origin": [0.01654, 1.40785, 0.37913],
							"size": [0.09675, 0.2529, 0.15],
							"pivot": [-0.05696, 0.13174, 0],
							"rotation": [-45, 0, 0],
							"uv": {
								"north": {"uv": [1, 12], "uv_size": [0.25, 0.25]},
								"east": {"uv": [12, 1], "uv_size": [0.25, 0.25]},
								"south": {"uv": [2, 12], "uv_size": [0.25, 0.25]},
								"west": {"uv": [12, 2], "uv_size": [0.25, 0.25]},
								"up": {"uv": [3, 12], "uv_size": [0.25, 0.25]},
								"down": {"uv": [12, 3.25], "uv_size": [0.25, -0.25]}
							}
						},
						{
							"origin": [-0.13502, -0.35108, 1.23789],
							"size": [0.27524, 0.50453, 0.15],
							"pivot": [-0.05696, -0.273, 1.31289],
							"rotation": [44.00703, -10.54529, 10.72858],
							"uv": {
								"north": {"uv": [4, 12], "uv_size": [0.25, 0.25]},
								"east": {"uv": [12, 4], "uv_size": [0.25, 0.25]},
								"south": {"uv": [5, 12], "uv_size": [0.25, 0.25]},
								"west": {"uv": [12, 5], "uv_size": [0.25, 0.25]},
								"up": {"uv": [6, 12], "uv_size": [0.25, 0.25]},
								"down": {"uv": [12, 6.25], "uv_size": [0.25, -0.25]}
							}
						},
						{
							"origin": [0.01654, -1.13138, 0.37913],
							"size": [0.09675, 0.2529, 0.15],
							"pivot": [-0.05696, 0.39764, 0],
							"rotation": [45, 0, 0],
							"uv": {
								"north": {"uv": [7, 12], "uv_size": [0.25, 0.25]},
								"east": {"uv": [12, 7], "uv_size": [0.25, 0.25]},
								"south": {"uv": [8, 12], "uv_size": [0.25, 0.25]},
								"west": {"uv": [12, 8], "uv_size": [0.25, 0.25]},
								"up": {"uv": [9, 12], "uv_size": [0.25, 0.25]},
								"down": {"uv": [12, 9.25], "uv_size": [0.25, -0.25]}
							}
						},
						{
							"origin": [0.01654, -1.13138, -0.52913],
							"size": [0.09675, 0.2529, 0.15],
							"pivot": [-0.05696, 0.39764, 0],
							"rotation": [-45, 0, 0],
							"uv": {
								"north": {"uv": [10, 12], "uv_size": [0.25, 0.25]},
								"east": {"uv": [12, 10], "uv_size": [0.25, 0.25]},
								"south": {"uv": [11, 12], "uv_size": [0.25, 0.25]},
								"west": {"uv": [12, 11], "uv_size": [0.25, 0.25]},
								"up": {"uv": [12, 12], "uv_size": [0.25, 0.25]},
								"down": {"uv": [0, 13.25], "uv_size": [0.25, -0.25]}
							}
						},
						{
							"origin": [-0.13502, -0.35108, -1.38789],
							"size": [0.27524, 0.50453, 0.15],
							"pivot": [-0.05696, -0.273, -1.31289],
							"rotation": [-44.00703, 10.54529, 10.72858],
							"uv": {
								"north": {"uv": [13, 0], "uv_size": [0.25, 0.25]},
								"east": {"uv": [1, 13], "uv_size": [0.25, 0.25]},
								"south": {"uv": [13, 1], "uv_size": [0.25, 0.25]},
								"west": {"uv": [2, 13], "uv_size": [0.25, 0.25]},
								"up": {"uv": [13, 2], "uv_size": [0.25, 0.25]},
								"down": {"uv": [3, 13.25], "uv_size": [0.25, -0.25]}
							}
						},
						{
							"origin": [0.01654, -0.07085, -1.00467],
							"size": [0.22733, 0.11502, 2.00933],
							"uv": {
								"north": {"uv": [13, 3], "uv_size": [0.25, 0.25]},
								"east": {"uv": [3, 4], "uv_size": [1.25, 0.25]},
								"south": {"uv": [4, 13], "uv_size": [0.25, 0.25]},
								"west": {"uv": [4, 3], "uv_size": [1.25, 0.25]},
								"up": {"uv": [0, 5], "uv_size": [0.25, 1.25]},
								"down": {"uv": [1, 6.25], "uv_size": [0.25, -1.25]}
							}
						},
						{
							"origin": [0.01654, 0.73783, 0.83927],
							"size": [0.22733, 0.15, 0.1084],
							"pivot": [0.13021, 0.26469, 0],
							"rotation": [-45, 0, 0],
							"uv": {
								"north": {"uv": [13, 4], "uv_size": [0.25, 0.25]},
								"east": {"uv": [5, 13], "uv_size": [0.25, 0.25]},
								"south": {"uv": [13, 5], "uv_size": [0.25, 0.25]},
								"west": {"uv": [6, 13], "uv_size": [0.25, 0.25]},
								"up": {"uv": [13, 6], "uv_size": [0.25, 0.25]},
								"down": {"uv": [7, 13.25], "uv_size": [0.25, -0.25]}
							}
						},
						{
							"origin": [0.01654, 0.73783, -0.94767],
							"size": [0.22733, 0.15, 0.1084],
							"pivot": [0.13021, 0.26469, 0],
							"rotation": [45, 0, 0],
							"uv": {
								"north": {"uv": [13, 7], "uv_size": [0.25, 0.25]},
								"east": {"uv": [8, 13], "uv_size": [0.25, 0.25]},
								"south": {"uv": [13, 8], "uv_size": [0.25, 0.25]},
								"west": {"uv": [9, 13], "uv_size": [0.25, 0.25]},
								"up": {"uv": [13, 9], "uv_size": [0.25, 0.25]},
								"down": {"uv": [10, 13.25], "uv_size": [0.25, -0.25]}
							}
						},
						{
							"origin": [0.01654, -0.35845, -0.94767],
							"size": [0.22733, 0.15, 0.1084],
							"pivot": [0.13021, 0.26469, 0],
							"rotation": [-45, 0, 0],
							"uv": {
								"north": {"uv": [13, 10], "uv_size": [0.25, 0.25]},
								"east": {"uv": [11, 13], "uv_size": [0.25, 0.25]},
								"south": {"uv": [13, 11], "uv_size": [0.25, 0.25]},
								"west": {"uv": [12, 13], "uv_size": [0.25, 0.25]},
								"up": {"uv": [13, 12], "uv_size": [0.25, 0.25]},
								"down": {"uv": [13, 13.25], "uv_size": [0.25, -0.25]}
							}
						},
						{
							"origin": [0.01654, -0.35845, 0.83927],
							"size": [0.22733, 0.15, 0.1084],
							"pivot": [0.13021, 0.26469, 0],
							"rotation": [45, 0, 0],
							"uv": {
								"north": {"uv": [0, 14], "uv_size": [0.25, 0.25]},
								"east": {"uv": [14, 0], "uv_size": [0.25, 0.25]},
								"south": {"uv": [1, 14], "uv_size": [0.25, 0.25]},
								"west": {"uv": [14, 1], "uv_size": [0.25, 0.25]},
								"up": {"uv": [2, 14], "uv_size": [0.25, 0.25]},
								"down": {"uv": [14, 2.25], "uv_size": [0.25, -0.25]}
							}
						},
						{
							"origin": [0.01654, 0.03521, -1.11073],
							"size": [0.22733, 0.45895, 0.12147],
							"uv": {
								"north": {"uv": [3, 14], "uv_size": [0.25, 0.25]},
								"east": {"uv": [14, 3], "uv_size": [0.25, 0.25]},
								"south": {"uv": [4, 14], "uv_size": [0.25, 0.25]},
								"west": {"uv": [14, 4], "uv_size": [0.25, 0.25]},
								"up": {"uv": [5, 14], "uv_size": [0.25, 0.25]},
								"down": {"uv": [14, 5.25], "uv_size": [0.25, -0.25]}
							}
						},
						{
							"origin": [0.01654, 0.48521, -1.00467],
							"size": [0.22733, 0.11502, 2.00933],
							"uv": {
								"north": {"uv": [6, 14], "uv_size": [0.25, 0.25]},
								"east": {"uv": [5, 1], "uv_size": [1.25, 0.25]},
								"south": {"uv": [14, 6], "uv_size": [0.25, 0.25]},
								"west": {"uv": [5, 2], "uv_size": [1.25, 0.25]},
								"up": {"uv": [3, 5], "uv_size": [0.25, 1.25]},
								"down": {"uv": [4, 6.25], "uv_size": [0.25, -1.25]}
							}
						},
						{
							"origin": [0.01654, 0.03521, 0.98927],
							"size": [0.22733, 0.45895, 0.12147],
							"uv": {
								"north": {"uv": [7, 14], "uv_size": [0.25, 0.25]},
								"east": {"uv": [14, 7], "uv_size": [0.25, 0.25]},
								"south": {"uv": [8, 14], "uv_size": [0.25, 0.25]},
								"west": {"uv": [14, 8], "uv_size": [0.25, 0.25]},
								"up": {"uv": [9, 14], "uv_size": [0.25, 0.25]},
								"down": {"uv": [14, 9.25], "uv_size": [0.25, -0.25]}
							}
						},
						{
							"origin": [-0.07721, 0.02376, -1.03848],
							"size": [0.24675, 0.48186, 2.07696],
							"uv": {
								"north": {"uv": [10, 14], "uv_size": [0.25, 0.25]},
								"east": {"uv": [2, 3], "uv_size": [1.5, 0.25]},
								"south": {"uv": [14, 10], "uv_size": [0.25, 0.25]},
								"west": {"uv": [4, 0], "uv_size": [2, 1]},
								"up": {"uv": [4, 1], "uv_size": [0.25, 1.5]},
								"down": {"uv": [2, 5.5], "uv_size": [0.25, -1.5]}
							}
						},
						{
							"origin": [-0.25221, -0.27624, -1.48848],
							"size": [0.27175, 1.08186, 0.17086],
							"uv": {
								"north": {"uv": [3, 0], "uv_size": [0.25, 0.75]},
								"east": {"uv": [11, 14], "uv_size": [0.25, 0.75]},
								"south": {"uv": [14, 11], "uv_size": [0.25, 0.75]},
								"west": {"uv": [12, 14], "uv_size": [0.25, 0.75]},
								"up": {"uv": [14, 12], "uv_size": [0.25, 0.25]},
								"down": {"uv": [13, 14.25], "uv_size": [0.25, -0.25]}
							}
						},
						{
							"origin": [-0.25221, -0.27624, 1.31762],
							"size": [0.27175, 1.08186, 0.17086],
							"uv": {
								"north": {"uv": [2, 0], "uv_size": [0.25, 0.75]},
								"east": {"uv": [2, 1], "uv_size": [0.25, 0.75]},
								"south": {"uv": [2, 2], "uv_size": [0.25, 0.75]},
								"west": {"uv": [0, 3], "uv_size": [0.25, 0.75]},
								"up": {"uv": [0, 4], "uv_size": [0.25, 0.25]},
								"down": {"uv": [7, 4.25], "uv_size": [0.25, -0.25]}
							}
						}
					]
				}
			]
		}
	]
}