{
	"format_version": "1.12.0",
	"minecraft:geometry": [
		{
			"description": {
				"identifier": "geometry.unknown",
				"texture_width": 128,
				"texture_height": 128,
				"visible_bounds_width": 3,
				"visible_bounds_height": 2.5,
				"visible_bounds_offset": [0, 0.75, 0]
			},
			"bones": [
				{
					"name": "bb_main",
					"pivot": [0, 0, 0],
					"cubes": [
						{
							"origin": [-6, 2, -6],
							"size": [5, 2, 5],
							"uv": {
								"north": {"uv": [48, 0], "uv_size": [5, 2]},
								"east": {"uv": [48, 2], "uv_size": [5, 2]},
								"south": {"uv": [48, 4], "uv_size": [5, 2]},
								"west": {"uv": [48, 6], "uv_size": [5, 2]},
								"up": {"uv": [32, 14], "uv_size": [5, 5]},
								"down": {"uv": [16, 37], "uv_size": [5, -5]}
							}
						},
						{
							"origin": [-6, 2, 1],
							"size": [5, 2, 5],
							"uv": {
								"north": {"uv": [48, 8], "uv_size": [5, 2]},
								"east": {"uv": [48, 10], "uv_size": [5, 2]},
								"south": {"uv": [48, 12], "uv_size": [5, 2]},
								"west": {"uv": [48, 14], "uv_size": [5, 2]},
								"up": {"uv": [32, 19], "uv_size": [5, 5]},
								"down": {"uv": [21, 37], "uv_size": [5, -5]}
							}
						},
						{
							"origin": [-2, 12, -2],
							"size": [-3, -8, -3],
							"uv": {
								"north": {"uv": [17, 42], "uv_size": [3, 8]},
								"east": {"uv": [20, 42], "uv_size": [3, 8]},
								"south": {"uv": [43, 22], "uv_size": [3, 8]},
								"west": {"uv": [44, 30], "uv_size": [3, 8]},
								"up": {"uv": [53, 10], "uv_size": [3, 3]},
								"down": {"uv": [53, 16], "uv_size": [3, -3]}
							}
						},
						{
							"origin": [5, 12, -2],
							"size": [-3, -8, -3],
							"uv": {
								"north": {"uv": [17, 42], "uv_size": [3, 8]},
								"east": {"uv": [20, 42], "uv_size": [3, 8]},
								"south": {"uv": [43, 22], "uv_size": [3, 8]},
								"west": {"uv": [44, 30], "uv_size": [3, 8]},
								"up": {"uv": [53, 10], "uv_size": [3, 3]},
								"down": {"uv": [53, 16], "uv_size": [3, -3]}
							}
						},
						{
							"origin": [-2, 12, 5],
							"size": [-3, -8, -3],
							"uv": {
								"north": {"uv": [17, 42], "uv_size": [3, 8]},
								"east": {"uv": [20, 42], "uv_size": [3, 8]},
								"south": {"uv": [43, 22], "uv_size": [3, 8]},
								"west": {"uv": [44, 30], "uv_size": [3, 8]},
								"up": {"uv": [53, 10], "uv_size": [3, 3]},
								"down": {"uv": [53, 16], "uv_size": [3, -3]}
							}
						},
						{
							"origin": [5, 12, 5],
							"size": [-3, -8, -3],
							"uv": {
								"north": {"uv": [17, 42], "uv_size": [3, 8]},
								"east": {"uv": [20, 42], "uv_size": [3, 8]},
								"south": {"uv": [43, 22], "uv_size": [3, 8]},
								"west": {"uv": [44, 30], "uv_size": [3, 8]},
								"up": {"uv": [53, 10], "uv_size": [3, 3]},
								"down": {"uv": [53, 16], "uv_size": [3, -3]}
							}
						},
						{
							"origin": [1, 2, -6],
							"size": [5, 2, 5],
							"uv": {
								"north": {"uv": [23, 49], "uv_size": [5, 2]},
								"east": {"uv": [49, 24], "uv_size": [5, 2]},
								"south": {"uv": [49, 26], "uv_size": [5, 2]},
								"west": {"uv": [49, 28], "uv_size": [5, 2]},
								"up": {"uv": [32, 29], "uv_size": [5, 5]},
								"down": {"uv": [0, 39], "uv_size": [5, -5]}
							}
						},
						{
							"origin": [1, 2, 1],
							"size": [5, 2, 5],
							"uv": {
								"north": {"uv": [48, 16], "uv_size": [5, 2]},
								"east": {"uv": [48, 18], "uv_size": [5, 2]},
								"south": {"uv": [48, 20], "uv_size": [5, 2]},
								"west": {"uv": [49, 22], "uv_size": [5, 2]},
								"up": {"uv": [32, 24], "uv_size": [5, 5]},
								"down": {"uv": [26, 37], "uv_size": [5, -5]}
							}
						},
						{
							"origin": [-6, 12, 1],
							"size": [5, 2, 5],
							"uv": {
								"north": {"uv": [50, 44], "uv_size": [5, 2]},
								"east": {"uv": [50, 46], "uv_size": [5, 2]},
								"south": {"uv": [50, 48], "uv_size": [5, 2]},
								"west": {"uv": [50, 50], "uv_size": [5, 2]},
								"up": {"uv": [37, 14], "uv_size": [5, 5]},
								"down": {"uv": [15, 42], "uv_size": [5, -5]}
							}
						},
						{
							"origin": [-6, 12, -6],
							"size": [5, 2, 5],
							"uv": {
								"north": {"uv": [0, 51], "uv_size": [5, 2]},
								"east": {"uv": [5, 51], "uv_size": [5, 2]},
								"south": {"uv": [19, 51], "uv_size": [5, 2]},
								"west": {"uv": [24, 51], "uv_size": [5, 2]},
								"up": {"uv": [37, 19], "uv_size": [5, 5]},
								"down": {"uv": [20, 42], "uv_size": [5, -5]}
							}
						},
						{
							"origin": [1, 12, -6],
							"size": [5, 2, 5],
							"uv": {
								"north": {"uv": [50, 36], "uv_size": [5, 2]},
								"east": {"uv": [50, 38], "uv_size": [5, 2]},
								"south": {"uv": [50, 40], "uv_size": [5, 2]},
								"west": {"uv": [50, 42], "uv_size": [5, 2]},
								"up": {"uv": [31, 34], "uv_size": [5, 5]},
								"down": {"uv": [36, 39], "uv_size": [5, -5]}
							}
						},
						{
							"origin": [1, 12, 1],
							"size": [5, 2, 5],
							"uv": {
								"north": {"uv": [14, 50], "uv_size": [5, 2]},
								"east": {"uv": [50, 30], "uv_size": [5, 2]},
								"south": {"uv": [50, 32], "uv_size": [5, 2]},
								"west": {"uv": [50, 34], "uv_size": [5, 2]},
								"up": {"uv": [5, 34], "uv_size": [5, 5]},
								"down": {"uv": [10, 39], "uv_size": [5, -5]}
							}
						},
						{
							"origin": [-8, 2, -8],
							"size": [2, 12, 2],
							"uv": {
								"north": {"uv": [25, 37], "uv_size": [2, 12]},
								"east": {"uv": [27, 37], "uv_size": [2, 12]},
								"south": {"uv": [29, 37], "uv_size": [2, 12]},
								"west": {"uv": [0, 39], "uv_size": [2, 12]},
								"up": {"uv": [37, 32], "uv_size": [2, 2]},
								"down": {"uv": [23, 44], "uv_size": [2, -2]}
							}
						},
						{
							"origin": [6, 2, 6],
							"size": [2, 12, 2],
							"uv": {
								"north": {"uv": [35, 39], "uv_size": [2, 12]},
								"east": {"uv": [37, 39], "uv_size": [2, 12]},
								"south": {"uv": [39, 39], "uv_size": [2, 12]},
								"west": {"uv": [41, 24], "uv_size": [2, 12]},
								"up": {"uv": [23, 56], "uv_size": [2, 2]},
								"down": {"uv": [56, 26], "uv_size": [2, -2]}
							}
						},
						{
							"origin": [-8, 2, 6],
							"size": [2, 12, 2],
							"uv": {
								"north": {"uv": [10, 39], "uv_size": [2, 12]},
								"east": {"uv": [12, 39], "uv_size": [2, 12]},
								"south": {"uv": [31, 39], "uv_size": [2, 12]},
								"west": {"uv": [33, 39], "uv_size": [2, 12]},
								"up": {"uv": [54, 8], "uv_size": [2, 2]},
								"down": {"uv": [21, 58], "uv_size": [2, -2]}
							}
						},
						{
							"origin": [6, 2, -8],
							"size": [2, 12, 2],
							"uv": {
								"north": {"uv": [2, 39], "uv_size": [2, 12]},
								"east": {"uv": [4, 39], "uv_size": [2, 12]},
								"south": {"uv": [6, 39], "uv_size": [2, 12]},
								"west": {"uv": [8, 39], "uv_size": [2, 12]},
								"up": {"uv": [23, 44], "uv_size": [2, 2]},
								"down": {"uv": [23, 48], "uv_size": [2, -2]}
							}
						},
						{
							"origin": [6.5, 3, -5],
							"size": [0.7, 10, 10],
							"uv": {
								"west": {"uv": [43, 58], "uv_size": [10, 10]}
							}
						},
						{
							"origin": [6.5, 3, -5],
							"size": [0.7, 10, 10],
							"pivot": [0, 0, 0],
							"rotation": [0, -90, 0],
							"uv": {
								"west": {"uv": [43, 58], "uv_size": [10, 10]}
							}
						},
						{
							"origin": [6.5, 3, -5],
							"size": [0.7, 10, 10],
							"pivot": [0, 0, 0],
							"rotation": [-180, 0, 180],
							"uv": {
								"west": {"uv": [43, 58], "uv_size": [10, 10]}
							}
						},
						{
							"origin": [6.5, 3, -5],
							"size": [0.7, 10, 10],
							"pivot": [0, 0, 0],
							"rotation": [0, 90, 0],
							"uv": {
								"west": {"uv": [43, 58], "uv_size": [10, 10]}
							}
						},
						{
							"origin": [-8, 14, -8],
							"size": [16, 2, 16],
							"uv": {
								"north": {"uv": [32, 6], "uv_size": [16, 2]},
								"east": {"uv": [32, 8], "uv_size": [16, 2]},
								"south": {"uv": [32, 10], "uv_size": [16, 2]},
								"west": {"uv": [32, 12], "uv_size": [16, 2]},
								"up": {"uv": [16, 0], "uv_size": [16, 16]},
								"down": {"uv": [16, 32], "uv_size": [16, -16]}
							}
						},
						{
							"origin": [-8, 0, -8],
							"size": [16, 2, 16],
							"uv": {
								"north": {"uv": [32, 8], "uv_size": [16, -2]},
								"east": {"uv": [32, 10], "uv_size": [16, -2]},
								"south": {"uv": [32, 12], "uv_size": [16, -2]},
								"west": {"uv": [32, 14], "uv_size": [16, -2]},
								"up": {"uv": [16, 16], "uv_size": [16, 16]},
								"down": {"uv": [16, 16], "uv_size": [16, -16]}
							}
						}
					]
				},
				{
					"name": "bone",
					"pivot": [7, 2, -7],
					"cubes": [
						{
							"origin": [2.5, 5, -4.5],
							"size": [2, 6, 2],
							"uv": {
								"north": {"uv": [44, 38], "uv_size": [3, 8]},
								"east": {"uv": [41, 44], "uv_size": [3, 8]},
								"south": {"uv": [45, 14], "uv_size": [3, 8]},
								"west": {"uv": [46, 22], "uv_size": [3, 8]},
								"up": {"uv": [53, 16], "uv_size": [3, 3]},
								"down": {"uv": [19, 56], "uv_size": [3, -3]}
							}
						},
						{
							"origin": [2.5, 5, 2.5],
							"size": [2, 6, 2],
							"uv": {
								"north": {"uv": [44, 38], "uv_size": [3, 8]},
								"east": {"uv": [41, 44], "uv_size": [3, 8]},
								"south": {"uv": [45, 14], "uv_size": [3, 8]},
								"west": {"uv": [46, 22], "uv_size": [3, 8]},
								"up": {"uv": [53, 16], "uv_size": [3, 3]},
								"down": {"uv": [19, 56], "uv_size": [3, -3]}
							}
						},
						{
							"origin": [-4.5, 5, 2.5],
							"size": [2, 6, 2],
							"uv": {
								"north": {"uv": [44, 38], "uv_size": [3, 8]},
								"east": {"uv": [41, 44], "uv_size": [3, 8]},
								"south": {"uv": [45, 14], "uv_size": [3, 8]},
								"west": {"uv": [46, 22], "uv_size": [3, 8]},
								"up": {"uv": [53, 16], "uv_size": [3, 3]},
								"down": {"uv": [19, 56], "uv_size": [3, -3]}
							}
						},
						{
							"origin": [-4.5, 5, -4.5],
							"size": [2, 6, 2],
							"uv": {
								"north": {"uv": [44, 38], "uv_size": [3, 8]},
								"east": {"uv": [41, 44], "uv_size": [3, 8]},
								"south": {"uv": [45, 14], "uv_size": [3, 8]},
								"west": {"uv": [46, 22], "uv_size": [3, 8]},
								"up": {"uv": [53, 16], "uv_size": [3, 3]},
								"down": {"uv": [19, 56], "uv_size": [3, -3]}
							}
						}
					]
				},
				{
					"name": "bone5",
					"pivot": [0, 0, 0],
					"rotation": [0, 90, 0],
					"cubes": [
						{
							"origin": [-6, 12, -8],
							"size": [2, 2, 2],
							"uv": {
								"north": {"uv": [58, 58], "uv_size": [2, 2]},
								"east": {"uv": [59, 0], "uv_size": [2, 2]},
								"south": {"uv": [59, 2], "uv_size": [2, 2]},
								"west": {"uv": [59, 4], "uv_size": [2, 2]},
								"up": {"uv": [59, 6], "uv_size": [2, 2]},
								"down": {"uv": [59, 10], "uv_size": [2, -2]}
							}
						},
						{
							"origin": [-6, 3, -7.5],
							"size": [1, 10, 1],
							"uv": {
								"north": {"uv": [40, 51], "uv_size": [1, 10]},
								"east": {"uv": [14, 52], "uv_size": [1, 10]},
								"south": {"uv": [15, 52], "uv_size": [1, 10]},
								"west": {"uv": [16, 52], "uv_size": [1, 10]},
								"up": {"uv": [43, 34], "uv_size": [1, 1]},
								"down": {"uv": [43, 36], "uv_size": [1, -1]}
							}
						},
						{
							"origin": [-6, 2, -8],
							"size": [2, 2, 2],
							"uv": {
								"north": {"uv": [59, 10], "uv_size": [2, 2]},
								"east": {"uv": [59, 12], "uv_size": [2, 2]},
								"south": {"uv": [59, 14], "uv_size": [2, 2]},
								"west": {"uv": [59, 16], "uv_size": [2, 2]},
								"up": {"uv": [59, 18], "uv_size": [2, 2]},
								"down": {"uv": [59, 22], "uv_size": [2, -2]}
							}
						},
						{
							"origin": [-0.5, -1.5, -7.5],
							"size": [1, 8, 1],
							"pivot": [0, 2.5, -7],
							"rotation": [0, 0, 90],
							"uv": {
								"north": {"uv": [55, 22], "uv_size": [1, 8]},
								"east": {"uv": [55, 30], "uv_size": [1, 8]},
								"south": {"uv": [55, 38], "uv_size": [1, 8]},
								"west": {"uv": [55, 46], "uv_size": [1, 8]},
								"up": {"uv": [23, 48], "uv_size": [1, 1]},
								"down": {"uv": [24, 49], "uv_size": [1, -1]}
							}
						},
						{
							"origin": [4, 2, -8],
							"size": [2, 2, 2],
							"uv": {
								"north": {"uv": [59, 22], "uv_size": [2, 2]},
								"east": {"uv": [29, 59], "uv_size": [2, 2]},
								"south": {"uv": [21, 60], "uv_size": [2, 2]},
								"west": {"uv": [23, 60], "uv_size": [2, 2]},
								"up": {"uv": [60, 24], "uv_size": [2, 2]},
								"down": {"uv": [60, 28], "uv_size": [2, -2]}
							}
						},
						{
							"origin": [5, 3, -7.5],
							"size": [1, 10, 1],
							"uv": {
								"north": {"uv": [17, 52], "uv_size": [1, 10]},
								"east": {"uv": [18, 52], "uv_size": [1, 10]},
								"south": {"uv": [41, 52], "uv_size": [1, 10]},
								"west": {"uv": [42, 52], "uv_size": [1, 10]},
								"up": {"uv": [28, 49], "uv_size": [1, 1]},
								"down": {"uv": [19, 51], "uv_size": [1, -1]}
							}
						},
						{
							"origin": [4, 12, -8],
							"size": [2, 2, 2],
							"uv": {
								"north": {"uv": [60, 28], "uv_size": [2, 2]},
								"east": {"uv": [60, 30], "uv_size": [2, 2]},
								"south": {"uv": [60, 32], "uv_size": [2, 2]},
								"west": {"uv": [60, 34], "uv_size": [2, 2]},
								"up": {"uv": [60, 36], "uv_size": [2, 2]},
								"down": {"uv": [60, 40], "uv_size": [2, -2]}
							}
						},
						{
							"origin": [-0.5, 9.5, -7.5],
							"size": [1, 8, 1],
							"pivot": [0, 13.5, -7],
							"rotation": [0, 0, 90],
							"uv": {
								"north": {"uv": [55, 54], "uv_size": [1, 8]},
								"east": {"uv": [56, 0], "uv_size": [1, 8]},
								"south": {"uv": [3, 56], "uv_size": [1, 8]},
								"west": {"uv": [4, 56], "uv_size": [1, 8]},
								"up": {"uv": [20, 50], "uv_size": [1, 1]},
								"down": {"uv": [21, 51], "uv_size": [1, -1]}
							}
						}
					]
				},
				{
					"name": "bone4",
					"pivot": [0, 0, 0],
					"rotation": [0, 0, 0],
					"cubes": [
						{
							"origin": [-6, 12, -8],
							"size": [2, 2, 2],
							"uv": {
								"north": {"uv": [58, 58], "uv_size": [2, 2]},
								"east": {"uv": [59, 0], "uv_size": [2, 2]},
								"south": {"uv": [59, 2], "uv_size": [2, 2]},
								"west": {"uv": [59, 4], "uv_size": [2, 2]},
								"up": {"uv": [59, 6], "uv_size": [2, 2]},
								"down": {"uv": [59, 10], "uv_size": [2, -2]}
							}
						},
						{
							"origin": [-6, 3, -7.5],
							"size": [1, 10, 1],
							"uv": {
								"north": {"uv": [40, 51], "uv_size": [1, 10]},
								"east": {"uv": [14, 52], "uv_size": [1, 10]},
								"south": {"uv": [15, 52], "uv_size": [1, 10]},
								"west": {"uv": [16, 52], "uv_size": [1, 10]},
								"up": {"uv": [43, 34], "uv_size": [1, 1]},
								"down": {"uv": [43, 36], "uv_size": [1, -1]}
							}
						},
						{
							"origin": [-6, 2, -8],
							"size": [2, 2, 2],
							"uv": {
								"north": {"uv": [59, 10], "uv_size": [2, 2]},
								"east": {"uv": [59, 12], "uv_size": [2, 2]},
								"south": {"uv": [59, 14], "uv_size": [2, 2]},
								"west": {"uv": [59, 16], "uv_size": [2, 2]},
								"up": {"uv": [59, 18], "uv_size": [2, 2]},
								"down": {"uv": [59, 22], "uv_size": [2, -2]}
							}
						},
						{
							"origin": [-0.5, -1.5, -7.5],
							"size": [1, 8, 1],
							"pivot": [0, 2.5, -7],
							"rotation": [0, 0, 90],
							"uv": {
								"north": {"uv": [55, 22], "uv_size": [1, 8]},
								"east": {"uv": [55, 30], "uv_size": [1, 8]},
								"south": {"uv": [55, 38], "uv_size": [1, 8]},
								"west": {"uv": [55, 46], "uv_size": [1, 8]},
								"up": {"uv": [23, 48], "uv_size": [1, 1]},
								"down": {"uv": [24, 49], "uv_size": [1, -1]}
							}
						},
						{
							"origin": [4, 2, -8],
							"size": [2, 2, 2],
							"uv": {
								"north": {"uv": [59, 22], "uv_size": [2, 2]},
								"east": {"uv": [29, 59], "uv_size": [2, 2]},
								"south": {"uv": [21, 60], "uv_size": [2, 2]},
								"west": {"uv": [23, 60], "uv_size": [2, 2]},
								"up": {"uv": [60, 24], "uv_size": [2, 2]},
								"down": {"uv": [60, 28], "uv_size": [2, -2]}
							}
						},
						{
							"origin": [5, 3, -7.5],
							"size": [1, 10, 1],
							"uv": {
								"north": {"uv": [17, 52], "uv_size": [1, 10]},
								"east": {"uv": [18, 52], "uv_size": [1, 10]},
								"south": {"uv": [41, 52], "uv_size": [1, 10]},
								"west": {"uv": [42, 52], "uv_size": [1, 10]},
								"up": {"uv": [28, 49], "uv_size": [1, 1]},
								"down": {"uv": [19, 51], "uv_size": [1, -1]}
							}
						},
						{
							"origin": [4, 12, -8],
							"size": [2, 2, 2],
							"uv": {
								"north": {"uv": [60, 28], "uv_size": [2, 2]},
								"east": {"uv": [60, 30], "uv_size": [2, 2]},
								"south": {"uv": [60, 32], "uv_size": [2, 2]},
								"west": {"uv": [60, 34], "uv_size": [2, 2]},
								"up": {"uv": [60, 36], "uv_size": [2, 2]},
								"down": {"uv": [60, 40], "uv_size": [2, -2]}
							}
						},
						{
							"origin": [-0.5, 9.5, -7.5],
							"size": [1, 8, 1],
							"pivot": [0, 13.5, -7],
							"rotation": [0, 0, 90],
							"uv": {
								"north": {"uv": [55, 54], "uv_size": [1, 8]},
								"east": {"uv": [56, 0], "uv_size": [1, 8]},
								"south": {"uv": [3, 56], "uv_size": [1, 8]},
								"west": {"uv": [4, 56], "uv_size": [1, 8]},
								"up": {"uv": [20, 50], "uv_size": [1, 1]},
								"down": {"uv": [21, 51], "uv_size": [1, -1]}
							}
						}
					]
				},
				{
					"name": "bone2",
					"pivot": [0, 0, 0],
					"rotation": [0, -90, 0],
					"cubes": [
						{
							"origin": [-6, 12, -8],
							"size": [2, 2, 2],
							"uv": {
								"north": {"uv": [58, 58], "uv_size": [2, 2]},
								"east": {"uv": [59, 0], "uv_size": [2, 2]},
								"south": {"uv": [59, 2], "uv_size": [2, 2]},
								"west": {"uv": [59, 4], "uv_size": [2, 2]},
								"up": {"uv": [59, 6], "uv_size": [2, 2]},
								"down": {"uv": [59, 10], "uv_size": [2, -2]}
							}
						},
						{
							"origin": [-6, 3, -7.5],
							"size": [1, 10, 1],
							"uv": {
								"north": {"uv": [40, 51], "uv_size": [1, 10]},
								"east": {"uv": [14, 52], "uv_size": [1, 10]},
								"south": {"uv": [15, 52], "uv_size": [1, 10]},
								"west": {"uv": [16, 52], "uv_size": [1, 10]},
								"up": {"uv": [43, 34], "uv_size": [1, 1]},
								"down": {"uv": [43, 36], "uv_size": [1, -1]}
							}
						},
						{
							"origin": [-6, 2, -8],
							"size": [2, 2, 2],
							"uv": {
								"north": {"uv": [59, 10], "uv_size": [2, 2]},
								"east": {"uv": [59, 12], "uv_size": [2, 2]},
								"south": {"uv": [59, 14], "uv_size": [2, 2]},
								"west": {"uv": [59, 16], "uv_size": [2, 2]},
								"up": {"uv": [59, 18], "uv_size": [2, 2]},
								"down": {"uv": [59, 22], "uv_size": [2, -2]}
							}
						},
						{
							"origin": [-0.5, -1.5, -7.5],
							"size": [1, 8, 1],
							"pivot": [0, 2.5, -7],
							"rotation": [0, 0, 90],
							"uv": {
								"north": {"uv": [55, 22], "uv_size": [1, 8]},
								"east": {"uv": [55, 30], "uv_size": [1, 8]},
								"south": {"uv": [55, 38], "uv_size": [1, 8]},
								"west": {"uv": [55, 46], "uv_size": [1, 8]},
								"up": {"uv": [23, 48], "uv_size": [1, 1]},
								"down": {"uv": [24, 49], "uv_size": [1, -1]}
							}
						},
						{
							"origin": [4, 2, -8],
							"size": [2, 2, 2],
							"uv": {
								"north": {"uv": [59, 22], "uv_size": [2, 2]},
								"east": {"uv": [29, 59], "uv_size": [2, 2]},
								"south": {"uv": [21, 60], "uv_size": [2, 2]},
								"west": {"uv": [23, 60], "uv_size": [2, 2]},
								"up": {"uv": [60, 24], "uv_size": [2, 2]},
								"down": {"uv": [60, 28], "uv_size": [2, -2]}
							}
						},
						{
							"origin": [5, 3, -7.5],
							"size": [1, 10, 1],
							"uv": {
								"north": {"uv": [17, 52], "uv_size": [1, 10]},
								"east": {"uv": [18, 52], "uv_size": [1, 10]},
								"south": {"uv": [41, 52], "uv_size": [1, 10]},
								"west": {"uv": [42, 52], "uv_size": [1, 10]},
								"up": {"uv": [28, 49], "uv_size": [1, 1]},
								"down": {"uv": [19, 51], "uv_size": [1, -1]}
							}
						},
						{
							"origin": [4, 12, -8],
							"size": [2, 2, 2],
							"uv": {
								"north": {"uv": [60, 28], "uv_size": [2, 2]},
								"east": {"uv": [60, 30], "uv_size": [2, 2]},
								"south": {"uv": [60, 32], "uv_size": [2, 2]},
								"west": {"uv": [60, 34], "uv_size": [2, 2]},
								"up": {"uv": [60, 36], "uv_size": [2, 2]},
								"down": {"uv": [60, 40], "uv_size": [2, -2]}
							}
						},
						{
							"origin": [-0.5, 9.5, -7.5],
							"size": [1, 8, 1],
							"pivot": [0, 13.5, -7],
							"rotation": [0, 0, 90],
							"uv": {
								"north": {"uv": [55, 54], "uv_size": [1, 8]},
								"east": {"uv": [56, 0], "uv_size": [1, 8]},
								"south": {"uv": [3, 56], "uv_size": [1, 8]},
								"west": {"uv": [4, 56], "uv_size": [1, 8]},
								"up": {"uv": [20, 50], "uv_size": [1, 1]},
								"down": {"uv": [21, 51], "uv_size": [1, -1]}
							}
						}
					]
				},
				{
					"name": "bone3",
					"pivot": [0, 0, 0],
					"rotation": [-180, 0, 180],
					"cubes": [
						{
							"origin": [-6, 12, -8],
							"size": [2, 2, 2],
							"uv": {
								"north": {"uv": [58, 58], "uv_size": [2, 2]},
								"east": {"uv": [59, 0], "uv_size": [2, 2]},
								"south": {"uv": [59, 2], "uv_size": [2, 2]},
								"west": {"uv": [59, 4], "uv_size": [2, 2]},
								"up": {"uv": [59, 6], "uv_size": [2, 2]},
								"down": {"uv": [59, 10], "uv_size": [2, -2]}
							}
						},
						{
							"origin": [-6, 3, -7.5],
							"size": [1, 10, 1],
							"uv": {
								"north": {"uv": [40, 51], "uv_size": [1, 10]},
								"east": {"uv": [14, 52], "uv_size": [1, 10]},
								"south": {"uv": [15, 52], "uv_size": [1, 10]},
								"west": {"uv": [16, 52], "uv_size": [1, 10]},
								"up": {"uv": [43, 34], "uv_size": [1, 1]},
								"down": {"uv": [43, 36], "uv_size": [1, -1]}
							}
						},
						{
							"origin": [-6, 2, -8],
							"size": [2, 2, 2],
							"uv": {
								"north": {"uv": [59, 10], "uv_size": [2, 2]},
								"east": {"uv": [59, 12], "uv_size": [2, 2]},
								"south": {"uv": [59, 14], "uv_size": [2, 2]},
								"west": {"uv": [59, 16], "uv_size": [2, 2]},
								"up": {"uv": [59, 18], "uv_size": [2, 2]},
								"down": {"uv": [59, 22], "uv_size": [2, -2]}
							}
						},
						{
							"origin": [-0.5, -1.5, -7.5],
							"size": [1, 8, 1],
							"pivot": [0, 2.5, -7],
							"rotation": [0, 0, 90],
							"uv": {
								"north": {"uv": [55, 22], "uv_size": [1, 8]},
								"east": {"uv": [55, 30], "uv_size": [1, 8]},
								"south": {"uv": [55, 38], "uv_size": [1, 8]},
								"west": {"uv": [55, 46], "uv_size": [1, 8]},
								"up": {"uv": [23, 48], "uv_size": [1, 1]},
								"down": {"uv": [24, 49], "uv_size": [1, -1]}
							}
						},
						{
							"origin": [4, 2, -8],
							"size": [2, 2, 2],
							"uv": {
								"north": {"uv": [59, 22], "uv_size": [2, 2]},
								"east": {"uv": [29, 59], "uv_size": [2, 2]},
								"south": {"uv": [21, 60], "uv_size": [2, 2]},
								"west": {"uv": [23, 60], "uv_size": [2, 2]},
								"up": {"uv": [60, 24], "uv_size": [2, 2]},
								"down": {"uv": [60, 28], "uv_size": [2, -2]}
							}
						},
						{
							"origin": [5, 3, -7.5],
							"size": [1, 10, 1],
							"uv": {
								"north": {"uv": [17, 52], "uv_size": [1, 10]},
								"east": {"uv": [18, 52], "uv_size": [1, 10]},
								"south": {"uv": [41, 52], "uv_size": [1, 10]},
								"west": {"uv": [42, 52], "uv_size": [1, 10]},
								"up": {"uv": [28, 49], "uv_size": [1, 1]},
								"down": {"uv": [19, 51], "uv_size": [1, -1]}
							}
						},
						{
							"origin": [4, 12, -8],
							"size": [2, 2, 2],
							"uv": {
								"north": {"uv": [60, 28], "uv_size": [2, 2]},
								"east": {"uv": [60, 30], "uv_size": [2, 2]},
								"south": {"uv": [60, 32], "uv_size": [2, 2]},
								"west": {"uv": [60, 34], "uv_size": [2, 2]},
								"up": {"uv": [60, 36], "uv_size": [2, 2]},
								"down": {"uv": [60, 40], "uv_size": [2, -2]}
							}
						},
						{
							"origin": [-0.5, 9.5, -7.5],
							"size": [1, 8, 1],
							"pivot": [0, 13.5, -7],
							"rotation": [0, 0, 90],
							"uv": {
								"north": {"uv": [55, 54], "uv_size": [1, 8]},
								"east": {"uv": [56, 0], "uv_size": [1, 8]},
								"south": {"uv": [3, 56], "uv_size": [1, 8]},
								"west": {"uv": [4, 56], "uv_size": [1, 8]},
								"up": {"uv": [20, 50], "uv_size": [1, 1]},
								"down": {"uv": [21, 51], "uv_size": [1, -1]}
							}
						}
					]
				},
				{
					"name": "bone6",
					"pivot": [0, 0, 0]
				}
			]
		}
	]
}