{
	"format_version": "1.12.0",
	"minecraft:geometry": [
		{
			"description": {
				"identifier": "geometry.unknown",
				"texture_width": 256,
				"texture_height": 256,
				"visible_bounds_width": 4,
				"visible_bounds_height": 3.5,
				"visible_bounds_offset": [0, 1.25, 0]
			},
			"bones": [
				{
					"name": "bb_main",
					"pivot": [0, 0, 0],
					"cubes": [
						{
							"origin": [-8, 16, -8.2],
							"size": [16, 1, 16.2],
							"inflate": -0.001,
							"uv": {
								"north": {"uv": [126, 45], "uv_size": [32, 1]},
								"east": {"uv": [126, 47], "uv_size": [16, 1]},
								"south": {"uv": [126, 46], "uv_size": [32, 1]},
								"west": {"uv": [64, 130], "uv_size": [16, 1]},
								"up": {"uv": [167, 105], "uv_size": [32, 16]},
								"down": {"uv": [109, 183], "uv_size": [32, -16]}
							}
						},
						{
							"origin": [-8, 15, -8.2],
							"size": [1, 17, 16.2],
							"uv": {
								"north": {"uv": [41, 144], "uv_size": [2, 16]},
								"east": {"uv": [0, 100], "uv_size": [16, 16]},
								"south": {"uv": [39, 144], "uv_size": [2, 16]},
								"west": {"uv": [98, 96], "uv_size": [16, 16]},
								"up": {"uv": [45, 160], "uv_size": [-2, -16]},
								"down": {"uv": [47, 144], "uv_size": [-2, 16]}
							}
						}
					]
				},
				{
					"name": "all",
					"pivot": [0, 0, 0],
					"rotation": [-180, 0, 180],
					"cubes": [
						{
							"origin": [-8, 16, -8],
							"size": [1, 16, 16.2],
							"uv": {
								"north": {"uv": [41, 144], "uv_size": [2, 16]},
								"east": {"uv": [0, 100], "uv_size": [16, 16]},
								"south": {"uv": [39, 144], "uv_size": [2, 16]},
								"west": {"uv": [98, 96], "uv_size": [16, 16]},
								"up": {"uv": [45, 160], "uv_size": [-2, -16]},
								"down": {"uv": [47, 144], "uv_size": [-2, 16]}
							}
						},
						{
							"origin": [-2, 16.35685, 8.55587],
							"size": [4, 1.6, 10.6],
							"pivot": [0, 17.15685, 9.55587],
							"rotation": [-90, 0, 0],
							"uv": {
								"north": {"uv": [154, 133], "uv_size": [4, 2]},
								"east": {"uv": [148, 57], "uv_size": [11, 2]},
								"south": {"uv": [154, 135], "uv_size": [4, 2]},
								"west": {"uv": [148, 59], "uv_size": [11, 2]},
								"up": {"uv": [51, 141], "uv_size": [4, 11]},
								"down": {"uv": [64, 153], "uv_size": [4, -11]}
							}
						},
						{
							"origin": [-2, 7.55685, 8.75587],
							"size": [4, 1.795, 3.87558],
							"uv": {
								"north": {"uv": [154, 137], "uv_size": [4, 2]},
								"east": {"uv": [154, 151], "uv_size": [4, 2]},
								"south": {"uv": [154, 153], "uv_size": [4, 2]},
								"west": {"uv": [72, 155], "uv_size": [4, 2]},
								"up": {"uv": [108, 86], "uv_size": [4, 4]},
								"down": {"uv": [112, 132], "uv_size": [4, -4]}
							}
						},
						{
							"origin": [1, 9.89307, 9.79987],
							"size": [1, 1.39165, 5.95262],
							"pivot": [0, 10.58472, 12.79987],
							"rotation": [-80, 0, 0],
							"uv": {
								"north": {"uv": [164, 137], "uv_size": [1, 1]},
								"east": {"uv": [158, 136], "uv_size": [6, 1]},
								"south": {"uv": [164, 138], "uv_size": [1, 1]},
								"west": {"uv": [158, 137], "uv_size": [6, 1]},
								"up": {"uv": [59, 157], "uv_size": [1, 6]},
								"down": {"uv": [60, 163], "uv_size": [1, -6]}
							}
						},
						{
							"origin": [-2, 9.89307, 9.79987],
							"size": [1, 1.39165, 5.95262],
							"pivot": [0, 10.58472, 12.79987],
							"rotation": [-80, 0, 0],
							"uv": {
								"north": {"uv": [164, 144], "uv_size": [1, 1]},
								"east": {"uv": [158, 138], "uv_size": [6, 1]},
								"south": {"uv": [164, 145], "uv_size": [1, 1]},
								"west": {"uv": [158, 146], "uv_size": [6, 1]},
								"up": {"uv": [64, 157], "uv_size": [1, 6]},
								"down": {"uv": [65, 163], "uv_size": [1, -6]}
							}
						},
						{
							"origin": [5.4, 16, 6.1],
							"size": [2.5, 15, 0.6],
							"uv": {
								"north": {"uv": [12, 116], "uv_size": [3, 16]},
								"east": {"uv": [15, 116], "uv_size": [1, 16]},
								"south": {"uv": [136, 140], "uv_size": [3, 16]},
								"west": {"uv": [103, 145], "uv_size": [1, 16]},
								"up": {"uv": [163, 109], "uv_size": [3, 1]},
								"down": {"uv": [163, 111], "uv_size": [3, -1]}
							}
						},
						{
							"origin": [6.4, 27, 6.1],
							"size": [1.6, 5, 0.6],
							"inflate": 0.001,
							"pivot": [7, 27, -6],
							"rotation": [0, 0, -45],
							"uv": {
								"north": {"uv": [3, 152], "uv_size": [3, 5]},
								"east": {"uv": [92, 161], "uv_size": [1, 5]},
								"south": {"uv": [51, 152], "uv_size": [3, 5]},
								"west": {"uv": [93, 161], "uv_size": [1, 5]},
								"up": {"uv": [163, 113], "uv_size": [3, 1]},
								"down": {"uv": [163, 115], "uv_size": [3, -1]}
							}
						},
						{
							"origin": [5.7, 27, 6.1],
							"size": [0.3, 1, 0.6],
							"inflate": 0.001,
							"pivot": [5, 25, -6],
							"rotation": [0, 0, -45],
							"uv": {
								"south": {"uv": [64, 5], "uv_size": [3, 5]}
							}
						},
						{
							"origin": [5.2, 28, 6.1],
							"size": [0.3, 1, 0.6],
							"inflate": 0.001,
							"pivot": [5.5, 25, -6],
							"rotation": [0, 0, -45],
							"uv": {
								"south": {"uv": [64, 5], "uv_size": [3, 5]}
							}
						},
						{
							"origin": [-0.8, 19, 6.1],
							"size": [0.3, 1, 0.6],
							"inflate": 0.001,
							"pivot": [-1.5, 17, -6],
							"rotation": [0, 0, -45],
							"uv": {
								"south": {"uv": [64, 5], "uv_size": [3, 5]}
							}
						},
						{
							"origin": [-1.3, 20, 6.1],
							"size": [0.3, 1, 0.6],
							"inflate": 0.001,
							"pivot": [-1, 17, -6],
							"rotation": [0, 0, -45],
							"uv": {
								"south": {"uv": [64, 5], "uv_size": [3, 5]}
							}
						},
						{
							"origin": [-8, 15, 6.1],
							"size": [1.6, 5, 0.6],
							"inflate": 0.001,
							"pivot": [-8, 20, -6],
							"rotation": [0, 0, -45],
							"uv": {
								"north": {"uv": [6, 153], "uv_size": [3, 5]},
								"east": {"uv": [112, 161], "uv_size": [1, 5]},
								"south": {"uv": [9, 153], "uv_size": [3, 5]},
								"west": {"uv": [113, 161], "uv_size": [1, 5]},
								"up": {"uv": [163, 119], "uv_size": [3, 1]},
								"down": {"uv": [163, 121], "uv_size": [3, -1]}
							}
						},
						{
							"origin": [6.4, 15, 6.1],
							"size": [1.6, 5, 0.6],
							"inflate": 0.001,
							"pivot": [8, 20, -6],
							"rotation": [0, 0, 45],
							"uv": {
								"north": {"uv": [9, 153], "uv_size": [-3, 5]},
								"east": {"uv": [114, 161], "uv_size": [-1, 5]},
								"south": {"uv": [12, 153], "uv_size": [-3, 5]},
								"west": {"uv": [113, 161], "uv_size": [-1, 5]},
								"up": {"uv": [166, 119], "uv_size": [-3, 1]},
								"down": {"uv": [166, 121], "uv_size": [-3, -1]}
							}
						},
						{
							"origin": [-8, 27, 6.1],
							"size": [1.6, 5, 0.6],
							"inflate": 0.001,
							"pivot": [-7, 27, -6],
							"rotation": [0, 0, 45],
							"uv": {
								"north": {"uv": [76, 152], "uv_size": [3, 5]},
								"east": {"uv": [94, 161], "uv_size": [1, 5]},
								"south": {"uv": [79, 152], "uv_size": [3, 5]},
								"west": {"uv": [95, 161], "uv_size": [1, 5]},
								"up": {"uv": [163, 115], "uv_size": [3, 1]},
								"down": {"uv": [163, 117], "uv_size": [3, -1]}
							}
						},
						{
							"origin": [-7.9, 16, 6.1],
							"size": [2.5, 15, 0.6],
							"uv": {
								"north": {"uv": [139, 140], "uv_size": [3, 16]},
								"east": {"uv": [62, 146], "uv_size": [1, 16]},
								"south": {"uv": [32, 141], "uv_size": [3, 16]},
								"west": {"uv": [63, 146], "uv_size": [1, 16]},
								"up": {"uv": [163, 111], "uv_size": [3, 1]},
								"down": {"uv": [163, 113], "uv_size": [3, -1]}
							}
						},
						{
							"origin": [-7.9, 14, -6.2],
							"size": [15.8, 18, 0.2],
							"inflate": -0.002,
							"uv": {
								"north": {"uv": [32, 0], "uv_size": [32, 18]},
								"east": {"uv": [111, 144], "uv_size": [1, 18]},
								"south": {"uv": [32, 18], "uv_size": [32, 18]},
								"west": {"uv": [102, 145], "uv_size": [1, 18]},
								"up": {"uv": [144, 142], "uv_size": [32, 1]},
								"down": {"uv": [144, 144], "uv_size": [32, -1]}
							}
						},
						{
							"origin": [-8, 30, -8],
							"size": [16, 2, 16.2],
							"inflate": -0.001,
							"uv": {
								"north": {"uv": [136, 4], "uv_size": [32, 2]},
								"east": {"uv": [144, 13], "uv_size": [16, 2]},
								"south": {"uv": [136, 6], "uv_size": [32, 2]},
								"west": {"uv": [72, 144], "uv_size": [16, 2]},
								"up": {"uv": [66, 32], "uv_size": [32, 16]},
								"down": {"uv": [66, 64], "uv_size": [32, -16]}
							}
						},
						{
							"origin": [-7, 16, 5.8],
							"size": [1, 15, 1.2],
							"inflate": 0.001,
							"uv": {
								"north": {"uv": [78, 167], "uv_size": [3, 16]},
								"east": {"uv": [86, 167], "uv_size": [1, 16]},
								"south": {"uv": [81, 167], "uv_size": [3, 16]},
								"west": {"uv": [87, 167], "uv_size": [1, 16]},
								"up": {"uv": [96, 167], "uv_size": [3, 1]},
								"down": {"uv": [99, 168], "uv_size": [3, -1]}
							}
						},
						{
							"origin": [6, 16, 5.8],
							"size": [1, 15, 1.2],
							"inflate": 0.001,
							"uv": {
								"north": {"uv": [81, 167], "uv_size": [-3, 16]},
								"east": {"uv": [88, 167], "uv_size": [-1, 16]},
								"south": {"uv": [84, 167], "uv_size": [-3, 16]},
								"west": {"uv": [87, 167], "uv_size": [-1, 16]},
								"up": {"uv": [99, 167], "uv_size": [-3, 1]},
								"down": {"uv": [102, 168], "uv_size": [-3, -1]}
							}
						},
						{
							"origin": [-7, 16.2, 5.8],
							"size": [14, 1.3, 1.2],
							"uv": {
								"north": {"uv": [167, 95], "uv_size": [32, 1]},
								"east": {"uv": [167, 103], "uv_size": [1, 1]},
								"south": {"uv": [167, 100], "uv_size": [32, 1]},
								"west": {"uv": [167, 104], "uv_size": [1, 1]},
								"up": {"uv": [167, 101], "uv_size": [32, 1]},
								"down": {"uv": [167, 103], "uv_size": [32, -1]}
							}
						},
						{
							"origin": [-7, 29.5, 5.8],
							"size": [14, 1.3, 1.2],
							"uv": {
								"north": {"uv": [167, 96], "uv_size": [32, -1]},
								"east": {"uv": [167, 104], "uv_size": [1, -1]},
								"south": {"uv": [167, 101], "uv_size": [32, -1]},
								"west": {"uv": [167, 105], "uv_size": [1, -1]},
								"up": {"uv": [167, 102], "uv_size": [32, 1]},
								"down": {"uv": [167, 102], "uv_size": [32, -1]}
							}
						},
						{
							"origin": [-7, 16, 6.1],
							"size": [14, 1.9, 0.6],
							"uv": {
								"north": {"uv": [132, 51], "uv_size": [32, 3]},
								"east": {"uv": [155, 162], "uv_size": [1, 3]},
								"south": {"uv": [132, 54], "uv_size": [32, 3]},
								"west": {"uv": [156, 162], "uv_size": [1, 3]},
								"up": {"uv": [144, 140], "uv_size": [32, 1]},
								"down": {"uv": [144, 142], "uv_size": [32, -1]}
							}
						},
						{
							"origin": [-8, 29.1, 6.1],
							"size": [16, 1.9, 0.6],
							"inflate": -0.001,
							"uv": {
								"north": {"uv": [132, 54], "uv_size": [32, -3]},
								"east": {"uv": [155, 165], "uv_size": [1, -3]},
								"south": {"uv": [132, 57], "uv_size": [32, -3]},
								"west": {"uv": [156, 165], "uv_size": [1, -3]},
								"up": {"uv": [144, 141], "uv_size": [32, 1]},
								"down": {"uv": [144, 141], "uv_size": [32, -1]}
							}
						},
						{
							"origin": [-7, 15, -3.3],
							"size": [14, 2.6, 1.2],
							"uv": {
								"north": {"uv": [35, 141], "uv_size": [16, 3]},
								"east": {"uv": [9, 163], "uv_size": [1, 3]},
								"south": {"uv": [142, 36], "uv_size": [16, 3]},
								"west": {"uv": [15, 163], "uv_size": [1, 3]},
								"up": {"uv": [148, 61], "uv_size": [16, 1]},
								"down": {"uv": [148, 63], "uv_size": [16, -1]}
							}
						},
						{
							"origin": [6, 15, -3.3],
							"size": [1, 2.6, 6.2],
							"uv": {
								"north": {"uv": [61, 163], "uv_size": [1, 3]},
								"east": {"uv": [56, 109], "uv_size": [6, 3]},
								"south": {"uv": [70, 163], "uv_size": [1, 3]},
								"west": {"uv": [56, 146], "uv_size": [6, 3]},
								"up": {"uv": [66, 157], "uv_size": [1, 6]},
								"down": {"uv": [84, 163], "uv_size": [1, -6]}
							}
						},
						{
							"origin": [-7, 15, -3.3],
							"size": [1, 2.6, 6.2],
							"uv": {
								"north": {"uv": [71, 163], "uv_size": [1, 3]},
								"east": {"uv": [12, 148], "uv_size": [6, 3]},
								"south": {"uv": [84, 163], "uv_size": [1, 3]},
								"west": {"uv": [72, 148], "uv_size": [6, 3]},
								"up": {"uv": [146, 157], "uv_size": [1, 6]},
								"down": {"uv": [154, 165], "uv_size": [1, -6]}
							}
						},
						{
							"origin": [-7, 15, 1.7],
							"size": [14, 2.6, 1.2],
							"uv": {
								"north": {"uv": [142, 39], "uv_size": [16, 3]},
								"east": {"uv": [17, 163], "uv_size": [1, 3]},
								"south": {"uv": [142, 42], "uv_size": [16, 3]},
								"west": {"uv": [23, 163], "uv_size": [1, 3]},
								"up": {"uv": [148, 144], "uv_size": [16, 1]},
								"down": {"uv": [148, 146], "uv_size": [16, -1]}
							}
						},
						{
							"origin": [6, 15, 1.7],
							"size": [1, 3.6, 1.2],
							"uv": {
								"north": {"uv": [64, 32], "uv_size": [2, 4]},
								"east": {"uv": [136, 161], "uv_size": [1, 4]},
								"south": {"uv": [96, 28], "uv_size": [2, 4]},
								"west": {"uv": [137, 161], "uv_size": [1, 4]},
								"up": {"uv": [164, 51], "uv_size": [2, 1]},
								"down": {"uv": [164, 53], "uv_size": [2, -1]}
							}
						},
						{
							"origin": [-7, 15, 1.7],
							"size": [1, 3.6, 1.2],
							"uv": {
								"north": {"uv": [98, 60], "uv_size": [2, 4]},
								"east": {"uv": [138, 161], "uv_size": [1, 4]},
								"south": {"uv": [154, 155], "uv_size": [2, 4]},
								"west": {"uv": [139, 161], "uv_size": [1, 4]},
								"up": {"uv": [53, 164], "uv_size": [2, 1]},
								"down": {"uv": [164, 54], "uv_size": [2, -1]}
							}
						},
						{
							"origin": [6, 15, -3.3],
							"size": [1, 3.6, 1.2],
							"uv": {
								"north": {"uv": [156, 63], "uv_size": [2, 4]},
								"east": {"uv": [148, 161], "uv_size": [1, 4]},
								"south": {"uv": [156, 67], "uv_size": [2, 4]},
								"west": {"uv": [149, 161], "uv_size": [1, 4]},
								"up": {"uv": [164, 56], "uv_size": [2, 1]},
								"down": {"uv": [58, 165], "uv_size": [2, -1]}
							}
						},
						{
							"origin": [-7, 15, -3.3],
							"size": [1, 3.6, 1.2],
							"uv": {
								"north": {"uv": [12, 156], "uv_size": [2, 4]},
								"east": {"uv": [142, 161], "uv_size": [1, 4]},
								"south": {"uv": [14, 156], "uv_size": [2, 4]},
								"west": {"uv": [143, 161], "uv_size": [1, 4]},
								"up": {"uv": [164, 54], "uv_size": [2, 1]},
								"down": {"uv": [164, 56], "uv_size": [2, -1]}
							}
						},
						{
							"origin": [-6, 15, -1.3],
							"size": [12, 2.6, 2.2],
							"uv": {
								"north": {"uv": [100, 91], "uv_size": [12, 3]},
								"east": {"uv": [159, 104], "uv_size": [2, 3]},
								"south": {"uv": [144, 10], "uv_size": [12, 3]},
								"west": {"uv": [155, 159], "uv_size": [2, 3]},
								"up": {"uv": [146, 79], "uv_size": [12, 2]},
								"down": {"uv": [0, 150], "uv_size": [12, -2]}
							}
						}
					]
				},
				{
					"name": "bone8",
					"parent": "all",
					"pivot": [8.6, 18.59082, 10.77549]
				},
				{
					"name": "bone9",
					"parent": "bone8",
					"pivot": [2, 17.2248, 10.54151]
				},
				{
					"name": "bone10",
					"parent": "bone9",
					"pivot": [-8.4, 18.59082, 11.37549],
					"cubes": [
						{
							"origin": [-2.6, 15.81691, 12.60849],
							"size": [0.2, 0.3, 0.49641],
							"pivot": [-4.6, 14.94992, 12.80849],
							"rotation": [-90, 0, 0],
							"uv": {
								"north": {"uv": [110, 166], "uv_size": [1, 1]},
								"east": {"uv": [166, 110], "uv_size": [1, 1]},
								"south": {"uv": [111, 166], "uv_size": [1, 1]},
								"west": {"uv": [166, 111], "uv_size": [1, 1]},
								"up": {"uv": [112, 166], "uv_size": [1, 1]},
								"down": {"uv": [166, 113], "uv_size": [1, -1]}
							}
						},
						{
							"origin": [2.7, 15.51691, 11.90849],
							"size": [0.5, 0.5, 0.39641],
							"pivot": [0.6, 14.54992, 12.00849],
							"rotation": [-90, 0, 0],
							"uv": {
								"north": {"uv": [39, 166], "uv_size": [1, 1]},
								"east": {"uv": [166, 39], "uv_size": [1, 1]},
								"south": {"uv": [40, 166], "uv_size": [1, 1]},
								"west": {"uv": [166, 40], "uv_size": [1, 1]},
								"up": {"uv": [41, 166], "uv_size": [1, 1]},
								"down": {"uv": [166, 42], "uv_size": [1, -1]}
							}
						},
						{
							"origin": [2.1, 15.51691, 11.90849],
							"size": [0.5, 0.5, 0.39641],
							"pivot": [0, 14.54992, 12.00849],
							"rotation": [-90, 0, 0],
							"uv": {
								"north": {"uv": [42, 166], "uv_size": [1, 1]},
								"east": {"uv": [166, 42], "uv_size": [1, 1]},
								"south": {"uv": [43, 166], "uv_size": [1, 1]},
								"west": {"uv": [166, 43], "uv_size": [1, 1]},
								"up": {"uv": [44, 166], "uv_size": [1, 1]},
								"down": {"uv": [166, 45], "uv_size": [1, -1]}
							}
						},
						{
							"origin": [-1.4, 15.51691, 13.10849],
							"size": [0.5, 1, 0.39641],
							"pivot": [-3, 14.54992, 13.20849],
							"rotation": [-90, 0, 0],
							"uv": {
								"north": {"uv": [97, 166], "uv_size": [1, 1]},
								"east": {"uv": [98, 166], "uv_size": [1, 1]},
								"south": {"uv": [99, 166], "uv_size": [1, 1]},
								"west": {"uv": [100, 166], "uv_size": [1, 1]},
								"up": {"uv": [166, 100], "uv_size": [1, 1]},
								"down": {"uv": [101, 167], "uv_size": [1, -1]}
							}
						},
						{
							"origin": [-1.4, 15.51691, 13.10849],
							"size": [1, 0.5, 0.39641],
							"pivot": [-3, 14.54992, 13.20849],
							"rotation": [-90, 0, 0],
							"uv": {
								"north": {"uv": [166, 91], "uv_size": [1, 1]},
								"east": {"uv": [92, 166], "uv_size": [1, 1]},
								"south": {"uv": [93, 166], "uv_size": [1, 1]},
								"west": {"uv": [94, 166], "uv_size": [1, 1]},
								"up": {"uv": [95, 166], "uv_size": [1, 1]},
								"down": {"uv": [96, 167], "uv_size": [1, -1]}
							}
						},
						{
							"origin": [-1.4, 15.51691, 11.90849],
							"size": [1, 1.1, 0.39641],
							"pivot": [-3, 14.54992, 12.00849],
							"rotation": [-90, 0, 0],
							"uv": {
								"north": {"uv": [166, 87], "uv_size": [1, 1]},
								"east": {"uv": [166, 88], "uv_size": [1, 1]},
								"south": {"uv": [166, 89], "uv_size": [1, 1]},
								"west": {"uv": [90, 166], "uv_size": [1, 1]},
								"up": {"uv": [166, 90], "uv_size": [1, 1]},
								"down": {"uv": [91, 167], "uv_size": [1, -1]}
							}
						},
						{
							"origin": [-0.3, 15.21691, 11.80849],
							"size": [0.5, 0.3, 0.39641],
							"pivot": [-2.4, 14.54992, 11.90849],
							"rotation": [-90, 0, 0],
							"uv": {
								"north": {"uv": [167, 56], "uv_size": [1, 1]},
								"east": {"uv": [57, 167], "uv_size": [1, 1]},
								"south": {"uv": [167, 57], "uv_size": [1, 1]},
								"west": {"uv": [58, 167], "uv_size": [1, 1]},
								"up": {"uv": [167, 58], "uv_size": [1, 1]},
								"down": {"uv": [59, 168], "uv_size": [1, -1]}
							}
						},
						{
							"origin": [0.3, 15.21691, 11.80849],
							"size": [0.5, 0.3, 0.39641],
							"pivot": [-1.8, 14.54992, 11.90849],
							"rotation": [-90, 0, 0],
							"uv": {
								"north": {"uv": [167, 59], "uv_size": [1, 1]},
								"east": {"uv": [60, 167], "uv_size": [1, 1]},
								"south": {"uv": [167, 60], "uv_size": [1, 1]},
								"west": {"uv": [61, 167], "uv_size": [1, 1]},
								"up": {"uv": [167, 61], "uv_size": [1, 1]},
								"down": {"uv": [62, 168], "uv_size": [1, -1]}
							}
						},
						{
							"origin": [0.9, 15.21691, 11.80849],
							"size": [0.5, 0.3, 0.39641],
							"pivot": [-1.2, 14.54992, 11.90849],
							"rotation": [-90, 0, 0],
							"uv": {
								"north": {"uv": [167, 62], "uv_size": [1, 1]},
								"east": {"uv": [63, 167], "uv_size": [1, 1]},
								"south": {"uv": [167, 63], "uv_size": [1, 1]},
								"west": {"uv": [64, 167], "uv_size": [1, 1]},
								"up": {"uv": [167, 64], "uv_size": [1, 1]},
								"down": {"uv": [65, 168], "uv_size": [1, -1]}
							}
						},
						{
							"origin": [1.5, 15.21691, 11.80849],
							"size": [0.5, 0.3, 0.39641],
							"pivot": [-0.6, 14.54992, 11.90849],
							"rotation": [-90, 0, 0],
							"uv": {
								"north": {"uv": [167, 65], "uv_size": [1, 1]},
								"east": {"uv": [66, 167], "uv_size": [1, 1]},
								"south": {"uv": [167, 66], "uv_size": [1, 1]},
								"west": {"uv": [67, 167], "uv_size": [1, 1]},
								"up": {"uv": [167, 67], "uv_size": [1, 1]},
								"down": {"uv": [68, 168], "uv_size": [1, -1]}
							}
						},
						{
							"origin": [2.1, 15.21691, 11.80849],
							"size": [0.5, 0.3, 0.39641],
							"pivot": [0, 14.54992, 11.90849],
							"rotation": [-90, 0, 0],
							"uv": {
								"north": {"uv": [167, 68], "uv_size": [1, 1]},
								"east": {"uv": [69, 167], "uv_size": [1, 1]},
								"south": {"uv": [167, 69], "uv_size": [1, 1]},
								"west": {"uv": [70, 167], "uv_size": [1, 1]},
								"up": {"uv": [167, 70], "uv_size": [1, 1]},
								"down": {"uv": [71, 168], "uv_size": [1, -1]}
							}
						},
						{
							"origin": [2.7, 15.21691, 11.80849],
							"size": [0.5, 0.3, 0.39641],
							"pivot": [0.6, 14.54992, 11.90849],
							"rotation": [-90, 0, 0],
							"uv": {
								"north": {"uv": [167, 71], "uv_size": [1, 1]},
								"east": {"uv": [72, 167], "uv_size": [1, 1]},
								"south": {"uv": [167, 72], "uv_size": [1, 1]},
								"west": {"uv": [73, 167], "uv_size": [1, 1]},
								"up": {"uv": [167, 73], "uv_size": [1, 1]},
								"down": {"uv": [74, 168], "uv_size": [1, -1]}
							}
						},
						{
							"origin": [-0.3, 15.51691, 11.90849],
							"size": [0.5, 0.5, 0.39641],
							"pivot": [-2.4, 14.54992, 12.00849],
							"rotation": [-90, 0, 0],
							"uv": {
								"north": {"uv": [166, 68], "uv_size": [1, 1]},
								"east": {"uv": [69, 166], "uv_size": [1, 1]},
								"south": {"uv": [166, 69], "uv_size": [1, 1]},
								"west": {"uv": [70, 166], "uv_size": [1, 1]},
								"up": {"uv": [166, 70], "uv_size": [1, 1]},
								"down": {"uv": [71, 167], "uv_size": [1, -1]}
							}
						},
						{
							"origin": [0.9, 15.51691, 11.90849],
							"size": [0.5, 0.5, 0.39641],
							"pivot": [-1.2, 14.54992, 12.00849],
							"rotation": [-90, 0, 0],
							"uv": {
								"north": {"uv": [166, 71], "uv_size": [1, 1]},
								"east": {"uv": [72, 166], "uv_size": [1, 1]},
								"south": {"uv": [166, 72], "uv_size": [1, 1]},
								"west": {"uv": [73, 166], "uv_size": [1, 1]},
								"up": {"uv": [166, 73], "uv_size": [1, 1]},
								"down": {"uv": [74, 167], "uv_size": [1, -1]}
							}
						},
						{
							"origin": [-0.3, 15.61691, 12.50849],
							"size": [0.5, 0.4, 0.39641],
							"pivot": [-2.4, 14.54992, 12.60849],
							"rotation": [-90, 0, 0],
							"uv": {
								"north": {"uv": [166, 74], "uv_size": [1, 1]},
								"east": {"uv": [75, 166], "uv_size": [1, 1]},
								"south": {"uv": [166, 75], "uv_size": [1, 1]},
								"west": {"uv": [76, 166], "uv_size": [1, 1]},
								"up": {"uv": [166, 76], "uv_size": [1, 1]},
								"down": {"uv": [77, 167], "uv_size": [1, -1]}
							}
						},
						{
							"origin": [0.3, 15.61691, 12.50849],
							"size": [0.5, 0.4, 0.39641],
							"pivot": [-1.8, 14.54992, 12.60849],
							"rotation": [-90, 0, 0],
							"uv": {
								"north": {"uv": [166, 77], "uv_size": [1, 1]},
								"east": {"uv": [78, 166], "uv_size": [1, 1]},
								"south": {"uv": [166, 78], "uv_size": [1, 1]},
								"west": {"uv": [79, 166], "uv_size": [1, 1]},
								"up": {"uv": [166, 79], "uv_size": [1, 1]},
								"down": {"uv": [80, 167], "uv_size": [1, -1]}
							}
						},
						{
							"origin": [0.9, 15.61691, 12.50849],
							"size": [0.5, 0.4, 0.39641],
							"pivot": [-1.2, 14.54992, 12.60849],
							"rotation": [-90, 0, 0],
							"uv": {
								"north": {"uv": [166, 80], "uv_size": [1, 1]},
								"east": {"uv": [81, 166], "uv_size": [1, 1]},
								"south": {"uv": [166, 81], "uv_size": [1, 1]},
								"west": {"uv": [82, 166], "uv_size": [1, 1]},
								"up": {"uv": [166, 82], "uv_size": [1, 1]},
								"down": {"uv": [83, 167], "uv_size": [1, -1]}
							}
						},
						{
							"origin": [0.3, 15.51691, 11.90849],
							"size": [0.5, 0.5, 0.39641],
							"pivot": [-1.8, 14.54992, 12.00849],
							"rotation": [-90, 0, 0],
							"uv": {
								"north": {"uv": [166, 83], "uv_size": [1, 1]},
								"east": {"uv": [84, 166], "uv_size": [1, 1]},
								"south": {"uv": [166, 84], "uv_size": [1, 1]},
								"west": {"uv": [85, 166], "uv_size": [1, 1]},
								"up": {"uv": [166, 85], "uv_size": [1, 1]},
								"down": {"uv": [86, 167], "uv_size": [1, -1]}
							}
						},
						{
							"origin": [1.5, 15.51691, 11.90849],
							"size": [0.5, 0.5, 0.39641],
							"pivot": [-0.6, 14.54992, 12.00849],
							"rotation": [-90, 0, 0],
							"uv": {
								"north": {"uv": [45, 166], "uv_size": [1, 1]},
								"east": {"uv": [166, 45], "uv_size": [1, 1]},
								"south": {"uv": [46, 166], "uv_size": [1, 1]},
								"west": {"uv": [166, 46], "uv_size": [1, 1]},
								"up": {"uv": [166, 47], "uv_size": [1, 1]},
								"down": {"uv": [166, 49], "uv_size": [1, -1]}
							}
						},
						{
							"origin": [1.5, 15.61691, 12.50849],
							"size": [0.5, 0.4, 0.39641],
							"pivot": [-0.6, 14.54992, 12.60849],
							"rotation": [-90, 0, 0],
							"uv": {
								"north": {"uv": [166, 49], "uv_size": [1, 1]},
								"east": {"uv": [166, 50], "uv_size": [1, 1]},
								"south": {"uv": [51, 166], "uv_size": [1, 1]},
								"west": {"uv": [166, 51], "uv_size": [1, 1]},
								"up": {"uv": [52, 166], "uv_size": [1, 1]},
								"down": {"uv": [166, 53], "uv_size": [1, -1]}
							}
						},
						{
							"origin": [2.1, 15.61691, 12.50849],
							"size": [0.5, 0.4, 0.39641],
							"pivot": [0, 14.54992, 12.60849],
							"rotation": [-90, 0, 0],
							"uv": {
								"north": {"uv": [166, 62], "uv_size": [1, 1]},
								"east": {"uv": [63, 166], "uv_size": [1, 1]},
								"south": {"uv": [166, 63], "uv_size": [1, 1]},
								"west": {"uv": [64, 166], "uv_size": [1, 1]},
								"up": {"uv": [166, 64], "uv_size": [1, 1]},
								"down": {"uv": [65, 167], "uv_size": [1, -1]}
							}
						},
						{
							"origin": [2.7, 15.61691, 12.50849],
							"size": [0.5, 0.4, 0.39641],
							"pivot": [0.6, 14.54992, 12.60849],
							"rotation": [-90, 0, 0],
							"uv": {
								"north": {"uv": [166, 65], "uv_size": [1, 1]},
								"east": {"uv": [66, 166], "uv_size": [1, 1]},
								"south": {"uv": [166, 66], "uv_size": [1, 1]},
								"west": {"uv": [67, 166], "uv_size": [1, 1]},
								"up": {"uv": [166, 67], "uv_size": [1, 1]},
								"down": {"uv": [68, 167], "uv_size": [1, -1]}
							}
						},
						{
							"origin": [2.7, 15.51691, 13.90849],
							"size": [0.5, 0.5, 0.39641],
							"pivot": [0.6, 14.54992, 14.00849],
							"rotation": [-90, 0, 0],
							"uv": {
								"north": {"uv": [166, 59], "uv_size": [1, 1]},
								"east": {"uv": [60, 166], "uv_size": [1, 1]},
								"south": {"uv": [166, 60], "uv_size": [1, 1]},
								"west": {"uv": [61, 166], "uv_size": [1, 1]},
								"up": {"uv": [166, 61], "uv_size": [1, 1]},
								"down": {"uv": [62, 167], "uv_size": [1, -1]}
							}
						},
						{
							"origin": [2.1, 15.51691, 13.90849],
							"size": [0.5, 0.5, 0.39641],
							"pivot": [0, 14.54992, 14.00849],
							"rotation": [-90, 0, 0],
							"uv": {
								"north": {"uv": [166, 56], "uv_size": [1, 1]},
								"east": {"uv": [57, 166], "uv_size": [1, 1]},
								"south": {"uv": [166, 57], "uv_size": [1, 1]},
								"west": {"uv": [58, 166], "uv_size": [1, 1]},
								"up": {"uv": [166, 58], "uv_size": [1, 1]},
								"down": {"uv": [59, 167], "uv_size": [1, -1]}
							}
						},
						{
							"origin": [-0.3, 15.51691, 13.90849],
							"size": [1.7, 0.5, 0.39641],
							"pivot": [-1.2, 14.54992, 14.00849],
							"rotation": [-90, 0, 0],
							"uv": {
								"north": {"uv": [164, 48], "uv_size": [2, 1]},
								"east": {"uv": [166, 86], "uv_size": [1, 1]},
								"south": {"uv": [164, 49], "uv_size": [2, 1]},
								"west": {"uv": [87, 166], "uv_size": [1, 1]},
								"up": {"uv": [164, 50], "uv_size": [2, 1]},
								"down": {"uv": [51, 165], "uv_size": [2, -1]}
							}
						},
						{
							"origin": [1.5, 15.51691, 13.90849],
							"size": [0.5, 0.5, 0.39641],
							"pivot": [-0.6, 14.54992, 14.00849],
							"rotation": [-90, 0, 0],
							"uv": {
								"north": {"uv": [53, 166], "uv_size": [1, 1]},
								"east": {"uv": [166, 53], "uv_size": [1, 1]},
								"south": {"uv": [54, 166], "uv_size": [1, 1]},
								"west": {"uv": [166, 54], "uv_size": [1, 1]},
								"up": {"uv": [166, 55], "uv_size": [1, 1]},
								"down": {"uv": [56, 167], "uv_size": [1, -1]}
							}
						},
						{
							"origin": [-2, 15.6248, 9.14151],
							"size": [4, 0.6, 2],
							"pivot": [0, 17.2248, 11.14151],
							"rotation": [-60, 0, 0],
							"uv": {
								"north": {"uv": [108, 90], "uv_size": [4, 1]},
								"east": {"uv": [62, 109], "uv_size": [2, 1]},
								"south": {"uv": [8, 150], "uv_size": [4, 1]},
								"west": {"uv": [114, 111], "uv_size": [2, 1]},
								"up": {"uv": [62, 110], "uv_size": [4, 2]},
								"down": {"uv": [112, 134], "uv_size": [4, -2]}
							}
						},
						{
							"origin": [-3.6, 13.31691, 13.20849],
							"size": [7.2, 3.73301, 0.49641],
							"pivot": [0, 14.54992, 13.10849],
							"rotation": [-90, 0, 0],
							"uv": {
								"north": {"uv": [146, 20], "uv_size": [7, 4]},
								"east": {"uv": [134, 161], "uv_size": [1, 4]},
								"south": {"uv": [146, 24], "uv_size": [7, 4]},
								"west": {"uv": [135, 161], "uv_size": [1, 4]},
								"up": {"uv": [158, 70], "uv_size": [7, 1]},
								"down": {"uv": [158, 72], "uv_size": [7, -1]}
							}
						},
						{
							"origin": [-3.6, 12.89275, 11.70228],
							"size": [7.2, 1.6, 0.8],
							"pivot": [4, 14.49275, 12.10228],
							"rotation": [-90, 0, 0],
							"uv": {
								"north": {"uv": [72, 158], "uv_size": [7, 1]},
								"east": {"uv": [167, 55], "uv_size": [1, 1]},
								"south": {"uv": [158, 72], "uv_size": [7, 1]},
								"west": {"uv": [56, 167], "uv_size": [1, 1]},
								"up": {"uv": [158, 73], "uv_size": [7, 1]},
								"down": {"uv": [158, 75], "uv_size": [7, -1]}
							}
						},
						{
							"origin": [-3.6, 15.2248, 13.64151],
							"size": [7.2, 1.66603, 0.7],
							"pivot": [0, 17.2248, 11.14151],
							"rotation": [-60, 0, 0],
							"uv": {
								"north": {"uv": [154, 100], "uv_size": [7, 2]},
								"east": {"uv": [125, 84], "uv_size": [1, 2]},
								"south": {"uv": [154, 102], "uv_size": [7, 2]},
								"west": {"uv": [131, 48], "uv_size": [1, 2]},
								"up": {"uv": [158, 47], "uv_size": [7, 1]},
								"down": {"uv": [158, 70], "uv_size": [7, -1]}
							}
						},
						{
							"origin": [-2.9, 15.71691, 12.50849],
							"size": [0.8, 1.1, 0.49641],
							"pivot": [-4.6, 14.84992, 12.70849],
							"rotation": [-90, 0, 0],
							"uv": {
								"north": {"uv": [166, 105], "uv_size": [1, 1]},
								"east": {"uv": [166, 106], "uv_size": [1, 1]},
								"south": {"uv": [166, 107], "uv_size": [1, 1]},
								"west": {"uv": [166, 108], "uv_size": [1, 1]},
								"up": {"uv": [109, 166], "uv_size": [1, 1]},
								"down": {"uv": [166, 110], "uv_size": [1, -1]}
							}
						},
						{
							"origin": [-3, 15.31691, 12.50849],
							"size": [1, 1.3, 0.49641],
							"pivot": [-4.6, 14.54992, 12.70849],
							"rotation": [-90, 0, 0],
							"uv": {
								"north": {"uv": [166, 101], "uv_size": [1, 1]},
								"east": {"uv": [102, 166], "uv_size": [1, 1]},
								"south": {"uv": [166, 102], "uv_size": [1, 1]},
								"west": {"uv": [103, 166], "uv_size": [1, 1]},
								"up": {"uv": [166, 103], "uv_size": [1, 1]},
								"down": {"uv": [166, 105], "uv_size": [1, -1]}
							}
						},
						{
							"origin": [3.6, 16.11044, 7.67549],
							"size": [1.3359, 0.86603, 4.8],
							"pivot": [0, 17.2248, 11.14151],
							"rotation": [-60, 0, 0],
							"uv": {
								"north": {"uv": [113, 166], "uv_size": [1, 1]},
								"east": {"uv": [161, 59], "uv_size": [5, 1]},
								"south": {"uv": [166, 113], "uv_size": [1, 1]},
								"west": {"uv": [161, 81], "uv_size": [5, 1]},
								"up": {"uv": [30, 161], "uv_size": [1, 5]},
								"down": {"uv": [31, 166], "uv_size": [1, -5]}
							}
						},
						{
							"origin": [-4.9359, 16.11044, 7.67549],
							"size": [1.3359, 0.86603, 4.8],
							"pivot": [0, 17.2248, 11.14151],
							"rotation": [-60, 0, 0],
							"uv": {
								"north": {"uv": [114, 166], "uv_size": [1, 1]},
								"east": {"uv": [161, 82], "uv_size": [5, 1]},
								"south": {"uv": [166, 114], "uv_size": [1, 1]},
								"west": {"uv": [161, 83], "uv_size": [5, 1]},
								"up": {"uv": [90, 161], "uv_size": [1, 5]},
								"down": {"uv": [91, 166], "uv_size": [1, -5]}
							}
						},
						{
							"origin": [-4, 16.2248, 7.14151],
							"size": [8, 0.6, 6],
							"pivot": [0, 17.2248, 11.14151],
							"rotation": [-60, 0, 0],
							"uv": {
								"north": {"uv": [154, 127], "uv_size": [8, 1]},
								"east": {"uv": [158, 79], "uv_size": [6, 1]},
								"south": {"uv": [154, 128], "uv_size": [8, 1]},
								"west": {"uv": [158, 80], "uv_size": [6, 1]},
								"up": {"uv": [96, 139], "uv_size": [8, 6]},
								"down": {"uv": [140, 63], "uv_size": [8, -6]}
							}
						},
						{
							"origin": [4.4, 18.59082, 8.97549],
							"size": [3.4, 0.6, 4.8],
							"pivot": [8.4, 18.59082, 11.37549],
							"rotation": [-56.30993, -25.65891, -16.10211],
							"uv": {
								"north": {"uv": [96, 157], "uv_size": [3, 1]},
								"east": {"uv": [160, 149], "uv_size": [5, 1]},
								"south": {"uv": [162, 129], "uv_size": [3, 1]},
								"west": {"uv": [160, 151], "uv_size": [5, 1]},
								"up": {"uv": [151, 96], "uv_size": [3, 5]},
								"down": {"uv": [148, 156], "uv_size": [3, -5]}
							}
						},
						{
							"origin": [-6.22374, 17.98676, 11.25429],
							"size": [0.2, 2.3, 0.2],
							"pivot": [-5.72374, 19.19516, 11.06747],
							"rotation": [-11.30993, 25.65891, 16.10211],
							"uv": {
								"north": {"uv": [115, 166], "uv_size": [1, 1]},
								"east": {"uv": [166, 115], "uv_size": [1, 1]},
								"south": {"uv": [116, 166], "uv_size": [1, 1]},
								"west": {"uv": [166, 116], "uv_size": [1, 1]},
								"up": {"uv": [117, 166], "uv_size": [1, 1]},
								"down": {"uv": [166, 118], "uv_size": [1, -1]}
							}
						},
						{
							"origin": [-5.42374, 17.98676, 11.25429],
							"size": [0.2, 2.3, 0.2],
							"pivot": [-5.72374, 19.19516, 11.06747],
							"rotation": [-11.30993, 25.65891, 16.10211],
							"uv": {
								"north": {"uv": [118, 166], "uv_size": [1, 1]},
								"east": {"uv": [166, 118], "uv_size": [1, 1]},
								"south": {"uv": [119, 166], "uv_size": [1, 1]},
								"west": {"uv": [166, 119], "uv_size": [1, 1]},
								"up": {"uv": [120, 166], "uv_size": [1, 1]},
								"down": {"uv": [166, 121], "uv_size": [1, -1]}
							}
						},
						{
							"origin": [-7.8, 18.59082, 8.97549],
							"size": [3.4, 0.6, 4.8],
							"pivot": [-8.4, 18.59082, 11.37549],
							"rotation": [-56.30993, 25.65891, 16.10211],
							"uv": {
								"north": {"uv": [35, 163], "uv_size": [3, 1]},
								"east": {"uv": [160, 152], "uv_size": [5, 1]},
								"south": {"uv": [38, 163], "uv_size": [3, 1]},
								"west": {"uv": [160, 153], "uv_size": [5, 1]},
								"up": {"uv": [151, 151], "uv_size": [3, 5]},
								"down": {"uv": [0, 157], "uv_size": [3, -5]}
							}
						},
						{
							"origin": [-4, 17.84082, 7.38171],
							"size": [8, 0.2, 6],
							"pivot": [0, 17.94082, 10.38171],
							"rotation": [-120, 0, -180],
							"uv": {
								"up": {"uv": [192, 192], "uv_size": [64, 64]}
							}
						},
						{
							"origin": [3.6, 16.2248, 7.14151],
							"size": [0.4, 1, 6],
							"pivot": [0, 17.2248, 11.14151],
							"rotation": [-60, 0, 0],
							"uv": {
								"north": {"uv": [99, 153], "uv_size": [1, 1]},
								"east": {"uv": [158, 75], "uv_size": [6, 1]},
								"south": {"uv": [79, 158], "uv_size": [1, 1]},
								"west": {"uv": [158, 76], "uv_size": [6, 1]},
								"up": {"uv": [16, 156], "uv_size": [1, 6]},
								"down": {"uv": [32, 163], "uv_size": [1, -6]}
							}
						},
						{
							"origin": [-4, 16.2248, 7.14151],
							"size": [8, 1, 0.4],
							"inflate": 0.001,
							"pivot": [0, 17.2248, 11.14151],
							"rotation": [-60, 0, 0],
							"uv": {
								"north": {"uv": [154, 129], "uv_size": [8, 1]},
								"east": {"uv": [128, 164], "uv_size": [1, 1]},
								"south": {"uv": [154, 130], "uv_size": [8, 1]},
								"west": {"uv": [129, 164], "uv_size": [1, 1]},
								"up": {"uv": [154, 131], "uv_size": [8, 1]},
								"down": {"uv": [154, 133], "uv_size": [8, -1]}
							}
						},
						{
							"origin": [-4, 16.2248, 7.14151],
							"size": [0.4, 1, 6],
							"pivot": [0, 17.2248, 11.14151],
							"rotation": [-60, 0, 0],
							"uv": {
								"north": {"uv": [111, 162], "uv_size": [1, 1]},
								"east": {"uv": [158, 77], "uv_size": [6, 1]},
								"south": {"uv": [110, 164], "uv_size": [1, 1]},
								"west": {"uv": [158, 78], "uv_size": [6, 1]},
								"up": {"uv": [33, 157], "uv_size": [1, 6]},
								"down": {"uv": [34, 163], "uv_size": [1, -6]}
							}
						},
						{
							"origin": [-4, 16.2248, 12.74151],
							"size": [8, 1, 0.4],
							"pivot": [0, 17.2248, 11.14151],
							"rotation": [-60, 0, 0],
							"uv": {
								"north": {"uv": [128, 17], "uv_size": [8, 1]},
								"east": {"uv": [111, 164], "uv_size": [1, 1]},
								"south": {"uv": [154, 124], "uv_size": [8, 1]},
								"west": {"uv": [127, 164], "uv_size": [1, 1]},
								"up": {"uv": [154, 125], "uv_size": [8, 1]},
								"down": {"uv": [154, 127], "uv_size": [8, -1]}
							}
						},
						{
							"origin": [4.4, 18.59082, 13.37549],
							"size": [3.4, 1, 0.4],
							"inflate": 0.001,
							"pivot": [8.4, 18.59082, 11.37549],
							"rotation": [-56.30993, -25.65891, -16.10211],
							"uv": {
								"north": {"uv": [162, 139], "uv_size": [3, 1]},
								"east": {"uv": [30, 166], "uv_size": [1, 1]},
								"south": {"uv": [162, 160], "uv_size": [3, 1]},
								"west": {"uv": [31, 166], "uv_size": [1, 1]},
								"up": {"uv": [162, 161], "uv_size": [3, 1]},
								"down": {"uv": [162, 163], "uv_size": [3, -1]}
							}
						},
						{
							"origin": [5.02366, 16.84642, 11.12519],
							"size": [1, 0.6, 0.2],
							"pivot": [5.52366, 17.14642, 11.22519],
							"rotation": [-48.66344, 2.71495, -52.18887],
							"uv": {
								"north": {"uv": [166, 11], "uv_size": [1, 1]},
								"east": {"uv": [12, 166], "uv_size": [1, 1]},
								"south": {"uv": [166, 12], "uv_size": [1, 1]},
								"west": {"uv": [13, 166], "uv_size": [1, 1]},
								"up": {"uv": [166, 13], "uv_size": [1, 1]},
								"down": {"uv": [14, 167], "uv_size": [1, -1]}
							}
						},
						{
							"origin": [5.2, 18.99082, 11.77549],
							"size": [1, 0.6, 1.2],
							"pivot": [8.4, 18.59082, 11.37549],
							"rotation": [-56.30993, -25.65891, -16.10211],
							"uv": {
								"north": {"uv": [165, 154], "uv_size": [1, 1]},
								"east": {"uv": [155, 165], "uv_size": [1, 1]},
								"south": {"uv": [165, 155], "uv_size": [1, 1]},
								"west": {"uv": [156, 165], "uv_size": [1, 1]},
								"up": {"uv": [157, 165], "uv_size": [1, 1]},
								"down": {"uv": [158, 166], "uv_size": [1, -1]}
							}
						},
						{
							"origin": [5.03964, 19.14866, 12.04885],
							"size": [1.28284, 0.6, 0.91716],
							"pivot": [8.52248, 18.74866, 11.36601],
							"rotation": [-56.30993, -25.65891, -16.10211],
							"uv": {
								"north": {"uv": [159, 165], "uv_size": [1, 1]},
								"east": {"uv": [160, 165], "uv_size": [1, 1]},
								"south": {"uv": [165, 160], "uv_size": [1, 1]},
								"west": {"uv": [161, 165], "uv_size": [1, 1]},
								"up": {"uv": [165, 161], "uv_size": [1, 1]},
								"down": {"uv": [165, 163], "uv_size": [1, -1]}
							}
						},
						{
							"origin": [5.3998, 17.25938, 11.13751],
							"size": [1, 0.6, 0.2],
							"pivot": [5.8998, 17.55938, 11.23751],
							"rotation": [-48.66344, 2.71495, -52.18887],
							"uv": {
								"north": {"uv": [163, 165], "uv_size": [1, 1]},
								"east": {"uv": [164, 165], "uv_size": [1, 1]},
								"south": {"uv": [165, 164], "uv_size": [1, 1]},
								"west": {"uv": [165, 165], "uv_size": [1, 1]},
								"up": {"uv": [0, 166], "uv_size": [1, 1]},
								"down": {"uv": [1, 167], "uv_size": [1, -1]}
							}
						},
						{
							"origin": [5.02366, 17.15082, 10.94945],
							"size": [1, 0.6, 0.2],
							"pivot": [5.52366, 17.45082, 11.04945],
							"rotation": [-86.38621, -41.28002, 35.42519],
							"uv": {
								"north": {"uv": [2, 166], "uv_size": [1, 1]},
								"east": {"uv": [3, 166], "uv_size": [1, 1]},
								"south": {"uv": [4, 166], "uv_size": [1, 1]},
								"west": {"uv": [5, 166], "uv_size": [1, 1]},
								"up": {"uv": [6, 166], "uv_size": [1, 1]},
								"down": {"uv": [7, 167], "uv_size": [1, -1]}
							}
						},
						{
							"origin": [5.3998, 16.955, 11.31325],
							"size": [1, 0.6, 0.2],
							"pivot": [5.8998, 17.255, 11.41325],
							"rotation": [-93.61379, 41.28002, -144.57481],
							"uv": {
								"north": {"uv": [8, 166], "uv_size": [1, 1]},
								"east": {"uv": [9, 166], "uv_size": [1, 1]},
								"south": {"uv": [166, 9], "uv_size": [1, 1]},
								"west": {"uv": [10, 166], "uv_size": [1, 1]},
								"up": {"uv": [166, 10], "uv_size": [1, 1]},
								"down": {"uv": [11, 167], "uv_size": [1, -1]}
							}
						},
						{
							"origin": [4.6, 18.59082, 9.17549],
							"size": [3, 0.8, 4.4],
							"inflate": -0.001,
							"pivot": [8.4, 18.59082, 11.37549],
							"rotation": [-56.30993, -25.65891, -16.10211],
							"uv": {
								"north": {"uv": [130, 162], "uv_size": [3, 1]},
								"east": {"uv": [161, 105], "uv_size": [4, 1]},
								"south": {"uv": [162, 130], "uv_size": [3, 1]},
								"west": {"uv": [161, 106], "uv_size": [4, 1]},
								"up": {"uv": [58, 153], "uv_size": [3, 4]},
								"down": {"uv": [64, 157], "uv_size": [3, -4]}
							}
						},
						{
							"origin": [6.6, 18.99082, 12.57549],
							"size": [0.6, 0.6, 0.6],
							"pivot": [8.4, 18.59082, 11.37549],
							"rotation": [-56.30993, -25.65891, -16.10211],
							"uv": {
								"north": {"uv": [19, 166], "uv_size": [1, 1]},
								"east": {"uv": [166, 19], "uv_size": [1, 1]},
								"south": {"uv": [20, 166], "uv_size": [1, 1]},
								"west": {"uv": [166, 20], "uv_size": [1, 1]},
								"up": {"uv": [21, 166], "uv_size": [1, 1]},
								"down": {"uv": [166, 22], "uv_size": [1, -1]}
							}
						},
						{
							"origin": [6.6, 18.99082, 11.57549],
							"size": [0.6, 0.6, 0.6],
							"pivot": [8.4, 18.59082, 11.37549],
							"rotation": [-56.30993, -25.65891, -16.10211],
							"uv": {
								"north": {"uv": [166, 14], "uv_size": [1, 1]},
								"east": {"uv": [15, 166], "uv_size": [1, 1]},
								"south": {"uv": [16, 166], "uv_size": [1, 1]},
								"west": {"uv": [17, 166], "uv_size": [1, 1]},
								"up": {"uv": [18, 166], "uv_size": [1, 1]},
								"down": {"uv": [166, 19], "uv_size": [1, -1]}
							}
						},
						{
							"origin": [6.6, 18.99082, 10.57549],
							"size": [0.6, 0.6, 0.6],
							"pivot": [8.4, 18.59082, 11.37549],
							"rotation": [-56.30993, -25.65891, -16.10211],
							"uv": {
								"north": {"uv": [148, 165], "uv_size": [1, 1]},
								"east": {"uv": [149, 165], "uv_size": [1, 1]},
								"south": {"uv": [165, 149], "uv_size": [1, 1]},
								"west": {"uv": [150, 165], "uv_size": [1, 1]},
								"up": {"uv": [165, 150], "uv_size": [1, 1]},
								"down": {"uv": [151, 166], "uv_size": [1, -1]}
							}
						},
						{
							"origin": [5.8, 18.99082, 10.57549],
							"size": [0.6, 0.6, 0.6],
							"pivot": [8.4, 18.59082, 11.37549],
							"rotation": [-56.30993, -25.65891, -16.10211],
							"uv": {
								"north": {"uv": [165, 69], "uv_size": [1, 1]},
								"east": {"uv": [165, 70], "uv_size": [1, 1]},
								"south": {"uv": [165, 71], "uv_size": [1, 1]},
								"west": {"uv": [165, 72], "uv_size": [1, 1]},
								"up": {"uv": [165, 73], "uv_size": [1, 1]},
								"down": {"uv": [165, 75], "uv_size": [1, -1]}
							}
						},
						{
							"origin": [5, 18.99082, 10.57549],
							"size": [0.6, 0.6, 0.6],
							"pivot": [8.4, 18.59082, 11.37549],
							"rotation": [-56.30993, -25.65891, -16.10211],
							"uv": {
								"north": {"uv": [64, 165], "uv_size": [1, 1]},
								"east": {"uv": [165, 64], "uv_size": [1, 1]},
								"south": {"uv": [65, 165], "uv_size": [1, 1]},
								"west": {"uv": [165, 65], "uv_size": [1, 1]},
								"up": {"uv": [165, 66], "uv_size": [1, 1]},
								"down": {"uv": [165, 68], "uv_size": [1, -1]}
							}
						},
						{
							"origin": [5.16774, 18.98982, 11.03699],
							"size": [0.2645, 0.602, 0.077],
							"inflate": 0.001,
							"pivot": [8.4, 18.59082, 11.37549],
							"rotation": [-56.30993, -25.65891, -16.10211],
							"uv": {
								"up": {"uv": [154, 165], "uv_size": [1, 1]}
							}
						},
						{
							"origin": [5.96774, 18.98982, 11.03699],
							"size": [0.2645, 0.602, 0.077],
							"inflate": 0.001,
							"pivot": [8.4, 18.59082, 11.37549],
							"rotation": [-56.30993, -25.65891, -16.10211],
							"uv": {
								"up": {"uv": [165, 153], "uv_size": [1, 1]}
							}
						},
						{
							"origin": [6.76774, 18.98982, 11.03699],
							"size": [0.2645, 0.602, 0.077],
							"inflate": 0.001,
							"pivot": [8.4, 18.59082, 11.37549],
							"rotation": [-56.30993, -25.65891, -16.10211],
							"uv": {
								"up": {"uv": [165, 151], "uv_size": [1, 1]}
							}
						},
						{
							"origin": [6.76774, 18.98982, 12.03699],
							"size": [0.2645, 0.602, 0.077],
							"inflate": 0.001,
							"pivot": [8.4, 18.59082, 11.37549],
							"rotation": [-56.30993, -25.65891, -16.10211],
							"uv": {
								"up": {"uv": [152, 165], "uv_size": [1, 1]}
							}
						},
						{
							"origin": [6.76774, 18.98982, 13.03699],
							"size": [0.2645, 0.602, 0.077],
							"inflate": 0.001,
							"pivot": [8.4, 18.59082, 11.37549],
							"rotation": [-56.30993, -25.65891, -16.10211],
							"uv": {
								"up": {"uv": [165, 152], "uv_size": [1, 1]}
							}
						},
						{
							"origin": [7.4, 18.59082, 8.97549],
							"size": [0.4, 1, 4.8],
							"pivot": [8.4, 18.59082, 11.37549],
							"rotation": [-56.30993, -25.65891, -16.10211],
							"uv": {
								"north": {"uv": [38, 166], "uv_size": [1, 1]},
								"east": {"uv": [161, 57], "uv_size": [5, 1]},
								"south": {"uv": [166, 38], "uv_size": [1, 1]},
								"west": {"uv": [161, 58], "uv_size": [5, 1]},
								"up": {"uv": [11, 161], "uv_size": [1, 5]},
								"down": {"uv": [29, 166], "uv_size": [1, -5]}
							}
						},
						{
							"origin": [4.4, 18.59082, 8.97549],
							"size": [3.4, 1, 0.4],
							"inflate": 0.001,
							"pivot": [8.4, 18.59082, 11.37549],
							"rotation": [-56.30993, -25.65891, -16.10211],
							"uv": {
								"north": {"uv": [6, 163], "uv_size": [3, 1]},
								"east": {"uv": [32, 166], "uv_size": [1, 1]},
								"south": {"uv": [12, 163], "uv_size": [3, 1]},
								"west": {"uv": [166, 32], "uv_size": [1, 1]},
								"up": {"uv": [20, 163], "uv_size": [3, 1]},
								"down": {"uv": [32, 164], "uv_size": [3, -1]}
							}
						},
						{
							"origin": [4.4, 18.59082, 8.97549],
							"size": [0.4, 1, 4.8],
							"pivot": [8.4, 18.59082, 11.37549],
							"rotation": [-56.30993, -25.65891, -16.10211],
							"uv": {
								"north": {"uv": [37, 166], "uv_size": [1, 1]},
								"east": {"uv": [161, 19], "uv_size": [5, 1]},
								"south": {"uv": [166, 37], "uv_size": [1, 1]},
								"west": {"uv": [24, 161], "uv_size": [5, 1]},
								"up": {"uv": [5, 161], "uv_size": [1, 5]},
								"down": {"uv": [10, 166], "uv_size": [1, -5]}
							}
						},
						{
							"origin": [5, 18.99082, 9.57549],
							"size": [0.6, 0.6, 0.6],
							"pivot": [8.4, 18.59082, 11.37549],
							"rotation": [-56.30993, -25.65891, -16.10211],
							"uv": {
								"north": {"uv": [25, 166], "uv_size": [1, 1]},
								"east": {"uv": [166, 25], "uv_size": [1, 1]},
								"south": {"uv": [26, 166], "uv_size": [1, 1]},
								"west": {"uv": [27, 166], "uv_size": [1, 1]},
								"up": {"uv": [28, 166], "uv_size": [1, 1]},
								"down": {"uv": [29, 167], "uv_size": [1, -1]}
							}
						},
						{
							"origin": [5.125, 18.99082, 9.70049],
							"size": [0.35, 0.6625, 0.35],
							"pivot": [8.4, 18.59082, 11.37549],
							"rotation": [-56.30993, -25.65891, -16.10211],
							"uv": {
								"north": {"uv": [34, 165], "uv_size": [1, 1]},
								"east": {"uv": [35, 165], "uv_size": [1, 1]},
								"south": {"uv": [36, 165], "uv_size": [1, 1]},
								"west": {"uv": [37, 165], "uv_size": [1, 1]},
								"up": {"uv": [38, 165], "uv_size": [1, 1]},
								"down": {"uv": [39, 166], "uv_size": [1, -1]}
							}
						},
						{
							"origin": [4.88936, 19.81328, 10.56077],
							"size": [0.2, 0.2, 0.6],
							"pivot": [6.58936, 19.81952, 10.82327],
							"rotation": [-11.30993, -25.65891, -16.10211],
							"uv": {
								"north": {"uv": [54, 165], "uv_size": [1, 1]},
								"east": {"uv": [56, 165], "uv_size": [1, 1]},
								"south": {"uv": [57, 165], "uv_size": [1, 1]},
								"west": {"uv": [58, 165], "uv_size": [1, 1]},
								"up": {"uv": [59, 165], "uv_size": [1, 1]},
								"down": {"uv": [165, 61], "uv_size": [1, -1]}
							}
						},
						{
							"origin": [5.8, 18.99082, 9.57549],
							"size": [0.6, 0.6, 0.6],
							"pivot": [8.4, 18.59082, 11.37549],
							"rotation": [-56.30993, -25.65891, -16.10211],
							"uv": {
								"north": {"uv": [22, 166], "uv_size": [1, 1]},
								"east": {"uv": [166, 22], "uv_size": [1, 1]},
								"south": {"uv": [23, 166], "uv_size": [1, 1]},
								"west": {"uv": [166, 23], "uv_size": [1, 1]},
								"up": {"uv": [24, 166], "uv_size": [1, 1]},
								"down": {"uv": [166, 25], "uv_size": [1, -1]}
							}
						},
						{
							"origin": [5.925, 18.99082, 9.70049],
							"size": [0.35, 0.6625, 0.35],
							"pivot": [8.4, 18.59082, 11.37549],
							"rotation": [-56.30993, -25.65891, -16.10211],
							"uv": {
								"north": {"uv": [12, 165], "uv_size": [1, 1]},
								"east": {"uv": [13, 165], "uv_size": [1, 1]},
								"south": {"uv": [20, 165], "uv_size": [1, 1]},
								"west": {"uv": [21, 165], "uv_size": [1, 1]},
								"up": {"uv": [32, 165], "uv_size": [1, 1]},
								"down": {"uv": [33, 166], "uv_size": [1, -1]}
							}
						},
						{
							"origin": [5.68936, 19.81328, 10.56077],
							"size": [0.2, 0.2, 0.6],
							"pivot": [6.58936, 19.81952, 10.82327],
							"rotation": [-11.30993, -25.65891, -16.10211],
							"uv": {
								"north": {"uv": [165, 45], "uv_size": [1, 1]},
								"east": {"uv": [165, 46], "uv_size": [1, 1]},
								"south": {"uv": [165, 47], "uv_size": [1, 1]},
								"west": {"uv": [51, 165], "uv_size": [1, 1]},
								"up": {"uv": [52, 165], "uv_size": [1, 1]},
								"down": {"uv": [53, 166], "uv_size": [1, -1]}
							}
						},
						{
							"origin": [6.6, 18.99082, 9.57549],
							"size": [0.6, 0.6, 0.6],
							"pivot": [8.4, 18.59082, 11.37549],
							"rotation": [-56.30993, -25.65891, -16.10211],
							"uv": {
								"north": {"uv": [164, 146], "uv_size": [1, 1]},
								"east": {"uv": [147, 164], "uv_size": [1, 1]},
								"south": {"uv": [150, 164], "uv_size": [1, 1]},
								"west": {"uv": [164, 150], "uv_size": [1, 1]},
								"up": {"uv": [151, 164], "uv_size": [1, 1]},
								"down": {"uv": [152, 165], "uv_size": [1, -1]}
							}
						},
						{
							"origin": [6.725, 18.99082, 9.70049],
							"size": [0.35, 0.6625, 0.35],
							"pivot": [8.4, 18.59082, 11.37549],
							"rotation": [-56.30993, -25.65891, -16.10211],
							"uv": {
								"north": {"uv": [161, 164], "uv_size": [1, 1]},
								"east": {"uv": [163, 164], "uv_size": [1, 1]},
								"south": {"uv": [164, 164], "uv_size": [1, 1]},
								"west": {"uv": [6, 165], "uv_size": [1, 1]},
								"up": {"uv": [7, 165], "uv_size": [1, 1]},
								"down": {"uv": [8, 166], "uv_size": [1, -1]}
							}
						},
						{
							"origin": [6.48936, 19.81328, 10.56077],
							"size": [0.2, 0.2, 0.6],
							"pivot": [6.58936, 19.81952, 10.82327],
							"rotation": [-11.30993, -25.65891, -16.10211],
							"uv": {
								"north": {"uv": [40, 165], "uv_size": [1, 1]},
								"east": {"uv": [41, 165], "uv_size": [1, 1]},
								"south": {"uv": [42, 165], "uv_size": [1, 1]},
								"west": {"uv": [43, 165], "uv_size": [1, 1]},
								"up": {"uv": [44, 165], "uv_size": [1, 1]},
								"down": {"uv": [45, 166], "uv_size": [1, -1]}
							}
						},
						{
							"origin": [-6.42374, 20.08676, 11.05429],
							"size": [1.4, 0.5, 0.6],
							"pivot": [-5.72374, 19.19516, 11.06747],
							"rotation": [-11.30993, 25.65891, 16.10211],
							"uv": {
								"north": {"uv": [121, 166], "uv_size": [1, 1]},
								"east": {"uv": [166, 121], "uv_size": [1, 1]},
								"south": {"uv": [122, 166], "uv_size": [1, 1]},
								"west": {"uv": [166, 122], "uv_size": [1, 1]},
								"up": {"uv": [123, 166], "uv_size": [1, 1]},
								"down": {"uv": [166, 124], "uv_size": [1, -1]}
							}
						},
						{
							"origin": [-5.22374, 18.98676, 10.15429],
							"size": [0.4, 0.6, 1],
							"pivot": [-5.72374, 19.19516, 11.06747],
							"rotation": [-11.30993, 25.65891, 16.10211],
							"uv": {
								"north": {"uv": [75, 165], "uv_size": [1, 1]},
								"east": {"uv": [165, 75], "uv_size": [1, 1]},
								"south": {"uv": [76, 165], "uv_size": [1, 1]},
								"west": {"uv": [165, 76], "uv_size": [1, 1]},
								"up": {"uv": [78, 165], "uv_size": [1, 1]},
								"down": {"uv": [79, 166], "uv_size": [1, -1]}
							}
						},
						{
							"origin": [-5.24644, 18.48464, 10.65937],
							"size": [0.4, 0.8, 1.78578],
							"pivot": [-8.04644, 18.28464, 12.25937],
							"rotation": [-56.30993, 25.65891, 16.10211],
							"uv": {
								"north": {"uv": [165, 135], "uv_size": [1, 1]},
								"east": {"uv": [38, 164], "uv_size": [2, 1]},
								"south": {"uv": [136, 165], "uv_size": [1, 1]},
								"west": {"uv": [40, 164], "uv_size": [2, 1]},
								"up": {"uv": [14, 164], "uv_size": [1, 2]},
								"down": {"uv": [22, 166], "uv_size": [1, -2]}
							}
						},
						{
							"origin": [-5.15896, 17.75742, 10.99361],
							"size": [0.4, 0.6, 1],
							"pivot": [-5.65896, 17.96582, 11.90679],
							"rotation": [78.69007, 25.65891, 16.10211],
							"uv": {
								"north": {"uv": [165, 130], "uv_size": [1, 1]},
								"east": {"uv": [165, 131], "uv_size": [1, 1]},
								"south": {"uv": [165, 132], "uv_size": [1, 1]},
								"west": {"uv": [133, 165], "uv_size": [1, 1]},
								"up": {"uv": [165, 133], "uv_size": [1, 1]},
								"down": {"uv": [134, 166], "uv_size": [1, -1]}
							}
						},
						{
							"origin": [-5.95896, 17.75742, 10.99361],
							"size": [0.6, 0.6, 1],
							"pivot": [-5.65896, 17.96582, 11.90679],
							"rotation": [78.69007, 25.65891, 16.10211],
							"uv": {
								"north": {"uv": [165, 136], "uv_size": [1, 1]},
								"east": {"uv": [137, 165], "uv_size": [1, 1]},
								"south": {"uv": [165, 137], "uv_size": [1, 1]},
								"west": {"uv": [138, 165], "uv_size": [1, 1]},
								"up": {"uv": [165, 138], "uv_size": [1, 1]},
								"down": {"uv": [139, 166], "uv_size": [1, -1]}
							}
						},
						{
							"origin": [-6.55896, 17.75742, 10.99361],
							"size": [1.8, 0.6, 0.4],
							"pivot": [-5.65896, 17.96582, 11.90679],
							"rotation": [78.69007, 25.65891, 16.10211],
							"uv": {
								"north": {"uv": [12, 164], "uv_size": [2, 1]},
								"east": {"uv": [165, 134], "uv_size": [1, 1]},
								"south": {"uv": [164, 12], "uv_size": [2, 1]},
								"west": {"uv": [135, 165], "uv_size": [1, 1]},
								"up": {"uv": [20, 164], "uv_size": [2, 1]},
								"down": {"uv": [32, 165], "uv_size": [2, -1]}
							}
						},
						{
							"origin": [-6.55896, 17.75742, 10.99361],
							"size": [0.4, 0.6, 1],
							"pivot": [-5.65896, 17.96582, 11.90679],
							"rotation": [78.69007, 25.65891, 16.10211],
							"uv": {
								"north": {"uv": [82, 165], "uv_size": [1, 1]},
								"east": {"uv": [83, 165], "uv_size": [1, 1]},
								"south": {"uv": [87, 165], "uv_size": [1, 1]},
								"west": {"uv": [97, 165], "uv_size": [1, 1]},
								"up": {"uv": [98, 165], "uv_size": [1, 1]},
								"down": {"uv": [165, 106], "uv_size": [1, -1]}
							}
						},
						{
							"origin": [-6.04644, 18.48464, 10.65937],
							"size": [0.6, 0.8, 1.78578],
							"pivot": [-8.04644, 18.28464, 12.25937],
							"rotation": [-56.30993, 25.65891, 16.10211],
							"uv": {
								"north": {"uv": [165, 146], "uv_size": [1, 1]},
								"east": {"uv": [42, 164], "uv_size": [2, 1]},
								"south": {"uv": [147, 165], "uv_size": [1, 1]},
								"west": {"uv": [44, 164], "uv_size": [2, 1]},
								"up": {"uv": [164, 45], "uv_size": [1, 2]},
								"down": {"uv": [46, 166], "uv_size": [1, -2]}
							}
						},
						{
							"origin": [-6.64644, 18.48464, 10.65937],
							"size": [0.4, 0.8, 1.78578],
							"pivot": [-8.04644, 18.28464, 12.25937],
							"rotation": [-56.30993, 25.65891, 16.10211],
							"uv": {
								"north": {"uv": [165, 106], "uv_size": [1, 1]},
								"east": {"uv": [164, 10], "uv_size": [2, 1]},
								"south": {"uv": [165, 107], "uv_size": [1, 1]},
								"west": {"uv": [164, 11], "uv_size": [2, 1]},
								"up": {"uv": [17, 146], "uv_size": [1, 2]},
								"down": {"uv": [16, 153], "uv_size": [1, -2]}
							}
						},
						{
							"origin": [-6.62374, 18.98676, 10.15429],
							"size": [1.8, 0.6, 0.4],
							"pivot": [-5.72374, 19.19516, 11.06747],
							"rotation": [-11.30993, 25.65891, 16.10211],
							"uv": {
								"north": {"uv": [76, 151], "uv_size": [2, 1]},
								"east": {"uv": [80, 165], "uv_size": [1, 1]},
								"south": {"uv": [6, 152], "uv_size": [2, 1]},
								"west": {"uv": [81, 165], "uv_size": [1, 1]},
								"up": {"uv": [100, 162], "uv_size": [2, 1]},
								"down": {"uv": [164, 10], "uv_size": [2, -1]}
							}
						},
						{
							"origin": [-6.02374, 18.98676, 10.15429],
							"size": [0.6, 0.6, 1],
							"pivot": [-5.72374, 19.19516, 11.06747],
							"rotation": [-11.30993, 25.65891, 16.10211],
							"uv": {
								"north": {"uv": [165, 139], "uv_size": [1, 1]},
								"east": {"uv": [142, 165], "uv_size": [1, 1]},
								"south": {"uv": [143, 165], "uv_size": [1, 1]},
								"west": {"uv": [165, 144], "uv_size": [1, 1]},
								"up": {"uv": [145, 165], "uv_size": [1, 1]},
								"down": {"uv": [165, 146], "uv_size": [1, -1]}
							}
						},
						{
							"origin": [-6.62374, 18.98676, 10.15429],
							"size": [0.4, 0.6, 1],
							"pivot": [-5.72374, 19.19516, 11.06747],
							"rotation": [-11.30993, 25.65891, 16.10211],
							"uv": {
								"north": {"uv": [110, 165], "uv_size": [1, 1]},
								"east": {"uv": [111, 165], "uv_size": [1, 1]},
								"south": {"uv": [127, 165], "uv_size": [1, 1]},
								"west": {"uv": [128, 165], "uv_size": [1, 1]},
								"up": {"uv": [129, 165], "uv_size": [1, 1]},
								"down": {"uv": [165, 130], "uv_size": [1, -1]}
							}
						},
						{
							"origin": [-7, 18.99082, 9.77549],
							"size": [1.8, 0.6, 3.2],
							"inflate": 0.001,
							"pivot": [-8.4, 18.59082, 11.37549],
							"rotation": [-56.30993, 25.65891, 16.10211],
							"uv": {
								"north": {"uv": [34, 164], "uv_size": [2, 1]},
								"east": {"uv": [162, 131], "uv_size": [3, 1]},
								"south": {"uv": [36, 164], "uv_size": [2, 1]},
								"west": {"uv": [162, 132], "uv_size": [3, 1]},
								"up": {"uv": [144, 157], "uv_size": [2, 3]},
								"down": {"uv": [10, 161], "uv_size": [2, -3]}
							}
						},
						{
							"origin": [-7.8, 18.59082, 8.97549],
							"size": [3.4, 1, 0.4],
							"inflate": 0.001,
							"pivot": [-8.4, 18.59082, 11.37549],
							"rotation": [-56.30993, 25.65891, 16.10211],
							"uv": {
								"north": {"uv": [96, 163], "uv_size": [3, 1]},
								"east": {"uv": [36, 166], "uv_size": [1, 1]},
								"south": {"uv": [99, 163], "uv_size": [3, 1]},
								"west": {"uv": [166, 36], "uv_size": [1, 1]},
								"up": {"uv": [163, 108], "uv_size": [3, 1]},
								"down": {"uv": [109, 164], "uv_size": [3, -1]}
							}
						},
						{
							"origin": [-7.6, 18.59082, 9.17549],
							"size": [3, 0.8, 4.4],
							"inflate": -0.001,
							"pivot": [-8.4, 18.59082, 11.37549],
							"rotation": [-56.30993, 25.65891, 16.10211],
							"uv": {
								"north": {"uv": [41, 163], "uv_size": [3, 1]},
								"east": {"uv": [126, 161], "uv_size": [4, 1]},
								"south": {"uv": [44, 163], "uv_size": [3, 1]},
								"west": {"uv": [130, 161], "uv_size": [4, 1]},
								"up": {"uv": [96, 153], "uv_size": [3, 4]},
								"down": {"uv": [99, 158], "uv_size": [3, -4]}
							}
						},
						{
							"origin": [-4.8, 18.59082, 8.97549],
							"size": [0.4, 1, 4.8],
							"pivot": [-8.4, 18.59082, 11.37549],
							"rotation": [-56.30993, 25.65891, 16.10211],
							"uv": {
								"north": {"uv": [34, 166], "uv_size": [1, 1]},
								"east": {"uv": [0, 161], "uv_size": [5, 1]},
								"south": {"uv": [166, 34], "uv_size": [1, 1]},
								"west": {"uv": [161, 18], "uv_size": [5, 1]},
								"up": {"uv": [158, 160], "uv_size": [1, 5]},
								"down": {"uv": [159, 165], "uv_size": [1, -5]}
							}
						},
						{
							"origin": [-7.8, 18.59082, 13.37549],
							"size": [3.4, 1, 0.4],
							"inflate": 0.001,
							"pivot": [-8.4, 18.59082, 11.37549],
							"rotation": [-56.30993, 25.65891, 16.10211],
							"uv": {
								"north": {"uv": [51, 163], "uv_size": [3, 1]},
								"east": {"uv": [35, 166], "uv_size": [1, 1]},
								"south": {"uv": [58, 163], "uv_size": [3, 1]},
								"west": {"uv": [166, 35], "uv_size": [1, 1]},
								"up": {"uv": [64, 163], "uv_size": [3, 1]},
								"down": {"uv": [67, 164], "uv_size": [3, -1]}
							}
						},
						{
							"origin": [-7.8, 18.59082, 8.97549],
							"size": [0.4, 1, 4.8],
							"pivot": [-8.4, 18.59082, 11.37549],
							"rotation": [-56.30993, 25.65891, 16.10211],
							"uv": {
								"north": {"uv": [33, 166], "uv_size": [1, 1]},
								"east": {"uv": [160, 154], "uv_size": [5, 1]},
								"south": {"uv": [166, 33], "uv_size": [1, 1]},
								"west": {"uv": [160, 155], "uv_size": [5, 1]},
								"up": {"uv": [145, 160], "uv_size": [1, 5]},
								"down": {"uv": [160, 161], "uv_size": [1, -5]}
							}
						}
					]
				},
				{
					"name": "bone11",
					"parent": "bone9",
					"pivot": [2, 17.2248, 10.54151]
				},
				{
					"name": "bone6",
					"parent": "all",
					"pivot": [-1, 12, -7],
					"cubes": [
						{
							"origin": [-8, 0, -8.2],
							"size": [16, 17, 17.2],
							"inflate": -0.002,
							"uv": {
								"north": {"uv": [17, 0], "uv_size": [12, 17]},
								"east": {"uv": [0, 0], "uv_size": [17, 17]},
								"south": {"uv": [17, 17], "uv_size": [16, 17]},
								"west": {"uv": [0, 17], "uv_size": [17, 17]},
								"up": {"uv": [34, 36], "uv_size": [12, 17]},
								"down": {"uv": [46, 53], "uv_size": [12, -17]}
							}
						},
						{
							"origin": [0, 0, -8.2],
							"size": [8, 32, 1.2],
							"inflate": 0.002,
							"uv": {
								"north": {"uv": [16, 100], "uv_size": [8, 32]},
								"east": {"uv": [0, 36], "uv_size": [17, 32]},
								"south": {"uv": [24, 100], "uv_size": [8, 32]},
								"west": {"uv": [17, 36], "uv_size": [17, 32]},
								"up": {"uv": [128, 0], "uv_size": [8, 17]},
								"down": {"uv": [128, 110], "uv_size": [8, -17]}
							}
						},
						{
							"origin": [-8, 0, -8.2],
							"size": [8, 32, 1.2],
							"inflate": 0.002,
							"uv": {
								"north": {"uv": [24, 100], "uv_size": [-8, 32]},
								"east": {"uv": [34, 36], "uv_size": [-17, 32]},
								"south": {"uv": [32, 100], "uv_size": [-8, 32]},
								"west": {"uv": [17, 36], "uv_size": [-17, 32]},
								"up": {"uv": [136, 0], "uv_size": [-8, 17]},
								"down": {"uv": [136, 110], "uv_size": [-8, -17]}
							}
						}
					]
				},
				{
					"name": "bone7",
					"parent": "all",
					"pivot": [-15, 16, -7]
				},
				{
					"name": "bone3",
					"parent": "all",
					"pivot": [3.28955, 17.68376, 10.19055]
				},
				{
					"name": "bone2",
					"parent": "bone3",
					"pivot": [-12.94102, 28.37165, 1.96987],
					"rotation": [0, -150, 0],
					"cubes": [
						{
							"origin": [-20.31474, 28, -3.99615],
							"size": [2, 3.6, 2.2],
							"uv": {
								"north": {"uv": [156, 146], "uv_size": [2, 4]},
								"east": {"uv": [148, 156], "uv_size": [2, 4]},
								"south": {"uv": [150, 156], "uv_size": [2, 4]},
								"west": {"uv": [152, 156], "uv_size": [2, 4]},
								"up": {"uv": [162, 8], "uv_size": [2, 2]},
								"down": {"uv": [162, 47], "uv_size": [2, -2]}
							}
						},
						{
							"origin": [-19.81474, 26, -3.49615],
							"size": [1, 4.6, 1.2],
							"uv": {
								"north": {"uv": [118, 161], "uv_size": [1, 5]},
								"east": {"uv": [119, 161], "uv_size": [1, 5]},
								"south": {"uv": [120, 161], "uv_size": [1, 5]},
								"west": {"uv": [121, 161], "uv_size": [1, 5]},
								"up": {"uv": [129, 166], "uv_size": [1, 1]},
								"down": {"uv": [166, 130], "uv_size": [1, -1]}
							}
						},
						{
							"origin": [-20.31474, 24.51962, -3.99615],
							"size": [2.03205, 2.08038, 2.2],
							"uv": {
								"north": {"uv": [162, 63], "uv_size": [2, 2]},
								"east": {"uv": [162, 65], "uv_size": [2, 2]},
								"south": {"uv": [162, 67], "uv_size": [2, 2]},
								"west": {"uv": [72, 162], "uv_size": [2, 2]},
								"up": {"uv": [74, 162], "uv_size": [2, 2]},
								"down": {"uv": [76, 164], "uv_size": [2, -2]}
							}
						},
						{
							"origin": [-15.35615, 18.21865, -3.99615],
							"size": [2, 2.6, 2.2],
							"inflate": 0.001,
							"pivot": [-12.61429, 26.93564, 1.96987],
							"rotation": [0, 0, 60],
							"uv": {
								"north": {"uv": [20, 160], "uv_size": [2, 3]},
								"east": {"uv": [22, 160], "uv_size": [2, 3]},
								"south": {"uv": [35, 160], "uv_size": [2, 3]},
								"west": {"uv": [37, 160], "uv_size": [2, 3]},
								"up": {"uv": [78, 162], "uv_size": [2, 2]},
								"down": {"uv": [80, 164], "uv_size": [2, -2]}
							}
						},
						{
							"origin": [-15.15615, 17.21865, -3.79615],
							"size": [1.6, 3.6, 1.8],
							"pivot": [-12.61429, 26.93564, 1.96987],
							"rotation": [0, 0, 60],
							"uv": {
								"north": {"uv": [156, 155], "uv_size": [2, 4]},
								"east": {"uv": [0, 157], "uv_size": [2, 4]},
								"south": {"uv": [2, 157], "uv_size": [2, 4]},
								"west": {"uv": [4, 157], "uv_size": [2, 4]},
								"up": {"uv": [82, 162], "uv_size": [2, 2]},
								"down": {"uv": [162, 86], "uv_size": [2, -2]}
							}
						},
						{
							"origin": [-14.75615, 16.21865, -3.39615],
							"size": [0.8, 4.6, 1],
							"pivot": [-12.61429, 26.93564, 1.96987],
							"rotation": [0, 0, 60],
							"uv": {
								"north": {"uv": [122, 161], "uv_size": [1, 5]},
								"east": {"uv": [123, 161], "uv_size": [1, 5]},
								"south": {"uv": [124, 161], "uv_size": [1, 5]},
								"west": {"uv": [125, 161], "uv_size": [1, 5]},
								"up": {"uv": [130, 166], "uv_size": [1, 1]},
								"down": {"uv": [166, 131], "uv_size": [1, -1]}
							}
						}
					]
				},
				{
					"name": "bone4",
					"parent": "bone2",
					"pivot": [-12.57769, 25.37224, 1.96987],
					"cubes": [
						{
							"origin": [-14.85615, 18.81865, -4.49615],
							"size": [1, 1, 1],
							"pivot": [-12.61429, 26.93564, 1.96987],
							"rotation": [0, 0, 60],
							"uv": {
								"north": {"uv": [131, 166], "uv_size": [1, 1]},
								"east": {"uv": [166, 131], "uv_size": [1, 1]},
								"south": {"uv": [132, 166], "uv_size": [1, 1]},
								"west": {"uv": [166, 132], "uv_size": [1, 1]},
								"up": {"uv": [133, 166], "uv_size": [1, 1]},
								"down": {"uv": [166, 134], "uv_size": [1, -1]}
							}
						},
						{
							"origin": [-18.12574, 20.09985, -4.99615],
							"size": [0.4, 0.4, 0.4],
							"pivot": [-13.38032, 24.84528, 0.06987],
							"rotation": [0, 0, 45],
							"uv": {
								"north": {"uv": [137, 166], "uv_size": [1, 1]},
								"east": {"uv": [166, 137], "uv_size": [1, 1]},
								"south": {"uv": [138, 166], "uv_size": [1, 1]},
								"west": {"uv": [166, 138], "uv_size": [1, 1]},
								"up": {"uv": [139, 166], "uv_size": [1, 1]},
								"down": {"uv": [166, 140], "uv_size": [1, -1]}
							}
						},
						{
							"origin": [-14.55615, 19.11865, -4.99615],
							"size": [0.4, 0.4, 1.1],
							"pivot": [-12.61429, 26.93564, 1.96987],
							"rotation": [0, 0, 60],
							"uv": {
								"north": {"uv": [134, 166], "uv_size": [1, 1]},
								"east": {"uv": [166, 134], "uv_size": [1, 1]},
								"south": {"uv": [135, 166], "uv_size": [1, 1]},
								"west": {"uv": [166, 135], "uv_size": [1, 1]},
								"up": {"uv": [136, 166], "uv_size": [1, 1]},
								"down": {"uv": [166, 137], "uv_size": [1, -1]}
							}
						},
						{
							"origin": [-18.93767, 21.70438, -4.99615],
							"size": [0.4, 0.4, 0.4],
							"pivot": [-13.17068, 25.11848, 0.06987],
							"rotation": [0, 0, 30],
							"uv": {
								"north": {"uv": [140, 166], "uv_size": [1, 1]},
								"east": {"uv": [141, 166], "uv_size": [1, 1]},
								"south": {"uv": [142, 166], "uv_size": [1, 1]},
								"west": {"uv": [143, 166], "uv_size": [1, 1]},
								"up": {"uv": [144, 166], "uv_size": [1, 1]},
								"down": {"uv": [166, 145], "uv_size": [1, -1]}
							}
						},
						{
							"origin": [-19.70688, 23.60697, -4.99615],
							"size": [0.4, 0.4, 0.4],
							"pivot": [-13.29771, 24.47071, 0.06987],
							"rotation": [0, 0, 15],
							"uv": {
								"north": {"uv": [145, 166], "uv_size": [1, 1]},
								"east": {"uv": [166, 145], "uv_size": [1, 1]},
								"south": {"uv": [146, 166], "uv_size": [1, 1]},
								"west": {"uv": [166, 146], "uv_size": [1, 1]},
								"up": {"uv": [147, 166], "uv_size": [1, 1]},
								"down": {"uv": [166, 148], "uv_size": [1, -1]}
							}
						},
						{
							"origin": [-19.62215, 25.57806, -4.99615],
							"size": [0.4, 2.4, 0.4],
							"uv": {
								"north": {"uv": [60, 164], "uv_size": [1, 2]},
								"east": {"uv": [164, 64], "uv_size": [1, 2]},
								"south": {"uv": [66, 164], "uv_size": [1, 2]},
								"west": {"uv": [164, 66], "uv_size": [1, 2]},
								"up": {"uv": [148, 166], "uv_size": [1, 1]},
								"down": {"uv": [166, 149], "uv_size": [1, -1]}
							}
						},
						{
							"origin": [-19.35816, 26.25574, -4.99615],
							"size": [0.4, 0.4, 0.4],
							"pivot": [-12.949, 28.11948, 0.06987],
							"rotation": [0, 0, 15],
							"uv": {
								"north": {"uv": [155, 166], "uv_size": [1, 1]},
								"east": {"uv": [166, 155], "uv_size": [1, 1]},
								"south": {"uv": [156, 166], "uv_size": [1, 1]},
								"west": {"uv": [166, 156], "uv_size": [1, 1]},
								"up": {"uv": [157, 166], "uv_size": [1, 1]},
								"down": {"uv": [166, 158], "uv_size": [1, -1]}
							}
						},
						{
							"origin": [-18.5842, 25.02353, -4.99615],
							"size": [0.4, 0.4, 0.4],
							"pivot": [-12.81721, 28.43763, 0.06987],
							"rotation": [0, 0, 30],
							"uv": {
								"north": {"uv": [152, 166], "uv_size": [1, 1]},
								"east": {"uv": [166, 152], "uv_size": [1, 1]},
								"south": {"uv": [153, 166], "uv_size": [1, 1]},
								"west": {"uv": [166, 153], "uv_size": [1, 1]},
								"up": {"uv": [154, 166], "uv_size": [1, 1]},
								"down": {"uv": [166, 155], "uv_size": [1, -1]}
							}
						},
						{
							"origin": [-19.0946, 26.89205, -4.99615],
							"size": [0.4, 0.4, 0.4],
							"pivot": [-12.68543, 28.75579, 0.06987],
							"rotation": [0, 0, 15],
							"uv": {
								"north": {"uv": [158, 166], "uv_size": [1, 1]},
								"east": {"uv": [166, 158], "uv_size": [1, 1]},
								"south": {"uv": [159, 166], "uv_size": [1, 1]},
								"west": {"uv": [166, 159], "uv_size": [1, 1]},
								"up": {"uv": [160, 166], "uv_size": [1, 1]},
								"down": {"uv": [166, 161], "uv_size": [1, -1]}
							}
						},
						{
							"origin": [-19.26868, 28.89721, -4.99615],
							"size": [0.4, 0.4, 1.4],
							"pivot": [-12.64048, 29.09721, 0.06987],
							"rotation": [0, 0, 0],
							"uv": {
								"north": {"uv": [149, 166], "uv_size": [1, 1]},
								"east": {"uv": [166, 149], "uv_size": [1, 1]},
								"south": {"uv": [150, 166], "uv_size": [1, 1]},
								"west": {"uv": [166, 150], "uv_size": [1, 1]},
								"up": {"uv": [151, 166], "uv_size": [1, 1]},
								"down": {"uv": [166, 152], "uv_size": [1, -1]}
							}
						},
						{
							"origin": [-19.56868, 28.69721, -4.49615],
							"size": [1, 1, 1],
							"pivot": [-12.64048, 29.09721, 0.06987],
							"rotation": [0, 0, 0],
							"uv": {
								"north": {"uv": [161, 166], "uv_size": [1, 1]},
								"east": {"uv": [166, 161], "uv_size": [1, 1]},
								"south": {"uv": [162, 166], "uv_size": [1, 1]},
								"west": {"uv": [166, 162], "uv_size": [1, 1]},
								"up": {"uv": [163, 166], "uv_size": [1, 1]},
								"down": {"uv": [166, 164], "uv_size": [1, -1]}
							}
						},
						{
							"origin": [-17.72311, 21.12682, -4.19615],
							"size": [0.4, 0.4, 2.6],
							"pivot": [-12.57769, 25.37224, 1.96987],
							"rotation": [0, 0, 45],
							"uv": {
								"north": {"uv": [165, 166], "uv_size": [1, 1]},
								"east": {"uv": [163, 123], "uv_size": [3, 1]},
								"south": {"uv": [166, 165], "uv_size": [1, 1]},
								"west": {"uv": [127, 163], "uv_size": [3, 1]},
								"up": {"uv": [130, 163], "uv_size": [1, 3]},
								"down": {"uv": [131, 166], "uv_size": [1, -3]}
							}
						},
						{
							"origin": [-16.92311, 20.32682, -4.19615],
							"size": [0.4, 0.4, 2.6],
							"pivot": [-12.57769, 25.37224, 1.96987],
							"rotation": [0, 0, 45],
							"uv": {
								"north": {"uv": [164, 166], "uv_size": [1, 1]},
								"east": {"uv": [163, 121], "uv_size": [3, 1]},
								"south": {"uv": [166, 164], "uv_size": [1, 1]},
								"west": {"uv": [163, 122], "uv_size": [3, 1]},
								"up": {"uv": [102, 163], "uv_size": [1, 3]},
								"down": {"uv": [126, 166], "uv_size": [1, -3]}
							}
						}
					]
				},
				{
					"name": "bone",
					"parent": "bone3",
					"pivot": [-3.05449, 28.37165, -4.2],
					"rotation": [0, 30, 0],
					"cubes": [
						{
							"origin": [2.4282, 28, -0.43397],
							"size": [2, 3.6, 2.2],
							"uv": {
								"north": {"uv": [156, 71], "uv_size": [2, 4]},
								"east": {"uv": [136, 156], "uv_size": [2, 4]},
								"south": {"uv": [138, 156], "uv_size": [2, 4]},
								"west": {"uv": [140, 156], "uv_size": [2, 4]},
								"up": {"uv": [15, 146], "uv_size": [2, 2]},
								"down": {"uv": [84, 148], "uv_size": [2, -2]}
							}
						},
						{
							"origin": [2.9282, 26, 0.06603],
							"size": [1, 4.6, 1.2],
							"uv": {
								"north": {"uv": [114, 161], "uv_size": [1, 5]},
								"east": {"uv": [115, 161], "uv_size": [1, 5]},
								"south": {"uv": [116, 161], "uv_size": [1, 5]},
								"west": {"uv": [117, 161], "uv_size": [1, 5]},
								"up": {"uv": [124, 166], "uv_size": [1, 1]},
								"down": {"uv": [166, 125], "uv_size": [1, -1]}
							}
						},
						{
							"origin": [2.4282, 25.51962, -0.43397],
							"size": [2.03205, 1.08038, 2.2],
							"uv": {
								"north": {"uv": [164, 61], "uv_size": [2, 1]},
								"east": {"uv": [164, 62], "uv_size": [2, 1]},
								"south": {"uv": [164, 63], "uv_size": [2, 1]},
								"west": {"uv": [64, 164], "uv_size": [2, 1]},
								"up": {"uv": [150, 161], "uv_size": [2, 2]},
								"down": {"uv": [152, 163], "uv_size": [2, -2]}
							}
						},
						{
							"origin": [1.58301, 26.67391, -0.43397],
							"size": [2, 2.6, 2.2],
							"inflate": 0.001,
							"pivot": [-2.98397, 25.75981, -4.2],
							"rotation": [0, 0, 30],
							"uv": {
								"north": {"uv": [6, 160], "uv_size": [2, 3]},
								"east": {"uv": [8, 160], "uv_size": [2, 3]},
								"south": {"uv": [12, 160], "uv_size": [2, 3]},
								"west": {"uv": [14, 160], "uv_size": [2, 3]},
								"up": {"uv": [161, 156], "uv_size": [2, 2]},
								"down": {"uv": [161, 160], "uv_size": [2, -2]}
							}
						},
						{
							"origin": [1.58301, 25.67391, -0.43397],
							"size": [0.4, 3.6, 0.4],
							"inflate": -0.001,
							"pivot": [-2.98397, 25.75981, -4.2],
							"rotation": [0, 0, 30],
							"uv": {
								"north": {"uv": [160, 161], "uv_size": [1, 4]},
								"east": {"uv": [161, 160], "uv_size": [1, 4]},
								"south": {"uv": [0, 162], "uv_size": [1, 4]},
								"west": {"uv": [1, 162], "uv_size": [1, 4]},
								"up": {"uv": [125, 166], "uv_size": [1, 1]},
								"down": {"uv": [166, 126], "uv_size": [1, -1]}
							}
						},
						{
							"origin": [3.18301, 25.67391, 1.36603],
							"size": [0.4, 3.6, 0.4],
							"inflate": -0.001,
							"pivot": [-2.98397, 25.75981, -4.2],
							"rotation": [0, 0, 30],
							"uv": {
								"north": {"uv": [26, 162], "uv_size": [1, 4]},
								"east": {"uv": [27, 162], "uv_size": [1, 4]},
								"south": {"uv": [28, 162], "uv_size": [1, 4]},
								"west": {"uv": [62, 162], "uv_size": [1, 4]},
								"up": {"uv": [128, 166], "uv_size": [1, 1]},
								"down": {"uv": [166, 129], "uv_size": [1, -1]}
							}
						},
						{
							"origin": [3.18301, 25.67391, -0.43397],
							"size": [0.4, 3.6, 0.4],
							"inflate": -0.001,
							"pivot": [-2.98397, 25.75981, -4.2],
							"rotation": [0, 0, 30],
							"uv": {
								"north": {"uv": [18, 162], "uv_size": [1, 4]},
								"east": {"uv": [19, 162], "uv_size": [1, 4]},
								"south": {"uv": [24, 162], "uv_size": [1, 4]},
								"west": {"uv": [25, 162], "uv_size": [1, 4]},
								"up": {"uv": [127, 166], "uv_size": [1, 1]},
								"down": {"uv": [166, 128], "uv_size": [1, -1]}
							}
						},
						{
							"origin": [1.58301, 25.67391, 1.36603],
							"size": [0.4, 3.6, 0.4],
							"inflate": -0.001,
							"pivot": [-2.98397, 25.75981, -4.2],
							"rotation": [0, 0, 30],
							"uv": {
								"north": {"uv": [2, 162], "uv_size": [1, 4]},
								"east": {"uv": [3, 162], "uv_size": [1, 4]},
								"south": {"uv": [4, 162], "uv_size": [1, 4]},
								"west": {"uv": [16, 162], "uv_size": [1, 4]},
								"up": {"uv": [126, 166], "uv_size": [1, 1]},
								"down": {"uv": [166, 127], "uv_size": [1, -1]}
							}
						}
					]
				},
				{
					"name": "bone5",
					"parent": "bone",
					"pivot": [-2.97769, 25.37224, -3.96987],
					"cubes": [
						{
							"origin": [1.49631, 27.83258, 1.49615],
							"size": [1, 1, 1],
							"pivot": [-3.57068, 25.11848, -2.64487],
							"rotation": [0, 0, 30],
							"uv": {
								"north": {"uv": [166, 166], "uv_size": [1, 1]},
								"east": {"uv": [0, 167], "uv_size": [1, 1]},
								"south": {"uv": [1, 167], "uv_size": [1, 1]},
								"west": {"uv": [2, 167], "uv_size": [1, 1]},
								"up": {"uv": [3, 167], "uv_size": [1, 1]},
								"down": {"uv": [4, 168], "uv_size": [1, -1]}
							}
						},
						{
							"origin": [1.79631, 28.13258, 1.89615],
							"size": [0.4, 0.4, 1.1],
							"pivot": [-3.57068, 25.11848, -2.64487],
							"rotation": [0, 0, 30],
							"uv": {
								"north": {"uv": [5, 167], "uv_size": [1, 1]},
								"east": {"uv": [6, 167], "uv_size": [1, 1]},
								"south": {"uv": [7, 167], "uv_size": [1, 1]},
								"west": {"uv": [8, 167], "uv_size": [1, 1]},
								"up": {"uv": [167, 8], "uv_size": [1, 1]},
								"down": {"uv": [9, 168], "uv_size": [1, -1]}
							}
						},
						{
							"origin": [2.31145, 26.93445, 2.59615],
							"size": [0.4, 0.4, 0.4],
							"pivot": [-3.69771, 24.47071, -2.06987],
							"rotation": [0, 0, 15],
							"uv": {
								"north": {"uv": [167, 12], "uv_size": [1, 1]},
								"east": {"uv": [13, 167], "uv_size": [1, 1]},
								"south": {"uv": [167, 13], "uv_size": [1, 1]},
								"west": {"uv": [14, 167], "uv_size": [1, 1]},
								"up": {"uv": [167, 14], "uv_size": [1, 1]},
								"down": {"uv": [15, 168], "uv_size": [1, -1]}
							}
						},
						{
							"origin": [2.83426, 25.57806, 2.59615],
							"size": [0.4, 2.4, 0.4],
							"uv": {
								"north": {"uv": [67, 164], "uv_size": [1, 2]},
								"east": {"uv": [68, 164], "uv_size": [1, 2]},
								"south": {"uv": [69, 164], "uv_size": [1, 2]},
								"west": {"uv": [72, 164], "uv_size": [1, 2]},
								"up": {"uv": [16, 167], "uv_size": [1, 1]},
								"down": {"uv": [17, 168], "uv_size": [1, -1]}
							}
						},
						{
							"origin": [2.66017, 29.58322, 2.59615],
							"size": [0.4, 0.4, 0.4],
							"pivot": [-3.349, 28.11948, -2.06987],
							"rotation": [0, 0, 15],
							"uv": {
								"north": {"uv": [18, 167], "uv_size": [1, 1]},
								"east": {"uv": [167, 18], "uv_size": [1, 1]},
								"south": {"uv": [19, 167], "uv_size": [1, 1]},
								"west": {"uv": [167, 19], "uv_size": [1, 1]},
								"up": {"uv": [20, 167], "uv_size": [1, 1]},
								"down": {"uv": [167, 21], "uv_size": [1, -1]}
							}
						},
						{
							"origin": [2.14977, 31.45174, 2.59615],
							"size": [0.4, 0.4, 0.4],
							"pivot": [-3.21721, 28.43763, -2.06987],
							"rotation": [0, 0, 30],
							"uv": {
								"north": {"uv": [21, 167], "uv_size": [1, 1]},
								"east": {"uv": [167, 21], "uv_size": [1, 1]},
								"south": {"uv": [22, 167], "uv_size": [1, 1]},
								"west": {"uv": [167, 22], "uv_size": [1, 1]},
								"up": {"uv": [23, 167], "uv_size": [1, 1]},
								"down": {"uv": [167, 24], "uv_size": [1, -1]}
							}
						},
						{
							"origin": [2.92374, 30.21953, 2.59615],
							"size": [0.4, 0.4, 0.4],
							"pivot": [-3.08543, 28.75579, -2.06987],
							"rotation": [0, 0, 15],
							"uv": {
								"north": {"uv": [24, 167], "uv_size": [1, 1]},
								"east": {"uv": [167, 24], "uv_size": [1, 1]},
								"south": {"uv": [25, 167], "uv_size": [1, 1]},
								"west": {"uv": [167, 25], "uv_size": [1, 1]},
								"up": {"uv": [26, 167], "uv_size": [1, 1]},
								"down": {"uv": [27, 168], "uv_size": [1, -1]}
							}
						},
						{
							"origin": [3.18772, 28.89721, 1.59615],
							"size": [0.4, 0.4, 1.4],
							"pivot": [-3.04048, 29.09721, -2.06987],
							"rotation": [0, 0, 0],
							"uv": {
								"north": {"uv": [28, 167], "uv_size": [1, 1]},
								"east": {"uv": [29, 167], "uv_size": [1, 1]},
								"south": {"uv": [30, 167], "uv_size": [1, 1]},
								"west": {"uv": [31, 167], "uv_size": [1, 1]},
								"up": {"uv": [32, 167], "uv_size": [1, 1]},
								"down": {"uv": [167, 33], "uv_size": [1, -1]}
							}
						},
						{
							"origin": [2.88772, 28.69721, 1.49615],
							"size": [1, 1, 1],
							"pivot": [-3.04048, 29.09721, -2.06987],
							"rotation": [0, 0, 0],
							"uv": {
								"north": {"uv": [33, 167], "uv_size": [1, 1]},
								"east": {"uv": [167, 33], "uv_size": [1, 1]},
								"south": {"uv": [34, 167], "uv_size": [1, 1]},
								"west": {"uv": [167, 34], "uv_size": [1, 1]},
								"up": {"uv": [35, 167], "uv_size": [1, 1]},
								"down": {"uv": [167, 36], "uv_size": [1, -1]}
							}
						},
						{
							"origin": [0.96774, 30.21767, -0.40385],
							"size": [0.4, 0.4, 2.6],
							"pivot": [-2.97769, 25.37224, -3.96987],
							"rotation": [0, 0, 45],
							"uv": {
								"north": {"uv": [36, 167], "uv_size": [1, 1]},
								"east": {"uv": [150, 163], "uv_size": [3, 1]},
								"south": {"uv": [167, 36], "uv_size": [1, 1]},
								"west": {"uv": [163, 156], "uv_size": [3, 1]},
								"up": {"uv": [132, 163], "uv_size": [1, 3]},
								"down": {"uv": [146, 166], "uv_size": [1, -3]}
							}
						},
						{
							"origin": [1.76774, 29.41767, -0.40385],
							"size": [0.4, 0.4, 2.6],
							"pivot": [-2.97769, 25.37224, -3.96987],
							"rotation": [0, 0, 45],
							"uv": {
								"north": {"uv": [37, 167], "uv_size": [1, 1]},
								"east": {"uv": [163, 157], "uv_size": [3, 1]},
								"south": {"uv": [167, 37], "uv_size": [1, 1]},
								"west": {"uv": [163, 158], "uv_size": [3, 1]},
								"up": {"uv": [153, 163], "uv_size": [1, 3]},
								"down": {"uv": [162, 166], "uv_size": [1, -3]}
							}
						}
					]
				},
				{
					"name": "keyboard",
					"parent": "bone3",
					"pivot": [2, 14.54992, 12.50849]
				}
			]
		}
	]
}