{
	"format_version": "1.12.0",
	"minecraft:geometry": [
		{
			"description": {
				"identifier": "geometry.unknown",
				"texture_width": 64,
				"texture_height": 64,
				"visible_bounds_width": 2,
				"visible_bounds_height": 2.5,
				"visible_bounds_offset": [0, 0.75, 0]
			},
			"bones": [
				{
					"name": "bb_main",
					"pivot": [0, 0, 0],
					"cubes": [
						{
							"origin": [-8, 0, -8],
							"size": [16, 8, 16],
							"uv": {
								"north": {"uv": [0, 0], "uv_size": [16, 8]},
								"east": {"uv": [32, 24], "uv_size": [16, 8]},
								"south": {"uv": [0, 40], "uv_size": [16, 8]},
								"west": {"uv": [16, 40], "uv_size": [16, 8]},
								"up": {"uv": [0, 24], "uv_size": [16, 16]},
								"down": {"uv": [16, 40], "uv_size": [16, -16]}
							}
						},
						{
							"origin": [-6, 8, -6],
							"size": [12, 3, 12],
							"inflate": -0.001,
							"uv": {
								"north": {"uv": [12, 12], "uv_size": [12, 3]},
								"east": {"uv": [0, 12], "uv_size": [12, 3]},
								"south": {"uv": [36, 12], "uv_size": [12, 3]},
								"west": {"uv": [24, 12], "uv_size": [12, 3]},
								"up": {"uv": [32, 32], "uv_size": [20, 23]},
								"down": {"uv": [24, 12], "uv_size": [12, -12]}
							}
						},
						{
							"origin": [-6, 9, -6],
							"size": [12, 3, 2],
							"uv": {
								"north": {"uv": [0, 15], "uv_size": [12, 3]},
								"east": {"uv": [18, 0], "uv_size": [2, 3]},
								"south": {"uv": [12, 15], "uv_size": [12, 3]},
								"west": {"uv": [18, 3], "uv_size": [2, 3]},
								"up": {"uv": [0, 18], "uv_size": [12, 2]},
								"down": {"uv": [12, 20], "uv_size": [12, -2]}
							}
						},
						{
							"origin": [-6, 9, 4],
							"size": [12, 3, 2],
							"uv": {
								"north": {"uv": [0, 15], "uv_size": [12, 3]},
								"east": {"uv": [18, 0], "uv_size": [2, 3]},
								"south": {"uv": [12, 15], "uv_size": [12, 3]},
								"west": {"uv": [18, 3], "uv_size": [2, 3]},
								"up": {"uv": [0, 18], "uv_size": [12, 2]},
								"down": {"uv": [12, 20], "uv_size": [12, -2]}
							}
						},
						{
							"origin": [-6, 9, -6],
							"size": [12, 3, 2],
							"pivot": [0, 10.5, 0],
							"rotation": [0, 90, 0],
							"uv": {
								"north": {"uv": [0, 15], "uv_size": [12, 3]},
								"east": {"uv": [18, 0], "uv_size": [2, 3]},
								"south": {"uv": [12, 15], "uv_size": [12, 3]},
								"west": {"uv": [18, 3], "uv_size": [2, 3]},
								"up": {"uv": [0, 18], "uv_size": [12, 2]},
								"down": {"uv": [12, 20], "uv_size": [12, -2]}
							}
						},
						{
							"origin": [-6, 9, 4],
							"size": [12, 3, 2],
							"pivot": [0, 10.5, 0],
							"rotation": [0, 90, 0],
							"uv": {
								"north": {"uv": [0, 15], "uv_size": [12, 3]},
								"east": {"uv": [18, 0], "uv_size": [2, 3]},
								"south": {"uv": [12, 15], "uv_size": [12, 3]},
								"west": {"uv": [18, 3], "uv_size": [2, 3]},
								"up": {"uv": [0, 18], "uv_size": [12, 2]},
								"down": {"uv": [12, 20], "uv_size": [12, -2]}
							}
						}
					]
				}
			]
		}
	]
}