{
	"format_version": "1.12.0",
	"minecraft:geometry": [
		{
			"description": {
				"identifier": "geometry.unknown",
				"texture_width": 256,
				"texture_height": 256,
				"visible_bounds_width": 4,
				"visible_bounds_height": 1.5,
				"visible_bounds_offset": [0, 0.25, 0]
			},
			"bones": [
				{
					"name": "bb_main",
					"pivot": [0, 0, 0],
					"cubes": [
						{
							"origin": [-0.1, -0.1, -24],
							"size": [0.2, 0.2, 48],
							"uv": {
								"north": {"uv": [16, 16], "uv_size": [1, 1]},
								"east": {"uv": [0, 16], "uv_size": [16, 1]},
								"south": {"uv": [33, 16], "uv_size": [1, 1]},
								"west": {"uv": [17, 16], "uv_size": [16, 1]},
								"up": {"uv": [16, 0], "uv_size": [1, 16]},
								"down": {"uv": [17, 16], "uv_size": [1, -16]}
							}
						}
					]
				}
			]
		}
	]
}