{
  "model": "pgp:gun/ns20_geo",
  "texture": "pgp:gun/uv/ns20",
  "lod": {
    "model": "pgp:gun/lod/ns20lod_geo",
    "texture": "pgp:gun/uv/ns20"
  },
  "hud": "pgp:gun/hud/ns20_hud",
  "slot": "pgp:gun/slot/ns20",
  "animation": "pgp:ns20",
  "show_crosshair": true,
  "use_default_animation": "rifle",
  "third_person_animation": "default",
  "transform": {
    "scale": {
      "thirdperson": [0.8, 0.8, 0.8],
      "ground": [0.6, 0.6, 0.6],
      "fixed": [1.2, 1.2, 1.2]
    }
  },
  "muzzle_flash": {
    "texture": "pgp:flash/green_muzzleflash",
    "scale": 3
  },
  "iron_zoom": 2,
  "shell": {
    "initial_velocity": [5, 2, 1],
    "random_velocity": [1, 1, 0.25],
    "acceleration": [0.0, -10, 0.0],
    "angular_velocity": [360, -1200, 90],
    "living_time": 1.0
  },
  "ammo": {
    // 曳光弹颜色，没有则为 #FFFFFF，没有此字段时，会调用 ammo 的相关字段
    // 严格遵循 RGB 颜色代码
    // 粒子效果，部分参数和原版指令完全一致，具体可参考 wiki：https://minecraft.fandom.com/zh/wiki/%E5%91%BD%E4%BB%A4/particle
    // 没有此字段时，会调用 ammo 的相关字段
        "particle": {
          // 名称，具体可选粒子可参考 wiki：https://minecraft.fandom.com/zh/wiki/%E7%B2%92%E5%AD%90
          "name": "sonic_boom",
          // 生成的区域，默认为 0 0 0
          "delta": [
            0,
            0,
            0
          ],
          // 速度，默认为0，必须至少为 0
          "speed": 0,
          // 粒子存在时间，单位 tick，默认为 20 tick
          "life_time": 10,
          // 粒子数量，当子弹速度过快时，可以增大此数量，能够填满子弹路径的空隙
          "count": 3
    }
  },
  "sounds": {
    "shoot_3p": "pgp:ns20/ns20_shoot",
    "fire_select": "pgp:all/fire_select",
    "silence": "pgp:ns20/ns20_silence",
    "silence_3p": "pgp:ns20/ns20_silence_3p",
    "reload_empty": "pgp:ns20/ns20_reload_empty",
    "reload_tactical": "pgp:ns20/ns20_reload_tactical",
    "reload_empty_scattering": "pgp:ns20/ns20_reload_empty",
    "reload_tactical_scattering": "pgp:ns20/ns20_reload_tactical",
    "inspect": "pgp:ns20/ns20_inspect",
    "inspect_empty": "pgp:ns20/ns20_inspect",
    "draw": "pgp:ns20/ns20_draw",
    "put_away": "pgp:ns20/ns20_put_away",
    "melee_push": "tacz:melee_stock/melee_stock_01",
    "melee_stock": "tacz:melee_stock/melee_stock_02",
    "dry_fire": "pgp:all/dry_fire",
    "bolt": "pgp:ns20/ns20_bolt"
  },
  "offhand_show": {
    "pos": [1, 19, 4],
    "rotate": [0, 0, 50],
    "scale": [0.5, 0.5, 0.5]
  },
  "hotbar_show": {
    "0": {
      "pos": [-1, 19, 3],
      "rotate": [-180, 0, 130],
      "scale": [0.5, 0.5, 0.5]
    }
  },
  "text_show": {
    // 定位组名，与模型中的组名对应。
    "ammo_count_text_pos": {
      // 文本缩放，默认大小对于 BlockBench 里的 1
      "scale": 0.35,
      // 对齐方式：right，center，left
      "align": "center",
      // 阴影
      "shadow": false,
      // 文本颜色
      "color": "#ffffff",
      // 亮度：1-15
      "light": 15,
      // 支持在语言文件中定义，且支持PlaceholderAPI 风格的占位符
      // 目前仅支持两个：%player_name% %ammo_count%
      "text": "%ammo_count%"
    }
  }
}