{
	"format_version": "1.12.0",
	"minecraft:geometry": [
		{
			"description": {
				"identifier": "geometry.unknown",
				"texture_width": 16,
				"texture_height": 16,
				"visible_bounds_width": 750002,
				"visible_bounds_height": 11,
				"visible_bounds_offset": [0, 0.5, 0]
			},
			"bones": [
				{
					"name": "bone",
					"pivot": [0, 0, 0],
					"cubes": [
						{
							"origin": [-60.5, 0, -1],
							"size": [60, 1, 1],
							"pivot": [-0.5, 0, 0],
							"rotation": [0, -90, 0],
							"uv": {
								"north": {"uv": [5.09375, 8.25], "uv_size": [0.625, -1.15625]},
								"east": {"uv": [4, 8.34375], "uv_size": [0.59375, -1.15625]},
								"south": {"uv": [5.09375, 8.25], "uv_size": [0.625, -1.15625]},
								"west": {"uv": [4, 8.34375], "uv_size": [0.59375, -1.15625]},
								"up": {"uv": [5.71875, 7.09375], "uv_size": [-0.625, 1.15625]},
								"down": {"uv": [5.71875, 7.09375], "uv_size": [-0.625, 1.15625]}
							}
						}
					]
				}
			]
		}
	]
}