{
	"format_version": "1.12.0",
	"minecraft:geometry": [
		{
			"description": {
				"identifier": "geometry.unknown",
				"texture_width": 64,
				"texture_height": 64,
				"visible_bounds_width": 3,
				"visible_bounds_height": 2.5,
				"visible_bounds_offset": [0, 0.75, 0]
			},
			"bones": [
				{
					"name": "muzzle",
					"pivot": [0, 0, 0]
				},
				{
					"name": "light_illuminate",
					"parent": "muzzle",
					"pivot": [0.94984, 18.50065, 26.60104]
				},
				{
					"name": "mid",
					"parent": "muzzle",
					"pivot": [0.81032, 18.4375, -2.50316],
					"cubes": [
						{
							"origin": [0.49843, 17.86078, -6.86772],
							"size": [0.18628, 1.15343, 0.60413],
							"pivot": [0.81032, 18.4375, -6.75316],
							"rotation": [0, -60, 0],
							"uv": {
								"north": {"uv": [20, 18], "uv_size": [0.125, 1.125]},
								"east": {"uv": [8, 16], "uv_size": [0.625, 1.125]},
								"south": {"uv": [20, 18], "uv_size": [0.125, 1.125]},
								"west": {"uv": [8, 16], "uv_size": [0.625, 1.125]},
								"up": {"uv": [21, 16], "uv_size": [0.125, 0.625]},
								"down": {"uv": [21, 16.625], "uv_size": [0.125, -0.625]}
							}
						},
						{
							"origin": [-0.68472, 17.86078, -6.86772],
							"size": [0.18628, 1.15343, 0.60413],
							"pivot": [-0.81032, 18.4375, -6.75316],
							"rotation": [0, 60, 0],
							"uv": {
								"north": {"uv": [19, 20], "uv_size": [0.125, 1.125]},
								"east": {"uv": [9, 16], "uv_size": [0.625, 1.125]},
								"south": {"uv": [19, 20], "uv_size": [0.125, 1.125]},
								"west": {"uv": [9, 16], "uv_size": [0.625, 1.125]},
								"up": {"uv": [17, 21], "uv_size": [0.125, 0.625]},
								"down": {"uv": [17, 21.625], "uv_size": [0.125, -0.625]}
							}
						},
						{
							"origin": [0.49843, 17.86078, 0.63228],
							"size": [0.18628, 1.15343, 0.35413],
							"pivot": [0.81032, 18.4375, 0.49684],
							"rotation": [0, -60, 0],
							"uv": {
								"north": {"uv": [8, 21], "uv_size": [0.125, 1.125]},
								"east": {"uv": [17, 9], "uv_size": [0.375, 1.125]},
								"south": {"uv": [21, 8], "uv_size": [0.125, 1.125]},
								"west": {"uv": [10, 17], "uv_size": [0.375, 1.125]},
								"up": {"uv": [21, 20], "uv_size": [0.125, 0.375]},
								"down": {"uv": [21, 20.375], "uv_size": [0.125, -0.375]}
							}
						},
						{
							"origin": [0.49843, 17.86078, 1.75728],
							"size": [0.18628, 1.15343, 0.35413],
							"pivot": [0.81032, 18.4375, 1.62184],
							"rotation": [0, -60, 0],
							"uv": {
								"north": {"uv": [8, 21], "uv_size": [0.125, 1.125]},
								"east": {"uv": [17, 9], "uv_size": [0.375, 1.125]},
								"south": {"uv": [21, 8], "uv_size": [0.125, 1.125]},
								"west": {"uv": [10, 17], "uv_size": [0.375, 1.125]},
								"up": {"uv": [21, 20], "uv_size": [0.125, 0.375]},
								"down": {"uv": [21, 20.375], "uv_size": [0.125, -0.375]}
							}
						}
					]
				},
				{
					"name": "mid_illuminated",
					"parent": "mid",
					"pivot": [-0.81032, 18.4375, -2.50316],
					"cubes": [
						{
							"origin": [-0.68472, 17.86078, -6.58647],
							"size": [0.18628, 1.15343, 0.10413],
							"inflate": 0.001,
							"pivot": [-0.81032, 18.4375, -6.75316],
							"rotation": [0, 60, 0],
							"uv": {
								"east": {"uv": [9, 21], "uv_size": [0.125, 1.125]}
							}
						},
						{
							"origin": [0.49843, 17.86078, -6.58647],
							"size": [0.18628, 1.15343, 0.10413],
							"inflate": 0.001,
							"pivot": [0.81032, 18.4375, -6.75316],
							"rotation": [0, -60, 0],
							"uv": {
								"west": {"uv": [10, 21], "uv_size": [0.125, 1.125]}
							}
						}
					]
				},
				{
					"name": "up2",
					"parent": "muzzle",
					"pivot": [-0.37296, 19.14834, -12.08018],
					"cubes": [
						{
							"origin": [-0.43283, 18.87291, -8.15609],
							"size": [0.25, 0.5, 10.427],
							"inflate": 0.0003,
							"pivot": [-0.30783, 19.18541, -12.94259],
							"rotation": [0, 0, 60],
							"uv": {
								"north": {"uv": [12.25, 21], "uv_size": [-0.25, 0.5]},
								"east": {"uv": [30.375, 0], "uv_size": [-30.375, 0.5]},
								"south": {"uv": [12.25, 21], "uv_size": [-0.25, 0.5]},
								"west": {"uv": [30.375, 0], "uv_size": [-30.375, 0.5]},
								"up": {"uv": [0.25, 6], "uv_size": [-0.25, 30.375]},
								"down": {"uv": [1.25, 36.375], "uv_size": [-0.25, -30.375]}
							}
						},
						{
							"origin": [-0.59963, 18.71411, 1.84387],
							"size": [0.25, 0.75, 0.927],
							"inflate": 0.0033,
							"pivot": [-0.47463, 19.08911, 2.30737],
							"rotation": [0, 0, 60],
							"uv": {
								"north": {"uv": [18.25, 23], "uv_size": [-0.25, 0.75]},
								"east": {"uv": [14.875, 10], "uv_size": [-0.875, 0.75]},
								"south": {"uv": [19.25, 23], "uv_size": [-0.25, 0.75]},
								"west": {"uv": [14.875, 9], "uv_size": [-0.875, 0.75]},
								"up": {"uv": [23.25, 13], "uv_size": [-0.25, 0.875]},
								"down": {"uv": [14.25, 23.875], "uv_size": [-0.25, -0.875]}
							}
						},
						{
							"origin": [-0.54433, 18.80854, -1.05032],
							"size": [0.25, 0.625, 2.927],
							"pivot": [-0.41933, 19.12104, 0.41318],
							"rotation": [-5, 0, 60],
							"uv": {
								"north": {"uv": [10.25, 23], "uv_size": [-0.25, 0.625]},
								"east": {"uv": [11.875, 7], "uv_size": [-2.875, 0.625]},
								"south": {"uv": [11.25, 23], "uv_size": [-0.25, 0.625]},
								"west": {"uv": [11.875, 6], "uv_size": [-2.875, 0.625]},
								"up": {"uv": [23.25, 8], "uv_size": [-0.25, 2.875]},
								"down": {"uv": [9.25, 25.875], "uv_size": [-0.25, -2.875]}
							}
						},
						{
							"origin": [-0.60276, 18.7123, -7.19055],
							"size": [0.25, 0.75, 0.927],
							"pivot": [-0.47776, 19.0873, -6.72705],
							"rotation": [0, 0, 60],
							"uv": {
								"north": {"uv": [9.25, 20], "uv_size": [-0.25, 0.75]},
								"east": {"uv": [10.875, 16], "uv_size": [-0.875, 0.75]},
								"south": {"uv": [9.25, 20], "uv_size": [-0.25, 0.75]},
								"west": {"uv": [10.875, 16], "uv_size": [-0.875, 0.75]},
								"up": {"uv": [7.25, 19], "uv_size": [-0.25, 0.875]},
								"down": {"uv": [19.25, 7.875], "uv_size": [-0.25, -0.875]}
							}
						},
						{
							"origin": [-0.63501, 18.85293, -8.11728],
							"size": [0.25, 0.43151, 0.9996],
							"pivot": [-0.51001, 19.06868, -7.61748],
							"rotation": [-15, 0, 60],
							"uv": {
								"north": {"uv": [14.25, 21], "uv_size": [-0.25, 0.375]},
								"east": {"uv": [12, 17], "uv_size": [-1, 0.375]},
								"south": {"uv": [14.25, 21], "uv_size": [-0.25, 0.375]},
								"west": {"uv": [12, 17], "uv_size": [-1, 0.375]},
								"up": {"uv": [17.25, 17], "uv_size": [-0.25, 1]},
								"down": {"uv": [18.25, 7], "uv_size": [-0.25, -1]}
							}
						},
						{
							"origin": [-0.54745, 18.80673, -6.29635],
							"size": [0.25, 0.5, 2.927],
							"pivot": [-0.42245, 19.11923, -4.83285],
							"rotation": [5, 0, 60],
							"uv": {
								"north": {"uv": [21.25, 12], "uv_size": [-0.25, 0.5]},
								"east": {"uv": [14.875, 6], "uv_size": [-2.875, 0.5]},
								"south": {"uv": [21.25, 12], "uv_size": [-0.25, 0.5]},
								"west": {"uv": [14.875, 6], "uv_size": [-2.875, 0.5]},
								"up": {"uv": [13.25, 9], "uv_size": [-0.25, 2.875]},
								"down": {"uv": [10.25, 15.875], "uv_size": [-0.25, -2.875]}
							}
						},
						{
							"origin": [-0.42276, 18.72547, 2.63329],
							"size": [0.25, 0.93151, 0.9996],
							"inflate": 0.0002,
							"pivot": [-0.29776, 19.19123, 3.13309],
							"rotation": [15, 0, 60],
							"uv": {
								"north": {"uv": [9.25, 19], "uv_size": [-0.25, 0.875]},
								"east": {"uv": [13, 9], "uv_size": [-1, 0.875]},
								"south": {"uv": [19.25, 9], "uv_size": [-0.25, 0.875]},
								"west": {"uv": [13, 9], "uv_size": [-1, 0.875]},
								"up": {"uv": [18.25, 8], "uv_size": [-0.25, 1]},
								"down": {"uv": [9.25, 19], "uv_size": [-0.25, -1]}
							}
						}
					]
				},
				{
					"name": "up2_illuminated2",
					"parent": "up2",
					"pivot": [-0.52152, 19.06204, -26.14036],
					"cubes": [
						{
							"origin": [-0.31446, 18.76996, 2.63408],
							"size": [0.1875, 0.93151, 0.0621],
							"inflate": 0.001,
							"pivot": [-0.22071, 19.23571, 3.46513],
							"rotation": [15, 0, 60],
							"uv": {
								"down": {"uv": [22.25, 6.125], "uv_size": [-0.25, -0.125]}
							}
						},
						{
							"origin": [0.12696, 18.76996, 2.63408],
							"size": [0.1875, 0.93151, 0.0621],
							"inflate": 0.001,
							"pivot": [0.22071, 19.23571, 3.46513],
							"rotation": [15, 0, -60],
							"uv": {
								"down": {"uv": [22, 6.125], "uv_size": [0.25, -0.125]}
							}
						},
						{
							"origin": [0.49843, 17.86078, 0.63228],
							"size": [0.18628, 1.15343, 0.35413],
							"pivot": [0.81032, 18.4375, 0.49684],
							"rotation": [0, -60, 0],
							"uv": {
								"north": {"uv": [8, 21], "uv_size": [0.125, 1.125]},
								"east": {"uv": [17, 9], "uv_size": [0.375, 1.125]},
								"south": {"uv": [21, 8], "uv_size": [0.125, 1.125]},
								"west": {"uv": [10, 17], "uv_size": [0.375, 1.125]},
								"up": {"uv": [21, 20], "uv_size": [0.125, 0.375]},
								"down": {"uv": [21, 20.375], "uv_size": [0.125, -0.375]}
							}
						},
						{
							"origin": [0.49843, 17.86078, 1.75728],
							"size": [0.18628, 1.15343, 0.35413],
							"pivot": [0.81032, 18.4375, 1.62184],
							"rotation": [0, -60, 0],
							"uv": {
								"north": {"uv": [8, 21], "uv_size": [0.125, 1.125]},
								"east": {"uv": [17, 9], "uv_size": [0.375, 1.125]},
								"south": {"uv": [21, 8], "uv_size": [0.125, 1.125]},
								"west": {"uv": [10, 17], "uv_size": [0.375, 1.125]},
								"up": {"uv": [21, 20], "uv_size": [0.125, 0.375]},
								"down": {"uv": [21, 20.375], "uv_size": [0.125, -0.375]}
							}
						},
						{
							"origin": [0.12696, 17.17353, 2.63408],
							"size": [0.1875, 0.93151, 0.0621],
							"inflate": 0.001,
							"pivot": [0.22071, 17.63929, 3.46513],
							"rotation": [-15, 0, 60],
							"uv": {
								"up": {"uv": [22, 12], "uv_size": [0.25, 0.125]}
							}
						},
						{
							"origin": [0.12696, 18.76996, 2.63408],
							"size": [0.1875, 0.93151, 0.0621],
							"inflate": 0.001,
							"pivot": [0.22071, 19.23571, 3.46513],
							"rotation": [15, 0, -60],
							"uv": {
								"down": {"uv": [22, 6.125], "uv_size": [0.25, -0.125]}
							}
						},
						{
							"origin": [-0.61527, 18.74954, -6.16636],
							"size": [0.1875, 0.625, 0.052],
							"inflate": 0.001,
							"pivot": [-0.52152, 19.06204, -6.14036],
							"rotation": [5, 0, 60],
							"uv": {
								"north": {"uv": [20.25, 12], "uv_size": [-0.25, 0.625]},
								"east": {"uv": [21.125, 17], "uv_size": [-0.125, 0.625]},
								"south": {"uv": [20.25, 12], "uv_size": [-0.25, 0.625]},
								"west": {"uv": [21.125, 17], "uv_size": [-0.125, 0.625]},
								"up": {"uv": [22.25, 7], "uv_size": [-0.25, 0.125]},
								"down": {"uv": [22.25, 7.125], "uv_size": [-0.25, -0.125]}
							}
						}
					]
				},
				{
					"name": "up",
					"parent": "muzzle",
					"pivot": [0.37296, 19.14834, -12.08018],
					"cubes": [
						{
							"origin": [0.18283, 18.87291, -8.15609],
							"size": [0.25, 0.5, 10.427],
							"inflate": 0.0003,
							"pivot": [0.30783, 19.18541, -12.94259],
							"rotation": [0, 0, -60],
							"uv": {
								"north": {"uv": [12, 21], "uv_size": [0.25, 0.5]},
								"east": {"uv": [0, 0], "uv_size": [30.375, 0.5]},
								"south": {"uv": [12, 21], "uv_size": [0.25, 0.5]},
								"west": {"uv": [0, 0], "uv_size": [30.375, 0.5]},
								"up": {"uv": [0, 6], "uv_size": [0.25, 30.375]},
								"down": {"uv": [1, 36.375], "uv_size": [0.25, -30.375]}
							}
						},
						{
							"origin": [0.34963, 18.71411, 1.84387],
							"size": [0.25, 0.75, 0.927],
							"inflate": 0.0033,
							"pivot": [0.47463, 19.08911, 2.30737],
							"rotation": [0, 0, -60],
							"uv": {
								"north": {"uv": [18, 23], "uv_size": [0.25, 0.75]},
								"east": {"uv": [14, 9], "uv_size": [0.875, 0.75]},
								"south": {"uv": [19, 23], "uv_size": [0.25, 0.75]},
								"west": {"uv": [14, 10], "uv_size": [0.875, 0.75]},
								"up": {"uv": [23, 13], "uv_size": [0.25, 0.875]},
								"down": {"uv": [14, 23.875], "uv_size": [0.25, -0.875]}
							}
						},
						{
							"origin": [0.29433, 18.80854, -1.05032],
							"size": [0.25, 0.625, 2.927],
							"pivot": [0.41933, 19.12104, 0.41318],
							"rotation": [-5, 0, -60],
							"uv": {
								"north": {"uv": [10, 23], "uv_size": [0.25, 0.625]},
								"east": {"uv": [9, 6], "uv_size": [2.875, 0.625]},
								"south": {"uv": [11, 23], "uv_size": [0.25, 0.625]},
								"west": {"uv": [9, 7], "uv_size": [2.875, 0.625]},
								"up": {"uv": [23, 8], "uv_size": [0.25, 2.875]},
								"down": {"uv": [9, 25.875], "uv_size": [0.25, -2.875]}
							}
						},
						{
							"origin": [0.35276, 18.7123, -7.19055],
							"size": [0.25, 0.75, 0.927],
							"pivot": [0.47776, 19.0873, -6.72705],
							"rotation": [0, 0, -60],
							"uv": {
								"north": {"uv": [9, 20], "uv_size": [0.25, 0.75]},
								"east": {"uv": [10, 16], "uv_size": [0.875, 0.75]},
								"south": {"uv": [9, 20], "uv_size": [0.25, 0.75]},
								"west": {"uv": [10, 16], "uv_size": [0.875, 0.75]},
								"up": {"uv": [7, 19], "uv_size": [0.25, 0.875]},
								"down": {"uv": [19, 7.875], "uv_size": [0.25, -0.875]}
							}
						},
						{
							"origin": [0.38501, 18.85293, -8.11728],
							"size": [0.25, 0.43151, 0.9996],
							"pivot": [0.51001, 19.06868, -7.61748],
							"rotation": [-15, 0, -60],
							"uv": {
								"north": {"uv": [14, 21], "uv_size": [0.25, 0.375]},
								"east": {"uv": [11, 17], "uv_size": [1, 0.375]},
								"south": {"uv": [14, 21], "uv_size": [0.25, 0.375]},
								"west": {"uv": [11, 17], "uv_size": [1, 0.375]},
								"up": {"uv": [17, 17], "uv_size": [0.25, 1]},
								"down": {"uv": [18, 7], "uv_size": [0.25, -1]}
							}
						},
						{
							"origin": [0.29745, 18.80673, -6.29635],
							"size": [0.25, 0.5, 2.927],
							"pivot": [0.42245, 19.11923, -4.83285],
							"rotation": [5, 0, -60],
							"uv": {
								"north": {"uv": [21, 12], "uv_size": [0.25, 0.5]},
								"east": {"uv": [12, 6], "uv_size": [2.875, 0.5]},
								"south": {"uv": [21, 12], "uv_size": [0.25, 0.5]},
								"west": {"uv": [12, 6], "uv_size": [2.875, 0.5]},
								"up": {"uv": [13, 9], "uv_size": [0.25, 2.875]},
								"down": {"uv": [10, 15.875], "uv_size": [0.25, -2.875]}
							}
						},
						{
							"origin": [0.17276, 18.72547, 2.63329],
							"size": [0.25, 0.93151, 0.9996],
							"inflate": 0.0002,
							"pivot": [0.29776, 19.19123, 3.13309],
							"rotation": [15, 0, -60],
							"uv": {
								"north": {"uv": [9, 19], "uv_size": [0.25, 0.875]},
								"east": {"uv": [12, 9], "uv_size": [1, 0.875]},
								"south": {"uv": [19, 9], "uv_size": [0.25, 0.875]},
								"west": {"uv": [12, 9], "uv_size": [1, 0.875]},
								"up": {"uv": [18, 8], "uv_size": [0.25, 1]},
								"down": {"uv": [9, 19], "uv_size": [0.25, -1]}
							}
						}
					]
				},
				{
					"name": "up2_illuminated",
					"parent": "up",
					"pivot": [0.52152, 19.06204, -26.14036],
					"cubes": [
						{
							"origin": [0.12696, 18.76996, 2.63408],
							"size": [0.1875, 0.93151, 0.0621],
							"inflate": 0.001,
							"pivot": [0.22071, 19.23571, 3.46513],
							"rotation": [15, 0, -60],
							"uv": {
								"down": {"uv": [22, 6.125], "uv_size": [0.25, -0.125]}
							}
						},
						{
							"origin": [-0.31446, 18.76996, 2.63408],
							"size": [0.1875, 0.93151, 0.0621],
							"inflate": 0.001,
							"pivot": [-0.22071, 19.23571, 3.46513],
							"rotation": [15, 0, 60],
							"uv": {
								"down": {"uv": [22.25, 6.125], "uv_size": [-0.25, -0.125]}
							}
						},
						{
							"origin": [-0.68471, 17.86078, 0.63228],
							"size": [0.18628, 1.15343, 0.35413],
							"pivot": [-0.81032, 18.4375, 0.49684],
							"rotation": [0, 60, 0],
							"uv": {
								"north": {"uv": [8.125, 21], "uv_size": [-0.125, 1.125]},
								"east": {"uv": [10.375, 17], "uv_size": [-0.375, 1.125]},
								"south": {"uv": [21.125, 8], "uv_size": [-0.125, 1.125]},
								"west": {"uv": [17.375, 9], "uv_size": [-0.375, 1.125]},
								"up": {"uv": [21.125, 20], "uv_size": [-0.125, 0.375]},
								"down": {"uv": [21.125, 20.375], "uv_size": [-0.125, -0.375]}
							}
						},
						{
							"origin": [-0.68471, 17.86078, 1.75728],
							"size": [0.18628, 1.15343, 0.35413],
							"pivot": [-0.81032, 18.4375, 1.62184],
							"rotation": [0, 60, 0],
							"uv": {
								"north": {"uv": [8.125, 21], "uv_size": [-0.125, 1.125]},
								"east": {"uv": [10.375, 17], "uv_size": [-0.375, 1.125]},
								"south": {"uv": [21.125, 8], "uv_size": [-0.125, 1.125]},
								"west": {"uv": [17.375, 9], "uv_size": [-0.375, 1.125]},
								"up": {"uv": [21.125, 20], "uv_size": [-0.125, 0.375]},
								"down": {"uv": [21.125, 20.375], "uv_size": [-0.125, -0.375]}
							}
						},
						{
							"origin": [-0.31446, 17.17353, 2.63408],
							"size": [0.1875, 0.93151, 0.0621],
							"inflate": 0.001,
							"pivot": [-0.22071, 17.63929, 3.46513],
							"rotation": [-15, 0, -60],
							"uv": {
								"up": {"uv": [22.25, 12], "uv_size": [-0.25, 0.125]}
							}
						},
						{
							"origin": [-0.31446, 18.76996, 2.63408],
							"size": [0.1875, 0.93151, 0.0621],
							"inflate": 0.001,
							"pivot": [-0.22071, 19.23571, 3.46513],
							"rotation": [15, 0, 60],
							"uv": {
								"down": {"uv": [22.25, 6.125], "uv_size": [-0.25, -0.125]}
							}
						},
						{
							"origin": [0.42777, 18.74954, -3.46636],
							"size": [0.1875, 0.625, 0.052],
							"inflate": 0.001,
							"pivot": [0.52152, 19.06204, -6.14036],
							"rotation": [5, 0, -60],
							"uv": {
								"north": {"uv": [20, 12], "uv_size": [0.25, 0.625]},
								"east": {"uv": [21, 17], "uv_size": [0.125, 0.625]},
								"south": {"uv": [20, 12], "uv_size": [0.25, 0.625]},
								"west": {"uv": [21, 17], "uv_size": [0.125, 0.625]},
								"up": {"uv": [22, 7], "uv_size": [0.25, 0.125]},
								"down": {"uv": [22, 7.125], "uv_size": [0.25, -0.125]}
							}
						}
					]
				},
				{
					"name": "down2",
					"parent": "muzzle",
					"pivot": [-0.37296, 17.72666, -12.08018],
					"cubes": [
						{
							"origin": [-0.43283, 17.50209, -8.15609],
							"size": [0.25, 0.5, 10.427],
							"pivot": [-0.30783, 17.68959, -12.94259],
							"rotation": [0, 0, -60],
							"uv": {
								"north": {"uv": [13.25, 21], "uv_size": [-0.25, 0.5]},
								"east": {"uv": [30.375, 3], "uv_size": [-30.375, 0.5]},
								"south": {"uv": [13.25, 21], "uv_size": [-0.25, 0.5]},
								"west": {"uv": [30.375, 2], "uv_size": [-30.375, 0.5]},
								"up": {"uv": [4.25, 6], "uv_size": [-0.25, 30.375]},
								"down": {"uv": [4.25, 36.375], "uv_size": [-0.25, -30.375]}
							}
						},
						{
							"origin": [-0.59963, 17.41089, 1.84387],
							"size": [0.25, 0.75, 0.927],
							"inflate": 0.0033,
							"pivot": [-0.47463, 17.78589, 2.30737],
							"rotation": [0, 0, -60],
							"uv": {
								"north": {"uv": [23.25, 20], "uv_size": [-0.25, 0.75]},
								"east": {"uv": [7.875, 15], "uv_size": [-0.875, 0.75]},
								"south": {"uv": [23.25, 21], "uv_size": [-0.25, 0.75]},
								"west": {"uv": [14.875, 11], "uv_size": [-0.875, 0.75]},
								"up": {"uv": [23.25, 14], "uv_size": [-0.25, 0.875]},
								"down": {"uv": [15.25, 23.875], "uv_size": [-0.25, -0.875]}
							}
						},
						{
							"origin": [-0.54433, 17.44146, -1.05032],
							"size": [0.25, 0.625, 2.927],
							"pivot": [-0.41933, 17.75396, 0.41318],
							"rotation": [5, 0, -60],
							"uv": {
								"north": {"uv": [13.25, 21], "uv_size": [-0.25, 0.5]},
								"east": {"uv": [8.875, 10], "uv_size": [-2.875, 0.625]},
								"south": {"uv": [13.25, 21], "uv_size": [-0.25, 0.5]},
								"west": {"uv": [11.875, 9], "uv_size": [-2.875, 0.625]},
								"up": {"uv": [13.25, 9], "uv_size": [-0.25, 2.875]},
								"down": {"uv": [13.25, 11.875], "uv_size": [-0.25, -2.875]}
							}
						},
						{
							"origin": [-0.60276, 17.4127, -7.19055],
							"size": [0.25, 0.75, 0.927],
							"pivot": [-0.47776, 17.7877, -6.72705],
							"rotation": [0, 0, -60],
							"uv": {
								"north": {"uv": [10.25, 20], "uv_size": [-0.25, 0.75]},
								"east": {"uv": [12.875, 16], "uv_size": [-0.875, 0.75]},
								"south": {"uv": [10.25, 20], "uv_size": [-0.25, 0.75]},
								"west": {"uv": [16.875, 11], "uv_size": [-0.875, 0.75]},
								"up": {"uv": [17.25, 19], "uv_size": [-0.25, 0.875]},
								"down": {"uv": [18.25, 18.875], "uv_size": [-0.25, -0.875]}
							}
						},
						{
							"origin": [-0.63501, 17.59056, -8.11728],
							"size": [0.25, 0.43151, 0.9996],
							"pivot": [-0.51001, 17.80632, -7.61748],
							"rotation": [15, 0, -60],
							"uv": {
								"north": {"uv": [21.25, 15], "uv_size": [-0.25, 0.375]},
								"east": {"uv": [18, 13], "uv_size": [-1, 0.375]},
								"south": {"uv": [21.25, 15], "uv_size": [-0.25, 0.375]},
								"west": {"uv": [18, 12], "uv_size": [-1, 0.375]},
								"up": {"uv": [18.25, 14], "uv_size": [-0.25, 1]},
								"down": {"uv": [18.25, 9], "uv_size": [-0.25, -1]}
							}
						},
						{
							"origin": [-0.54745, 17.56827, -6.29635],
							"size": [0.25, 0.5, 2.927],
							"pivot": [-0.42245, 17.75577, -4.83285],
							"rotation": [-5, 0, -60],
							"uv": {
								"north": {"uv": [21.25, 13], "uv_size": [-0.25, 0.5]},
								"east": {"uv": [14.875, 8], "uv_size": [-2.875, 0.5]},
								"south": {"uv": [21.25, 13], "uv_size": [-0.25, 0.5]},
								"west": {"uv": [14.875, 7], "uv_size": [-2.875, 0.5]},
								"up": {"uv": [6.25, 13], "uv_size": [-0.25, 2.875]},
								"down": {"uv": [6.25, 15.875], "uv_size": [-0.25, -2.875]}
							}
						},
						{
							"origin": [-0.42276, 17.21802, 2.63329],
							"size": [0.25, 0.93151, 0.9996],
							"inflate": 0.0002,
							"pivot": [-0.29776, 17.68377, 3.13309],
							"rotation": [-15, 0, -60],
							"uv": {
								"north": {"uv": [18.25, 19], "uv_size": [-0.25, 0.875]},
								"east": {"uv": [13, 12], "uv_size": [-1, 0.875]},
								"south": {"uv": [19.25, 18], "uv_size": [-0.25, 0.875]},
								"west": {"uv": [13, 11], "uv_size": [-1, 0.875]},
								"up": {"uv": [18.25, 15], "uv_size": [-0.25, 1]},
								"down": {"uv": [17.25, 18], "uv_size": [-0.25, -1]}
							}
						}
					]
				},
				{
					"name": "down2_illuminated2",
					"parent": "down2",
					"pivot": [-0.22071, 17.63929, 3.46513],
					"cubes": [
						{
							"origin": [-0.61527, 17.50046, -6.16636],
							"size": [0.1875, 0.625, 0.052],
							"inflate": 0.001,
							"pivot": [-0.52152, 17.81296, -6.14036],
							"rotation": [-5, 0, -60],
							"uv": {
								"north": {"uv": [20.25, 17], "uv_size": [-0.25, 0.625]},
								"east": {"uv": [21.125, 18], "uv_size": [-0.125, 0.625]},
								"south": {"uv": [20.25, 17], "uv_size": [-0.25, 0.625]},
								"west": {"uv": [21.125, 18], "uv_size": [-0.125, 0.625]},
								"up": {"uv": [22.25, 11], "uv_size": [-0.25, 0.125]},
								"down": {"uv": [22.25, 11.125], "uv_size": [-0.25, -0.125]}
							}
						},
						{
							"origin": [-0.31446, 17.17353, 2.63408],
							"size": [0.1875, 0.93151, 0.0621],
							"inflate": 0.001,
							"pivot": [-0.22071, 17.63929, 3.46513],
							"rotation": [-15, 0, -60],
							"uv": {
								"up": {"uv": [22.25, 12], "uv_size": [-0.25, 0.125]}
							}
						}
					]
				},
				{
					"name": "down",
					"parent": "muzzle",
					"pivot": [0.37296, 17.72666, -12.08018],
					"cubes": [
						{
							"origin": [0.18283, 17.50209, -8.15609],
							"size": [0.25, 0.5, 10.427],
							"pivot": [0.30783, 17.68959, -12.94259],
							"rotation": [0, 0, 60],
							"uv": {
								"north": {"uv": [13, 21], "uv_size": [0.25, 0.5]},
								"east": {"uv": [0, 2], "uv_size": [30.375, 0.5]},
								"south": {"uv": [13, 21], "uv_size": [0.25, 0.5]},
								"west": {"uv": [0, 3], "uv_size": [30.375, 0.5]},
								"up": {"uv": [4, 6], "uv_size": [0.25, 30.375]},
								"down": {"uv": [4, 36.375], "uv_size": [0.25, -30.375]}
							}
						},
						{
							"origin": [0.34963, 17.41089, 1.84387],
							"size": [0.25, 0.75, 0.927],
							"inflate": 0.0033,
							"pivot": [0.47463, 17.78589, 2.30737],
							"rotation": [0, 0, 60],
							"uv": {
								"north": {"uv": [23, 20], "uv_size": [0.25, 0.75]},
								"east": {"uv": [14, 11], "uv_size": [0.875, 0.75]},
								"south": {"uv": [23, 21], "uv_size": [0.25, 0.75]},
								"west": {"uv": [7, 15], "uv_size": [0.875, 0.75]},
								"up": {"uv": [23, 14], "uv_size": [0.25, 0.875]},
								"down": {"uv": [15, 23.875], "uv_size": [0.25, -0.875]}
							}
						},
						{
							"origin": [0.29433, 17.44146, -1.05032],
							"size": [0.25, 0.625, 2.927],
							"pivot": [0.41933, 17.75396, 0.41318],
							"rotation": [5, 0, 60],
							"uv": {
								"north": {"uv": [13, 21], "uv_size": [0.25, 0.5]},
								"east": {"uv": [9, 9], "uv_size": [2.875, 0.625]},
								"south": {"uv": [13, 21], "uv_size": [0.25, 0.5]},
								"west": {"uv": [6, 10], "uv_size": [2.875, 0.625]},
								"up": {"uv": [13, 9], "uv_size": [0.25, 2.875]},
								"down": {"uv": [13, 11.875], "uv_size": [0.25, -2.875]}
							}
						},
						{
							"origin": [0.35276, 17.4127, -7.19055],
							"size": [0.25, 0.75, 0.927],
							"pivot": [0.47776, 17.7877, -6.72705],
							"rotation": [0, 0, 60],
							"uv": {
								"north": {"uv": [10, 20], "uv_size": [0.25, 0.75]},
								"east": {"uv": [16, 11], "uv_size": [0.875, 0.75]},
								"south": {"uv": [10, 20], "uv_size": [0.25, 0.75]},
								"west": {"uv": [12, 16], "uv_size": [0.875, 0.75]},
								"up": {"uv": [17, 19], "uv_size": [0.25, 0.875]},
								"down": {"uv": [18, 18.875], "uv_size": [0.25, -0.875]}
							}
						},
						{
							"origin": [0.38501, 17.59056, -8.11728],
							"size": [0.25, 0.43151, 0.9996],
							"pivot": [0.51001, 17.80632, -7.61748],
							"rotation": [15, 0, 60],
							"uv": {
								"north": {"uv": [21, 15], "uv_size": [0.25, 0.375]},
								"east": {"uv": [17, 12], "uv_size": [1, 0.375]},
								"south": {"uv": [21, 15], "uv_size": [0.25, 0.375]},
								"west": {"uv": [17, 13], "uv_size": [1, 0.375]},
								"up": {"uv": [18, 14], "uv_size": [0.25, 1]},
								"down": {"uv": [18, 9], "uv_size": [0.25, -1]}
							}
						},
						{
							"origin": [0.29745, 17.56827, -6.29635],
							"size": [0.25, 0.5, 2.927],
							"pivot": [0.42245, 17.75577, -4.83285],
							"rotation": [-5, 0, 60],
							"uv": {
								"north": {"uv": [21, 13], "uv_size": [0.25, 0.5]},
								"east": {"uv": [12, 7], "uv_size": [2.875, 0.5]},
								"south": {"uv": [21, 13], "uv_size": [0.25, 0.5]},
								"west": {"uv": [12, 8], "uv_size": [2.875, 0.5]},
								"up": {"uv": [6, 13], "uv_size": [0.25, 2.875]},
								"down": {"uv": [6, 15.875], "uv_size": [0.25, -2.875]}
							}
						},
						{
							"origin": [0.17276, 17.21802, 2.63329],
							"size": [0.25, 0.93151, 0.9996],
							"inflate": 0.0002,
							"pivot": [0.29776, 17.68377, 3.13309],
							"rotation": [-15, 0, 60],
							"uv": {
								"north": {"uv": [18, 19], "uv_size": [0.25, 0.875]},
								"east": {"uv": [12, 11], "uv_size": [1, 0.875]},
								"south": {"uv": [19, 18], "uv_size": [0.25, 0.875]},
								"west": {"uv": [12, 12], "uv_size": [1, 0.875]},
								"up": {"uv": [18, 15], "uv_size": [0.25, 1]},
								"down": {"uv": [17, 18], "uv_size": [0.25, -1]}
							}
						}
					]
				},
				{
					"name": "down2_illuminated",
					"parent": "down",
					"pivot": [0.22071, 17.63929, 3.46513],
					"cubes": [
						{
							"origin": [0.42777, 17.50046, -3.46636],
							"size": [0.1875, 0.625, 0.052],
							"inflate": 0.001,
							"pivot": [0.52152, 17.81296, -6.14036],
							"rotation": [-5, 0, 60],
							"uv": {
								"north": {"uv": [20, 17], "uv_size": [0.25, 0.625]},
								"east": {"uv": [21, 18], "uv_size": [0.125, 0.625]},
								"south": {"uv": [20, 17], "uv_size": [0.25, 0.625]},
								"west": {"uv": [21, 18], "uv_size": [0.125, 0.625]},
								"up": {"uv": [22, 11], "uv_size": [0.25, 0.125]},
								"down": {"uv": [22, 11.125], "uv_size": [0.25, -0.125]}
							}
						},
						{
							"origin": [0.12696, 17.17353, 2.63408],
							"size": [0.1875, 0.93151, 0.0621],
							"inflate": 0.001,
							"pivot": [0.22071, 17.63929, 3.46513],
							"rotation": [-15, 0, 60],
							"uv": {
								"up": {"uv": [22, 12], "uv_size": [0.25, 0.125]}
							}
						}
					]
				}
			]
		}
	]
}