{
  "materials": [
    {
      "item": {
        "tag": "forge:storage_blocks/netherite"
      },
      "count": 8
    },
    {
      "item": {
        "tag": "forge:nether_stars"
      },
      "count": 1
    },
    {
      "item": {
        "type": "forge:partial_nbt",
        "item": "tacz:attachment",
        "nbt": {
          "AttachmentId": "pgp:core_upgrade2"
        }
      },
      "count": 1
    }
  ],
  "result": {
    "type": "attachment",
    "id": "pgp:core_upgrade3"
  },
  "type": "tacz:gun_smith_table_crafting"
}