{
  "materials": [
    {
      "item": {
        "type": "forge:partial_nbt",
        "item": "tacz:ammo",
        "nbt": {
          "AmmoId": "pgp:aam_lv3"
        }
      },
      "count": 16
    },
    {
      "item": {
        "type": "forge:partial_nbt",
        "item": "tacz:ammo",
        "nbt": {
          "AmmoId": "pgp:data_lv3"
        }
      },
      "count": 1
    }
  ],
  "result": {
    "type": "attachment",
    "id": "pgpre:z750muzzle"
  },
  "type": "tacz:gun_smith_table_crafting"
}