{
  "slot": "pgp:attachment/slot/16025pluto",
  "model": "pgp:attachment/16025pluto_geo",
  "texture": "pgp:attachment/uv/16025pluto",
  "lod": {
    "model": "pgp:attachment/lod/16025pluto_lod",
    "texture": "pgp:attachment/lod/16025pluto_lod"
  },
  "zoom": [
    16,
    50
  ],
  "text_show": {
    // 作用的组名，该组的旋转点决定文本的位置和朝向
    "ammo_count_text": {
      // 文本缩放，默认大小对于 BlockBench 里的 1
      "scale": 1,
      // 对齐方式：right，center，left
      "align": "center",
      // 阴影
      "shadow": false,
      // 文本颜色
      "color": "#FFFFFF",
      // 亮度：1-15
      "light": 15,
      // 本地化，且支持PlaceholderAPI 风格的占位符
      // 目前仅支持两个：%player_name% %ammo_count%
      "text": "%ammo_count%"
    }
  },
  "scope": true,
  "fov": 70.0,
  "sounds": {
    "install": "pgp:attachments/scope_general_d",
    "uninstall": "pgp:attachments/scope_general_d"
  },
  "text_show": {
    // 定位组名，与模型中的组名对应。
    "ammo_count_text_pos": {
      // 文本缩放，默认大小对于 BlockBench 里的 1
      "scale": 0.2,
      // 对齐方式：right，center，left
      "align": "center",
      // 阴影
      "shadow": false,
      // 文本颜色
      "color": "#ffffff",
      // 亮度：1-15
      "light": 15,
      // 支持在语言文件中定义，且支持PlaceholderAPI 风格的占位符
      // 目前仅支持两个：%player_name% %ammo_count%
      "text": "%ammo_count%"
    }
  }
}